symbol,date,open,high,low,close,volume,adjusted
BZ=F,2007-07-30,75.8499984741211,76.529998779296875,75.44000244140625,75.73999786376953,2575,75.73999786376953
BZ=F,2007-07-31,75.69999694824219,77.16999816894531,75.66999816894531,77.05000305175781,3513,77.05000305175781
BZ=F,2007-08-01,77,77.05999755859375,74.86000061035156,75.3499984741211,3930,75.3499984741211
BZ=F,2007-08-02,75.220001220703125,76.20999908447266,74.2699966430664,75.76000213623047,6180,75.76000213623047
BZ=F,2007-08-03,75.38999938964844,76,74.529998779296875,74.75,4387,74.75
BZ=F,2007-08-06,74.54000091552734,74.5999984741211,70.87000274658203,71.16999816894531,7201,71.16999816894531
BZ=F,2007-08-07,70.80000305175781,72.01000213623047,70.55999755859375,71.80000305175781,6775,71.80000305175781
BZ=F,2007-08-08,71.44000244140625,72.029998779296875,70.660003662109375,70.98999786376953,5768,70.98999786376953
BZ=F,2007-08-09,70.910003662109375,71.08000183105469,69.2699966430664,70.20999908447266,6232,70.20999908447266
BZ=F,2007-08-10,69.910003662109375,70.44999694824219,68.970001220703125,70.38999938964844,3947,70.38999938964844
BZ=F,2007-08-13,70.95999908447266,71.83000183105469,69.9000015258789,70.2300033569336,4088,70.2300033569336
BZ=F,2007-08-14,70.30999755859375,70.80000305175781,69.61000061035156,70.51000213623047,3966,70.51000213623047
BZ=F,2007-08-15,70.839996337890625,72.19999694824219,70.83000183105469,71.63999938964844,3664,71.63999938964844
BZ=F,2007-08-16,70.62000274658203,70.62000274658203,69.05000305175781,69.7699966430664,4762,69.7699966430664
BZ=F,2007-08-17,70.33000183105469,71.06999969482422,70.04000091552734,70.44000244140625,3279,70.44000244140625
BZ=F,2007-08-20,69.68000030517578,70.31999969482422,68.94000244140625,69.8499984741211,3852,69.8499984741211
BZ=F,2007-08-21,69.76000213623047,70.51000213623047,68.18000030517578,68.69000244140625,5588,68.69000244140625
BZ=F,2007-08-22,68.970001220703125,69.36000061035156,68.19000244140625,68.69999694824219,4232,68.69999694824219
BZ=F,2007-08-23,69.1500015258789,69.970001220703125,69.11000061035156,69.86000061035156,4087,69.86000061035156
BZ=F,2007-08-24,69.55000305175781,70.80999755859375,69.5199966430664,70.62000274658203,2786,70.62000274658203
BZ=F,2007-08-27,70.44000244140625,71.11000061035156,69.48999786376953,70.94999694824219,3128,70.94999694824219
BZ=F,2007-08-28,71.05000305175781,71.05000305175781,70.19999694824219,70.55000305175781,3421,70.55000305175781
BZ=F,2007-08-29,70.80000305175781,72.26000213623047,70.7699966430664,72.12999725341797,4245,72.12999725341797
BZ=F,2007-08-30,72.0999984741211,72.45999908447266,71.37999725341797,71.9000015258789,3257,71.9000015258789
BZ=F,2007-08-31,72.2300033569336,73.05999755859375,72.05000305175781,72.69000244140625,3257,72.69000244140625
BZ=F,2007-09-04,73.26000213623047,74.05000305175781,72.80000305175781,73.91999816894531,4057,73.91999816894531
BZ=F,2007-09-05,74.12999725341797,74.37999725341797,73.76000213623047,74.339996337890625,3139,74.339996337890625
BZ=F,2007-09-06,74.779998779296875,75.63999938964844,73.75,74.7699966430664,4852,74.7699966430664
BZ=F,2007-09-07,74.36000061035156,75.220001220703125,74.279998779296875,75.06999969482422,3685,75.06999969482422
BZ=F,2007-09-10,74.56999969482422,75.73999786376953,73.86000061035156,75.4800033569336,3082,75.4800033569336
BZ=F,2007-09-11,75.48999786376953,76.4000015258789,74.98999786376953,76.37999725341797,3305,76.37999725341797
BZ=F,2007-09-12,76.37999725341797,77.8499984741211,76.279998779296875,77.68000030517578,3294,77.68000030517578
BZ=F,2007-09-13,76.86000061035156,77.279998779296875,76.30000305175781,77.12000274658203,2470,77.12000274658203
BZ=F,2007-09-14,76.69000244140625,77.23999786376953,76.06999969482422,76.220001220703125,2912,76.220001220703125
BZ=F,2007-09-17,75.54000091552734,77.04000091552734,75.54000091552734,76.9800033569336,2573,76.9800033569336
BZ=F,2007-09-18,76.66999816894531,78.33000183105469,76.33000183105469,77.589996337890625,3427,77.589996337890625
BZ=F,2007-09-19,78.04000091552734,78.55999755859375,77.45999908447266,78.470001220703125,3109,78.470001220703125
BZ=F,2007-09-20,77.87000274658203,79.2699966430664,77.81999969482422,79.089996337890625,2426,79.089996337890625
BZ=F,2007-09-21,79.25,79.94999694824219,78.4800033569336,79.30000305175781,2768,79.30000305175781
BZ=F,2007-09-24,78.6500015258789,79.470001220703125,78.2300033569336,78.910003662109375,2619,78.910003662109375
BZ=F,2007-09-25,78.41999816894531,78.4800033569336,77.19000244140625,77.62000274658203,4042,77.62000274658203
BZ=F,2007-09-26,77.9000015258789,78.279998779296875,76.37999725341797,77.43000030517578,4071,77.43000030517578
BZ=F,2007-09-27,78.01000213623047,80.18000030517578,78.01000213623047,80.029998779296875,3604,80.029998779296875
BZ=F,2007-09-28,80.05999755859375,81.029998779296875,78.91999816894531,79.16999816894531,2607,79.16999816894531
BZ=F,2007-10-01,78.83000183105469,78.94000244140625,76.94000244140625,77.63999938964844,4079,77.63999938964844
BZ=F,2007-10-02,77.06999969482422,77.44999694824219,76.33000183105469,77.37999725341797,3748,77.37999725341797
BZ=F,2007-10-03,77.41999816894531,77.80999755859375,76.87000274658203,77.37999725341797,3765,77.37999725341797
BZ=F,2007-10-04,76.9800033569336,79.23999786376953,76.55999755859375,78.970001220703125,3821,78.970001220703125
BZ=F,2007-10-05,79.04000091552734,79.08000183105469,78.19000244140625,78.9000015258789,3024,78.9000015258789
BZ=F,2007-10-08,78.339996337890625,78.339996337890625,76.160003662109375,76.58000183105469,2623,76.58000183105469
BZ=F,2007-10-09,75.91999816894531,78.160003662109375,75.66999816894531,77.48999786376953,2981,77.48999786376953
BZ=F,2007-10-10,77.44000244140625,78.6500015258789,76.98999786376953,78.5999984741211,5814,78.5999984741211
BZ=F,2007-10-11,79.43000030517578,80.68000030517578,79.0999984741211,80.1500015258789,3076,80.1500015258789
BZ=F,2007-10-12,79.87000274658203,80.88999938964844,79.79000091552734,80.55000305175781,1864,80.55000305175781
BZ=F,2007-10-15,81.4000015258789,82.86000061035156,81.37000274658203,82.75,1211,82.75
BZ=F,2007-10-16,82.93000030517578,83.79000091552734,82.16999816894531,83.55000305175781,3747,83.55000305175781
BZ=F,2007-10-17,83.279998779296875,84.410003662109375,82.66999816894531,83.12999725341797,4623,83.12999725341797
BZ=F,2007-10-18,83.339996337890625,84.69999694824219,83.13999938964844,84.5999984741211,3256,84.5999984741211
BZ=F,2007-10-19,84.6500015258789,84.660003662109375,83.16999816894531,83.79000091552734,3570,83.79000091552734
BZ=F,2007-10-22,81.94999694824219,84.06999969482422,81.94999694824219,83.2699966430664,3145,83.2699966430664
BZ=F,2007-10-23,83.55999755859375,83.58000183105469,82.36000061035156,82.8499984741211,3005,82.8499984741211
BZ=F,2007-10-24,82.73999786376953,84.470001220703125,82.69999694824219,84.37000274658203,2766,84.37000274658203
BZ=F,2007-10-25,85.55999755859375,87.56999969482422,85.33000183105469,87.4800033569336,2467,87.4800033569336
BZ=F,2007-10-26,88.13999938964844,88.75,87.63999938964844,88.69000244140625,2952,88.69000244140625
BZ=F,2007-10-29,89.589996337890625,90.43000030517578,88.779998779296875,90.31999969482422,2303,90.31999969482422
BZ=F,2007-10-30,88.9800033569336,89.55000305175781,86.910003662109375,87.44000244140625,4041,87.44000244140625
BZ=F,2007-10-31,88.30999755859375,90.9000015258789,86.94000244140625,90.62999725341797,2093,90.62999725341797
BZ=F,2007-11-01,91.19999694824219,91.25,88.5999984741211,89.720001220703125,3831,89.720001220703125
BZ=F,2007-11-02,90.61000061035156,92.2300033569336,90.26000213623047,92.08000183105469,1781,92.08000183105469
BZ=F,2007-11-05,90.58000183105469,92.2699966430664,90.26000213623047,90.48999786376953,1992,90.48999786376953
BZ=F,2007-11-06,92.31999969482422,93.54000091552734,92.20999908447266,93.26000213623047,2594,93.26000213623047
BZ=F,2007-11-07,94.37999725341797,94.589996337890625,91.75,93.23999786376953,2778,93.23999786376953
BZ=F,2007-11-08,93.91999816894531,94.73999786376953,92.5199966430664,92.79000091552734,2421,92.79000091552734
BZ=F,2007-11-09,92.05000305175781,93.7699966430664,91.80999755859375,93.18000030517578,2177,93.18000030517578
BZ=F,2007-11-12,92.26000213623047,92.37999725341797,91,91.9800033569336,2000,91.9800033569336
BZ=F,2007-11-13,91.01000213623047,91.339996337890625,87.910003662109375,88.83000183105469,2488,88.83000183105469
BZ=F,2007-11-14,89.58000183105469,91.55000305175781,89.41999816894531,91.36000061035156,1082,91.36000061035156
BZ=F,2007-11-15,90.55999755859375,90.6500015258789,88.720001220703125,90.2300033569336,935,90.2300033569336
BZ=F,2007-11-16,90.93000030517578,91.94999694824219,90.88999938964844,91.62000274658203,1032,91.62000274658203
BZ=F,2007-11-19,92.31999969482422,92.5199966430664,91.0199966430664,92.279998779296875,986,92.279998779296875
BZ=F,2007-11-20,93.4800033569336,95.7300033569336,93.160003662109375,95.48999786376953,2063,95.48999786376953
BZ=F,2007-11-21,95.62999725341797,96.13999938964844,94.04000091552734,94.839996337890625,1649,94.839996337890625
BZ=F,2007-11-23,94.01000213623047,95.93000030517578,94.01000213623047,95.76000213623047,447,95.76000213623047
BZ=F,2007-11-26,95.970001220703125,96.12000274658203,94.29000091552734,95.31999969482422,1358,95.31999969482422
BZ=F,2007-11-27,93.86000061035156,93.86000061035156,92.43000030517578,92.5199966430664,2162,92.5199966430664
BZ=F,2007-11-28,92.95999908447266,93.37000274658203,89.660003662109375,89.80999755859375,2968,89.80999755859375
BZ=F,2007-11-29,91.720001220703125,91.93000030517578,89.75,90.220001220703125,2605,90.220001220703125
BZ=F,2007-11-30,88.70999908447266,90.1500015258789,87.910003662109375,88.26000213623047,1332,88.26000213623047
BZ=F,2007-12-03,87.6500015258789,90.029998779296875,87.05000305175781,89.80000305175781,1804,89.80000305175781
BZ=F,2007-12-04,90.0199966430664,90.3499984741211,88.98999786376953,89.529998779296875,1948,89.529998779296875
BZ=F,2007-12-05,91.0199966430664,91.220001220703125,88.37000274658203,88.48999786376953,1864,88.48999786376953
BZ=F,2007-12-06,87.5,90.62999725341797,87.05999755859375,90.18000030517578,2366,90.18000030517578
BZ=F,2007-12-07,89.970001220703125,90.410003662109375,87.55000305175781,88.63999938964844,1496,88.63999938964844
BZ=F,2007-12-10,88.20999908447266,89.839996337890625,87.5,88.04000091552734,1526,88.04000091552734
BZ=F,2007-12-11,88.51000213623047,90.36000061035156,88.19999694824219,89.98999786376953,1939,89.98999786376953
BZ=F,2007-12-12,90.38999938964844,94.44000244140625,90.38999938964844,94.0199966430664,1383,94.0199966430664
BZ=F,2007-12-13,94.04000091552734,94.33000183105469,92.01000213623047,92.12000274658203,1064,92.12000274658203
BZ=F,2007-12-14,92.30999755859375,93.30999755859375,91.12999725341797,91.69000244140625,2077,91.69000244140625
BZ=F,2007-12-17,91.80000305175781,92.339996337890625,90.1500015258789,91.29000091552734,1859,91.29000091552734
BZ=F,2007-12-18,91.58000183105469,92.87999725341797,89.36000061035156,90.12000274658203,1446,90.12000274658203
BZ=F,2007-12-19,90.69999694824219,92.279998779296875,89.79000091552734,91.4800033569336,1047,91.4800033569336
BZ=F,2007-12-20,92.23999786376953,92.23999786376953,90.70999908447266,90.87999725341797,1137,90.87999725341797
BZ=F,2007-12-21,90.76000213623047,92.91999816894531,90.70999908447266,92.45999908447266,885,92.45999908447266
BZ=F,2007-12-24,92.2699966430664,92.3499984741211,91.37999725341797,92.69999694824219,87,92.69999694824219
BZ=F,2007-12-26,93.08000183105469,95.04000091552734,92.839996337890625,93.94000244140625,1335,93.94000244140625
BZ=F,2007-12-27,94.11000061035156,95.86000061035156,93.56999969482422,94.779998779296875,1453,94.779998779296875
BZ=F,2007-12-28,95.19000244140625,95.8499984741211,93.8499984741211,93.87999725341797,1108,93.87999725341797
BZ=F,2007-12-31,93.9000015258789,95.26000213623047,93.279998779296875,93.8499984741211,1108,93.8499984741211
BZ=F,2008-01-02,94.30000305175781,98.0199966430664,94.19999694824219,97.839996337890625,1149,97.839996337890625
BZ=F,2008-01-03,97.5,98.470001220703125,97.06999969482422,97.5999984741211,1386,97.5999984741211
BZ=F,2008-01-04,97.73999786376953,97.88999938964844,96.20999908447266,96.79000091552734,1240,96.79000091552734
BZ=F,2008-01-07,96.81999969482422,97.45999908447266,93.7300033569336,94.38999938964844,1826,94.38999938964844
BZ=F,2008-01-08,95.44000244140625,96.66999816894531,94.51000213623047,95.54000091552734,1082,95.54000091552734
BZ=F,2008-01-09,95.63999938964844,96.70999908447266,94.12000274658203,94.37000274658203,1903,94.37000274658203
BZ=F,2008-01-10,94.23999786376953,94.83000183105469,92.16999816894531,92.220001220703125,2675,92.220001220703125
BZ=F,2008-01-11,91.68000030517578,92.55999755859375,90.8499984741211,91.06999969482422,1646,91.06999969482422
BZ=F,2008-01-14,91.19999694824219,93.0199966430664,91.19999694824219,92.91999816894531,1873,92.91999816894531
BZ=F,2008-01-15,92.95999908447266,93,90.36000061035156,90.9800033569336,1165,90.9800033569336
BZ=F,2008-01-16,89.94999694824219,90.470001220703125,88.31999969482422,89.5,918,89.5
BZ=F,2008-01-17,90.06999969482422,90.69000244140625,88.19999694824219,88.75,1170,88.75
BZ=F,2008-01-18,89.1500015258789,89.95999908447266,88.720001220703125,89.2300033569336,1170,89.2300033569336
BZ=F,2008-01-22,88.5999984741211,88.87000274658203,85.0999984741211,88.44999694824219,2072,88.44999694824219
BZ=F,2008-01-23,88.470001220703125,88.63999938964844,86.38999938964844,86.62000274658203,1197,86.62000274658203
BZ=F,2008-01-24,87.660003662109375,89.31999969482422,86.9000015258789,89.06999969482422,1392,89.06999969482422
BZ=F,2008-01-25,90.089996337890625,91.37000274658203,89.410003662109375,90.9000015258789,2660,90.9000015258789
BZ=F,2008-01-28,89.9000015258789,91.73999786376953,89.31999969482422,91.37999725341797,1328,91.37999725341797
BZ=F,2008-01-29,91.2699966430664,92.20999908447266,91.04000091552734,92,1358,92
BZ=F,2008-01-30,92.43000030517578,92.76000213623047,91.4800033569336,92.529998779296875,848,92.529998779296875
BZ=F,2008-01-31,91.44999694824219,92.80000305175781,90.19999694824219,92.20999908447266,1865,92.20999908447266
BZ=F,2008-02-01,91.41999816894531,92.44000244140625,88.9800033569336,89.44000244140625,2110,89.44000244140625
BZ=F,2008-02-04,89.01000213623047,91.11000061035156,88.660003662109375,90.4000015258789,1760,90.4000015258789
BZ=F,2008-02-05,89.48999786376953,89.7300033569336,88.089996337890625,88.81999969482422,1819,88.81999969482422
BZ=F,2008-02-06,88.51000213623047,89.56999969482422,87.55000305175781,87.779998779296875,1381,87.779998779296875
BZ=F,2008-02-07,87.5,88.75,86.8499984741211,88.51000213623047,3593,88.51000213623047
BZ=F,2008-02-08,89.6500015258789,92.30000305175781,89.11000061035156,91.94000244140625,2755,91.94000244140625
BZ=F,2008-02-11,92.04000091552734,94.51000213623047,91.11000061035156,93.529998779296875,1816,93.529998779296875
BZ=F,2008-02-12,92.56999969482422,94.12999725341797,92.220001220703125,92.86000061035156,1484,92.86000061035156
BZ=F,2008-02-13,93.529998779296875,93.9800033569336,92.4000015258789,93.31999969482422,708,93.31999969482422
BZ=F,2008-02-14,93.910003662109375,95.30999755859375,93.06999969482422,95.160003662109375,1054,95.160003662109375
BZ=F,2008-02-15,95.029998779296875,95.779998779296875,94.04000091552734,94.62999725341797,1054,94.62999725341797
BZ=F,2008-02-19,94.4800033569336,98.720001220703125,94.4800033569336,98.55999755859375,1837,98.55999755859375
BZ=F,2008-02-20,97.4800033569336,99.19999694824219,96.779998779296875,98.41999816894531,1361,98.41999816894531
BZ=F,2008-02-21,98.87999725341797,98.91999816894531,95.51000213623047,96.23999786376953,2049,96.23999786376953
BZ=F,2008-02-22,96.26000213623047,97.55000305175781,95.75,97.01000213623047,1117,97.01000213623047
BZ=F,2008-02-25,97.86000061035156,98.1500015258789,96.3499984741211,97.69000244140625,1547,97.69000244140625
BZ=F,2008-02-26,97.6500015258789,99.75,97.20999908447266,99.470001220703125,2272,99.470001220703125
BZ=F,2008-02-27,100.05999755859375,100.48999786376953,97.98999786376953,98.2699966430664,1629,98.2699966430664
BZ=F,2008-02-28,98.12999725341797,101.27999877929688,97.51000213623047,100.9000015258789,2029,100.9000015258789
BZ=F,2008-02-29,101.23999786376953,101.23999786376953,99.68000030517578,100.0999984741211,1601,100.0999984741211
BZ=F,2008-03-03,100.25,102.26000213623047,99.26000213623047,100.4800033569336,2539,100.4800033569336
BZ=F,2008-03-04,100.5999984741211,101.30999755859375,96.98999786376953,97.5199966430664,5074,97.5199966430664
BZ=F,2008-03-05,97.5999984741211,102.0199966430664,97.58000183105469,101.63999938964844,3129,101.63999938964844
BZ=F,2008-03-06,101.62000274658203,102.91999816894531,100.29000091552734,102.61000061035156,3977,102.61000061035156
BZ=F,2008-03-07,102.41999816894531,103.94000244140625,101.38999938964844,102.37999725341797,3166,102.37999725341797
BZ=F,2008-03-10,102.19000244140625,104.41999816894531,101.19999694824219,104.16000366210938,2395,104.16000366210938
BZ=F,2008-03-11,104.94999694824219,105.79000091552734,103.30999755859375,105.25,2684,105.25
BZ=F,2008-03-12,105.0999984741211,106.38999938964844,104.0199966430664,106.2699966430664,1607,106.2699966430664
BZ=F,2008-03-13,106.4000015258789,107.86000061035156,105.62999725341797,107.54000091552734,674,107.54000091552734
BZ=F,2008-03-14,106.16000366210938,106.9800033569336,105.08000183105469,106.19999694824219,768,106.19999694824219
BZ=F,2008-03-17,102.87000274658203,104.16999816894531,99.69000244140625,101.75,933,101.75
BZ=F,2008-03-18,102.08000183105469,106.11000061035156,101.76000213623047,105.55999755859375,1949,105.55999755859375
BZ=F,2008-03-19,103.94999694824219,104.25,100.18000030517578,100.72000122070312,2602,100.72000122070312
BZ=F,2008-03-20,99.93000030517578,100.79000091552734,97.9800033569336,100.37999725341797,1843,100.37999725341797
BZ=F,2008-03-24,99.62000274658203,101.20999908447266,99.05000305175781,99.86000061035156,615,99.86000061035156
BZ=F,2008-03-25,100.26000213623047,101.06999969482422,98.86000061035156,100.5999984741211,1484,100.5999984741211
BZ=F,2008-03-26,101.29000091552734,104.12000274658203,101.0199966430664,103.98999786376953,2573,103.98999786376953
BZ=F,2008-03-27,104.4000015258789,105.54000091552734,103.44000244140625,105,1559,105
BZ=F,2008-03-28,105.08999633789062,105.37000274658203,103.04000091552734,103.7699966430664,1039,103.7699966430664
BZ=F,2008-03-31,103.52999877929688,105.30999755859375,99.160003662109375,100.30000305175781,2274,100.30000305175781
BZ=F,2008-04-01,100.02999877929688,101.47000122070312,98.9800033569336,100.16999816894531,1611,100.16999816894531
BZ=F,2008-04-02,100.68000030517578,103.97000122070312,99.11000061035156,103.75,1605,103.75
BZ=F,2008-04-03,102.25,104.5,102.12999725341797,102.5199966430664,1190,102.5199966430664
BZ=F,2008-04-04,103.11000061035156,105.02999877929688,102.73999786376953,104.9000015258789,1108,104.9000015258789
BZ=F,2008-04-07,105.61000061035156,107.48999786376953,104.62999725341797,107.13999938964844,1121,107.13999938964844
BZ=F,2008-04-08,107.37999725341797,107.6500015258789,105.72000122070312,106.33999633789062,1189,106.33999633789062
BZ=F,2008-04-09,105.97000122070312,109.5199966430664,105.79000091552734,108.47000122070312,2562,108.47000122070312
BZ=F,2008-04-10,109.23999786376953,109.94999694824219,106.83999633789062,108.19999694824219,2029,108.19999694824219
BZ=F,2008-04-11,108.70999908447266,109.11000061035156,107.7300033569336,108.75,1574,108.75
BZ=F,2008-04-14,108.72000122070312,110.01000213623047,108.12999725341797,109.83999633789062,1079,109.83999633789062
BZ=F,2008-04-15,110.08999633789062,111.87000274658203,110.08999633789062,111.58000183105469,605,111.58000183105469
BZ=F,2008-04-16,111.61000061035156,112.83999633789062,110.12000274658203,112.66000366210938,1213,112.66000366210938
BZ=F,2008-04-17,112.87999725341797,113.20999908447266,111.80000305175781,112.43000030517578,1098,112.43000030517578
BZ=F,2008-04-18,111.87999725341797,114.16999816894531,110.66000366210938,113.91999816894531,936,113.91999816894531
BZ=F,2008-04-21,114.30000305175781,114.86000061035156,113.05999755859375,114.43000030517578,1016,114.43000030517578
BZ=F,2008-04-22,114.79000091552734,116.7300033569336,113.95999908447266,115.94999694824219,1396,115.94999694824219
BZ=F,2008-04-23,115.41999816894531,116.63999938964844,114.62999725341797,116.45999908447266,966,116.45999908447266
BZ=F,2008-04-24,115.69000244140625,116.80999755859375,112.69999694824219,114.33999633789062,2426,114.33999633789062
BZ=F,2008-04-25,113.63999938964844,117.58000183105469,112.5199966430664,116.33999633789062,1229,116.33999633789062
BZ=F,2008-04-28,116.9000015258789,117.47000122070312,116.06999969482422,116.73999786376953,630,116.73999786376953
BZ=F,2008-04-29,115.31999969482422,115.83999633789062,113.04000091552734,113.43000030517578,1545,113.43000030517578
BZ=F,2008-04-30,113.13999938964844,114.62999725341797,111.23999786376953,111.36000061035156,2069,111.36000061035156
BZ=F,2008-05-01,112.11000061035156,112.91999816894531,108.44999694824219,110.5,1253,110.5
BZ=F,2008-05-02,111.25,114.7699966430664,110.72000122070312,114.55999755859375,1433,114.55999755859375
BZ=F,2008-05-05,115.19999694824219,118.56999969482422,114.25,117.98999786376953,693,117.98999786376953
BZ=F,2008-05-06,118.38999938964844,121.0199966430664,117.72000122070312,120.30999755859375,1137,120.30999755859375
BZ=F,2008-05-07,120.61000061035156,122.7300033569336,119.3499984741211,122.31999969482422,1550,122.31999969482422
BZ=F,2008-05-08,122.06999969482422,123.80999755859375,120.93000030517578,122.83999633789062,854,122.83999633789062
BZ=F,2008-05-09,124.25,125.87000274658203,123.7699966430664,125.4000015258789,1383,125.4000015258789
BZ=F,2008-05-12,124.58999633789062,125.16999816894531,122.54000091552734,122.91000366210938,1327,122.91000366210938
BZ=F,2008-05-13,122.94999694824219,124.94000244140625,121.93000030517578,124.0999984741211,1721,124.0999984741211
BZ=F,2008-05-14,123.30000305175781,124.26000213623047,121.62000274658203,121.86000061035156,897,121.86000061035156
BZ=F,2008-05-15,123.62000274658203,125.52999877929688,120.12999725341797,122.62999725341797,296,122.62999725341797
BZ=F,2008-05-16,124.87000274658203,126.30999755859375,124.16000366210938,124.98999786376953,1345,124.98999786376953
BZ=F,2008-05-19,124.26000213623047,126.01000213623047,123.6500015258789,125.05999755859375,1030,125.05999755859375
BZ=F,2008-05-20,125.02999877929688,128.0500030517578,124.54000091552734,127.83999633789062,1055,127.83999633789062
BZ=F,2008-05-21,128.52000427246094,133.58999633789062,127.91999816894531,132.6999969482422,1442,132.6999969482422
BZ=F,2008-05-22,133.82000732421875,135.11000061035156,131.52000427246094,130.50999450683594,1953,130.50999450683594
BZ=F,2008-05-23,132.22000122070312,133.72999572753906,130.11000061035156,131.57000732421875,1953,131.57000732421875
BZ=F,2008-05-27,132.55999755859375,133.3800048828125,127.87000274658203,128.30999755859375,1968,128.30999755859375
BZ=F,2008-05-28,128.9600067138672,131.13999938964844,126.08000183105469,130.92999267578125,2178,130.92999267578125
BZ=F,2008-05-29,130.5500030517578,132.5500030517578,126.30000305175781,126.88999938964844,3138,126.88999938964844
BZ=F,2008-05-30,125.0999984741211,128.97000122070312,125.0999984741211,127.77999877929688,2604,127.77999877929688
BZ=F,2008-06-02,127.11000061035156,129.1999969482422,125.73999786376953,128.02000427246094,1457,128.02000427246094
BZ=F,2008-06-03,128.0399932861328,128.05999755859375,124.22000122070312,124.58000183105469,1691,124.58000183105469
BZ=F,2008-06-04,123.44999694824219,124.66999816894531,121.72000122070312,122.0999984741211,1157,122.0999984741211
BZ=F,2008-06-05,121.98999786376953,127.83999633789062,121.38999938964844,127.54000091552734,1422,127.54000091552734
BZ=F,2008-06-06,128.80999755859375,137.5399932861328,127.27999877929688,137.69000244140625,1510,137.69000244140625
BZ=F,2008-06-09,137.11000061035156,137.47999572753906,132.5,133.91000366210938,1393,133.91000366210938
BZ=F,2008-06-10,133.2100067138672,137.69000244140625,130.82000732421875,131.02000427246094,1832,131.02000427246094
BZ=F,2008-06-11,132.60000610351562,137.22999572753906,131.72999572753906,135.02000427246094,930,135.02000427246094
BZ=F,2008-06-12,133.55999755859375,136.6699981689453,131.33999633789062,136.08999633789062,723,136.08999633789062
BZ=F,2008-06-13,136.6699981689453,137.4600067138672,134.22000122070312,135.11000061035156,544,135.11000061035156
BZ=F,2008-06-16,135.13999938964844,139.10000610351562,132.97000122070312,134.7100067138672,996,134.7100067138672
BZ=F,2008-06-17,134.61000061035156,135.24000549316406,132.00999450683594,133.72000122070312,1411,133.72000122070312
BZ=F,2008-06-18,133.58999633789062,135.0399932861328,132.1999969482422,136.44000244140625,751,136.44000244140625
BZ=F,2008-06-19,136.77000427246094,137.3699951171875,131.97000122070312,132,1667,132
BZ=F,2008-06-20,132.9499969482422,136.75,131.5500030517578,134.86000061035156,998,134.86000061035156
BZ=F,2008-06-23,136.97000122070312,137.27999877929688,133.69000244140625,135.91000366210938,1175,135.91000366210938
BZ=F,2008-06-24,136.80999755859375,137.72000122070312,135.47000122070312,136.4600067138672,1660,136.4600067138672
BZ=F,2008-06-25,137.02000427246094,137.17999267578125,132.07000732421875,134.3300018310547,1438,134.3300018310547
BZ=F,2008-06-26,134.94000244140625,140.5500030517578,133.5500030517578,139.8300018310547,1771,139.8300018310547
BZ=F,2008-06-27,140.3800048828125,142.91000366210938,139.02999877929688,140.30999755859375,1472,140.30999755859375
BZ=F,2008-06-30,142.35000610351562,143.86000061035156,139.75999450683594,139.8300018310547,562,139.8300018310547
BZ=F,2008-07-01,141.60000610351562,143.36000061035156,140.32000732421875,140.6699981689453,811,140.6699981689453
BZ=F,2008-07-02,141.63999938964844,144.89999389648438,140.49000549316406,144.25999450683594,1064,144.25999450683594
BZ=F,2008-07-03,146.0800018310547,146.27000427246094,144.27000427246094,146.0800018310547,1064,146.0800018310547
BZ=F,2008-07-07,143.27000427246094,143.9499969482422,140.3699951171875,141.8699951171875,1332,141.8699951171875
BZ=F,2008-07-08,139.27000427246094,139.42999267578125,135.6199951171875,136.42999267578125,1547,136.42999267578125
BZ=F,2008-07-09,137.99000549316406,138.85000610351562,136.0800018310547,136.5800018310547,631,136.5800018310547
BZ=F,2008-07-10,136.44000244140625,142.41000366210938,136.22999572753906,142.02999877929688,1035,142.02999877929688
BZ=F,2008-07-11,144.75999450683594,147.42999267578125,141.64999389648438,144.49000549316406,1581,144.49000549316406
BZ=F,2008-07-14,143.75999450683594,145.24000549316406,142.30999755859375,143.9199981689453,699,143.9199981689453
BZ=F,2008-07-15,145.27999877929688,145.50999450683594,136.64999389648438,138.75,621,138.75
BZ=F,2008-07-16,139.0500030517578,140.22999572753906,134.47999572753906,135.80999755859375,415,135.80999755859375
BZ=F,2008-07-17,136.05999755859375,137.6300048828125,131.0399932861328,131.07000732421875,960,131.07000732421875
BZ=F,2008-07-18,132.85000610351562,133.13999938964844,130.02000427246094,130.19000244140625,573,130.19000244140625
BZ=F,2008-07-21,130.72000122070312,133.50999450683594,130.1999969482422,132.61000061035156,859,132.61000061035156
BZ=F,2008-07-22,132.83999633789062,133.7100067138672,127.80000305175781,129.5500030517578,849,129.5500030517578
BZ=F,2008-07-23,127.2699966430664,129.4499969482422,125.1500015258789,125.29000091552734,1292,125.29000091552734
BZ=F,2008-07-24,125.05999755859375,126.5199966430664,124.62999725341797,126.44000244140625,1099,126.44000244140625
BZ=F,2008-07-25,126.91000366210938,127.43000030517578,123.44999694824219,124.5199966430664,1159,124.5199966430664
BZ=F,2008-07-28,125.87000274658203,126.44999694824219,124.55999755859375,125.83999633789062,845,125.83999633789062
BZ=F,2008-07-29,125.3499984741211,126.75,121.27999877929688,122.70999908447266,1267,122.70999908447266
BZ=F,2008-07-30,122.19999694824219,127.58999633789062,121.55999755859375,127.0999984741211,1633,127.0999984741211
BZ=F,2008-07-31,126.29000091552734,127.48999786376953,122.9800033569336,123.9800033569336,1997,123.9800033569336
BZ=F,2008-08-01,122.01000213623047,127.91000366210938,122,124.18000030517578,855,124.18000030517578
BZ=F,2008-08-04,124.66000366210938,124.8499984741211,120.20999908447266,120.68000030517578,1339,120.68000030517578
BZ=F,2008-08-05,118.08999633789062,119.80999755859375,117,117.69999694824219,1105,117.69999694824219
BZ=F,2008-08-06,117.79000091552734,118.72000122070312,115.69999694824219,117,1216,117
BZ=F,2008-08-07,117.88999938964844,119.69999694824219,116.30000305175781,117.86000061035156,1534,117.86000061035156
BZ=F,2008-08-08,115.95999908447266,116.27999877929688,113.16999816894531,113.33000183105469,1523,113.33000183105469
BZ=F,2008-08-11,115.08999633789062,115.08999633789062,111.12000274658203,112.66999816894531,1630,112.66999816894531
BZ=F,2008-08-12,110.7300033569336,114.25,110.66999816894531,111.1500015258789,1568,111.1500015258789
BZ=F,2008-08-13,111.91000366210938,114.81999969482422,111.4800033569336,113.47000122070312,1053,113.47000122070312
BZ=F,2008-08-14,114.51000213623047,115.51000213623047,111.6500015258789,113.68000030517578,1132,113.68000030517578
BZ=F,2008-08-15,112.26000213623047,112.95999908447266,110.36000061035156,112.55000305175781,952,112.55000305175781
BZ=F,2008-08-18,113.12999725341797,113.80999755859375,110.87000274658203,111.94000244140625,1145,111.94000244140625
BZ=F,2008-08-19,111.11000061035156,115.33000183105469,110.75,113.25,1106,113.25
BZ=F,2008-08-20,114.08999633789062,115.4800033569336,111.6500015258789,114.36000061035156,1149,114.36000061035156
BZ=F,2008-08-21,117.30999755859375,120.79000091552734,117.30999755859375,120.16000366210938,802,120.16000366210938
BZ=F,2008-08-22,118.5199966430664,118.98999786376953,113.55999755859375,113.91999816894531,1049,113.91999816894531
BZ=F,2008-08-25,114.79000091552734,115.4800033569336,113.2300033569336,114.02999877929688,422,114.02999877929688
BZ=F,2008-08-26,114.33000183105469,116.33000183105469,113.75,114.62999725341797,961,114.62999725341797
BZ=F,2008-08-27,115.80000305175781,117.27999877929688,115.16000366210938,116.22000122070312,1082,116.22000122070312
BZ=F,2008-08-28,117.76000213623047,118.29000091552734,112.9000015258789,114.16999816894531,1015,114.16999816894531
BZ=F,2008-08-29,116.69999694824219,116.69999694824219,113.98999786376953,114.05000305175781,1015,114.05000305175781
BZ=F,2008-09-02,106.55000305175781,109.22000122070312,105.41999816894531,108.33999633789062,618,108.33999633789062
BZ=F,2008-09-03,107.0999984741211,108.20999908447266,106.22000122070312,108.05999755859375,812,108.05999755859375
BZ=F,2008-09-04,108.51000213623047,108.66000366210938,105.19000244140625,106.30000305175781,1352,106.30000305175781
BZ=F,2008-09-05,105.87000274658203,106.2300033569336,103.4800033569336,104.08999633789062,802,104.08999633789062
BZ=F,2008-09-08,105.43000030517578,105.5,102.43000030517578,103.44000244140625,938,103.44000244140625
BZ=F,2008-09-09,101.80000305175781,101.9800033569336,100.66000366210938,100.33999633789062,826,100.33999633789062
BZ=F,2008-09-10,100.81999969482422,101.30000305175781,98.12000274658203,98.970001220703125,1153,98.970001220703125
BZ=F,2008-09-11,98.660003662109375,100.0199966430664,97.06999969482422,97.63999938964844,1060,97.63999938964844
BZ=F,2008-09-12,98.29000091552734,98.910003662109375,96.5,97.58000183105469,255,97.58000183105469
BZ=F,2008-09-15,94.55000305175781,95.75,94.220001220703125,94.23999786376953,589,94.23999786376953
BZ=F,2008-09-16,90.18000030517578,91.93000030517578,89.08000183105469,89.220001220703125,689,89.220001220703125
BZ=F,2008-09-17,91.81999969482422,94.25,89.16999816894531,94.839996337890625,751,94.839996337890625
BZ=F,2008-09-18,98.43000030517578,98.43000030517578,94.37000274658203,95.19000244140625,840,95.19000244140625
BZ=F,2008-09-19,98.089996337890625,100.41000366210938,96.220001220703125,99.61000061035156,974,99.61000061035156
BZ=F,2008-09-22,102.20999908447266,106.30999755859375,102.20999908447266,106.04000091552734,1252,106.04000091552734
BZ=F,2008-09-23,103.83000183105469,105.13999938964844,100.76000213623047,103.08000183105469,848,103.08000183105469
BZ=F,2008-09-24,105.5999984741211,105.7699966430664,101.93000030517578,102.44999694824219,750,102.44999694824219
BZ=F,2008-09-25,101.04000091552734,104.97000122070312,100.77999877929688,104.5999984741211,668,104.5999984741211
BZ=F,2008-09-26,102.33999633789062,103.19000244140625,101.66999816894531,103.54000091552734,1058,103.54000091552734
BZ=F,2008-09-29,98.51000213623047,99.0999984741211,94.470001220703125,93.9800033569336,433,93.9800033569336
BZ=F,2008-09-30,95.98999786376953,98.83000183105469,95.55000305175781,98.16999816894531,678,98.16999816894531
BZ=F,2008-10-01,97.4000015258789,97.4000015258789,92.910003662109375,95.33000183105469,855,95.33000183105469
BZ=F,2008-10-02,92.3499984741211,93.19000244140625,90.5199966430664,90.55999755859375,1068,90.55999755859375
BZ=F,2008-10-03,90.81999969482422,92.11000061035156,88.12000274658203,90.25,993,90.25
BZ=F,2008-10-06,86.80999755859375,88.18000030517578,83.94999694824219,83.68000030517578,887,83.68000030517578
BZ=F,2008-10-07,86.12000274658203,87.80999755859375,82.910003662109375,84.660003662109375,849,84.660003662109375
BZ=F,2008-10-08,83.0999984741211,85.19999694824219,81.63999938964844,84.36000061035156,1069,84.36000061035156
BZ=F,2008-10-09,84.410003662109375,84.88999938964844,82.2699966430664,82.660003662109375,583,82.660003662109375
BZ=F,2008-10-10,78.69000244140625,78.69000244140625,74.25,74.089996337890625,971,74.089996337890625
BZ=F,2008-10-13,78.01000213623047,78.44000244140625,76.05000305175781,77.45999908447266,756,77.45999908447266
BZ=F,2008-10-14,79.23999786376953,79.339996337890625,74.779998779296875,74.529998779296875,765,74.529998779296875
BZ=F,2008-10-15,71.9800033569336,72.2300033569336,70.37999725341797,70.80000305175781,400,70.80000305175781
BZ=F,2008-10-16,NA,NA,NA,NA,NA,NA
BZ=F,2008-10-17,67.779998779296875,71.75,67.779998779296875,69.5999984741211,703,69.5999984741211
BZ=F,2008-10-20,71.20999908447266,73.12000274658203,69.62999725341797,72.029998779296875,897,72.029998779296875
BZ=F,2008-10-21,68.94000244140625,69.9800033569336,68.16999816894531,69.720001220703125,253,69.720001220703125
BZ=F,2008-10-22,66.44999694824219,66.51000213623047,64.660003662109375,64.5199966430664,519,64.5199966430664
BZ=F,2008-10-23,64.4800033569336,67.30999755859375,64.4800033569336,65.91999816894531,461,65.91999816894531
BZ=F,2008-10-24,61.79999923706055,63.540000915527344,61.06999969482422,62.04999923706055,577,62.04999923706055
BZ=F,2008-10-27,61.349998474121094,63.4900016784668,60.2400016784668,61.40999984741211,386,61.40999984741211
BZ=F,2008-10-28,62.36000061035156,62.529998779296875,59.4900016784668,60.290000915527344,200,60.290000915527344
BZ=F,2008-10-29,64.5,66.69999694824219,63.75,65.470001220703125,318,65.470001220703125
BZ=F,2008-10-30,66.41999816894531,66.41999816894531,62.290000915527344,63.709999084472656,491,63.709999084472656
BZ=F,2008-10-31,61.20000076293945,66.0999984741211,60.9900016784668,65.31999969482422,275,65.31999969482422
BZ=F,2008-11-03,63.040000915527344,64.16999816894531,60.2599983215332,60.47999954223633,635,60.47999954223633
BZ=F,2008-11-04,61.33000183105469,67.66999816894531,61.130001068115234,66.44000244140625,955,66.44000244140625
BZ=F,2008-11-05,64.62000274658203,65.48999786376953,61.41999816894531,61.869998931884766,928,61.869998931884766
BZ=F,2008-11-06,61.119998931884766,61.209999084472656,56.810001373291016,57.43000030517578,1167,57.43000030517578
BZ=F,2008-11-07,57.59000015258789,59.06999969482422,57.189998626708984,57.349998474121094,515,57.349998474121094
BZ=F,2008-11-10,61.59000015258789,61.61000061035156,56.13999938964844,59.08000183105469,980,59.08000183105469
BZ=F,2008-11-11,57.11000061035156,57.540000915527344,54.97999954223633,55.709999084472656,723,55.709999084472656
BZ=F,2008-11-12,55.619998931884766,55.619998931884766,52,52.369998931884766,290,52.369998931884766
BZ=F,2008-11-13,NA,NA,NA,NA,NA,NA
BZ=F,2008-11-14,55.529998779296875,56.08000183105469,53.61000061035156,54.2400016784668,191,54.2400016784668
BZ=F,2008-11-17,54.470001220703125,56.0099983215332,52.220001220703125,52.310001373291016,299,52.310001373291016
BZ=F,2008-11-18,52.68000030517578,53.119998931884766,51.779998779296875,51.84000015258789,125,51.84000015258789
BZ=F,2008-11-19,52.470001220703125,52.779998779296875,51.43000030517578,51.720001220703125,186,51.720001220703125
BZ=F,2008-11-20,48.970001220703125,50.189998626708984,47.45000076293945,48.08000183105469,624,48.08000183105469
BZ=F,2008-11-21,49.869998931884766,49.91999816894531,47.54999923706055,49.189998626708984,605,49.189998626708984
BZ=F,2008-11-24,50.15999984741211,54.4900016784668,49.540000915527344,53.93000030517578,318,53.93000030517578
BZ=F,2008-11-25,53.29999923706055,53.58000183105469,50.41999816894531,50.349998474121094,615,50.349998474121094
BZ=F,2008-11-26,52.06999969482422,54.310001373291016,50.790000915527344,53.91999816894531,758,53.91999816894531
BZ=F,2008-11-28,53.4900016784668,53.4900016784668,53.4900016784668,53.4900016784668,26,53.4900016784668
BZ=F,2008-12-01,50.15999984741211,50.41999816894531,47.9900016784668,47.970001220703125,1103,47.970001220703125
BZ=F,2008-12-02,48.29999923706055,48.91999816894531,45.5,45.439998626708984,900,45.439998626708984
BZ=F,2008-12-03,45.13999938964844,46.25,44.95000076293945,45.439998626708984,869,45.439998626708984
BZ=F,2008-12-04,44.5,45.5,42.22999954223633,42.279998779296875,519,42.279998779296875
BZ=F,2008-12-05,41.939998626708984,42.04999923706055,39.380001068115234,39.7400016784668,496,39.7400016784668
BZ=F,2008-12-08,43.06999969482422,44.029998779296875,42.34000015258789,43.41999816894531,433,43.41999816894531
BZ=F,2008-12-09,43.04999923706055,43.869998931884766,41.36000061035156,41.529998779296875,548,41.529998779296875
BZ=F,2008-12-10,43.220001220703125,45.099998474121094,41.119998931884766,42.400001525878906,284,42.400001525878906
BZ=F,2008-12-11,44.150001525878906,48.310001373291016,44.150001525878906,47.38999938964844,452,47.38999938964844
BZ=F,2008-12-12,44.56999969482422,47.040000915527344,43.40999984741211,46.40999984741211,668,46.40999984741211
BZ=F,2008-12-15,49.540000915527344,49.7599983215332,44.52000045776367,44.599998474121094,261,44.599998474121094
BZ=F,2008-12-16,NA,NA,NA,NA,NA,NA
BZ=F,2008-12-17,47.439998626708984,48.29999923706055,45.470001220703125,45.529998779296875,747,45.529998779296875
BZ=F,2008-12-18,46.0099983215332,46.33000183105469,43.25,43.36000061035156,902,43.36000061035156
BZ=F,2008-12-19,44.029998779296875,45.040000915527344,43.33000183105469,44,568,44
BZ=F,2008-12-22,43.470001220703125,44.380001068115234,41.33000183105469,41.45000076293945,445,41.45000076293945
BZ=F,2008-12-23,41.90999984741211,41.90999984741211,39.369998931884766,40.36000061035156,772,40.36000061035156
BZ=F,2008-12-24,38.45000076293945,39.22999954223633,37,36.61000061035156,112,36.61000061035156
BZ=F,2008-12-26,37.33000183105469,38.650001525878906,37.06999969482422,38.369998931884766,64,38.369998931884766
BZ=F,2008-12-29,39.880001068115234,40.790000915527344,38.22999954223633,40.54999923706055,430,40.54999923706055
BZ=F,2008-12-30,39.779998779296875,40.63999938964844,38.66999816894531,40.150001525878906,377,40.150001525878906
BZ=F,2008-12-31,39.54999923706055,45.66999816894531,39.54999923706055,45.59000015258789,14,45.59000015258789
BZ=F,2009-01-02,46.90999984741211,46.90999984741211,46.90999984741211,46.90999984741211,50,46.90999984741211
BZ=F,2009-01-05,46.400001525878906,49.97999954223633,46.400001525878906,49.619998931884766,560,49.619998931884766
BZ=F,2009-01-06,51.779998779296875,52.130001068115234,49.599998474121094,50.529998779296875,203,50.529998779296875
BZ=F,2009-01-07,50.43000030517578,50.54999923706055,45.72999954223633,45.86000061035156,244,45.86000061035156
BZ=F,2009-01-08,45.810001373291016,46.34000015258789,43.79999923706055,44.66999816894531,370,44.66999816894531
BZ=F,2009-01-09,43.97999954223633,44.630001068115234,42.849998474121094,44.41999816894531,457,44.41999816894531
BZ=F,2009-01-12,42.959999084472656,43.380001068115234,42.650001525878906,42.90999984741211,256,42.90999984741211
BZ=F,2009-01-13,44.41999816894531,45.209999084472656,44.25,44.83000183105469,74,44.83000183105469
BZ=F,2009-01-14,44.84000015258789,45.61000061035156,43.84000015258789,45.08000183105469,139,45.08000183105469
BZ=F,2009-01-15,NA,NA,NA,NA,NA,NA
BZ=F,2009-01-16,48.75,48.869998931884766,46.060001373291016,46.56999969482422,139,46.56999969482422
BZ=F,2009-01-20,44.25,45.599998474121094,43.20000076293945,43.619998931884766,216,43.619998931884766
BZ=F,2009-01-21,43.58000183105469,45.16999816894531,43.380001068115234,45.02000045776367,191,45.02000045776367
BZ=F,2009-01-22,44.720001220703125,45.38999938964844,43.41999816894531,45.38999938964844,140,45.38999938964844
BZ=F,2009-01-23,44.65999984741211,48.47999954223633,43.93000030517578,48.369998931884766,208,48.369998931884766
BZ=F,2009-01-26,47.66999816894531,49.5,46.83000183105469,46.959999084472656,259,46.959999084472656
BZ=F,2009-01-27,46.150001525878906,46.33000183105469,43.59000015258789,43.72999954223633,235,43.72999954223633
BZ=F,2009-01-28,44.630001068115234,46.130001068115234,43.900001525878906,44.900001525878906,423,44.900001525878906
BZ=F,2009-01-29,44.22999954223633,45.970001220703125,44.189998626708984,45.400001525878906,105,45.400001525878906
BZ=F,2009-01-30,45.83000183105469,47.47999954223633,45.630001068115234,45.880001068115234,114,45.880001068115234
BZ=F,2009-02-02,44.9900016784668,45.16999816894531,44.400001525878906,43.81999969482422,36,43.81999969482422
BZ=F,2009-02-03,44.40999984741211,44.5099983215332,43.900001525878906,44.08000183105469,143,44.08000183105469
BZ=F,2009-02-04,44.5,44.97999954223633,43.68000030517578,44.150001525878906,538,44.150001525878906
BZ=F,2009-02-05,44.880001068115234,46.470001220703125,44.18000030517578,46.459999084472656,134,46.459999084472656
BZ=F,2009-02-06,44.81999969482422,47.060001373291016,44.22999954223633,46.209999084472656,206,46.209999084472656
BZ=F,2009-02-09,48.20000076293945,48.20000076293945,46.43000030517578,46.02000045776367,42,46.02000045776367
BZ=F,2009-02-10,47.060001373291016,47.060001373291016,44.65999984741211,44.61000061035156,68,44.61000061035156
BZ=F,2009-02-11,45.16999816894531,45.29999923706055,44.06999969482422,44.279998779296875,240,44.279998779296875
BZ=F,2009-02-12,NA,NA,NA,NA,NA,NA
BZ=F,2009-02-13,46.2599983215332,46.2599983215332,46.2599983215332,46.2599983215332,240,46.2599983215332
BZ=F,2009-02-17,42.45000076293945,42.45000076293945,42.45000076293945,42.45000076293945,240,42.45000076293945
BZ=F,2009-02-18,40.75,40.75,40.75,40.75,240,40.75
BZ=F,2009-02-19,43.279998779296875,43.279998779296875,43.279998779296875,43.279998779296875,240,43.279998779296875
BZ=F,2009-02-20,43.13999938964844,43.13999938964844,43.13999938964844,43.13999938964844,240,43.13999938964844
BZ=F,2009-02-23,42.279998779296875,42.279998779296875,42.279998779296875,42.36000061035156,2,42.36000061035156
BZ=F,2009-02-24,42.4900016784668,43.439998626708984,42.4900016784668,43.84000015258789,4,43.84000015258789
BZ=F,2009-02-25,44.209999084472656,45.47999954223633,44.18000030517578,45.41999816894531,176,45.41999816894531
BZ=F,2009-02-26,46.849998474121094,47.459999084472656,46.599998474121094,47.61000061035156,7,47.61000061035156
BZ=F,2009-02-27,46.27000045776367,46.56999969482422,46.27000045776367,47.20000076293945,4,47.20000076293945
BZ=F,2009-03-02,44.369998931884766,44.61000061035156,43,43.15999984741211,13,43.15999984741211
BZ=F,2009-03-03,43.540000915527344,44.599998474121094,42.90999984741211,44.560001373291016,9,44.560001373291016
BZ=F,2009-03-04,46.95000076293945,47.150001525878906,46,46.9900016784668,18,46.9900016784668
BZ=F,2009-03-05,45.939998626708984,45.939998626708984,44.040000915527344,44.779998779296875,12,44.779998779296875
BZ=F,2009-03-06,44.540000915527344,46.13999938964844,44.43000030517578,45.939998626708984,13,45.939998626708984
BZ=F,2009-03-09,45.59000015258789,45.939998626708984,45.279998779296875,45.349998474121094,16,45.349998474121094
BZ=F,2009-03-10,46.7400016784668,46.86000061035156,45.029998779296875,45.150001525878906,7,45.150001525878906
BZ=F,2009-03-11,44.27000045776367,44.619998931884766,42.4900016784668,42.54999923706055,20,42.54999923706055
BZ=F,2009-03-12,43.43000030517578,46.439998626708984,43.2400016784668,46.20000076293945,74,46.20000076293945
BZ=F,2009-03-13,46.72999954223633,47.290000915527344,45.16999816894531,45.880001068115234,35,45.880001068115234
BZ=F,2009-03-16,44.02000045776367,46.72999954223633,43.790000915527344,46.459999084472656,83,46.459999084472656
BZ=F,2009-03-17,46.93000030517578,48.630001068115234,46.290000915527344,48.2400016784668,52,48.2400016784668
BZ=F,2009-03-18,47.58000183105469,48.880001068115234,46.09000015258789,47.65999984741211,99,47.65999984741211
BZ=F,2009-03-19,50.9900016784668,51.16999816894531,49.58000183105469,50.66999816894531,91,50.66999816894531
BZ=F,2009-03-20,50.2400016784668,51.599998474121094,49.939998626708984,51.220001220703125,36,51.220001220703125
BZ=F,2009-03-23,51.619998931884766,53.81999969482422,51.18000030517578,53.470001220703125,59,53.470001220703125
BZ=F,2009-03-24,53.060001373291016,53.540000915527344,52.540000915527344,53.5,5,53.5
BZ=F,2009-03-25,51.91999816894531,53.459999084472656,51.20000076293945,51.75,82,51.75
BZ=F,2009-03-26,53.290000915527344,53.77000045776367,52.5099983215332,53.459999084472656,79,53.459999084472656
BZ=F,2009-03-27,51.95000076293945,52.220001220703125,51.220001220703125,51.97999954223633,92,51.97999954223633
BZ=F,2009-03-30,50.380001068115234,50.529998779296875,47.689998626708984,47.9900016784668,74,47.9900016784668
BZ=F,2009-03-31,49.09000015258789,49.66999816894531,47.5099983215332,49.22999954223633,31,49.22999954223633
BZ=F,2009-04-01,47.619998931884766,48.66999816894531,47.290000915527344,48.439998626708984,82,48.439998626708984
BZ=F,2009-04-02,51.540000915527344,53.02000045776367,51.41999816894531,52.75,194,52.75
BZ=F,2009-04-03,52.290000915527344,53.5,51.560001373291016,53.470001220703125,10,53.470001220703125
BZ=F,2009-04-06,52.25,53.09000015258789,51.18000030517578,52.2400016784668,76,52.2400016784668
BZ=F,2009-04-07,51.310001373291016,51.849998474121094,50.88999938964844,51.220001220703125,37,51.220001220703125
BZ=F,2009-04-08,50.970001220703125,53.540000915527344,50.599998474121094,51.59000015258789,70,51.59000015258789
BZ=F,2009-04-09,53.06999969482422,54.209999084472656,52.619998931884766,54.060001373291016,29,54.060001373291016
BZ=F,2009-04-13,53.34000015258789,53.56999969482422,50.959999084472656,52.13999938964844,62,52.13999938964844
BZ=F,2009-04-14,53.529998779296875,53.529998779296875,51.630001068115234,51.959999084472656,130,51.959999084472656
BZ=F,2009-04-15,NA,NA,NA,NA,NA,NA
BZ=F,2009-04-16,NA,NA,NA,NA,NA,NA
BZ=F,2009-04-17,NA,NA,NA,NA,NA,NA
BZ=F,2009-04-20,NA,NA,NA,NA,NA,NA
BZ=F,2009-04-21,NA,NA,NA,NA,NA,NA
BZ=F,2009-04-22,NA,NA,NA,NA,NA,NA
BZ=F,2009-04-23,NA,NA,NA,NA,NA,NA
BZ=F,2009-04-24,NA,NA,NA,NA,NA,NA
BZ=F,2009-04-27,NA,NA,NA,NA,NA,NA
BZ=F,2009-04-28,NA,NA,NA,NA,NA,NA
BZ=F,2009-04-29,NA,NA,NA,NA,NA,NA
BZ=F,2009-04-30,NA,NA,NA,NA,NA,NA
BZ=F,2009-05-01,51.70000076293945,53.029998779296875,50.619998931884766,52.849998474121094,53,52.849998474121094
BZ=F,2009-05-04,52.630001068115234,54.650001525878906,52.439998626708984,54.58000183105469,90,54.58000183105469
BZ=F,2009-05-05,54.79999923706055,54.79999923706055,53.65999984741211,54.119998931884766,254,54.119998931884766
BZ=F,2009-05-06,54.959999084472656,56.279998779296875,54.75,56.150001525878906,183,56.150001525878906
BZ=F,2009-05-07,58.099998474121094,58.189998626708984,55.5099983215332,56.470001220703125,188,56.470001220703125
BZ=F,2009-05-08,57.63999938964844,58.29999923706055,56.880001068115234,58.13999938964844,95,58.13999938964844
BZ=F,2009-05-11,56.61000061035156,57.7400016784668,56.5099983215332,57.47999954223633,68,57.47999954223633
BZ=F,2009-05-12,58.459999084472656,58.81999969482422,57.22999954223633,57.939998626708984,34,57.939998626708984
BZ=F,2009-05-13,58.290000915527344,58.7400016784668,56.93000030517578,57.34000015258789,17,57.34000015258789
BZ=F,2009-05-14,NA,NA,NA,NA,NA,NA
BZ=F,2009-05-15,57.790000915527344,58.20000076293945,55.900001525878906,55.97999954223633,17,55.97999954223633
BZ=F,2009-05-18,57.93000030517578,58.79999923706055,57.52000045776367,58.470001220703125,52,58.470001220703125
BZ=F,2009-05-19,59.040000915527344,59.25,57.720001220703125,58.91999816894531,97,58.91999816894531
BZ=F,2009-05-20,59.529998779296875,60.75,59.189998626708984,60.59000015258789,96,60.59000015258789
BZ=F,2009-05-21,58.97999954223633,60.2400016784668,58.849998474121094,59.93000030517578,142,59.93000030517578
BZ=F,2009-05-22,60.31999969482422,60.869998931884766,59.630001068115234,60.779998779296875,18,60.779998779296875
BZ=F,2009-05-26,59.349998474121094,61.2599983215332,59.13999938964844,61.2400016784668,34,61.2400016784668
BZ=F,2009-05-27,61.939998626708984,62.68000030517578,61.36000061035156,62.5,67,62.5
BZ=F,2009-05-28,63.040000915527344,64.62000274658203,62.52000045776367,64.38999938964844,70,64.38999938964844
BZ=F,2009-05-29,64.910003662109375,65.6500015258789,64.36000061035156,65.5199966430664,34,65.5199966430664
BZ=F,2009-06-01,67.18000030517578,67.9800033569336,66.62999725341797,67.970001220703125,39,67.970001220703125
BZ=F,2009-06-02,67.23999786376953,68.5,67.20999908447266,68.16999816894531,68,68.16999816894531
BZ=F,2009-06-03,67.31999969482422,68.19000244140625,64.910003662109375,65.87999725341797,94,65.87999725341797
BZ=F,2009-06-04,67.88999938964844,69.45999908447266,67.5199966430664,68.70999908447266,73,68.70999908447266
BZ=F,2009-06-05,68.7699966430664,69.8499984741211,67.38999938964844,68.339996337890625,109,68.339996337890625
BZ=F,2009-06-08,67.88999938964844,68.75,67,67.87999725341797,24,67.87999725341797
BZ=F,2009-06-09,69.36000061035156,69.80000305175781,68.62999725341797,69.62000274658203,27,69.62000274658203
BZ=F,2009-06-10,70.25,71.13999938964844,70.08000183105469,70.80000305175781,13,70.80000305175781
BZ=F,2009-06-11,71.58000183105469,72.2300033569336,70.86000061035156,71.79000091552734,23,71.79000091552734
BZ=F,2009-06-12,71,71.23999786376953,70.04000091552734,70.91999816894531,20,70.91999816894531
BZ=F,2009-06-15,69.44000244140625,69.44000244140625,68.62999725341797,69.44000244140625,2,69.44000244140625
BZ=F,2009-06-16,72.0999984741211,72.339996337890625,69.68000030517578,70.23999786376953,25,70.23999786376953
BZ=F,2009-06-17,69.45999908447266,70.9000015258789,69.06999969482422,70.8499984741211,35,70.8499984741211
BZ=F,2009-06-18,70.05999755859375,71.410003662109375,69.94999694824219,71.05999755859375,34,71.05999755859375
BZ=F,2009-06-19,71.410003662109375,71.87999725341797,68.720001220703125,69.19000244140625,36,69.19000244140625
BZ=F,2009-06-22,66.9800033569336,66.9800033569336,66.16999816894531,66.9800033569336,36,66.9800033569336
BZ=F,2009-06-23,67.11000061035156,69.18000030517578,66.6500015258789,68.80000305175781,56,68.80000305175781
BZ=F,2009-06-24,68.19999694824219,69.31999969482422,68.05000305175781,68.33000183105469,515,68.33000183105469
BZ=F,2009-06-25,68.87999725341797,70.51000213623047,68.55000305175781,69.779998779296875,110,69.779998779296875
BZ=F,2009-06-26,69.04000091552734,70.4800033569336,68.54000091552734,68.91999816894531,4,68.91999816894531
BZ=F,2009-06-29,69.720001220703125,71.410003662109375,69.44000244140625,70.98999786376953,78,70.98999786376953
BZ=F,2009-06-30,70.839996337890625,71.6500015258789,68.44999694824219,69.30000305175781,61,69.30000305175781
BZ=F,2009-07-01,71.20999908447266,71.2699966430664,68.160003662109375,68.79000091552734,72,68.79000091552734
BZ=F,2009-07-02,67.75,67.75,66.62999725341797,66.6500015258789,20,66.6500015258789
BZ=F,2009-07-06,64.05000305175781,64.62999725341797,63.33000183105469,64.05000305175781,12,64.05000305175781
BZ=F,2009-07-07,64.5199966430664,64.81999969482422,62.72999954223633,63.22999954223633,20,63.22999954223633
BZ=F,2009-07-08,62.45000076293945,62.5,60.36000061035156,60.43000030517578,23,60.43000030517578
BZ=F,2009-07-09,61.369998931884766,62.119998931884766,59.880001068115234,61.099998474121094,55,61.099998474121094
BZ=F,2009-07-10,60.279998779296875,60.77000045776367,59.56999969482422,60.52000045776367,24,60.52000045776367
BZ=F,2009-07-13,60.279998779296875,61.5099983215332,59.540000915527344,60.689998626708984,20,60.689998626708984
BZ=F,2009-07-14,61.900001525878906,62.209999084472656,60.52000045776367,60.86000061035156,23,60.86000061035156
BZ=F,2009-07-15,61.97999954223633,63.77000045776367,61.970001220703125,63.09000015258789,2,63.09000015258789
BZ=F,2009-07-16,NA,NA,NA,NA,NA,NA
BZ=F,2009-07-17,64.08000183105469,65.86000061035156,63.13999938964844,65.37999725341797,2,65.37999725341797
BZ=F,2009-07-20,65.4000015258789,66.6500015258789,65.30999755859375,66.44000244140625,3,66.44000244140625
BZ=F,2009-07-21,67.660003662109375,67.8499984741211,66.11000061035156,66.87000274658203,6,66.87000274658203
BZ=F,2009-07-22,66.45999908447266,67.38999938964844,65.55000305175781,67.20999908447266,15,67.20999908447266
BZ=F,2009-07-23,68.0199966430664,69.69999694824219,66.73999786376953,69.25,32,69.25
BZ=F,2009-07-24,70.31999969482422,70.29000091552734,69.08000183105469,70.31999969482422,32,70.31999969482422
BZ=F,2009-07-27,70.5999984741211,71.05999755859375,70.11000061035156,70.80999755859375,16,70.80999755859375
BZ=F,2009-07-28,69.87999725341797,70.970001220703125,69.11000061035156,69.87999725341797,16,69.87999725341797
BZ=F,2009-07-29,69.0199966430664,69.19000244140625,66.19999694824219,66.529998779296875,42,66.529998779296875
BZ=F,2009-07-30,68.910003662109375,70.29000091552734,67.56999969482422,70.11000061035156,18,70.11000061035156
BZ=F,2009-07-31,69.839996337890625,72.05999755859375,68.26000213623047,71.69999694824219,18,71.69999694824219
BZ=F,2009-08-03,72.94000244140625,73.910003662109375,72.910003662109375,73.55000305175781,7,73.55000305175781
BZ=F,2009-08-04,73.29000091552734,74.660003662109375,72.5999984741211,74.279998779296875,15,74.279998779296875
BZ=F,2009-08-05,74.37999725341797,75.5,73.25,75.51000213623047,16,75.51000213623047
BZ=F,2009-08-06,74.73999786376953,75.81999969482422,74.089996337890625,74.83000183105469,5,74.83000183105469
BZ=F,2009-08-07,74.470001220703125,75.5,73.20999908447266,73.589996337890625,7,73.589996337890625
BZ=F,2009-08-10,73.31999969482422,74.19000244140625,73.13999938964844,73.5,3,73.5
BZ=F,2009-08-11,72.779998779296875,74.12999725341797,71.95999908447266,72.45999908447266,18,72.45999908447266
BZ=F,2009-08-12,72.910003662109375,73.45999908447266,72.16999816894531,72.88999938964844,5,72.88999938964844
BZ=F,2009-08-13,73.9000015258789,73.9000015258789,73.9000015258789,73.4800033569336,2,73.4800033569336
BZ=F,2009-08-14,71.94000244140625,71.94000244140625,71.94000244140625,72.410003662109375,8,72.410003662109375
BZ=F,2009-08-17,70.05000305175781,70.05999755859375,69.26000213623047,70.54000091552734,11,70.54000091552734
BZ=F,2009-08-18,70.0199966430664,73.0199966430664,69.51000213623047,72.37000274658203,16,72.37000274658203
BZ=F,2009-08-19,73,74.81999969482422,71.26000213623047,74.589996337890625,11,74.589996337890625
BZ=F,2009-08-20,73.33000183105469,73.33000183105469,73.19000244140625,73.33000183105469,11,73.33000183105469
BZ=F,2009-08-21,74.51000213623047,74.69999694824219,74.04000091552734,74.19000244140625,8,74.19000244140625
BZ=F,2009-08-24,74.26000213623047,74.56999969482422,73.93000030517578,74.26000213623047,8,74.26000213623047
BZ=F,2009-08-25,73.62999725341797,73.9000015258789,71.16999816894531,71.81999969482422,23,71.81999969482422
BZ=F,2009-08-26,71.8499984741211,72.3499984741211,70.68000030517578,71.6500015258789,7,71.6500015258789
BZ=F,2009-08-27,70.88999938964844,72.779998779296875,70.470001220703125,72.51000213623047,2,72.51000213623047
BZ=F,2009-08-28,73.37999725341797,73.37999725341797,71.9800033569336,72.79000091552734,2,72.79000091552734
BZ=F,2009-08-31,70.51000213623047,70.5199966430664,68.93000030517578,69.6500015258789,13,69.6500015258789
BZ=F,2009-09-01,69.589996337890625,70.9800033569336,67.66999816894531,67.7300033569336,22,67.7300033569336
BZ=F,2009-09-02,67.44000244140625,68.5,66.839996337890625,67.660003662109375,39,67.660003662109375
BZ=F,2009-09-03,67.38999938964844,68.410003662109375,67.01000213623047,67.12000274658203,4,67.12000274658203
BZ=F,2009-09-04,66.81999969482422,67.48999786376953,66.0199966430664,66.81999969482422,4,66.81999969482422
BZ=F,2009-09-08,69.4000015258789,70.0199966430664,68.05000305175781,69.41999816894531,15,69.41999816894531
BZ=F,2009-09-09,70.33000183105469,70.80999755859375,69.720001220703125,69.83000183105469,6,69.83000183105469
BZ=F,2009-09-10,70.05999755859375,70.55999755859375,69.16999816894531,69.86000061035156,4,69.86000061035156
BZ=F,2009-09-11,70.45999908447266,70.69999694824219,67.05999755859375,67.69000244140625,21,67.69000244140625
BZ=F,2009-09-14,67.410003662109375,67.91999816894531,66.95999908447266,67.44000244140625,13,67.44000244140625
BZ=F,2009-09-15,NA,NA,NA,NA,NA,NA
BZ=F,2009-09-16,69.9800033569336,71.660003662109375,69.29000091552734,71.66999816894531,13,71.66999816894531
BZ=F,2009-09-17,71.16999816894531,72.16999816894531,70.9800033569336,71.55000305175781,80,71.55000305175781
BZ=F,2009-09-18,71.75,71.75,71.75,71.31999969482422,114,71.31999969482422
BZ=F,2009-09-21,69.12000274658203,69.26000213623047,68.13999938964844,68.69000244140625,22,68.69000244140625
BZ=F,2009-09-22,69.76000213623047,70.68000030517578,69.5999984741211,70.529998779296875,8,70.529998779296875
BZ=F,2009-09-23,69.20999908447266,69.410003662109375,67.5199966430664,67.98999786376953,9,67.98999786376953
BZ=F,2009-09-24,67.45999908447266,67.45999908447266,66.05000305175781,64.81999969482422,20,64.81999969482422
BZ=F,2009-09-25,64.80000305175781,65.05000305175781,64.56999969482422,65.11000061035156,12,65.11000061035156
BZ=F,2009-09-28,66.16999816894531,66.16999816894531,64.83000183105469,65.54000091552734,17,65.54000091552734
BZ=F,2009-09-29,65.70999908447266,65.839996337890625,64.8499984741211,65.48999786376953,4,65.48999786376953
BZ=F,2009-09-30,65.29000091552734,69.25,65.04000091552734,69.06999969482422,14,69.06999969482422
BZ=F,2009-10-01,68.4800033569336,69.720001220703125,67.69999694824219,69.19000244140625,26,69.19000244140625
BZ=F,2009-10-02,67.45999908447266,68.36000061035156,66.80000305175781,68.06999969482422,27,68.06999969482422
BZ=F,2009-10-05,65.94999694824219,68.44000244140625,65.94999694824219,68.04000091552734,2,68.04000091552734
BZ=F,2009-10-06,69.19999694824219,69.68000030517578,68.3499984741211,68.55999755859375,2,68.55999755859375
BZ=F,2009-10-07,68.9800033569336,69.06999969482422,66.8499984741211,67.19999694824219,2,67.19999694824219
BZ=F,2009-10-08,67.37999725341797,70.1500015258789,67.23999786376953,69.7699966430664,11,69.7699966430664
BZ=F,2009-10-09,69.26000213623047,70.30000305175781,69.11000061035156,70,18,70
BZ=F,2009-10-12,71.66999816894531,71.66999816894531,71.5,71.36000061035156,4,71.36000061035156
BZ=F,2009-10-13,71.54000091552734,72.48999786376953,71.30999755859375,72.4000015258789,4,72.4000015258789
BZ=F,2009-10-14,73.13999938964844,73.25,72.4000015258789,73.0999984741211,9,73.0999984741211
BZ=F,2009-10-15,NA,NA,NA,NA,NA,NA
BZ=F,2009-10-16,76.05999755859375,76.279998779296875,76.05999755859375,76.98999786376953,4,76.98999786376953
BZ=F,2009-10-19,77.3499984741211,77.80000305175781,76.589996337890625,77.7699966430664,2,77.7699966430664
BZ=F,2009-10-20,76.529998779296875,77.9800033569336,76.5199966430664,77.23999786376953,8,77.23999786376953
BZ=F,2009-10-21,77.18000030517578,80.19999694824219,76.3499984741211,79.69000244140625,58,79.69000244140625
BZ=F,2009-10-22,79.4800033569336,79.70999908447266,78.6500015258789,79.51000213623047,8,79.51000213623047
BZ=F,2009-10-23,79.4000015258789,79.54000091552734,78.23999786376953,78.91999816894531,22,78.91999816894531
BZ=F,2009-10-26,78.38999938964844,80.029998779296875,76.69999694824219,77.26000213623047,48,77.26000213623047
BZ=F,2009-10-27,77.05000305175781,78.30000305175781,76.48999786376953,77.91999816894531,16,77.91999816894531
BZ=F,2009-10-28,76.80000305175781,76.91999816894531,75.720001220703125,75.86000061035156,23,75.86000061035156
BZ=F,2009-10-29,77.76000213623047,78.55999755859375,76.779998779296875,78.04000091552734,5,78.04000091552734
BZ=F,2009-10-30,76.9800033569336,77.05000305175781,75.2699966430664,75.19999694824219,14,75.19999694824219
BZ=F,2009-11-02,75.62000274658203,77.0199966430664,75.25,76.55000305175781,12,76.55000305175781
BZ=F,2009-11-03,75.48999786376953,78.23999786376953,75.160003662109375,78.11000061035156,26,78.11000061035156
BZ=F,2009-11-04,78.529998779296875,79.37999725341797,78.12999725341797,78.88999938964844,18,78.88999938964844
BZ=F,2009-11-05,78.30999755859375,78.4800033569336,77.95999908447266,77.98999786376953,2,77.98999786376953
BZ=F,2009-11-06,77.01000213623047,77.1500015258789,75.30999755859375,75.87000274658203,2,75.87000274658203
BZ=F,2009-11-09,77.7699966430664,78.20999908447266,77.7699966430664,77.7699966430664,2,77.7699966430664
BZ=F,2009-11-10,77.5,78.66999816894531,76.58000183105469,77.5,2,77.5
BZ=F,2009-11-11,77.8499984741211,78.55999755859375,77.339996337890625,77.94999694824219,9,77.94999694824219
BZ=F,2009-11-12,76.6500015258789,76.76000213623047,75.69999694824219,76.0199966430664,12,76.0199966430664
BZ=F,2009-11-13,75.9000015258789,75.9800033569336,75.339996337890625,75.55000305175781,3,75.55000305175781
BZ=F,2009-11-16,77.87000274658203,79.20999908447266,76.63999938964844,78.76000213623047,5,78.76000213623047
BZ=F,2009-11-17,78.970001220703125,79.48999786376953,78.2300033569336,78.970001220703125,5,78.970001220703125
BZ=F,2009-11-18,79.68000030517578,80.06999969482422,78.7300033569336,79.470001220703125,2,79.470001220703125
BZ=F,2009-11-19,77.93000030517578,78.25,77.2699966430664,77.63999938964844,6,77.63999938964844
BZ=F,2009-11-20,77.19999694824219,77.19999694824219,76.70999908447266,77.19999694824219,6,77.19999694824219
BZ=F,2009-11-23,79.31999969482422,79.51000213623047,77.19999694824219,77.45999908447266,12,77.45999908447266
BZ=F,2009-11-24,76.2699966430664,77.779998779296875,76.089996337890625,76.45999908447266,2,76.45999908447266
BZ=F,2009-11-25,76.41999816894531,78.56999969482422,76.38999938964844,78.44000244140625,2,78.44000244140625
BZ=F,2009-11-27,77.18000030517578,77.18000030517578,74.91999816894531,77.18000030517578,3,77.18000030517578
BZ=F,2009-11-30,78.470001220703125,79.220001220703125,76.5199966430664,78.470001220703125,3,78.470001220703125
BZ=F,2009-12-01,79.3499984741211,79.660003662109375,78.36000061035156,79.3499984741211,3,79.3499984741211
BZ=F,2009-12-02,78.54000091552734,79.5999984741211,77.55000305175781,77.87999725341797,4,77.87999725341797
BZ=F,2009-12-03,78.220001220703125,78.86000061035156,77.48999786376953,78.36000061035156,1,78.36000061035156
BZ=F,2009-12-04,78.16999816894531,79.69999694824219,77.0199966430664,77.5199966430664,10,77.5199966430664
BZ=F,2009-12-07,76.43000030517578,77.95999908447266,76.55000305175781,76.43000030517578,10,76.43000030517578
BZ=F,2009-12-08,75.19000244140625,76.79000091552734,75.31999969482422,75.19000244140625,10,75.19000244140625
BZ=F,2009-12-09,75.29000091552734,76.0999984741211,72.089996337890625,72.38999938964844,13,72.38999938964844
BZ=F,2009-12-10,71.86000061035156,72.88999938964844,71.220001220703125,71.86000061035156,13,71.86000061035156
BZ=F,2009-12-11,71.5999984741211,72.529998779296875,71.08000183105469,71.87999725341797,105,71.87999725341797
BZ=F,2009-12-14,71.88999938964844,72.29000091552734,71.26000213623047,71.88999938964844,105,71.88999938964844
BZ=F,2009-12-15,72.05000305175781,72.73999786376953,71.69000244140625,72.05000305175781,105,72.05000305175781
BZ=F,2009-12-16,73.55000305175781,73.75,73.55000305175781,73.55000305175781,4,73.55000305175781
BZ=F,2009-12-17,73.37000274658203,73.37000274658203,72.62000274658203,73.37000274658203,4,73.37000274658203
BZ=F,2009-12-18,73.75,73.75,73.75,73.75,1,73.75
BZ=F,2009-12-21,72.98999786376953,73.95999908447266,72.94999694824219,72.98999786376953,1,72.98999786376953
BZ=F,2009-12-22,73.45999908447266,73.839996337890625,72.58000183105469,73.45999908447266,1,73.45999908447266
BZ=F,2009-12-23,75.44999694824219,75.12999725341797,75.44999694824219,75.44999694824219,1,75.44999694824219
BZ=F,2009-12-24,76.30999755859375,75.93000030517578,76.30999755859375,76.30999755859375,1,76.30999755859375
BZ=F,2009-12-28,77.31999969482422,77.31999969482422,77.31999969482422,77.31999969482422,1,77.31999969482422
BZ=F,2009-12-29,77.63999938964844,77.86000061035156,76.87000274658203,77.63999938964844,1,77.63999938964844
BZ=F,2009-12-30,78.029998779296875,78.56999969482422,78.029998779296875,78.029998779296875,1,78.029998779296875
BZ=F,2009-12-31,77.93000030517578,78.5999984741211,77.87000274658203,77.93000030517578,1,77.93000030517578
BZ=F,2010-01-04,80.12000274658203,79.81999969482422,80.12000274658203,80.12000274658203,97,80.12000274658203
BZ=F,2010-01-05,80.589996337890625,80.26000213623047,80.589996337890625,80.589996337890625,97,80.589996337890625
BZ=F,2010-01-06,81.12999725341797,81.69999694824219,80.12999725341797,81.88999938964844,7,81.88999938964844
BZ=F,2010-01-07,81.51000213623047,81.51000213623047,81.62999725341797,81.51000213623047,7,81.51000213623047
BZ=F,2010-01-08,81.37000274658203,81.529998779296875,81.089996337890625,81.37000274658203,7,81.37000274658203
BZ=F,2010-01-11,80.970001220703125,81.70999908447266,81.01000213623047,80.970001220703125,7,80.970001220703125
BZ=F,2010-01-12,79.30000305175781,79.30000305175781,79.029998779296875,79.30000305175781,7,79.30000305175781
BZ=F,2010-01-13,78.529998779296875,79.0199966430664,77.25,78.30999755859375,18,78.30999755859375
BZ=F,2010-01-14,77.81999969482422,78.470001220703125,78.01000213623047,77.81999969482422,6,77.81999969482422
BZ=F,2010-01-15,77.55000305175781,77.81999969482422,76.87999725341797,77.11000061035156,4,77.11000061035156
BZ=F,2010-01-19,77.62999725341797,77.75,76.26000213623047,77.62999725341797,200,77.62999725341797
BZ=F,2010-01-20,76.31999969482422,76.31999969482422,75.87000274658203,76.31999969482422,200,76.31999969482422
BZ=F,2010-01-21,74.58000183105469,76.45999908447266,74.29000091552734,74.58000183105469,1,74.58000183105469
BZ=F,2010-01-22,73.720001220703125,73.9000015258789,72.45999908447266,72.83000183105469,1,72.83000183105469
BZ=F,2010-01-25,73.68000030517578,73.7300033569336,72.83000183105469,73.69000244140625,1,73.69000244140625
BZ=F,2010-01-26,73.29000091552734,73.29000091552734,72.910003662109375,73.29000091552734,15,73.29000091552734
BZ=F,2010-01-27,72.970001220703125,73.54000091552734,71.37000274658203,72.23999786376953,5,72.23999786376953
BZ=F,2010-01-28,72.12999725341797,72.61000061035156,71.720001220703125,72.12999725341797,9,72.12999725341797
BZ=F,2010-01-29,71.45999908447266,73.18000030517578,71.2300033569336,71.45999908447266,9,71.45999908447266
BZ=F,2010-02-01,72.13999938964844,73.58000183105469,71.660003662109375,73.11000061035156,8,73.11000061035156
BZ=F,2010-02-02,74.30999755859375,76.18000030517578,73.81999969482422,76.05999755859375,27,76.05999755859375
BZ=F,2010-02-03,76.589996337890625,76.86000061035156,75.5,75.91999816894531,224,75.91999816894531
BZ=F,2010-02-04,74.81999969482422,74.81999969482422,71.44999694824219,72.12999725341797,35,72.12999725341797
BZ=F,2010-02-05,71.69000244140625,72.5,67.94999694824219,69.589996337890625,30,69.589996337890625
BZ=F,2010-02-08,70.0999984741211,70.44999694824219,69.2300033569336,70.11000061035156,5,70.11000061035156
BZ=F,2010-02-09,71.11000061035156,72.36000061035156,70.470001220703125,72.12999725341797,211,72.12999725341797
BZ=F,2010-02-10,71.37999725341797,72.910003662109375,70.94000244140625,72.54000091552734,16,72.54000091552734
BZ=F,2010-02-11,73.05000305175781,73.05000305175781,73.05000305175781,73.05000305175781,41,73.05000305175781
BZ=F,2010-02-12,72.48999786376953,72.93000030517578,71.68000030517578,72.9000015258789,11,72.9000015258789
BZ=F,2010-02-16,74.16999816894531,75.98999786376953,73.839996337890625,75.68000030517578,12,75.68000030517578
BZ=F,2010-02-17,75.970001220703125,76.3499984741211,75.43000030517578,76.2699966430664,7,76.2699966430664
BZ=F,2010-02-18,75.910003662109375,77.83000183105469,75.4000015258789,77.779998779296875,50,77.779998779296875
BZ=F,2010-02-19,77.05999755859375,78.2699966430664,76.73999786376953,78.19000244140625,35,78.19000244140625
BZ=F,2010-02-22,78.2699966430664,78.69999694824219,77.94999694824219,78.61000061035156,119,78.61000061035156
BZ=F,2010-02-23,77.36000061035156,77.81999969482422,76.6500015258789,77.25,28,77.25
BZ=F,2010-02-24,77.33000183105469,78.4000015258789,76.83000183105469,78.089996337890625,87,78.089996337890625
BZ=F,2010-02-25,77.44000244140625,77.51000213623047,75.30999755859375,76.29000091552734,76,76.29000091552734
BZ=F,2010-02-26,76.7300033569336,77.910003662109375,76.0999984741211,77.589996337890625,17,77.589996337890625
BZ=F,2010-03-01,77.54000091552734,78.37000274658203,76.30999755859375,76.88999938964844,11,76.88999938964844
BZ=F,2010-03-02,77.94999694824219,79.2300033569336,77.470001220703125,78.18000030517578,27,78.18000030517578
BZ=F,2010-03-03,77.93000030517578,79.54000091552734,77.93000030517578,79.25,29,79.25
BZ=F,2010-03-04,79,79.20999908447266,78.160003662109375,78.54000091552734,26,78.54000091552734
BZ=F,2010-03-05,79.62000274658203,80.5,79.36000061035156,79.88999938964844,80,79.88999938964844
BZ=F,2010-03-08,80.45999908447266,80.79000091552734,79.4800033569336,80.470001220703125,18,80.470001220703125
BZ=F,2010-03-09,79.38999938964844,80.37000274658203,78.79000091552734,79.910003662109375,18,79.910003662109375
BZ=F,2010-03-10,79.94999694824219,81.43000030517578,79.2300033569336,80.4800033569336,43,80.4800033569336
BZ=F,2010-03-11,79.76000213623047,80.48999786376953,79.66999816894531,80.279998779296875,11,80.279998779296875
BZ=F,2010-03-12,81.23999786376953,81.23999786376953,78.79000091552734,79.38999938964844,3,79.38999938964844
BZ=F,2010-03-15,77.88999938964844,77.88999938964844,77.88999938964844,77.88999938964844,6,77.88999938964844
BZ=F,2010-03-16,79.0199966430664,79.0199966430664,79.0199966430664,79.0199966430664,16,79.0199966430664
BZ=F,2010-03-17,81.4000015258789,82.05000305175781,80.83000183105469,81.95999908447266,31,81.95999908447266
BZ=F,2010-03-18,81.38999938964844,81.79000091552734,80.93000030517578,81.4800033569336,31,81.4800033569336
BZ=F,2010-03-19,80.839996337890625,81.36000061035156,79.2300033569336,79.87999725341797,96,79.87999725341797
BZ=F,2010-03-22,78.81999969482422,80.62000274658203,78.01000213623047,80.54000091552734,70,80.54000091552734
BZ=F,2010-03-23,79.94000244140625,81.1500015258789,79.86000061035156,80.69999694824219,201,80.69999694824219
BZ=F,2010-03-24,79.37999725341797,79.87999725341797,78.98999786376953,79.62000274658203,29,79.62000274658203
BZ=F,2010-03-25,80.11000061035156,80.44000244140625,79.470001220703125,79.61000061035156,24,79.61000061035156
BZ=F,2010-03-26,80.29000091552734,80.6500015258789,78.80999755859375,79.29000091552734,28,79.29000091552734
BZ=F,2010-03-29,80.11000061035156,81.88999938964844,79.87000274658203,81.16999816894531,21,81.16999816894531
BZ=F,2010-03-30,81.279998779296875,81.5199966430664,80.73999786376953,81.279998779296875,2,81.279998779296875
BZ=F,2010-03-31,82.37999725341797,82.779998779296875,81.29000091552734,82.69999694824219,20,82.69999694824219
BZ=F,2010-04-01,83.62000274658203,84.30000305175781,83.25,84.01000213623047,14,84.01000213623047
BZ=F,2010-04-05,85.11000061035156,86.089996337890625,84.37000274658203,85.87999725341797,22,85.87999725341797
BZ=F,2010-04-06,86.05999755859375,86.37999725341797,85.6500015258789,86.1500015258789,37,86.1500015258789
BZ=F,2010-04-07,85.6500015258789,86.44999694824219,85.30000305175781,85.589996337890625,58,85.589996337890625
BZ=F,2010-04-08,84.55000305175781,85.2699966430664,84.2300033569336,84.80999755859375,37,84.80999755859375
BZ=F,2010-04-09,85.58000183105469,85.66999816894531,83.98999786376953,84.83000183105469,54,84.83000183105469
BZ=F,2010-04-12,84.79000091552734,85.5199966430664,84.58000183105469,84.7699966430664,88,84.7699966430664
BZ=F,2010-04-13,84.279998779296875,84.80999755859375,84.25,84.720001220703125,12,84.720001220703125
BZ=F,2010-04-14,85.18000030517578,85.19999694824219,84.86000061035156,86.1500015258789,15,86.1500015258789
BZ=F,2010-04-15,87.16999816894531,87.12999725341797,87.16999816894531,87.16999816894531,14,87.16999816894531
BZ=F,2010-04-16,87.2699966430664,87.339996337890625,85.1500015258789,85.98999786376953,63,85.98999786376953
BZ=F,2010-04-19,83.68000030517578,84.31999969482422,83.58000183105469,84.2300033569336,34,84.2300033569336
BZ=F,2010-04-20,85.0999984741211,85.4800033569336,84.5199966430664,84.80000305175781,54,84.80000305175781
BZ=F,2010-04-21,85.19999694824219,86.160003662109375,84.70999908447266,85.69999694824219,87,85.69999694824219
BZ=F,2010-04-22,84.839996337890625,85.83000183105469,84.160003662109375,85.66999816894531,56,85.66999816894531
BZ=F,2010-04-23,85.83000183105469,87.31999969482422,85.4000015258789,87.25,55,87.25
BZ=F,2010-04-26,87.51000213623047,87.51000213623047,86.51000213623047,86.83000183105469,35,86.83000183105469
BZ=F,2010-04-27,86.20999908447266,86.69999694824219,85.4800033569336,85.779998779296875,18,85.779998779296875
BZ=F,2010-04-28,85.5,86.279998779296875,85.089996337890625,86.160003662109375,37,86.160003662109375
BZ=F,2010-04-29,87.25,87.55000305175781,86.91999816894531,86.9000015258789,22,86.9000015258789
BZ=F,2010-04-30,87.1500015258789,87.6500015258789,86.76000213623047,87.44000244140625,25,87.44000244140625
BZ=F,2010-05-03,88.45999908447266,89.45999908447266,88.30999755859375,88.94000244140625,89,88.94000244140625
BZ=F,2010-05-04,NA,NA,NA,NA,NA,NA
BZ=F,2010-05-05,84.95999908447266,84.95999908447266,82.160003662109375,82.61000061035156,95,82.61000061035156
BZ=F,2010-05-06,82.36000061035156,82.36000061035156,79.410003662109375,79.83000183105469,49,79.83000183105469
BZ=F,2010-05-07,80.5,80.62999725341797,77.589996337890625,78.2699966430664,94,78.2699966430664
BZ=F,2010-05-10,81.33000183105469,81.48999786376953,79.589996337890625,80.12000274658203,60,80.12000274658203
BZ=F,2010-05-11,79.9800033569336,80.81999969482422,79.970001220703125,80.48999786376953,56,80.48999786376953
BZ=F,2010-05-12,81.3499984741211,81.69000244140625,80.5199966430664,81.19999694824219,57,81.19999694824219
BZ=F,2010-05-13,80.11000061035156,80.11000061035156,79.910003662109375,80.11000061035156,1,80.11000061035156
BZ=F,2010-05-14,77.18000030517578,77.18000030517578,77.18000030517578,77.18000030517578,230,77.18000030517578
BZ=F,2010-05-17,77.62999725341797,77.62999725341797,75.06999969482422,75.0999984741211,20,75.0999984741211
BZ=F,2010-05-18,76.48999786376953,76.48999786376953,74.05000305175781,74.43000030517578,32,74.43000030517578
BZ=F,2010-05-19,73.75,74.33000183105469,72.93000030517578,73.69000244140625,55,73.69000244140625
BZ=F,2010-05-20,72.2699966430664,72.45999908447266,70.37000274658203,71.839996337890625,45,71.839996337890625
BZ=F,2010-05-21,71.36000061035156,72.779998779296875,70.62999725341797,71.68000030517578,445,71.68000030517578
BZ=F,2010-05-24,71.73999786376953,71.94999694824219,71.05999755859375,71.16999816894531,117,71.16999816894531
BZ=F,2010-05-25,68.62000274658203,69.91999816894531,68.2300033569336,69.55000305175781,63,69.55000305175781
BZ=F,2010-05-26,71.12999725341797,72.06999969482422,70.779998779296875,71.73999786376953,75,71.73999786376953
BZ=F,2010-05-27,73.1500015258789,74.80000305175781,72.93000030517578,74.660003662109375,48,74.660003662109375
BZ=F,2010-05-28,74.779998779296875,75.58000183105469,73.339996337890625,74.0199966430664,26,74.0199966430664
BZ=F,2010-06-01,73.93000030517578,75.05999755859375,72.36000061035156,72.70999908447266,89,72.70999908447266
BZ=F,2010-06-02,72.66999816894531,74.4000015258789,72.31999969482422,73.75,77,73.75
BZ=F,2010-06-03,74.55999755859375,75.470001220703125,73.9800033569336,75.410003662109375,117,75.410003662109375
BZ=F,2010-06-04,75.4000015258789,76.48999786376953,71.51000213623047,72.089996337890625,300,72.089996337890625
BZ=F,2010-06-07,72.30000305175781,72.80000305175781,71.61000061035156,72.089996337890625,46,72.089996337890625
BZ=F,2010-06-08,71.94000244140625,72.5999984741211,71.4000015258789,72.089996337890625,61,72.089996337890625
BZ=F,2010-06-09,72.86000061035156,74.6500015258789,72.83000183105469,72.089996337890625,126,72.089996337890625
BZ=F,2010-06-10,74.54000091552734,75.86000061035156,74.5199966430664,75.29000091552734,459,75.29000091552734
BZ=F,2010-06-11,75.3499984741211,75.54000091552734,73.589996337890625,74.3499984741211,154,74.3499984741211
BZ=F,2010-06-14,75.8499984741211,76.0999984741211,75.83000183105469,75.19999694824219,88,75.19999694824219
BZ=F,2010-06-15,76.19999694824219,76.19999694824219,76.19999694824219,76.19999694824219,244,76.19999694824219
BZ=F,2010-06-16,76.95999908447266,78.54000091552734,76.7300033569336,78.13999938964844,239,78.13999938964844
BZ=F,2010-06-17,78.51000213623047,79.05999755859375,78.19999694824219,78.68000030517578,316,78.68000030517578
BZ=F,2010-06-18,77.44000244140625,78.63999938964844,77.3499984741211,78.220001220703125,71,78.220001220703125
BZ=F,2010-06-21,79.38999938964844,79.779998779296875,77.75,78.81999969482422,256,78.81999969482422
BZ=F,2010-06-22,77.839996337890625,79.05999755859375,77.81999969482422,78.04000091552734,166,78.04000091552734
BZ=F,2010-06-23,77.91999816894531,77.91999816894531,75.69999694824219,76.2699966430664,351,76.2699966430664
BZ=F,2010-06-24,75.94999694824219,76.54000091552734,75.45999908447266,76.470001220703125,66,76.470001220703125
BZ=F,2010-06-25,76.45999908447266,78.470001220703125,76.36000061035156,78.12000274658203,195,78.12000274658203
BZ=F,2010-06-28,77.61000061035156,77.720001220703125,77.16999816894531,77.589996337890625,96,77.589996337890625
BZ=F,2010-06-29,76.160003662109375,76.160003662109375,74.86000061035156,75.44000244140625,161,75.44000244140625
BZ=F,2010-06-30,75.589996337890625,75.94999694824219,74.05999755859375,75.01000213623047,242,75.01000213623047
BZ=F,2010-07-01,74.12000274658203,74.26000213623047,71.58000183105469,72.339996337890625,300,72.339996337890625
BZ=F,2010-07-02,72.48999786376953,72.70999908447266,71.4800033569336,71.6500015258789,156,71.6500015258789
BZ=F,2010-07-06,72.44999694824219,73.23999786376953,71.01000213623047,71.44999694824219,232,71.44999694824219
BZ=F,2010-07-07,72.26000213623047,73.73999786376953,72.26000213623047,73.51000213623047,116,73.51000213623047
BZ=F,2010-07-08,74.2699966430664,75.16999816894531,73.970001220703125,74.70999908447266,231,74.70999908447266
BZ=F,2010-07-09,74.529998779296875,75.839996337890625,74.44000244140625,75.41999816894531,206,75.41999816894531
BZ=F,2010-07-12,74.98999786376953,75.58000183105469,73.93000030517578,74.37000274658203,192,74.37000274658203
BZ=F,2010-07-13,74.94000244140625,76.91999816894531,74.8499984741211,76.6500015258789,143,76.6500015258789
BZ=F,2010-07-14,76.660003662109375,76.98999786376953,76.19999694824219,76.7699966430664,561,76.7699966430664
BZ=F,2010-07-15,NA,NA,NA,NA,NA,NA
BZ=F,2010-07-16,76.06999969482422,76.19000244140625,74.66999816894531,75.37000274658203,92,75.37000274658203
BZ=F,2010-07-19,75.18000030517578,77.18000030517578,74.79000091552734,75.62000274658203,259,75.62000274658203
BZ=F,2010-07-20,75.089996337890625,76.4800033569336,74.7699966430664,76.220001220703125,408,76.220001220703125
BZ=F,2010-07-21,76.93000030517578,77.20999908447266,75.08000183105469,75.37000274658203,576,75.37000274658203
BZ=F,2010-07-22,75.62000274658203,77.910003662109375,75.5199966430664,77.81999969482422,521,77.81999969482422
BZ=F,2010-07-23,77.470001220703125,77.839996337890625,76.94999694824219,77.44999694824219,120,77.44999694824219
BZ=F,2010-07-26,76.87999725341797,77.6500015258789,76.62999725341797,77.5,116,77.5
BZ=F,2010-07-27,77.660003662109375,78.089996337890625,75.54000091552734,76.12999725341797,304,76.12999725341797
BZ=F,2010-07-28,76.05999755859375,76.26000213623047,74.8499984741211,76.05999755859375,269,76.05999755859375
BZ=F,2010-07-29,76.30000305175781,78.12999725341797,75.660003662109375,77.589996337890625,497,77.589996337890625
BZ=F,2010-07-30,76.7699966430664,78.30000305175781,76.2300033569336,78.18000030517578,161,78.18000030517578
BZ=F,2010-08-02,79.25,81.089996337890625,79.1500015258789,80.81999969482422,146,80.81999969482422
BZ=F,2010-08-03,81.04000091552734,82.779998779296875,81.04000091552734,82.68000030517578,270,82.68000030517578
BZ=F,2010-08-04,82.31999969482422,82.79000091552734,81.62999725341797,82.19999694824219,219,82.19999694824219
BZ=F,2010-08-05,81.75,81.75,81.0999984741211,81.61000061035156,54,81.61000061035156
BZ=F,2010-08-06,81.16999816894531,81.5199966430664,79.56999969482422,80.160003662109375,264,80.160003662109375
BZ=F,2010-08-09,81.01000213623047,81.2699966430664,80.4000015258789,80.98999786376953,156,80.98999786376953
BZ=F,2010-08-10,79.38999938964844,79.95999908447266,78.51000213623047,79.5999984741211,266,79.5999984741211
BZ=F,2010-08-11,79.029998779296875,79.029998779296875,77.43000030517578,77.63999938964844,188,77.63999938964844
BZ=F,2010-08-12,76.48999786376953,76.779998779296875,75.33000183105469,75.5199966430664,283,75.5199966430664
BZ=F,2010-08-13,75.5199966430664,75.75,74.75,75.11000061035156,116,75.11000061035156
BZ=F,2010-08-16,74.8499984741211,74.8499984741211,74.8499984741211,74.8499984741211,119,74.8499984741211
BZ=F,2010-08-17,76.7699966430664,77.69000244140625,76.4800033569336,76.93000030517578,302,76.93000030517578
BZ=F,2010-08-18,75.95999908447266,76.66999816894531,75.33000183105469,76.470001220703125,247,76.470001220703125
BZ=F,2010-08-19,76.73999786376953,76.73999786376953,75.0199966430664,75.30000305175781,260,75.30000305175781
BZ=F,2010-08-20,74.51000213623047,74.779998779296875,74.01000213623047,74.26000213623047,160,74.26000213623047
BZ=F,2010-08-23,74.83000183105469,74.8499984741211,73.2699966430664,73.62000274658203,421,73.62000274658203
BZ=F,2010-08-24,72.80000305175781,73.13999938964844,72.12999725341797,72.37999725341797,284,72.37999725341797
BZ=F,2010-08-25,72.55000305175781,73.79000091552734,71.75,73.4800033569336,328,73.4800033569336
BZ=F,2010-08-26,74.80999755859375,75.55000305175781,74.36000061035156,75.0199966430664,255,75.0199966430664
BZ=F,2010-08-27,75.38999938964844,76.970001220703125,74.410003662109375,76.6500015258789,329,76.6500015258789
BZ=F,2010-08-30,76.279998779296875,76.66999816894531,76.04000091552734,76.5999984741211,148,76.5999984741211
BZ=F,2010-08-31,75.83000183105469,76.70999908447266,74.43000030517578,74.63999938964844,762,74.63999938964844
BZ=F,2010-09-01,75.37000274658203,76.73999786376953,75.37000274658203,76.3499984741211,297,76.3499984741211
BZ=F,2010-09-02,75.660003662109375,77.0199966430664,75.26000213623047,76.93000030517578,161,76.93000030517578
BZ=F,2010-09-03,76.5199966430664,77.43000030517578,75.339996337890625,76.66999816894531,193,76.66999816894531
BZ=F,2010-09-07,75.80999755859375,78.31999969482422,75.56999969482422,77.73999786376953,242,77.73999786376953
BZ=F,2010-09-08,77.48999786376953,78.75,77.2300033569336,78.16999816894531,210,78.16999816894531
BZ=F,2010-09-09,78.01000213623047,78.79000091552734,77.12000274658203,77.470001220703125,250,77.470001220703125
BZ=F,2010-09-10,77.660003662109375,78.37999725341797,77.16999816894531,78.160003662109375,643,78.160003662109375
BZ=F,2010-09-13,78.3499984741211,79.37000274658203,77.91999816894531,79.029998779296875,1451,79.029998779296875
BZ=F,2010-09-14,78.61000061035156,79.9000015258789,78.61000061035156,79.160003662109375,1067,79.160003662109375
BZ=F,2010-09-15,78.660003662109375,78.660003662109375,78.56999969482422,78.910003662109375,551,78.910003662109375
BZ=F,2010-09-16,79.44999694824219,79.61000061035156,77.93000030517578,78.4800033569336,502,78.4800033569336
BZ=F,2010-09-17,79.1500015258789,79.1500015258789,77.2699966430664,78.20999908447266,425,78.20999908447266
BZ=F,2010-09-20,77.720001220703125,79.9000015258789,77.68000030517578,79.31999969482422,218,79.31999969482422
BZ=F,2010-09-21,79.56999969482422,79.94000244140625,78.12999725341797,78.41999816894531,364,78.41999816894531
BZ=F,2010-09-22,78.38999938964844,78.7699966430664,77.48999786376953,77.94999694824219,298,77.94999694824219
BZ=F,2010-09-23,76.94999694824219,78.44000244140625,76.69000244140625,78.11000061035156,516,78.11000061035156
BZ=F,2010-09-24,78.37000274658203,79.38999938964844,78.05999755859375,78.87000274658203,396,78.87000274658203
BZ=F,2010-09-27,78.79000091552734,79.06999969482422,77.68000030517578,78.56999969482422,393,78.56999969482422
BZ=F,2010-09-28,78.1500015258789,79.529998779296875,77.79000091552734,78.70999908447266,402,78.70999908447266
BZ=F,2010-09-29,78.80999755859375,80.91999816894531,78.339996337890625,80.7699966430664,586,80.7699966430664
BZ=F,2010-09-30,81.55999755859375,82.37000274658203,81.220001220703125,82.30999755859375,426,82.30999755859375
BZ=F,2010-10-01,82.5,83.7699966430664,82.5,83.75,413,83.75
BZ=F,2010-10-04,83.3499984741211,84.4000015258789,83.06999969482422,83.279998779296875,228,83.279998779296875
BZ=F,2010-10-05,83.4000015258789,84.9000015258789,83.4000015258789,84.839996337890625,791,84.839996337890625
BZ=F,2010-10-06,84.470001220703125,85.81999969482422,84.36000061035156,85.05999755859375,298,85.05999755859375
BZ=F,2010-10-07,85.529998779296875,86.01000213623047,82.94000244140625,83.43000030517578,325,83.43000030517578
BZ=F,2010-10-08,82.43000030517578,84.55000305175781,81.9000015258789,84.029998779296875,353,84.029998779296875
BZ=F,2010-10-11,83.87999725341797,84.029998779296875,83.3499984741211,83.720001220703125,122,83.720001220703125
BZ=F,2010-10-12,83.29000091552734,83.95999908447266,82.98999786376953,83.5,184,83.5
BZ=F,2010-10-13,84.220001220703125,84.94000244140625,84.13999938964844,84.63999938964844,174,84.63999938964844
BZ=F,2010-10-14,84.529998779296875,84.529998779296875,84.529998779296875,84.529998779296875,136,84.529998779296875
BZ=F,2010-10-15,83.86000061035156,84.51000213623047,82.0199966430664,82.44999694824219,1214,82.44999694824219
BZ=F,2010-10-18,81.970001220703125,84.37999725341797,81.970001220703125,84.37000274658203,165,84.37000274658203
BZ=F,2010-10-19,83.0999984741211,83.44000244140625,81.05000305175781,81.0999984741211,515,81.0999984741211
BZ=F,2010-10-20,82.11000061035156,83.58000183105469,81.6500015258789,83.5999984741211,258,83.5999984741211
BZ=F,2010-10-21,83.029998779296875,83.80999755859375,81.589996337890625,81.83000183105469,313,81.83000183105469
BZ=F,2010-10-22,81.970001220703125,83.11000061035156,81.970001220703125,82.95999908447266,199,82.95999908447266
BZ=F,2010-10-25,83.81999969482422,84.160003662109375,82.80000305175781,83.54000091552734,266,83.54000091552734
BZ=F,2010-10-26,83.12999725341797,83.80999755859375,83.06999969482422,83.660003662109375,815,83.660003662109375
BZ=F,2010-10-27,82.98999786376953,83.37000274658203,81.86000061035156,83.2300033569336,371,83.2300033569336
BZ=F,2010-10-28,83.37000274658203,83.86000061035156,83.08000183105469,83.589996337890625,163,83.589996337890625
BZ=F,2010-10-29,83.06999969482422,83.5,82.2300033569336,83.1500015258789,411,83.1500015258789
BZ=F,2010-11-01,84,85.33000183105469,84,84.62000274658203,496,84.62000274658203
BZ=F,2010-11-02,85.0999984741211,85.73999786376953,84.66999816894531,85.410003662109375,337,85.410003662109375
BZ=F,2010-11-03,86.20999908447266,86.87999725341797,85.26000213623047,86.37999725341797,1276,86.37999725341797
BZ=F,2010-11-04,87.5,88.220001220703125,87.33000183105469,88,421,88
BZ=F,2010-11-05,87.8499984741211,88.470001220703125,87.36000061035156,88.11000061035156,421,88.11000061035156
BZ=F,2010-11-08,87.7300033569336,88.55000305175781,87.36000061035156,88.45999908447266,3096,88.45999908447266
BZ=F,2010-11-09,88.4000015258789,88.970001220703125,87.19000244140625,88.33000183105469,326,88.33000183105469
BZ=F,2010-11-10,88.2300033569336,89.30000305175781,87.9800033569336,88.95999908447266,738,88.95999908447266
BZ=F,2010-11-11,89.37000274658203,89.410003662109375,88.61000061035156,88.80999755859375,384,88.80999755859375
BZ=F,2010-11-12,87.87000274658203,87.87000274658203,85.81999969482422,86.339996337890625,240,86.339996337890625
BZ=F,2010-11-15,86.69999694824219,86.69999694824219,86.69999694824219,86.69999694824219,145,86.69999694824219
BZ=F,2010-11-16,86.5,86.51000213623047,84.529998779296875,84.7300033569336,631,84.7300033569336
BZ=F,2010-11-17,84.41999816894531,85.05000305175781,82.970001220703125,83.279998779296875,1014,83.279998779296875
BZ=F,2010-11-18,84.80000305175781,85.4000015258789,84.43000030517578,85.05000305175781,428,85.05000305175781
BZ=F,2010-11-19,84.6500015258789,85.5199966430664,83.88999938964844,84.339996337890625,1103,84.339996337890625
BZ=F,2010-11-22,84.81999969482422,85.13999938964844,83.12000274658203,83.95999908447266,402,83.95999908447266
BZ=F,2010-11-23,83.30000305175781,83.9000015258789,82.45999908447266,83.25,321,83.25
BZ=F,2010-11-24,83.5999984741211,86.05999755859375,83.44999694824219,85.839996337890625,321,85.839996337890625
BZ=F,2010-11-26,86.089996337890625,86.089996337890625,84.9000015258789,85.58000183105469,29,85.58000183105469
BZ=F,2010-11-29,86.12999725341797,87.48999786376953,85.58000183105469,87.339996337890625,251,87.339996337890625
BZ=F,2010-11-30,87.089996337890625,87.30000305175781,85.7699966430664,85.91999816894531,244,85.91999816894531
BZ=F,2010-12-01,87.2300033569336,88.98999786376953,87.19000244140625,88.87000274658203,393,88.87000274658203
BZ=F,2010-12-02,89.06999969482422,90.81999969482422,88.88999938964844,90.69000244140625,657,90.69000244140625
BZ=F,2010-12-03,90.66999816894531,91.839996337890625,90.12000274658203,91.41999816894531,550,91.41999816894531
BZ=F,2010-12-06,90.9800033569336,91.80000305175781,90.88999938964844,91.44999694824219,359,91.44999694824219
BZ=F,2010-12-07,92.45999908447266,92.8499984741211,90.73999786376953,91.38999938964844,294,91.38999938964844
BZ=F,2010-12-08,90.69999694824219,91.73999786376953,90.160003662109375,90.7699966430664,485,90.7699966430664
BZ=F,2010-12-09,91.0999984741211,91.58000183105469,90.30000305175781,90.98999786376953,433,90.98999786376953
BZ=F,2010-12-10,91.29000091552734,91.55000305175781,89.88999938964844,90.4800033569336,372,90.4800033569336
BZ=F,2010-12-13,90.69999694824219,92.279998779296875,90.589996337890625,91.19000244140625,419,91.19000244140625
BZ=F,2010-12-14,91.45999908447266,91.720001220703125,90.69000244140625,91.20999908447266,398,91.20999908447266
BZ=F,2010-12-15,91.23999786376953,92.0999984741211,91,92.19999694824219,776,92.19999694824219
BZ=F,2010-12-16,91.81999969482422,92.29000091552734,91.81999969482422,91.70999908447266,213,91.70999908447266
BZ=F,2010-12-17,91.4000015258789,92.37000274658203,90.9800033569336,91.66999816894531,417,91.66999816894531
BZ=F,2010-12-20,91.70999908447266,92.88999938964844,91.05000305175781,92.73999786376953,420,92.73999786376953
BZ=F,2010-12-21,92.779998779296875,93.4000015258789,92.36000061035156,93.19999694824219,349,93.19999694824219
BZ=F,2010-12-22,93.45999908447266,93.91999816894531,93.279998779296875,93.6500015258789,508,93.6500015258789
BZ=F,2010-12-23,93.61000061035156,94.54000091552734,93.5,94.25,550,94.25
BZ=F,2010-12-27,94.470001220703125,94.470001220703125,93.12000274658203,93.8499984741211,196,93.8499984741211
BZ=F,2010-12-28,94.04000091552734,94.4000015258789,93.76000213623047,94.37999725341797,155,94.37999725341797
BZ=F,2010-12-29,93.86000061035156,94.36000061035156,93.660003662109375,94.13999938964844,269,94.13999938964844
BZ=F,2010-12-30,93.94999694824219,93.94999694824219,92.3499984741211,93.089996337890625,511,93.089996337890625
BZ=F,2010-12-31,92.410003662109375,95.12000274658203,92.20999908447266,94.75,266,94.75
BZ=F,2011-01-03,95.44999694824219,96.160003662109375,94.910003662109375,94.839996337890625,266,94.839996337890625
BZ=F,2011-01-04,95.220001220703125,95.3499984741211,92.5999984741211,93.529998779296875,586,93.529998779296875
BZ=F,2011-01-05,93.43000030517578,95.69999694824219,92.41999816894531,95.5,1265,95.5
BZ=F,2011-01-06,95.660003662109375,96.0199966430664,94.029998779296875,94.5199966430664,1439,94.5199966430664
BZ=F,2011-01-07,94.56999969482422,94.56999969482422,92.69000244140625,93.33000183105469,772,93.33000183105469
BZ=F,2011-01-10,94.12999725341797,95.80999755859375,94.05000305175781,95.69999694824219,851,95.69999694824219
BZ=F,2011-01-11,96.339996337890625,97.80000305175781,96.20999908447266,97.61000061035156,1355,97.61000061035156
BZ=F,2011-01-12,97.80999755859375,98.83000183105469,97.80999755859375,98.12000274658203,503,98.12000274658203
BZ=F,2011-01-13,98.23999786376953,98.62999725341797,97.81999969482422,98.05999755859375,391,98.05999755859375
BZ=F,2011-01-14,NA,NA,NA,NA,NA,NA
BZ=F,2011-01-18,98.0999984741211,98.19000244140625,96.6500015258789,97.80000305175781,445,97.80000305175781
BZ=F,2011-01-19,98.26000213623047,98.55000305175781,97.62999725341797,98.160003662109375,369,98.160003662109375
BZ=F,2011-01-20,97.79000091552734,97.79000091552734,95.5999984741211,96.58000183105469,804,96.58000183105469
BZ=F,2011-01-21,96.589996337890625,97.81999969482422,96.589996337890625,97.5999984741211,675,97.5999984741211
BZ=F,2011-01-24,97.9000015258789,98.0199966430664,96.33000183105469,96.61000061035156,683,96.61000061035156
BZ=F,2011-01-25,95.91999816894531,95.91999816894531,94.86000061035156,95.25,668,95.25
BZ=F,2011-01-26,96.05999755859375,97.9800033569336,96.05999755859375,97.910003662109375,1073,97.910003662109375
BZ=F,2011-01-27,97.6500015258789,98.94999694824219,97.11000061035156,97.38999938964844,1752,97.38999938964844
BZ=F,2011-01-28,98,99.55000305175781,97.05999755859375,99.41999816894531,2302,99.41999816894531
BZ=F,2011-01-31,99.41999816894531,101.66999816894531,98.55999755859375,101.01000213623047,1505,101.01000213623047
BZ=F,2011-02-01,100.48999786376953,102.04000091552734,100.41999816894531,101.73999786376953,1352,101.73999786376953
BZ=F,2011-02-02,101.9800033569336,102.44999694824219,101.33000183105469,102.33999633789062,1008,102.33999633789062
BZ=F,2011-02-03,103.45999908447266,103.45999908447266,101.44999694824219,101.76000213623047,722,101.76000213623047
BZ=F,2011-02-04,101.55999755859375,102.12000274658203,99.470001220703125,99.83000183105469,1085,99.83000183105469
BZ=F,2011-02-07,100.52999877929688,100.81999969482422,98.94000244140625,99.25,1008,99.25
BZ=F,2011-02-08,98.970001220703125,100.3499984741211,97.55999755859375,99.91999816894531,2279,99.91999816894531
BZ=F,2011-02-09,100.30000305175781,102.0999984741211,100.30000305175781,101.81999969482422,5013,101.81999969482422
BZ=F,2011-02-10,101.97000122070312,102.81999969482422,100.5999984741211,100.87000274658203,1049,100.87000274658203
BZ=F,2011-02-11,101.41999816894531,102,100.7699966430664,101.43000030517578,754,101.43000030517578
BZ=F,2011-02-14,101.69999694824219,104.27999877929688,101.08000183105469,103.08000183105469,955,103.08000183105469
BZ=F,2011-02-15,103.44000244140625,103.69999694824219,101.31999969482422,101.63999938964844,1325,101.63999938964844
BZ=F,2011-02-16,101.62999725341797,104.4800033569336,101.62999725341797,103.77999877929688,940,103.77999877929688
BZ=F,2011-02-17,104.25,104.26000213623047,102.4800033569336,102.58999633789062,1104,102.58999633789062
BZ=F,2011-02-18,102.80000305175781,103.4800033569336,100.94999694824219,102.5199966430664,1687,102.5199966430664
BZ=F,2011-02-22,104.41999816894531,108.58000183105469,103.98999786376953,105.77999877929688,1617,105.77999877929688
BZ=F,2011-02-23,107,112,107,111.25,2032,111.25
BZ=F,2011-02-24,112.19999694824219,118.02999877929688,109.87000274658203,111.36000061035156,2335,111.36000061035156
BZ=F,2011-02-25,111.94000244140625,113.69999694824219,111.11000061035156,112.13999938964844,746,112.13999938964844
BZ=F,2011-02-28,114.19999694824219,114.44000244140625,111.55000305175781,111.80000305175781,840,111.80000305175781
BZ=F,2011-03-01,112.37000274658203,116.69999694824219,111.94000244140625,115.41999816894531,1160,115.41999816894531
BZ=F,2011-03-02,116.0999984741211,117.80999755859375,115.16000366210938,116.3499984741211,2052,116.3499984741211
BZ=F,2011-03-03,116.5,116.5,113.7300033569336,114.79000091552734,1958,114.79000091552734
BZ=F,2011-03-04,116.12000274658203,116.4800033569336,115.23999786376953,115.97000122070312,1072,115.97000122070312
BZ=F,2011-03-07,116.30000305175781,117.9000015258789,114.69000244140625,115.04000091552734,1859,115.04000091552734
BZ=F,2011-03-08,113.8499984741211,114.8499984741211,112.25,113.05999755859375,1653,113.05999755859375
BZ=F,2011-03-09,112.98999786376953,116.12000274658203,112.98999786376953,115.94000244140625,2496,115.94000244140625
BZ=F,2011-03-10,116.5,116.5,113.54000091552734,115.43000030517578,2094,115.43000030517578
BZ=F,2011-03-11,115.30999755859375,115.62000274658203,112.41000366210938,113.83999633789062,1526,113.83999633789062
BZ=F,2011-03-14,111.41999816894531,113.9800033569336,111.41999816894531,113.66999816894531,1746,113.66999816894531
BZ=F,2011-03-15,113.41000366210938,113.54000091552734,108.08000183105469,108.5199966430664,1085,108.5199966430664
BZ=F,2011-03-16,110.37000274658203,111.0999984741211,110.25,110.62000274658203,1596,110.62000274658203
BZ=F,2011-03-17,110.83000183105469,115.33999633789062,110.83000183105469,114.9000015258789,858,114.9000015258789
BZ=F,2011-03-18,116,116.33000183105469,113.08999633789062,113.93000030517578,1686,113.93000030517578
BZ=F,2011-03-21,114.9800033569336,116,114.69999694824219,114.95999908447266,705,114.95999908447266
BZ=F,2011-03-22,114.56999969482422,115.98999786376953,114.23999786376953,115.69999694824219,650,115.69999694824219
BZ=F,2011-03-23,115.69999694824219,116.33000183105469,115.18000030517578,115.55000305175781,818,115.55000305175781
BZ=F,2011-03-24,115.5999984741211,115.8499984741211,114.54000091552734,115.72000122070312,1117,115.72000122070312
BZ=F,2011-03-25,115.80000305175781,116.08000183105469,115.2699966430664,115.58999633789062,872,115.58999633789062
BZ=F,2011-03-28,114.93000030517578,115.81999969482422,114.54000091552734,114.80000305175781,528,114.80000305175781
BZ=F,2011-03-29,NA,NA,NA,NA,NA,NA
BZ=F,2011-03-30,115.29000091552734,115.29000091552734,114.94000244140625,115.12999725341797,586,115.12999725341797
BZ=F,2011-03-31,116.18000030517578,117.43000030517578,116.18000030517578,117.36000061035156,853,117.36000061035156
BZ=F,2011-04-01,117.79000091552734,118.8499984741211,116.83999633789062,118.69999694824219,896,118.69999694824219
BZ=F,2011-04-04,119.05000305175781,121.30000305175781,119.05000305175781,121.05999755859375,961,121.05999755859375
BZ=F,2011-04-05,120.47000122070312,122.81999969482422,120.19999694824219,122.22000122070312,1512,122.22000122070312
BZ=F,2011-04-06,122.0999984741211,123.37000274658203,121.55000305175781,122.30000305175781,929,122.30000305175781
BZ=F,2011-04-07,122.37000274658203,122.9000015258789,121.4000015258789,122.66999816894531,1326,122.66999816894531
BZ=F,2011-04-08,122.9000015258789,126.87000274658203,122.9000015258789,126.6500015258789,1320,126.6500015258789
BZ=F,2011-04-11,126.80000305175781,127.30000305175781,123.69999694824219,123.9800033569336,1380,123.9800033569336
BZ=F,2011-04-12,125.0999984741211,125.0999984741211,120.58999633789062,120.91999816894531,1362,120.91999816894531
BZ=F,2011-04-13,121.55999755859375,122.36000061035156,121.5,122.87999725341797,1128,122.87999725341797
BZ=F,2011-04-14,122.5999984741211,122.9000015258789,122.5999984741211,122.36000061035156,934,122.36000061035156
BZ=F,2011-04-15,122.37000274658203,123.70999908447266,121.73999786376953,123.44999694824219,452,123.44999694824219
BZ=F,2011-04-18,122.69999694824219,122.69999694824219,121.06999969482422,121.61000061035156,825,121.61000061035156
BZ=F,2011-04-19,121.23999786376953,122.22000122070312,119.2699966430664,121.33000183105469,1099,121.33000183105469
BZ=F,2011-04-20,NA,NA,NA,NA,NA,NA
BZ=F,2011-04-21,124.33000183105469,124.4000015258789,123.19999694824219,123.98999786376953,966,123.98999786376953
BZ=F,2011-04-25,124.63999938964844,124.70999908447266,122.87000274658203,123.66000366210938,326,123.66000366210938
BZ=F,2011-04-26,124.01000213623047,124.30999755859375,123.56999969482422,124.13999938964844,1089,124.13999938964844
BZ=F,2011-04-27,123.97000122070312,125.4800033569336,123.69000244140625,125.12999725341797,912,125.12999725341797
BZ=F,2011-04-28,125.73999786376953,126.19000244140625,124.25,125.0199966430664,796,125.0199966430664
BZ=F,2011-04-29,125,126.02999877929688,125,125.88999938964844,582,125.88999938964844
BZ=F,2011-05-02,125.5,126.11000061035156,123.76000213623047,125.12000274658203,667,125.12000274658203
BZ=F,2011-05-03,123.80000305175781,124.12999725341797,121.80999755859375,122.44999694824219,1289,122.44999694824219
BZ=F,2011-05-04,123.01000213623047,123.01000213623047,120.56999969482422,121.19000244140625,829,121.19000244140625
BZ=F,2011-05-05,118.22000122070312,118.22000122070312,110.37999725341797,110.80000305175781,1969,110.80000305175781
BZ=F,2011-05-06,111.69000244140625,114.0999984741211,108.3499984741211,109.12999725341797,2944,109.12999725341797
BZ=F,2011-05-09,110.61000061035156,115.94999694824219,110.61000061035156,115.9000015258789,1184,115.9000015258789
BZ=F,2011-05-10,114.61000061035156,117.80000305175781,114.61000061035156,117.62999725341797,1082,117.62999725341797
BZ=F,2011-05-11,116.94000244140625,116.94000244140625,112.68000030517578,112.56999969482422,2908,112.56999969482422
BZ=F,2011-05-12,110.87999725341797,113.2699966430664,110.87999725341797,112.9800033569336,2746,112.9800033569336
BZ=F,2011-05-13,112.05000305175781,114.05000305175781,111.9000015258789,113.83000183105469,628,113.83000183105469
BZ=F,2011-05-16,113.33000183105469,113.73999786376953,113.19999694824219,112.7300033569336,462,112.7300033569336
BZ=F,2011-05-17,111.23999786376953,111.33999633789062,108.63999938964844,109.98999786376953,462,109.98999786376953
BZ=F,2011-05-18,111.7300033569336,113.04000091552734,111.05999755859375,112.30000305175781,287,112.30000305175781
BZ=F,2011-05-19,112.11000061035156,112.88999938964844,111.73999786376953,111.41999816894531,246,111.41999816894531
BZ=F,2011-05-20,111.5999984741211,112.66000366210938,109.3499984741211,112.38999938964844,416,112.38999938964844
BZ=F,2011-05-23,109.5,110.37999725341797,109.33000183105469,110.0999984741211,423,110.0999984741211
BZ=F,2011-05-24,110.72000122070312,112.68000030517578,110.48999786376953,112.52999877929688,398,112.52999877929688
BZ=F,2011-05-25,112.45999908447266,115.0199966430664,111.23999786376953,114.93000030517578,768,114.93000030517578
BZ=F,2011-05-26,114.5,115.36000061035156,114.26000213623047,115.05000305175781,579,115.05000305175781
BZ=F,2011-05-27,115.54000091552734,115.54000091552734,114.48999786376953,115.02999877929688,498,115.02999877929688
BZ=F,2011-05-31,114.62999725341797,116.86000061035156,114.62999725341797,116.7300033569336,696,116.7300033569336
BZ=F,2011-06-01,115.97000122070312,116.16000366210938,114.5,114.52999877929688,537,114.52999877929688
BZ=F,2011-06-02,114.3499984741211,115.66999816894531,113.80000305175781,115.54000091552734,879,115.54000091552734
BZ=F,2011-06-03,114.94000244140625,116.16000366210938,113.58999633789062,115.83999633789062,902,115.83999633789062
BZ=F,2011-06-06,114.9000015258789,115.55000305175781,114.1500015258789,114.4800033569336,443,114.4800033569336
BZ=F,2011-06-07,115.48999786376953,117.05999755859375,114.87999725341797,116.77999877929688,1104,116.77999877929688
BZ=F,2011-06-08,116.19999694824219,118.56999969482422,116.1500015258789,117.8499984741211,1192,117.8499984741211
BZ=F,2011-06-09,118.4000015258789,119.5999984741211,117.62999725341797,119.56999969482422,609,119.56999969482422
BZ=F,2011-06-10,119.19000244140625,119.38999938964844,117.66000366210938,118.77999877929688,910,118.77999877929688
BZ=F,2011-06-13,118.52999877929688,120.05999755859375,117.30000305175781,119.0999984741211,1241,119.0999984741211
BZ=F,2011-06-14,119.95999908447266,120.70999908447266,119.88999938964844,120.16000366210938,885,120.16000366210938
BZ=F,2011-06-15,118.44999694824219,118.44999694824219,117.87999725341797,117.0999984741211,972,117.0999984741211
BZ=F,2011-06-16,113.7300033569336,114.44000244140625,113.12000274658203,114.0199966430664,665,114.0199966430664
BZ=F,2011-06-17,112.91000366210938,113.79000091552734,111.87999725341797,113.20999908447266,859,113.20999908447266
BZ=F,2011-06-20,112.06999969482422,112.54000091552734,111.5,111.69000244140625,667,111.69000244140625
BZ=F,2011-06-21,112.38999938964844,112.5,110,110.94999694824219,1160,110.94999694824219
BZ=F,2011-06-22,110.9800033569336,114.31999969482422,110.9800033569336,114.20999908447266,1653,114.20999908447266
BZ=F,2011-06-23,113.20999908447266,113.20999908447266,105.80000305175781,107.26000213623047,1434,107.26000213623047
BZ=F,2011-06-24,108.44999694824219,108.44999694824219,103.72000122070312,105.12000274658203,850,105.12000274658203
BZ=F,2011-06-27,104.91999816894531,106.75,102.4000015258789,105.98999786376953,672,105.98999786376953
BZ=F,2011-06-28,107.26000213623047,108.81999969482422,106.80000305175781,108.77999877929688,537,108.77999877929688
BZ=F,2011-06-29,108.9800033569336,112.58000183105469,108.9800033569336,112.4000015258789,756,112.4000015258789
BZ=F,2011-06-30,112.0199966430664,112.91999816894531,111.41999816894531,112.4800033569336,598,112.4800033569336
BZ=F,2011-07-01,110.58000183105469,111.8499984741211,109.94000244140625,111.7699966430664,651,111.7699966430664
BZ=F,2011-07-05,NA,NA,NA,NA,NA,NA
BZ=F,2011-07-06,113.6500015258789,114.08000183105469,112.58000183105469,113.62000274658203,521,113.62000274658203
BZ=F,2011-07-07,114.19999694824219,118.25,114.19999694824219,118.58999633789062,986,118.58999633789062
BZ=F,2011-07-08,118.0199966430664,119.79000091552734,117.18000030517578,118.33000183105469,966,118.33000183105469
BZ=F,2011-07-11,116.62000274658203,118.12000274658203,115.37000274658203,117.23999786376953,1016,117.23999786376953
BZ=F,2011-07-12,115.44000244140625,117.80999755859375,115.30000305175781,117.75,682,117.75
BZ=F,2011-07-13,NA,NA,NA,NA,NA,NA
BZ=F,2011-07-14,118.33000183105469,118.75,118.19999694824219,118.31999969482422,610,118.31999969482422
BZ=F,2011-07-15,115.80000305175781,117.6500015258789,115.25,117.26000213623047,497,117.26000213623047
BZ=F,2011-07-18,116.5,116.9000015258789,114.79000091552734,116.05000305175781,484,116.05000305175781
BZ=F,2011-07-19,NA,NA,NA,NA,NA,NA
BZ=F,2011-07-20,118.3499984741211,118.52999877929688,117.20999908447266,118.1500015258789,725,118.1500015258789
BZ=F,2011-07-21,118.3499984741211,119.04000091552734,116.94999694824219,117.51000213623047,540,117.51000213623047
BZ=F,2011-07-22,117.66999816894531,118.77999877929688,117.66999816894531,118.66999816894531,425,118.66999816894531
BZ=F,2011-07-25,117.98999786376953,118.16999816894531,117.12999725341797,117.94000244140625,419,117.94000244140625
BZ=F,2011-07-26,117.0999984741211,118.80000305175781,117.05000305175781,118.27999877929688,578,118.27999877929688
BZ=F,2011-07-27,118.27999877929688,118.27999877929688,117.31999969482422,117.43000030517578,915,117.43000030517578
BZ=F,2011-07-28,117.8499984741211,118.19000244140625,117.08999633789062,117.36000061035156,1446,117.36000061035156
BZ=F,2011-07-29,116.5,117.05999755859375,115.80000305175781,116.73999786376953,631,116.73999786376953
BZ=F,2011-08-01,118.08999633789062,119.94999694824219,114.94000244140625,116.80999755859375,1488,116.80999755859375
BZ=F,2011-08-02,116.25,118.22000122070312,115.91999816894531,116.45999908447266,835,116.45999908447266
BZ=F,2011-08-03,115.80999755859375,115.80999755859375,113.26000213623047,113.2300033569336,905,113.2300033569336
BZ=F,2011-08-04,113.38999938964844,113.5999984741211,107.06999969482422,107.25,1386,107.25
BZ=F,2011-08-05,107.06999969482422,109.9000015258789,105.69000244140625,109.37000274658203,1324,109.37000274658203
BZ=F,2011-08-08,106.8499984741211,106.91999816894531,103.47000122070312,103.73999786376953,1080,103.73999786376953
BZ=F,2011-08-09,101.63999938964844,105.16999816894531,99.05999755859375,102.56999969482422,1756,102.56999969482422
BZ=F,2011-08-10,104.37999725341797,106.58000183105469,103.66000366210938,106.68000030517578,1410,106.68000030517578
BZ=F,2011-08-11,106.44000244140625,108.02999877929688,104.66999816894531,108.0199966430664,1058,108.0199966430664
BZ=F,2011-08-12,108.87999725341797,108.9000015258789,107.66999816894531,108.02999877929688,891,108.02999877929688
BZ=F,2011-08-15,108.19999694824219,109.91999816894531,108.19999694824219,109.91000366210938,964,109.91000366210938
BZ=F,2011-08-16,NA,NA,NA,NA,NA,NA
BZ=F,2011-08-17,110.7300033569336,111.62999725341797,110.58000183105469,110.5999984741211,572,110.5999984741211
BZ=F,2011-08-18,109.26000213623047,109.26000213623047,106.47000122070312,106.98999786376953,1462,106.98999786376953
BZ=F,2011-08-19,106.52999877929688,109.30000305175781,106.43000030517578,108.62000274658203,1062,108.62000274658203
BZ=F,2011-08-22,106.3499984741211,108.08999633789062,105.33000183105469,108.36000061035156,1287,108.36000061035156
BZ=F,2011-08-23,108.8499984741211,110.0999984741211,107.51000213623047,109.30999755859375,1025,109.30999755859375
BZ=F,2011-08-24,109.5,110.7699966430664,109.19999694824219,110.1500015258789,3287,110.1500015258789
BZ=F,2011-08-25,NA,NA,NA,NA,NA,NA
BZ=F,2011-08-26,110.23999786376953,111.52999877929688,109.4000015258789,111.36000061035156,1719,111.36000061035156
BZ=F,2011-08-29,111.05999755859375,112.62999725341797,111.05999755859375,111.87999725341797,1153,111.87999725341797
BZ=F,2011-08-30,111.4000015258789,114.19999694824219,111.4000015258789,114.0199966430664,800,114.0199966430664
BZ=F,2011-08-31,114.01000213623047,115.05999755859375,113.73999786376953,114.8499984741211,896,114.8499984741211
BZ=F,2011-09-01,114.08000183105469,115.27999877929688,114.08000183105469,114.29000091552734,770,114.29000091552734
BZ=F,2011-09-02,112.05000305175781,113.58999633789062,111.41000366210938,112.33000183105469,1048,112.33000183105469
BZ=F,2011-09-06,110.93000030517578,112.98999786376953,110.8499984741211,112.88999938964844,871,112.88999938964844
BZ=F,2011-09-07,113.06999969482422,115.76000213623047,113.06999969482422,115.80000305175781,1062,115.80000305175781
BZ=F,2011-09-08,115.58000183105469,116.48999786376953,114.19999694824219,114.55000305175781,770,114.55000305175781
BZ=F,2011-09-09,113.88999938964844,113.88999938964844,111.08999633789062,112.7699966430664,684,112.7699966430664
BZ=F,2011-09-12,111.62999725341797,113.02999877929688,110.98999786376953,112.25,480,112.25
BZ=F,2011-09-13,112.4000015258789,112.4000015258789,111.37000274658203,111.88999938964844,299,111.88999938964844
BZ=F,2011-09-14,111.58000183105469,112.41999816894531,111.58000183105469,112.4000015258789,260,112.4000015258789
BZ=F,2011-09-15,115.33999633789062,115.33999633789062,115.33999633789062,115.33999633789062,1362,115.33999633789062
BZ=F,2011-09-16,112.77999877929688,114.18000030517578,111.61000061035156,112.22000122070312,741,112.22000122070312
BZ=F,2011-09-19,111.83999633789062,112,108.80000305175781,109.13999938964844,850,109.13999938964844
BZ=F,2011-09-20,109.18000030517578,111.41000366210938,108.93000030517578,110.54000091552734,762,110.54000091552734
BZ=F,2011-09-21,110.62000274658203,112.4000015258789,109.69999694824219,110.36000061035156,1922,110.36000061035156
BZ=F,2011-09-22,108.6500015258789,108.94999694824219,105,105.48999786376953,1204,105.48999786376953
BZ=F,2011-09-23,105.70999908447266,106.87999725341797,103.48999786376953,103.97000122070312,1050,103.97000122070312
BZ=F,2011-09-26,NA,NA,NA,NA,NA,NA
BZ=F,2011-09-27,105.55000305175781,107.22000122070312,105.08999633789062,107.13999938964844,822,107.13999938964844
BZ=F,2011-09-28,106.72000122070312,107.1500015258789,103.63999938964844,103.80999755859375,985,103.80999755859375
BZ=F,2011-09-29,104.9000015258789,105.7699966430664,102.5,103.94999694824219,814,103.94999694824219
BZ=F,2011-09-30,102.33999633789062,104.7699966430664,101.83000183105469,102.76000213623047,831,102.76000213623047
BZ=F,2011-10-03,101.8499984741211,102.5999984741211,100.91000366210938,101.70999908447266,1000,101.70999908447266
BZ=F,2011-10-04,101.16000366210938,101.86000061035156,99.37999725341797,99.79000091552734,539,99.79000091552734
BZ=F,2011-10-05,NA,NA,NA,NA,NA,NA
BZ=F,2011-10-06,103.30000305175781,105.63999938964844,101.75,105.7300033569336,706,105.7300033569336
BZ=F,2011-10-07,105.4000015258789,106.29000091552734,104.41000366210938,105.87999725341797,699,105.87999725341797
BZ=F,2011-10-10,106.08000183105469,109.19999694824219,105.77999877929688,108.94999694824219,376,108.94999694824219
BZ=F,2011-10-11,108.30000305175781,111.11000061035156,107.52999877929688,110.7300033569336,426,110.7300033569336
BZ=F,2011-10-12,111.86000061035156,112.6500015258789,110.87999725341797,111.36000061035156,337,111.36000061035156
BZ=F,2011-10-13,110.16999816894531,111.37000274658203,109.30999755859375,111.11000061035156,118,111.11000061035156
BZ=F,2011-10-14,113.80999755859375,114.73999786376953,113.18000030517578,114.68000030517578,1820,114.68000030517578
BZ=F,2011-10-17,112,112.31999969482422,109.73999786376953,110.16000366210938,849,110.16000366210938
BZ=F,2011-10-18,109.5199966430664,111.76000213623047,108.44999694824219,111.1500015258789,1582,111.1500015258789
BZ=F,2011-10-19,111.30000305175781,111.83999633789062,108.25,108.38999938964844,1933,108.38999938964844
BZ=F,2011-10-20,108,110.12999725341797,107.3499984741211,109.76000213623047,1872,109.76000213623047
BZ=F,2011-10-21,109.91000366210938,111.88999938964844,109.33000183105469,109.55999755859375,1024,109.55999755859375
BZ=F,2011-10-24,110.2699966430664,111.54000091552734,109.87000274658203,111.44999694824219,1467,111.44999694824219
BZ=F,2011-10-25,111.41000366210938,111.75,109.68000030517578,110.91999816894531,2164,110.91999816894531
BZ=F,2011-10-26,110.56999969482422,110.91999816894531,108.83000183105469,108.91000366210938,2194,108.91000366210938
BZ=F,2011-10-27,110.18000030517578,112.69999694824219,110.18000030517578,112.08000183105469,2726,112.08000183105469
BZ=F,2011-10-28,110.41999816894531,111.01000213623047,109.70999908447266,109.91000366210938,1035,109.91000366210938
BZ=F,2011-10-31,109.4000015258789,109.76000213623047,108.44000244140625,109.55999755859375,571,109.55999755859375
BZ=F,2011-11-01,109.25,109.55999755859375,109.01000213623047,109.54000091552734,1035,109.54000091552734
BZ=F,2011-11-02,109.83999633789062,111.41000366210938,108.58999633789062,109.33999633789062,1941,109.33999633789062
BZ=F,2011-11-03,110.08999633789062,111.18000030517578,108.97000122070312,110.83000183105469,1495,110.83000183105469
BZ=F,2011-11-04,111.37000274658203,111.97000122070312,110.55999755859375,111.97000122070312,841,111.97000122070312
BZ=F,2011-11-07,113,114.8499984741211,112.81999969482422,114.55999755859375,1751,114.55999755859375
BZ=F,2011-11-08,115.5999984741211,116.43000030517578,114.33999633789062,115,1647,115
BZ=F,2011-11-09,115.56999969482422,115.56999969482422,111.94999694824219,112.30999755859375,1730,112.30999755859375
BZ=F,2011-11-10,113.80000305175781,113.98999786376953,111.43000030517578,113.70999908447266,1778,113.70999908447266
BZ=F,2011-11-11,114.2300033569336,114.83999633789062,113.16999816894531,114.16000366210938,1285,114.16000366210938
BZ=F,2011-11-14,113.18000030517578,113.18000030517578,111.70999908447266,111.88999938964844,190,111.88999938964844
BZ=F,2011-11-15,112.38999938964844,112.38999938964844,112.38999938964844,112.38999938964844,593,112.38999938964844
BZ=F,2011-11-16,112.06999969482422,112.36000061035156,110.43000030517578,111.87999725341797,1628,111.87999725341797
BZ=F,2011-11-17,108.80000305175781,110.19000244140625,107.94999694824219,108.22000122070312,1291,108.22000122070312
BZ=F,2011-11-18,109.47000122070312,109.47000122070312,107,107.55999755859375,694,107.55999755859375
BZ=F,2011-11-21,NA,NA,NA,NA,NA,NA
BZ=F,2011-11-22,107.51000213623047,109.5,107.51000213623047,109.02999877929688,1135,109.02999877929688
BZ=F,2011-11-23,107.83000183105469,108.0999984741211,106.86000061035156,107.0199966430664,669,107.0199966430664
BZ=F,2011-11-25,107.56999969482422,107.75,107.56999969482422,106.4000015258789,448,106.4000015258789
BZ=F,2011-11-28,108.86000061035156,109.45999908447266,107.63999938964844,109,638,109
BZ=F,2011-11-29,109.7300033569336,111.01000213623047,109.52999877929688,110.81999969482422,744,110.81999969482422
BZ=F,2011-11-30,NA,NA,NA,NA,NA,NA
BZ=F,2011-12-01,109.68000030517578,110.55000305175781,108.29000091552734,108.98999786376953,701,108.98999786376953
BZ=F,2011-12-02,110.30999755859375,110.30999755859375,108.70999908447266,109.94000244140625,628,109.94000244140625
BZ=F,2011-12-05,111.22000122070312,111.45999908447266,109.37999725341797,109.80999755859375,597,109.80999755859375
BZ=F,2011-12-06,109.61000061035156,110.87999725341797,109.54000091552734,110.80999755859375,712,110.80999755859375
BZ=F,2011-12-07,110.36000061035156,110.47000122070312,109.08999633789062,109.52999877929688,824,109.52999877929688
BZ=F,2011-12-08,110.23999786376953,110.23999786376953,107.5199966430664,108.11000061035156,1405,108.11000061035156
BZ=F,2011-12-09,108.19999694824219,108.69999694824219,107.31999969482422,108.62000274658203,1494,108.62000274658203
BZ=F,2011-12-12,107.5999984741211,108.31999969482422,107.25,107.26000213623047,372,107.26000213623047
BZ=F,2011-12-13,108.25,109.68000030517578,108.1500015258789,109.5,921,109.5
BZ=F,2011-12-14,107.93000030517578,107.93000030517578,104.77999877929688,105.0199966430664,160,105.0199966430664
BZ=F,2011-12-15,106,106,105.08999633789062,105.08999633789062,399,105.08999633789062
BZ=F,2011-12-16,104.23999786376953,104.23999786376953,102.83000183105469,103.3499984741211,289,103.3499984741211
BZ=F,2011-12-19,104.19999694824219,104.27999877929688,103.2300033569336,103.63999938964844,265,103.63999938964844
BZ=F,2011-12-20,105.5,107.25,105.41999816894531,106.7300033569336,542,106.7300033569336
BZ=F,2011-12-21,106.47000122070312,107.86000061035156,106.47000122070312,107.70999908447266,432,107.70999908447266
BZ=F,2011-12-22,108.04000091552734,108.2300033569336,107.77999877929688,107.88999938964844,235,107.88999938964844
BZ=F,2011-12-23,107.4800033569336,108.16999816894531,107.4800033569336,107.95999908447266,189,107.95999908447266
BZ=F,2011-12-27,108.33000183105469,109.4800033569336,108.33000183105469,109.2699966430664,137,109.2699966430664
BZ=F,2011-12-28,108.69000244140625,108.69000244140625,107.25,107.55999755859375,357,107.55999755859375
BZ=F,2011-12-29,107.5999984741211,108.01000213623047,106.91000366210938,108.01000213623047,334,108.01000213623047
BZ=F,2011-12-30,107.2699966430664,107.37999725341797,107.2699966430664,107.37999725341797,396,107.37999725341797
BZ=F,2012-01-03,109.94999694824219,112.29000091552734,109.94999694824219,112.12999725341797,1064,112.12999725341797
BZ=F,2012-01-04,111.69999694824219,113.81999969482422,111.69999694824219,113.69999694824219,1426,113.69999694824219
BZ=F,2012-01-05,113.94999694824219,114.05000305175781,112.56999969482422,112.73999786376953,687,112.73999786376953
BZ=F,2012-01-06,112.91000366210938,113.30000305175781,112.19000244140625,113.05999755859375,709,113.05999755859375
BZ=F,2012-01-09,113.43000030517578,113.58999633789062,112.20999908447266,112.44999694824219,595,112.44999694824219
BZ=F,2012-01-10,113.26000213623047,113.43000030517578,113.16999816894531,113.27999877929688,715,113.27999877929688
BZ=F,2012-01-11,113.1500015258789,113.1500015258789,112.16000366210938,112.23999786376953,783,112.23999786376953
BZ=F,2012-01-12,113.38999938964844,114.5199966430664,110.66000366210938,111.26000213623047,513,111.26000213623047
BZ=F,2012-01-13,110.5999984741211,111,109.79000091552734,110.44000244140625,801,110.44000244140625
BZ=F,2012-01-17,112.4800033569336,112.4800033569336,110.97000122070312,111.52999877929688,858,111.52999877929688
BZ=F,2012-01-18,111.3499984741211,111.3499984741211,110.5,110.66000366210938,911,110.66000366210938
BZ=F,2012-01-19,111.44999694824219,111.5999984741211,110.54000091552734,111.55000305175781,793,111.55000305175781
BZ=F,2012-01-20,111.4800033569336,111.4800033569336,109.6500015258789,109.86000061035156,367,109.86000061035156
BZ=F,2012-01-23,110.87000274658203,111.26000213623047,110.4000015258789,110.58000183105469,363,110.58000183105469
BZ=F,2012-01-24,110.33999633789062,110.33999633789062,109.83999633789062,110.02999877929688,524,110.02999877929688
BZ=F,2012-01-25,109.6500015258789,110.83000183105469,109.04000091552734,109.80999755859375,580,109.80999755859375
BZ=F,2012-01-26,111.19000244140625,111.83000183105469,110.58000183105469,110.79000091552734,500,110.79000091552734
BZ=F,2012-01-27,111.22000122070312,111.95999908447266,110.88999938964844,111.45999908447266,1050,111.45999908447266
BZ=F,2012-01-30,111.22000122070312,111.22000122070312,110.4800033569336,110.75,453,110.75
BZ=F,2012-01-31,112.08999633789062,112.61000061035156,110.83999633789062,110.9800033569336,712,110.9800033569336
BZ=F,2012-02-01,112.31999969482422,112.76000213623047,111.30000305175781,111.55999755859375,891,111.55999755859375
BZ=F,2012-02-02,111.54000091552734,112.5,111.29000091552734,112.06999969482422,1348,112.06999969482422
BZ=F,2012-02-03,112.75,114.62000274658203,112.75,114.58000183105469,758,114.58000183105469
BZ=F,2012-02-06,114.05999755859375,116.5,113.91999816894531,115.93000030517578,980,115.93000030517578
BZ=F,2012-02-07,116.06999969482422,117.25,115.6500015258789,116.2300033569336,1400,116.2300033569336
BZ=F,2012-02-08,116.69999694824219,117.6500015258789,115.95999908447266,117.19999694824219,866,117.19999694824219
BZ=F,2012-02-09,118.2300033569336,118.7699966430664,117.62000274658203,118.58999633789062,812,118.58999633789062
BZ=F,2012-02-10,117.05000305175781,117.66999816894531,116.33999633789062,117.30999755859375,1055,117.30999755859375
BZ=F,2012-02-13,118.29000091552734,118.44999694824219,117.44999694824219,117.93000030517578,602,117.93000030517578
BZ=F,2012-02-14,117.80000305175781,118.16000366210938,117.66999816894531,118.16000366210938,815,118.16000366210938
BZ=F,2012-02-15,118.68000030517578,119.52999877929688,118.37000274658203,118.93000030517578,756,118.93000030517578
BZ=F,2012-02-16,119.1500015258789,120.30999755859375,119.1500015258789,120.11000061035156,1479,120.11000061035156
BZ=F,2012-02-17,120.04000091552734,120.04000091552734,118.8499984741211,119.58000183105469,815,119.58000183105469
BZ=F,2012-02-21,119.80000305175781,121.66999816894531,119.80000305175781,121.66000366210938,495,121.66000366210938
BZ=F,2012-02-22,121.80000305175781,123.18000030517578,121.58000183105469,122.9000015258789,1019,122.9000015258789
BZ=F,2012-02-23,124.2300033569336,124.4800033569336,122.0999984741211,123.62000274658203,884,123.62000274658203
BZ=F,2012-02-24,123.9000015258789,125.55000305175781,123.68000030517578,125.47000122070312,389,125.47000122070312
BZ=F,2012-02-27,124.30000305175781,124.58000183105469,123.05999755859375,124.16999816894531,575,124.16999816894531
BZ=F,2012-02-28,123.05000305175781,123.79000091552734,121.55000305175781,121.55000305175781,2378,121.55000305175781
BZ=F,2012-02-29,122.31999969482422,123.08000183105469,120.68000030517578,122.66000366210938,1389,122.66000366210938
BZ=F,2012-03-01,123.45999908447266,128.25,123.38999938964844,126.19999694824219,1951,126.19999694824219
BZ=F,2012-03-02,124.87999725341797,124.97000122070312,123.38999938964844,123.6500015258789,736,123.6500015258789
BZ=F,2012-03-05,123.87000274658203,124.62000274658203,123.37000274658203,123.80000305175781,592,123.80000305175781
BZ=F,2012-03-06,123.01000213623047,123.0199966430664,121.6500015258789,121.9800033569336,630,121.9800033569336
BZ=F,2012-03-07,123.12000274658203,124.2699966430664,122.0999984741211,124.12000274658203,913,124.12000274658203
BZ=F,2012-03-08,125.33999633789062,126.29000091552734,124.95999908447266,125.44000244140625,960,125.44000244140625
BZ=F,2012-03-09,125.55999755859375,126.25,124.80999755859375,125.9800033569336,817,125.9800033569336
BZ=F,2012-03-12,124.30000305175781,125.33999633789062,124.25,125.33999633789062,648,125.33999633789062
BZ=F,2012-03-13,125.5999984741211,126.70999908447266,125.08000183105469,126.22000122070312,506,126.22000122070312
BZ=F,2012-03-14,126.16000366210938,126.63999938964844,124.97000122070312,124.97000122070312,294,124.97000122070312
BZ=F,2012-03-15,124.80999755859375,125.04000091552734,123.55000305175781,123.55000305175781,1260,123.55000305175781
BZ=F,2012-03-16,123.30999755859375,126.0999984741211,123.20999908447266,125.80999755859375,412,125.80999755859375
BZ=F,2012-03-19,125.12999725341797,125.91999816894531,125.12999725341797,125.70999908447266,453,125.70999908447266
BZ=F,2012-03-20,125.12999725341797,125.91999816894531,123.20999908447266,124.12000274658203,665,124.12000274658203
BZ=F,2012-03-21,124.41999816894531,124.77999877929688,123.79000091552734,124.19999694824219,741,124.19999694824219
BZ=F,2012-03-22,123.33999633789062,123.79000091552734,122.31999969482422,123.13999938964844,567,123.13999938964844
BZ=F,2012-03-23,123.68000030517578,127.0199966430664,123.68000030517578,125.12999725341797,747,125.12999725341797
BZ=F,2012-03-26,125.68000030517578,125.81999969482422,125.30000305175781,125.6500015258789,265,125.6500015258789
BZ=F,2012-03-27,125.1500015258789,126.12000274658203,124.93000030517578,125.54000091552734,765,125.54000091552734
BZ=F,2012-03-28,124.27999877929688,124.33999633789062,123.62000274658203,124.16000366210938,797,124.16000366210938
BZ=F,2012-03-29,123.81999969482422,124.3499984741211,121.43000030517578,122.38999938964844,646,122.38999938964844
BZ=F,2012-03-30,123.2699966430664,124.04000091552734,122.69000244140625,122.87999725341797,701,122.87999725341797
BZ=F,2012-04-02,122.20999908447266,125.48999786376953,121.75,125.43000030517578,481,125.43000030517578
BZ=F,2012-04-03,125.18000030517578,125.94999694824219,124.38999938964844,124.86000061035156,592,124.86000061035156
BZ=F,2012-04-04,124.12999725341797,124.55000305175781,122.33000183105469,122.33999633789062,822,122.33999633789062
BZ=F,2012-04-05,122.0999984741211,123.4800033569336,121.83000183105469,123.43000030517578,449,123.43000030517578
BZ=F,2012-04-09,121.87999725341797,122.70999908447266,121.0999984741211,122.66999816894531,256,122.66999816894531
BZ=F,2012-04-10,121.5199966430664,122.2699966430664,119.80000305175781,119.87999725341797,627,119.87999725341797
BZ=F,2012-04-11,120.0999984741211,120.73999786376953,119.30999755859375,120.18000030517578,781,120.18000030517578
BZ=F,2012-04-12,119.98999786376953,121.70999908447266,119.45999908447266,121.70999908447266,280,121.70999908447266
BZ=F,2012-04-13,121.62000274658203,121.83000183105469,120.87999725341797,121.83000183105469,441,121.83000183105469
BZ=F,2012-04-16,120.02999877929688,120.05000305175781,118.27999877929688,118.68000030517578,832,118.68000030517578
BZ=F,2012-04-17,118.62000274658203,119.27999877929688,118.19999694824219,118.77999877929688,741,118.77999877929688
BZ=F,2012-04-18,117.69999694824219,118.26000213623047,116.73999786376953,117.97000122070312,894,117.97000122070312
BZ=F,2012-04-19,118.8499984741211,119.1500015258789,117.70999908447266,118,1122,118
BZ=F,2012-04-20,119.36000061035156,119.62999725341797,118.38999938964844,118.76000213623047,662,118.76000213623047
BZ=F,2012-04-23,117.93000030517578,118.86000061035156,117.2699966430664,118.70999908447266,727,118.70999908447266
BZ=F,2012-04-24,118.19000244140625,118.8499984741211,117.9000015258789,118.16000366210938,583,118.16000366210938
BZ=F,2012-04-25,119,119.19000244140625,117.47000122070312,119.12000274658203,541,119.12000274658203
BZ=F,2012-04-26,119.23999786376953,120.0999984741211,119.23999786376953,119.91999816894531,652,119.91999816894531
BZ=F,2012-04-27,119.7699966430664,119.83000183105469,119.12000274658203,119.83000183105469,513,119.83000183105469
BZ=F,2012-04-30,119.37000274658203,119.66999816894531,118.76000213623047,119.47000122070312,782,119.47000122070312
BZ=F,2012-05-01,119,119.95999908447266,118.91000366210938,119.66000366210938,2605,119.66000366210938
BZ=F,2012-05-02,119.19999694824219,119.19999694824219,117.7699966430664,118.19999694824219,2624,118.19999694824219
BZ=F,2012-05-03,117.76000213623047,117.88999938964844,116,116.08000183105469,2253,116.08000183105469
BZ=F,2012-05-04,114.80000305175781,114.80000305175781,111.83000183105469,113.18000030517578,3510,113.18000030517578
BZ=F,2012-05-07,113.06999969482422,113.16000366210938,112.08999633789062,113.16000366210938,1462,113.16000366210938
BZ=F,2012-05-08,112.23999786376953,113.04000091552734,110.55999755859375,112.7300033569336,2937,112.7300033569336
BZ=F,2012-05-09,111.9000015258789,113.26000213623047,111.3499984741211,113.19999694824219,1530,113.19999694824219
BZ=F,2012-05-10,112.93000030517578,113.6500015258789,112.16000366210938,112.7300033569336,2771,112.7300033569336
BZ=F,2012-05-11,112.0199966430664,112.7699966430664,111.6500015258789,112.26000213623047,767,112.26000213623047
BZ=F,2012-05-14,111.0199966430664,111.69000244140625,110.9800033569336,111.56999969482422,749,111.56999969482422
BZ=F,2012-05-15,112.23999786376953,112.52999877929688,111.5,112.23999786376953,490,112.23999786376953
BZ=F,2012-05-16,111.55000305175781,111.70999908447266,111.55000305175781,111.70999908447266,1327,111.70999908447266
BZ=F,2012-05-17,109.25,109.62999725341797,106.95999908447266,107.48999786376953,1732,107.48999786376953
BZ=F,2012-05-18,107.66999816894531,107.8499984741211,106.86000061035156,107.13999938964844,617,107.13999938964844
BZ=F,2012-05-21,107.83000183105469,109.22000122070312,107.7699966430664,108.80999755859375,571,108.80999755859375
BZ=F,2012-05-22,109.2699966430664,109.2699966430664,107.97000122070312,108.41000366210938,1151,108.41000366210938
BZ=F,2012-05-23,107.23999786376953,107.33000183105469,105.47000122070312,105.55999755859375,656,105.55999755859375
BZ=F,2012-05-24,105.9800033569336,107.12999725341797,105.76000213623047,106.55000305175781,1067,106.55000305175781
BZ=F,2012-05-25,106.66000366210938,107.08999633789062,106.63999938964844,106.83000183105469,389,106.83000183105469
BZ=F,2012-05-29,107.19000244140625,107.83000183105469,106.06999969482422,106.68000030517578,467,106.68000030517578
BZ=F,2012-05-30,105.23999786376953,105.25,103.08000183105469,103.47000122070312,418,103.47000122070312
BZ=F,2012-05-31,103.76000213623047,103.76000213623047,101.31999969482422,101.87000274658203,662,101.87000274658203
BZ=F,2012-06-01,99.529998779296875,99.63999938964844,97.58000183105469,98.43000030517578,755,98.43000030517578
BZ=F,2012-06-04,96.7699966430664,99.08000183105469,96.7300033569336,98.8499984741211,528,98.8499984741211
BZ=F,2012-06-05,98.7699966430664,99.12000274658203,98.37999725341797,98.839996337890625,525,98.839996337890625
BZ=F,2012-06-06,100.45999908447266,101.27999877929688,99.7300033569336,100.63999938964844,964,100.63999938964844
BZ=F,2012-06-07,101.37999725341797,102.29000091552734,99.5199966430664,99.93000030517578,1301,99.93000030517578
BZ=F,2012-06-08,97.3499984741211,99.88999938964844,97.3499984741211,99.470001220703125,451,99.470001220703125
BZ=F,2012-06-11,100.38999938964844,100.58999633789062,96.94000244140625,98,1856,98
BZ=F,2012-06-12,97.2300033569336,97.910003662109375,96.69999694824219,97.13999938964844,1258,97.13999938964844
BZ=F,2012-06-13,97.16999816894531,98.23999786376953,96.779998779296875,97.12999725341797,1258,97.12999725341797
BZ=F,2012-06-14,96.6500015258789,97.029998779296875,96.6500015258789,97.029998779296875,2047,97.029998779296875
BZ=F,2012-06-15,97.62000274658203,98.05999755859375,97.06999969482422,97.61000061035156,282,97.61000061035156
BZ=F,2012-06-18,97,97,95.5,96.05000305175781,2225,96.05000305175781
BZ=F,2012-06-19,96,96.7300033569336,95.76000213623047,95.76000213623047,1795,95.76000213623047
BZ=F,2012-06-20,95.25,95.48999786376953,92.470001220703125,92.69000244140625,718,92.69000244140625
BZ=F,2012-06-21,92.4000015258789,92.44000244140625,89.04000091552734,89.2300033569336,1121,89.2300033569336
BZ=F,2012-06-22,89.9000015258789,91.51000213623047,89.80999755859375,90.9800033569336,562,90.9800033569336
BZ=F,2012-06-25,90.23999786376953,91.26000213623047,89.73999786376953,91.01000213623047,1452,91.01000213623047
BZ=F,2012-06-26,91.73999786376953,93.13999938964844,91.30999755859375,93.0199966430664,2275,93.0199966430664
BZ=F,2012-06-27,92.910003662109375,93.79000091552734,92.910003662109375,93.5,680,93.5
BZ=F,2012-06-28,93.5199966430664,93.6500015258789,90.95999908447266,91.36000061035156,1468,91.36000061035156
BZ=F,2012-06-29,94.05000305175781,98.2699966430664,94.05000305175781,97.80000305175781,1151,97.80000305175781
BZ=F,2012-07-02,96.089996337890625,97.589996337890625,95.80999755859375,97.339996337890625,786,97.339996337890625
BZ=F,2012-07-03,99.720001220703125,101.3499984741211,99.720001220703125,100.68000030517578,707,100.68000030517578
BZ=F,2012-07-05,101.12000274658203,101.41999816894531,100.38999938964844,100.69999694824219,1271,100.69999694824219
BZ=F,2012-07-06,98.970001220703125,98.970001220703125,97.93000030517578,98.19000244140625,1800,98.19000244140625
BZ=F,2012-07-09,98.81999969482422,100.9800033569336,98.36000061035156,100.31999969482422,1912,100.31999969482422
BZ=F,2012-07-10,98.94999694824219,99.19999694824219,97.87000274658203,97.970001220703125,1778,97.970001220703125
BZ=F,2012-07-11,98.66999816894531,100.37999725341797,98.66999816894531,100.2300033569336,851,100.2300033569336
BZ=F,2012-07-12,99.19000244140625,101.2699966430664,99.0199966430664,101.06999969482422,1345,101.06999969482422
BZ=F,2012-07-13,102.41999816894531,102.69999694824219,101.38999938964844,102.4000015258789,624,102.4000015258789
BZ=F,2012-07-16,103.55000305175781,103.55000305175781,103.55000305175781,103.55000305175781,1691,103.55000305175781
BZ=F,2012-07-17,104.58000183105469,104.58000183105469,102.87000274658203,104,590,104
BZ=F,2012-07-18,103.91000366210938,105.4000015258789,103.88999938964844,105.16000366210938,725,105.16000366210938
BZ=F,2012-07-19,107.4000015258789,108.13999938964844,106.51000213623047,107.80000305175781,581,107.80000305175781
BZ=F,2012-07-20,106.0999984741211,106.91000366210938,105.81999969482422,106.83000183105469,358,106.83000183105469
BZ=F,2012-07-23,103.19999694824219,104.58999633789062,102.4800033569336,103.26000213623047,360,103.26000213623047
BZ=F,2012-07-24,102.94000244140625,103.93000030517578,102.94000244140625,103.41999816894531,1642,103.41999816894531
BZ=F,2012-07-25,103.69999694824219,104.6500015258789,102.18000030517578,104.37999725341797,2082,104.37999725341797
BZ=F,2012-07-26,105.23999786376953,106.01000213623047,104.87000274658203,105.26000213623047,1479,105.26000213623047
BZ=F,2012-07-27,105.94999694824219,106.5,105.69999694824219,106.47000122070312,2178,106.47000122070312
BZ=F,2012-07-30,105.79000091552734,106.4800033569336,105.7300033569336,106.19999694824219,334,106.19999694824219
BZ=F,2012-07-31,106.27999877929688,106.30000305175781,104.19999694824219,104.91999816894531,1532,104.91999816894531
BZ=F,2012-08-01,105.63999938964844,106.2300033569336,105.52999877929688,105.95999908447266,1202,105.95999908447266
BZ=F,2012-08-02,106.62000274658203,106.68000030517578,105.30999755859375,105.9000015258789,2631,105.9000015258789
BZ=F,2012-08-03,106.5199966430664,109.06999969482422,106.4000015258789,108.94000244140625,1573,108.94000244140625
BZ=F,2012-08-06,108.55999755859375,109.69000244140625,108.12000274658203,109.55000305175781,1714,109.55000305175781
BZ=F,2012-08-07,110.55000305175781,112.37000274658203,110.45999908447266,112,2600,112
BZ=F,2012-08-08,111.45999908447266,113.05999755859375,111.45999908447266,112.13999938964844,5380,112.13999938964844
BZ=F,2012-08-09,112.3499984741211,113.30000305175781,112.19000244140625,113.22000122070312,2139,113.22000122070312
BZ=F,2012-08-10,111.55999755859375,113.02999877929688,111.44000244140625,112.94999694824219,1994,112.94999694824219
BZ=F,2012-08-13,114.77999877929688,114.77999877929688,113.25,113.5999984741211,1223,113.5999984741211
BZ=F,2012-08-14,113.98999786376953,114.02999877929688,113.37999725341797,114.02999877929688,1201,114.02999877929688
BZ=F,2012-08-15,113.88999938964844,116.5999984741211,113.88999938964844,116.25,718,116.25
BZ=F,2012-08-16,116.19999694824219,116.9000015258789,116.19999694824219,116.9000015258789,3561,116.9000015258789
BZ=F,2012-08-17,114.0999984741211,114.25,112.8499984741211,113.70999908447266,1201,113.70999908447266
BZ=F,2012-08-20,114.41000366210938,114.41000366210938,112.9000015258789,113.69999694824219,3024,113.69999694824219
BZ=F,2012-08-21,114.47000122070312,115.47000122070312,114.47000122070312,114.63999938964844,1481,114.63999938964844
BZ=F,2012-08-22,113.58000183105469,115.12999725341797,113.58000183105469,114.91000366210938,3196,114.91000366210938
BZ=F,2012-08-23,116.05000305175781,116.29000091552734,114.4800033569336,115.01000213623047,2201,115.01000213623047
BZ=F,2012-08-24,114.6500015258789,115.12000274658203,113.11000061035156,113.58999633789062,2894,113.58999633789062
BZ=F,2012-08-27,114.23999786376953,114.52999877929688,111.76000213623047,112.26000213623047,2318,112.26000213623047
BZ=F,2012-08-28,112.77999877929688,112.77999877929688,112.0199966430664,112.58000183105469,1489,112.58000183105469
BZ=F,2012-08-29,112.37999725341797,112.77999877929688,112.33999633789062,112.54000091552734,2957,112.54000091552734
BZ=F,2012-08-30,113.12000274658203,113.27999877929688,112.38999938964844,112.6500015258789,2660,112.6500015258789
BZ=F,2012-08-31,113.41000366210938,114.86000061035156,112.9000015258789,114.56999969482422,2428,114.56999969482422
BZ=F,2012-09-04,115.80000305175781,115.80999755859375,114.12000274658203,114.18000030517578,564,114.18000030517578
BZ=F,2012-09-05,113.8499984741211,114.01000213623047,112.91000366210938,113.08999633789062,551,113.08999633789062
BZ=F,2012-09-06,113.94000244140625,115,113,113.48999786376953,2137,113.48999786376953
BZ=F,2012-09-07,113.52999877929688,114.44000244140625,112.43000030517578,114.25,2186,114.25
BZ=F,2012-09-10,114.56999969482422,114.95999908447266,114.12000274658203,114.80999755859375,826,114.80999755859375
BZ=F,2012-09-11,114.8499984741211,115.43000030517578,114.73999786376953,115.4000015258789,1009,115.4000015258789
BZ=F,2012-09-12,115.9800033569336,116.01000213623047,115.30000305175781,115.95999908447266,1015,115.95999908447266
BZ=F,2012-09-13,116.69999694824219,117,116.26000213623047,116.9000015258789,336,116.9000015258789
BZ=F,2012-09-14,NA,NA,NA,NA,NA,NA
BZ=F,2012-09-17,NA,NA,NA,NA,NA,NA
BZ=F,2012-09-18,113.76000213623047,113.83999633789062,111.70999908447266,112.02999877929688,564,112.02999877929688
BZ=F,2012-09-19,111,111,107.66000366210938,108.19000244140625,559,108.19000244140625
BZ=F,2012-09-20,108.4800033569336,110.3499984741211,108.1500015258789,110.02999877929688,1613,110.02999877929688
BZ=F,2012-09-21,111.05999755859375,111.4800033569336,110.63999938964844,111.41999816894531,1140,111.41999816894531
BZ=F,2012-09-24,109.87000274658203,110.12999725341797,109.1500015258789,109.80999755859375,1278,109.80999755859375
BZ=F,2012-09-25,111.0199966430664,111.31999969482422,110.01000213623047,110.44999694824219,1516,110.44999694824219
BZ=F,2012-09-26,108.9800033569336,110.05000305175781,108.69999694824219,110.04000091552734,2408,110.04000091552734
BZ=F,2012-09-27,111,112.37000274658203,111,112.01000213623047,1191,112.01000213623047
BZ=F,2012-09-28,112.7699966430664,112.79000091552734,111.56999969482422,112.38999938964844,1412,112.38999938964844
BZ=F,2012-10-01,111.72000122070312,113.23999786376953,111.6500015258789,112.19000244140625,181,112.19000244140625
BZ=F,2012-10-02,111.73999786376953,111.94999694824219,111.45999908447266,111.56999969482422,184,111.56999969482422
BZ=F,2012-10-03,110.30999755859375,110.4000015258789,107.72000122070312,108.16999816894531,1316,108.16999816894531
BZ=F,2012-10-04,109.4000015258789,112.63999938964844,109.26000213623047,112.58000183105469,1542,112.58000183105469
BZ=F,2012-10-05,111.9000015258789,113,110.91000366210938,112.0199966430664,1184,112.0199966430664
BZ=F,2012-10-08,111.27999877929688,112.25,111.16999816894531,111.81999969482422,1240,111.81999969482422
BZ=F,2012-10-09,112.37999725341797,114.5999984741211,112.37999725341797,114.5,498,114.5
BZ=F,2012-10-10,114.41000366210938,115.56999969482422,114.12000274658203,114.33000183105469,328,114.33000183105469
BZ=F,2012-10-11,115.12999725341797,115.91000366210938,114.98999786376953,115.70999908447266,865,115.70999908447266
BZ=F,2012-10-12,114.76000213623047,115.16000366210938,114.01000213623047,114.62000274658203,857,114.62000274658203
BZ=F,2012-10-15,115.12000274658203,115.86000061035156,113.66999816894531,115.80000305175781,905,115.80000305175781
BZ=F,2012-10-16,114.9800033569336,115.06999969482422,114.94999694824219,115.06999969482422,602,115.06999969482422
BZ=F,2012-10-17,NA,NA,NA,NA,NA,NA
BZ=F,2012-10-18,NA,NA,NA,NA,NA,NA
BZ=F,2012-10-19,112.94000244140625,113.22000122070312,110.06999969482422,110.13999938964844,624,110.13999938964844
BZ=F,2012-10-22,110.56999969482422,110.95999908447266,109.19000244140625,109.44000244140625,586,109.44000244140625
BZ=F,2012-10-23,108.68000030517578,108.87999725341797,107.37999725341797,108.25,602,108.25
BZ=F,2012-10-24,108.5,108.7699966430664,106.93000030517578,107.8499984741211,503,107.8499984741211
BZ=F,2012-10-25,108.7699966430664,109.22000122070312,107.66999816894531,108.48999786376953,532,108.48999786376953
BZ=F,2012-10-26,107.9800033569336,109.66999816894531,107.94000244140625,109.55000305175781,395,109.55000305175781
BZ=F,2012-10-31,109.66000366210938,109.69999694824219,108.37000274658203,108.69999694824219,227,108.69999694824219
BZ=F,2012-11-01,108.29000091552734,108.70999908447266,107.8499984741211,108.16999816894531,354,108.16999816894531
BZ=F,2012-11-02,107.81999969482422,108.75,105.56999969482422,105.68000030517578,1081,105.68000030517578
BZ=F,2012-11-05,105.4800033569336,108.12000274658203,105.05999755859375,107.7300033569336,388,107.7300033569336
BZ=F,2012-11-06,108.66999816894531,111.0999984741211,108.51000213623047,111.06999969482422,515,111.06999969482422
BZ=F,2012-11-07,109.87999725341797,110.48999786376953,106.72000122070312,106.81999969482422,888,106.81999969482422
BZ=F,2012-11-08,107.66000366210938,107.93000030517578,106.3499984741211,107.25,364,107.25
BZ=F,2012-11-09,106.51000213623047,109.5999984741211,106.27999877929688,109.4000015258789,744,109.4000015258789
BZ=F,2012-11-12,109.0199966430664,110.0999984741211,108.83000183105469,109.06999969482422,922,109.06999969482422
BZ=F,2012-11-13,108.36000061035156,108.58000183105469,107.5,108.26000213623047,609,108.26000213623047
BZ=F,2012-11-14,108.51000213623047,109.80000305175781,108.51000213623047,109.61000061035156,762,109.61000061035156
BZ=F,2012-11-15,110.76000213623047,110.9800033569336,110.41000366210938,110.9800033569336,735,110.9800033569336
BZ=F,2012-11-16,NA,NA,NA,NA,NA,NA
BZ=F,2012-11-19,110.83999633789062,110.83999633789062,110.83999633789062,110.83999633789062,782,110.83999633789062
BZ=F,2012-11-20,111.25,111.63999938964844,109.02999877929688,109.83000183105469,420,109.83000183105469
BZ=F,2012-11-21,111.0199966430664,111.33999633789062,109.62000274658203,110.86000061035156,480,110.86000061035156
BZ=F,2012-11-23,110.52999877929688,111.52999877929688,110.51000213623047,111.37999725341797,483,111.37999725341797
BZ=F,2012-11-26,111.04000091552734,111.29000091552734,110.30000305175781,110.91999816894531,506,110.91999816894531
BZ=F,2012-11-27,111.01000213623047,111.08999633789062,109.30999755859375,109.87000274658203,426,109.87000274658203
BZ=F,2012-11-28,109.19000244140625,109.73999786376953,108.5,109.51000213623047,665,109.51000213623047
BZ=F,2012-11-29,110.83000183105469,111.29000091552734,110.27999877929688,110.76000213623047,619,110.76000213623047
BZ=F,2012-11-30,110.47000122070312,111.25,110.47000122070312,111.2300033569336,464,111.2300033569336
BZ=F,2012-12-03,111.41999816894531,112.31999969482422,110.5999984741211,110.91999816894531,749,110.91999816894531
BZ=F,2012-12-04,110.30000305175781,110.33000183105469,109.25,109.83999633789062,484,109.83999633789062
BZ=F,2012-12-05,110.0999984741211,110.33000183105469,108.73999786376953,108.80999755859375,302,108.80999755859375
BZ=F,2012-12-06,108.86000061035156,108.87000274658203,106.69999694824219,107.02999877929688,945,107.02999877929688
BZ=F,2012-12-07,107.08999633789062,107.87000274658203,106.80999755859375,107.0199966430664,1434,107.0199966430664
BZ=F,2012-12-10,107.9000015258789,108.45999908447266,107.25,107.33000183105469,1972,107.33000183105469
BZ=F,2012-12-11,108.31999969482422,108.33999633789062,107.43000030517578,108.01000213623047,1065,108.01000213623047
BZ=F,2012-12-12,108.9000015258789,110.47000122070312,108.8499984741211,109.5,1756,109.5
BZ=F,2012-12-13,108.98999786376953,109.16999816894531,107.80999755859375,107.91000366210938,833,107.91000366210938
BZ=F,2012-12-14,109.1500015258789,109.1500015258789,109.1500015258789,109.1500015258789,306,109.1500015258789
BZ=F,2012-12-17,NA,NA,NA,NA,NA,NA
BZ=F,2012-12-18,NA,NA,NA,NA,NA,NA
BZ=F,2012-12-19,109.9800033569336,110.43000030517578,109.30999755859375,110.36000061035156,703,110.36000061035156
BZ=F,2012-12-20,110.2699966430664,110.52999877929688,109.75,110.19999694824219,473,110.19999694824219
BZ=F,2012-12-21,109.58999633789062,109.83999633789062,108.76000213623047,108.97000122070312,571,108.97000122070312
BZ=F,2012-12-24,108.45999908447266,109,108.18000030517578,108.80000305175781,287,108.80000305175781
BZ=F,2012-12-26,109.93000030517578,111.45999908447266,109.93000030517578,111.06999969482422,413,111.06999969482422
BZ=F,2012-12-27,110.83000183105469,111.1500015258789,110.12000274658203,110.80000305175781,682,110.80000305175781
BZ=F,2012-12-28,110.43000030517578,110.76000213623047,109.83000183105469,110.62000274658203,1101,110.62000274658203
BZ=F,2012-12-31,109.6500015258789,111.22000122070312,109.4800033569336,111.11000061035156,716,111.11000061035156
BZ=F,2013-01-02,111.94000244140625,112.9000015258789,111.76000213623047,112.47000122070312,1343,112.47000122070312
BZ=F,2013-01-03,111.91999816894531,112.38999938964844,111.69999694824219,112.13999938964844,752,112.13999938964844
BZ=F,2013-01-04,110.72000122070312,111.73999786376953,110.72000122070312,111.30999755859375,1279,111.30999755859375
BZ=F,2013-01-07,110.80000305175781,111.66999816894531,110.58000183105469,111.4000015258789,1860,111.4000015258789
BZ=F,2013-01-08,112.38999938964844,112.44000244140625,111.4800033569336,111.94000244140625,1385,111.94000244140625
BZ=F,2013-01-09,111.88999938964844,111.94999694824219,111.12999725341797,111.76000213623047,1368,111.76000213623047
BZ=F,2013-01-10,112.97000122070312,112.98999786376953,111.66000366210938,111.88999938964844,1495,111.88999938964844
BZ=F,2013-01-11,110.69000244140625,110.73999786376953,109.69999694824219,110.63999938964844,1141,110.63999938964844
BZ=F,2013-01-14,111.1500015258789,112.0199966430664,110.41000366210938,111.87999725341797,1019,111.87999725341797
BZ=F,2013-01-15,111.73999786376953,111.91000366210938,110.30000305175781,110.30000305175781,1227,110.30000305175781
BZ=F,2013-01-16,110.5199966430664,110.61000061035156,110.44000244140625,110.61000061035156,33,110.61000061035156
BZ=F,2013-01-17,110.61000061035156,110.61000061035156,110.61000061035156,110.61000061035156,0,110.61000061035156
BZ=F,2013-01-18,110.61000061035156,110.61000061035156,110.61000061035156,110.61000061035156,5410,110.61000061035156
BZ=F,2013-01-22,112.19999694824219,112.6500015258789,111.56999969482422,112.41999816894531,7873,112.41999816894531
BZ=F,2013-01-23,112.38999938964844,113.1500015258789,112.20999908447266,112.80000305175781,5558,112.80000305175781
BZ=F,2013-01-24,112.43000030517578,113.62000274658203,112.43000030517578,113.27999877929688,5086,113.27999877929688
BZ=F,2013-01-25,113.62999725341797,113.81999969482422,112.83999633789062,113.27999877929688,3821,113.27999877929688
BZ=F,2013-01-28,112.97000122070312,113.80000305175781,112.63999938964844,113.4800033569336,4057,113.4800033569336
BZ=F,2013-01-29,113.30000305175781,114.47000122070312,113.19000244140625,114.36000061035156,3241,114.36000061035156
BZ=F,2013-01-30,114.93000030517578,115.22000122070312,114.26000213623047,114.9000015258789,2414,114.9000015258789
BZ=F,2013-01-31,114.79000091552734,115.7300033569336,114.30999755859375,115.55000305175781,3222,115.55000305175781
BZ=F,2013-02-01,115.87000274658203,117.06999969482422,115.77999877929688,116.76000213623047,4956,116.76000213623047
BZ=F,2013-02-04,115.95999908447266,116.30999755859375,115.33999633789062,115.5999984741211,2301,115.5999984741211
BZ=F,2013-02-05,116.58000183105469,117.16999816894531,116.44000244140625,116.5199966430664,5214,116.5199966430664
BZ=F,2013-02-06,116.18000030517578,117.02999877929688,115.7300033569336,116.7300033569336,3179,116.7300033569336
BZ=F,2013-02-07,117.69000244140625,117.79000091552734,116.75,117.23999786376953,6168,117.23999786376953
BZ=F,2013-02-08,118.22000122070312,119.1500015258789,118.0999984741211,118.9000015258789,3395,118.9000015258789
BZ=F,2013-02-11,118.02999877929688,118.52999877929688,117.55000305175781,118.12999725341797,2152,118.12999725341797
BZ=F,2013-02-12,118.81999969482422,118.81999969482422,117.95999908447266,118.66000366210938,1556,118.66000366210938
BZ=F,2013-02-13,118.72000122070312,118.91999816894531,118.36000061035156,118.72000122070312,225,118.72000122070312
BZ=F,2013-02-14,118.58000183105469,118.58000183105469,118.58000183105469,118.58000183105469,0,118.58000183105469
BZ=F,2013-02-15,118.58000183105469,118.58000183105469,118.58000183105469,118.58000183105469,5321,118.58000183105469
BZ=F,2013-02-19,117.30999755859375,117.56999969482422,116.55999755859375,117.5199966430664,3321,117.5199966430664
BZ=F,2013-02-20,117.48999786376953,117.5,115.02999877929688,115.5999984741211,4641,115.5999984741211
BZ=F,2013-02-21,114.37000274658203,114.37000274658203,113.33000183105469,113.52999877929688,4022,113.52999877929688
BZ=F,2013-02-22,114.19000244140625,114.55999755859375,113.63999938964844,114.0999984741211,2836,114.0999984741211
BZ=F,2013-02-25,115.51000213623047,115.81999969482422,113.47000122070312,114.44000244140625,4213,114.44000244140625
BZ=F,2013-02-26,113.1500015258789,114.29000091552734,112.41000366210938,112.70999908447266,3942,112.70999908447266
BZ=F,2013-02-27,113.08000183105469,113.12999725341797,111.66000366210938,111.87000274658203,4940,111.87000274658203
BZ=F,2013-02-28,112.08000183105469,112.55999755859375,110.87000274658203,111.37999725341797,5369,111.37999725341797
BZ=F,2013-03-01,110.55999755859375,110.73999786376953,109.83999633789062,110.4000015258789,5687,110.4000015258789
BZ=F,2013-03-04,110.4000015258789,110.87999725341797,109.58000183105469,110.08999633789062,3618,110.08999633789062
BZ=F,2013-03-05,110.55999755859375,111.80999755859375,110.41999816894531,111.61000061035156,5330,111.61000061035156
BZ=F,2013-03-06,111.41999816894531,111.66999816894531,110.45999908447266,111.05999755859375,4002,111.05999755859375
BZ=F,2013-03-07,110.79000091552734,111.4000015258789,110.41999816894531,111.1500015258789,4272,111.1500015258789
BZ=F,2013-03-08,109.7699966430664,110.94000244140625,109.1500015258789,110.8499984741211,4486,110.8499984741211
BZ=F,2013-03-11,110.16999816894531,110.4800033569336,109.54000091552734,110.22000122070312,2427,110.22000122070312
BZ=F,2013-03-12,109.83999633789062,111.18000030517578,109.31999969482422,109.6500015258789,2388,109.6500015258789
BZ=F,2013-03-13,109.66000366210938,109.66999816894531,108.31999969482422,108.5199966430664,950,108.5199966430664
BZ=F,2013-03-14,108.97000122070312,109.94000244140625,108.97000122070312,109.41999816894531,269,109.41999816894531
BZ=F,2013-03-15,109.37999725341797,109.37999725341797,109.37999725341797,109.37999725341797,2567,109.37999725341797
BZ=F,2013-03-18,NA,NA,NA,NA,NA,NA
BZ=F,2013-03-19,109.01000213623047,109.27999877929688,107.27999877929688,107.44999694824219,3327,107.44999694824219
BZ=F,2013-03-20,108.16999816894531,108.88999938964844,107.75,108.72000122070312,2745,108.72000122070312
BZ=F,2013-03-21,108.37000274658203,108.55999755859375,107.0999984741211,107.47000122070312,3484,107.47000122070312
BZ=F,2013-03-22,107.55000305175781,107.94999694824219,107.01000213623047,107.66000366210938,2605,107.66000366210938
BZ=F,2013-03-25,108.37999725341797,109.02999877929688,107.29000091552734,108.16999816894531,3055,108.16999816894531
BZ=F,2013-03-26,108.33999633789062,109.52999877929688,107.95999908447266,109.36000061035156,3355,109.36000061035156
BZ=F,2013-03-27,109.55000305175781,109.94000244140625,109.05000305175781,109.69000244140625,3926,109.69000244140625
BZ=F,2013-03-28,109.87999725341797,110.02999877929688,109.0199966430664,110.0199966430664,2175,110.0199966430664
BZ=F,2013-03-29,NA,NA,NA,NA,NA,NA
BZ=F,2013-04-01,109.68000030517578,111.30000305175781,109.63999938964844,111.08000183105469,1788,111.08000183105469
BZ=F,2013-04-02,111.41000366210938,111.77999877929688,110.0199966430664,110.69000244140625,4299,110.69000244140625
BZ=F,2013-04-03,109.94000244140625,110.12000274658203,106.83000183105469,107.11000061035156,5172,107.11000061035156
BZ=F,2013-04-04,107.18000030517578,108.02999877929688,105.30999755859375,106.33999633789062,7158,106.33999633789062
BZ=F,2013-04-05,105.69000244140625,105.88999938964844,103.62999725341797,104.12000274658203,8817,104.12000274658203
BZ=F,2013-04-08,105.37000274658203,105.55000305175781,103.44000244140625,104.66000366210938,3754,104.66000366210938
BZ=F,2013-04-09,105.33999633789062,106.5,104.29000091552734,106.2300033569336,4934,106.2300033569336
BZ=F,2013-04-10,105.80999755859375,106.12000274658203,105.16999816894531,105.79000091552734,3159,105.79000091552734
BZ=F,2013-04-11,105.7300033569336,105.91999816894531,103.7300033569336,104.2699966430664,2429,104.2699966430664
BZ=F,2013-04-12,102.94999694824219,103.23999786376953,101.30000305175781,103.11000061035156,3004,103.11000061035156
BZ=F,2013-04-15,101.41999816894531,101.41999816894531,100.3499984741211,100.38999938964844,1126,100.38999938964844
BZ=F,2013-04-16,100.36000061035156,100.36000061035156,100.36000061035156,100.36000061035156,0,100.36000061035156
BZ=F,2013-04-17,100.36000061035156,100.36000061035156,100.36000061035156,100.36000061035156,4442,100.36000061035156
BZ=F,2013-04-18,98.80999755859375,99.7699966430664,97.55000305175781,99.12999725341797,6283,99.12999725341797
BZ=F,2013-04-19,100.11000061035156,100.11000061035156,99.05000305175781,99.6500015258789,4312,99.6500015258789
BZ=F,2013-04-22,100.66000366210938,101.01000213623047,99.23999786376953,100.38999938964844,3890,100.38999938964844
BZ=F,2013-04-23,99.529998779296875,100.56999969482422,99.029998779296875,100.30999755859375,4381,100.30999755859375
BZ=F,2013-04-24,100.93000030517578,101.9800033569336,100.48999786376953,101.7300033569336,4467,101.7300033569336
BZ=F,2013-04-25,102,103.4800033569336,101.6500015258789,103.41000366210938,5471,103.41000366210938
BZ=F,2013-04-26,102.69999694824219,103.45999908447266,102.30000305175781,103.16000366210938,4974,103.16000366210938
BZ=F,2013-04-29,103.18000030517578,103.93000030517578,102.95999908447266,103.80999755859375,4138,103.80999755859375
BZ=F,2013-04-30,103.68000030517578,103.88999938964844,101.5,102.37000274658203,6356,102.37000274658203
BZ=F,2013-05-01,100.80000305175781,101.16999816894531,98.76000213623047,99.94999694824219,8670,99.94999694824219
BZ=F,2013-05-02,100.83999633789062,102.95999908447266,100.22000122070312,102.8499984741211,7583,102.8499984741211
BZ=F,2013-05-03,103.44000244140625,104.9000015258789,103.37000274658203,104.19000244140625,7412,104.19000244140625
BZ=F,2013-05-06,104.68000030517578,105.52999877929688,103.91000366210938,105.45999908447266,3668,105.45999908447266
BZ=F,2013-05-07,105.08000183105469,105.93000030517578,104.02999877929688,104.4000015258789,7856,104.4000015258789
BZ=F,2013-05-08,103.73999786376953,104.79000091552734,103.52999877929688,104.33999633789062,7772,104.33999633789062
BZ=F,2013-05-09,103.80999755859375,104.5199966430664,103.45999908447266,104.47000122070312,5308,104.47000122070312
BZ=F,2013-05-10,103.87999725341797,104.05000305175781,101.56999969482422,103.91000366210938,5241,103.91000366210938
BZ=F,2013-05-13,102.72000122070312,103.5999984741211,102.2699966430664,102.81999969482422,5649,102.81999969482422
BZ=F,2013-05-14,102.08000183105469,102.91000366210938,101.97000122070312,102.5999984741211,3504,102.5999984741211
BZ=F,2013-05-15,102.2300033569336,103.79000091552734,101.25,103.68000030517578,2940,103.68000030517578
BZ=F,2013-05-16,103.83999633789062,104.04000091552734,103.55999755859375,103.80000305175781,512,103.80000305175781
BZ=F,2013-05-17,103.72000122070312,103.72000122070312,103.72000122070312,103.72000122070312,0,103.72000122070312
BZ=F,2013-05-20,103.72000122070312,103.72000122070312,103.72000122070312,103.72000122070312,3976,103.72000122070312
BZ=F,2013-05-21,104.3499984741211,104.5999984741211,103.51000213623047,103.91000366210938,3839,103.91000366210938
BZ=F,2013-05-22,103.2699966430664,103.77999877929688,102.23999786376953,102.5999984741211,4718,102.5999984741211
BZ=F,2013-05-23,102.0199966430664,102.66000366210938,100.66000366210938,102.44000244140625,4740,102.44000244140625
BZ=F,2013-05-24,102.25,102.7699966430664,101.66999816894531,102.63999938964844,2671,102.63999938964844
BZ=F,2013-05-28,104.06999969482422,104.68000030517578,103.98999786376953,104.2300033569336,4450,104.2300033569336
BZ=F,2013-05-29,103.9000015258789,104.37999725341797,102.19000244140625,102.43000030517578,3856,102.43000030517578
BZ=F,2013-05-30,101.8499984741211,102.8499984741211,101.0999984741211,102.19000244140625,4542,102.19000244140625
BZ=F,2013-05-31,101.79000091552734,101.80000305175781,100.05000305175781,100.38999938964844,5185,100.38999938964844
BZ=F,2013-06-03,101.05999755859375,102.37999725341797,101.0199966430664,102.05999755859375,4609,102.05999755859375
BZ=F,2013-06-04,101.69000244140625,103.55000305175781,101.5,103.23999786376953,6820,103.23999786376953
BZ=F,2013-06-05,103.36000061035156,104.05999755859375,102.8499984741211,103.04000091552734,4854,103.04000091552734
BZ=F,2013-06-06,103,103.94000244140625,102.9000015258789,103.61000061035156,4502,103.61000061035156
BZ=F,2013-06-07,104.12999725341797,105,102.9000015258789,104.55999755859375,7588,104.55999755859375
BZ=F,2013-06-10,104.16999816894531,104.38999938964844,103.72000122070312,103.94999694824219,4235,103.94999694824219
BZ=F,2013-06-11,102.7699966430664,103,101.81999969482422,102.95999908447266,4916,102.95999908447266
BZ=F,2013-06-12,103.30000305175781,104.05000305175781,102.91000366210938,103.48999786376953,3238,103.48999786376953
BZ=F,2013-06-13,103.08999633789062,104.25,103.08999633789062,104.25,34,104.25
BZ=F,2013-06-14,104.29000091552734,104.29000091552734,104.29000091552734,104.29000091552734,4848,104.29000091552734
BZ=F,2013-06-17,NA,NA,NA,NA,NA,NA
BZ=F,2013-06-18,105.27999877929688,106.22000122070312,105.26000213623047,106.0199966430664,4524,106.0199966430664
BZ=F,2013-06-19,106.33999633789062,106.52999877929688,105.45999908447266,106.12000274658203,4520,106.12000274658203
BZ=F,2013-06-20,104.22000122070312,104.44000244140625,101.75,102.1500015258789,9237,102.1500015258789
BZ=F,2013-06-21,102.62999725341797,102.69999694824219,100.08000183105469,100.91000366210938,7294,100.91000366210938
BZ=F,2013-06-24,100.79000091552734,101.62000274658203,99.720001220703125,101.16000366210938,8744,101.16000366210938
BZ=F,2013-06-25,101.8499984741211,101.91000366210938,100.94000244140625,101.26000213623047,5444,101.26000213623047
BZ=F,2013-06-26,101.22000122070312,101.87000274658203,100.2699966430664,101.66000366210938,6116,101.66000366210938
BZ=F,2013-06-27,102.06999969482422,103.33999633789062,101.83000183105469,102.81999969482422,8070,102.81999969482422
BZ=F,2013-06-28,102.91000366210938,103.30000305175781,101.87999725341797,102.16000366210938,8321,102.16000366210938
BZ=F,2013-07-01,102.72000122070312,103.69000244140625,102.5199966430664,103,7087,103
BZ=F,2013-07-02,102.9800033569336,104.11000061035156,102.9800033569336,104,5326,104
BZ=F,2013-07-03,104.80000305175781,106.0199966430664,104.80000305175781,105.76000213623047,6544,105.76000213623047
BZ=F,2013-07-05,106.3499984741211,107.8499984741211,106.18000030517578,107.72000122070312,7411,107.72000122070312
BZ=F,2013-07-08,107.08999633789062,107.66000366210938,106.80000305175781,107.43000030517578,4529,107.43000030517578
BZ=F,2013-07-09,107.18000030517578,108.16999816894531,106.8499984741211,107.80999755859375,5029,107.80999755859375
BZ=F,2013-07-10,108.13999938964844,108.62000274658203,107.87000274658203,108.51000213623047,4574,108.51000213623047
BZ=F,2013-07-11,108.19000244140625,108.54000091552734,107.30999755859375,107.7300033569336,4952,107.7300033569336
BZ=F,2013-07-12,107.80000305175781,109.05999755859375,107.7699966430664,108.80999755859375,4515,108.80999755859375
BZ=F,2013-07-15,108.48999786376953,109.08999633789062,108.48999786376953,109.08999633789062,4334,109.08999633789062
BZ=F,2013-07-16,109.1500015258789,109.4000015258789,109.1500015258789,109.4000015258789,18,109.4000015258789
BZ=F,2013-07-17,109.36000061035156,109.36000061035156,109.36000061035156,109.36000061035156,3702,109.36000061035156
BZ=F,2013-07-18,NA,NA,NA,NA,NA,NA
BZ=F,2013-07-19,108.95999908447266,109.16999816894531,107.04000091552734,108.06999969482422,6176,108.06999969482422
BZ=F,2013-07-22,108.37000274658203,108.66000366210938,107.58000183105469,108.1500015258789,8730,108.1500015258789
BZ=F,2013-07-23,108.0199966430664,108.5999984741211,107.79000091552734,108.41999816894531,9570,108.41999816894531
BZ=F,2013-07-24,107.80000305175781,107.88999938964844,106.2699966430664,107.19000244140625,5810,107.19000244140625
BZ=F,2013-07-25,106.66999816894531,107.8499984741211,106.66999816894531,107.6500015258789,4913,107.6500015258789
BZ=F,2013-07-26,107.0999984741211,107.27999877929688,106.52999877929688,107.16999816894531,3172,107.16999816894531
BZ=F,2013-07-29,107.5999984741211,107.87000274658203,106.83999633789062,107.44999694824219,5249,107.44999694824219
BZ=F,2013-07-30,107.23999786376953,107.37999725341797,106.55999755859375,106.91000366210938,7855,106.91000366210938
BZ=F,2013-07-31,106.08999633789062,107.9000015258789,105.73999786376953,107.69999694824219,6517,107.69999694824219
BZ=F,2013-08-01,109.19999694824219,109.62999725341797,108.52999877929688,109.54000091552734,5495,109.54000091552734
BZ=F,2013-08-02,109.33999633789062,109.3499984741211,108.38999938964844,108.94999694824219,3957,108.94999694824219
BZ=F,2013-08-05,108.13999938964844,108.87999725341797,107.55999755859375,108.69999694824219,4489,108.69999694824219
BZ=F,2013-08-06,108.76000213623047,109.0199966430664,107.47000122070312,108.18000030517578,3859,108.18000030517578
BZ=F,2013-08-07,107.69000244140625,107.93000030517578,107.08999633789062,107.44000244140625,4690,107.44000244140625
BZ=F,2013-08-08,106.94999694824219,107.01000213623047,105.8499984741211,106.68000030517578,8136,106.68000030517578
BZ=F,2013-08-09,107.37000274658203,108.26000213623047,106.62000274658203,108.22000122070312,5252,108.22000122070312
BZ=F,2013-08-12,108.0199966430664,109.12000274658203,107.55000305175781,108.97000122070312,6891,108.97000122070312
BZ=F,2013-08-13,109.58999633789062,110.04000091552734,109.0199966430664,109.81999969482422,5136,109.81999969482422
BZ=F,2013-08-14,109.05000305175781,110.31999969482422,109.05000305175781,110.19999694824219,5913,110.19999694824219
BZ=F,2013-08-15,110.9800033569336,111.29000091552734,110.55999755859375,111.11000061035156,121,111.11000061035156
BZ=F,2013-08-16,111.16999816894531,111.16999816894531,111.16999816894531,111.16999816894531,8502,111.16999816894531
BZ=F,2013-08-19,NA,NA,NA,NA,NA,NA
BZ=F,2013-08-20,109.41000366210938,110.70999908447266,108.80000305175781,110.1500015258789,7184,110.1500015258789
BZ=F,2013-08-21,109.68000030517578,110.27999877929688,109.55999755859375,109.80999755859375,6371,109.80999755859375
BZ=F,2013-08-22,109.94000244140625,110.02999877929688,109.41000366210938,109.9000015258789,4848,109.9000015258789
BZ=F,2013-08-23,110.12999725341797,111.2300033569336,109.93000030517578,111.04000091552734,7755,111.04000091552734
BZ=F,2013-08-26,110.9000015258789,111.16000366210938,110.5,110.7300033569336,2251,110.7300033569336
BZ=F,2013-08-27,111.94999694824219,114.41999816894531,111.86000061035156,114.36000061035156,11690,114.36000061035156
BZ=F,2013-08-28,115.2699966430664,116.68000030517578,114.91999816894531,116.61000061035156,12397,116.61000061035156
BZ=F,2013-08-29,116.05000305175781,117.0199966430664,114.2300033569336,115.16000366210938,7936,115.16000366210938
BZ=F,2013-08-30,115.11000061035156,115.38999938964844,113.66000366210938,114.01000213623047,0,114.01000213623047
BZ=F,2013-09-03,115.06999969482422,115.91999816894531,114.55000305175781,115.68000030517578,12654,115.68000030517578
BZ=F,2013-09-04,115.16999816894531,115.5,114.41000366210938,114.91000366210938,7325,114.91000366210938
BZ=F,2013-09-05,115.30000305175781,115.3499984741211,114.30999755859375,115.26000213623047,6811,115.26000213623047
BZ=F,2013-09-06,115.3499984741211,116.51000213623047,115.33999633789062,116.12000274658203,5463,116.12000274658203
BZ=F,2013-09-09,115.19999694824219,115.2699966430664,113.12000274658203,113.72000122070312,11349,113.72000122070312
BZ=F,2013-09-10,113.38999938964844,113.47000122070312,110.6500015258789,111.25,9149,111.25
BZ=F,2013-09-11,111.83000183105469,112.05999755859375,111.12000274658203,111.5,5381,111.5
BZ=F,2013-09-12,112.44999694824219,112.87000274658203,112.13999938964844,112.62999725341797,2554,112.62999725341797
BZ=F,2013-09-13,112.2699966430664,112.77999877929688,111.79000091552734,112.77999877929688,6998,112.77999877929688
BZ=F,2013-09-16,NA,NA,NA,NA,NA,NA
BZ=F,2013-09-17,NA,NA,NA,NA,NA,NA
BZ=F,2013-09-18,108.2300033569336,111.02999877929688,107.87000274658203,110.5999984741211,7296,110.5999984741211
BZ=F,2013-09-19,110.94999694824219,110.95999908447266,108.55000305175781,108.76000213623047,6103,108.76000213623047
BZ=F,2013-09-20,109.20999908447266,109.66000366210938,108.70999908447266,109.22000122070312,5219,109.22000122070312
BZ=F,2013-09-23,109.2300033569336,109.26000213623047,107.77999877929688,108.16000366210938,5869,108.16000366210938
BZ=F,2013-09-24,107.87999725341797,108.88999938964844,107.44999694824219,108.63999938964844,6581,108.63999938964844
BZ=F,2013-09-25,109.83000183105469,109.94000244140625,107.88999938964844,108.31999969482422,9360,108.31999969482422
BZ=F,2013-09-26,108.86000061035156,109.23999786376953,108.4000015258789,109.20999908447266,5886,109.20999908447266
BZ=F,2013-09-27,108.66000366210938,109.6500015258789,108.13999938964844,108.62999725341797,6955,108.62999725341797
BZ=F,2013-09-30,107.69999694824219,108.66000366210938,107.2300033569336,108.37000274658203,6565,108.37000274658203
BZ=F,2013-10-01,108.3499984741211,108.36000061035156,106.80999755859375,107.94000244140625,10793,107.94000244140625
BZ=F,2013-10-02,107.94000244140625,109.47000122070312,107.69000244140625,109.19000244140625,9315,109.19000244140625
BZ=F,2013-10-03,109.43000030517578,109.83999633789062,108.62000274658203,109,7082,109
BZ=F,2013-10-04,109.29000091552734,109.73999786376953,108.72000122070312,109.45999908447266,6171,109.45999908447266
BZ=F,2013-10-07,108.30999755859375,110.0999984741211,108.1500015258789,109.68000030517578,7563,109.68000030517578
BZ=F,2013-10-08,110.58999633789062,110.79000091552734,110.01000213623047,110.16000366210938,4913,110.16000366210938
BZ=F,2013-10-09,110.01000213623047,110.04000091552734,108.2300033569336,109.05999755859375,4948,109.05999755859375
BZ=F,2013-10-10,109.94999694824219,111.9800033569336,109.69999694824219,111.80000305175781,8794,111.80000305175781
BZ=F,2013-10-11,111.44000244140625,111.69999694824219,110.54000091552734,111.27999877929688,4319,111.27999877929688
BZ=F,2013-10-14,110.41999816894531,111.19999694824219,109.87000274658203,111.04000091552734,3341,111.04000091552734
BZ=F,2013-10-15,110.12000274658203,110.58000183105469,109.58999633789062,109.95999908447266,2247,109.95999908447266
BZ=F,2013-10-16,109.80999755859375,110.86000061035156,109.75,110.86000061035156,38,110.86000061035156
BZ=F,2013-10-17,110.97000122070312,110.97000122070312,110.97000122070312,110.97000122070312,6658,110.97000122070312
BZ=F,2013-10-18,NA,NA,NA,NA,NA,NA
BZ=F,2013-10-21,109.66999816894531,110.12999725341797,109.2300033569336,109.63999938964844,5329,109.63999938964844
BZ=F,2013-10-22,110.12999725341797,110.9000015258789,109.62000274658203,109.97000122070312,5789,109.97000122070312
BZ=F,2013-10-23,110.12999725341797,110.9000015258789,107.33000183105469,107.80000305175781,10576,107.80000305175781
BZ=F,2013-10-24,107.69999694824219,108.2300033569336,106.87999725341797,106.98999786376953,7917,106.98999786376953
BZ=F,2013-10-25,107.02999877929688,107.31999969482422,106.27999877929688,106.93000030517578,6723,106.93000030517578
BZ=F,2013-10-28,107.16999816894531,109.69000244140625,107.1500015258789,109.61000061035156,8120,109.61000061035156
BZ=F,2013-10-29,109.2699966430664,109.4000015258789,108.43000030517578,109.01000213623047,5454,109.01000213623047
BZ=F,2013-10-30,108.66000366210938,110.12000274658203,108.66000366210938,109.86000061035156,7259,109.86000061035156
BZ=F,2013-10-31,109.80000305175781,109.80000305175781,108.55999755859375,108.83999633789062,7077,108.83999633789062
BZ=F,2013-11-01,109.18000030517578,109.38999938964844,105.79000091552734,105.91000366210938,9208,105.91000366210938
BZ=F,2013-11-04,105.97000122070312,106.54000091552734,105.13999938964844,106.2300033569336,7029,106.2300033569336
BZ=F,2013-11-05,106.41000366210938,106.48999786376953,105.19999694824219,105.33000183105469,5619,105.33000183105469
BZ=F,2013-11-06,105.87999725341797,106.36000061035156,104.87999725341797,105.23999786376953,8063,105.23999786376953
BZ=F,2013-11-07,104.94000244140625,105.12999725341797,103.23999786376953,103.45999908447266,10778,103.45999908447266
BZ=F,2013-11-08,103.38999938964844,105.37999725341797,103,105.12000274658203,8183,105.12000274658203
BZ=F,2013-11-11,105.6500015258789,106.48999786376953,105.30999755859375,106.4000015258789,4925,106.4000015258789
BZ=F,2013-11-12,106.19000244140625,107.3499984741211,105.52999877929688,105.80999755859375,7598,105.80999755859375
BZ=F,2013-11-13,106.0199966430664,107.41000366210938,106.0199966430664,107.12000274658203,4449,107.12000274658203
BZ=F,2013-11-14,107.13999938964844,108.87000274658203,107.13999938964844,108.54000091552734,237,108.54000091552734
BZ=F,2013-11-15,108.55000305175781,108.55000305175781,108.55000305175781,108.55000305175781,4900,108.55000305175781
BZ=F,2013-11-18,NA,NA,NA,NA,NA,NA
BZ=F,2013-11-19,108.13999938964844,108.61000061035156,106.81999969482422,106.91999816894531,5874,106.91999816894531
BZ=F,2013-11-20,107.31999969482422,108.37000274658203,106.54000091552734,108.05999755859375,5560,108.05999755859375
BZ=F,2013-11-21,107.8499984741211,110.2699966430664,107.69000244140625,110.08000183105469,8039,110.08000183105469
BZ=F,2013-11-22,109.98999786376953,111.37000274658203,109.6500015258789,111.05000305175781,8917,111.05000305175781
BZ=F,2013-11-25,109.9000015258789,111.66000366210938,108.08999633789062,111,9286,111
BZ=F,2013-11-26,110.80999755859375,111.4800033569336,110.44000244140625,110.87999725341797,6731,110.87999725341797
BZ=F,2013-11-27,110.91999816894531,111.6500015258789,110.52999877929688,111.30999755859375,6312,111.30999755859375
BZ=F,2013-11-29,111.4000015258789,111.5,109.62000274658203,109.69000244140625,3145,109.69000244140625
BZ=F,2013-12-02,109.75,112.31999969482422,109.31999969482422,111.44999694824219,7293,111.44999694824219
BZ=F,2013-12-03,111.44999694824219,112.91000366210938,111.05999755859375,112.62000274658203,6822,112.62000274658203
BZ=F,2013-12-04,112.94000244140625,112.94000244140625,111.47000122070312,111.87999725341797,10654,111.87999725341797
BZ=F,2013-12-05,111.66000366210938,112.19999694824219,110.79000091552734,110.9800033569336,6867,110.9800033569336
BZ=F,2013-12-06,111.2699966430664,112.05000305175781,111.04000091552734,111.61000061035156,3762,111.61000061035156
BZ=F,2013-12-09,111.66999816894531,111.69999694824219,109.0999984741211,109.38999938964844,4871,109.38999938964844
BZ=F,2013-12-10,109.47000122070312,110.44999694824219,108.55999755859375,109.37999725341797,5592,109.37999725341797
BZ=F,2013-12-11,109.43000030517578,109.86000061035156,108.62999725341797,109.69999694824219,6192,109.69999694824219
BZ=F,2013-12-12,109.76000213623047,109.91999816894531,108.44999694824219,108.66999816894531,5074,108.66999816894531
BZ=F,2013-12-13,108.66999816894531,108.93000030517578,108.05000305175781,108.83000183105469,2888,108.83000183105469
BZ=F,2013-12-16,109.3499984741211,110.69999694824219,109.3499984741211,110.47000122070312,29,110.47000122070312
BZ=F,2013-12-17,110.41000366210938,110.41000366210938,110.41000366210938,110.41000366210938,7394,110.41000366210938
BZ=F,2013-12-18,NA,NA,NA,NA,NA,NA
BZ=F,2013-12-19,109.12999725341797,110.5199966430664,109.12000274658203,110.29000091552734,6496,110.29000091552734
BZ=F,2013-12-20,109.95999908447266,111.8499984741211,109.87999725341797,111.7699966430664,6214,111.7699966430664
BZ=F,2013-12-23,112,112,111.27999877929688,111.55999755859375,3285,111.55999755859375
BZ=F,2013-12-24,111.58999633789062,112.05999755859375,111.44000244140625,111.9000015258789,2113,111.9000015258789
BZ=F,2013-12-26,112.0199966430664,112.05999755859375,111.47000122070312,111.9800033569336,1241,111.9800033569336
BZ=F,2013-12-27,111.91999816894531,112.80000305175781,111.55000305175781,112.18000030517578,5381,112.18000030517578
BZ=F,2013-12-30,112.36000061035156,112.55000305175781,110.9000015258789,111.20999908447266,3396,111.20999908447266
BZ=F,2013-12-31,111.20999908447266,111.44999694824219,110.41999816894531,110.80000305175781,2383,110.80000305175781
BZ=F,2014-01-02,110.80000305175781,111.31999969482422,107.69000244140625,107.77999877929688,5131,107.77999877929688
BZ=F,2014-01-03,107.91999816894531,108.62000274658203,106.77999877929688,106.88999938964844,5641,106.88999938964844
BZ=F,2014-01-06,107.04000091552734,107.94999694824219,106.58000183105469,106.7300033569336,7015,106.7300033569336
BZ=F,2014-01-07,107.18000030517578,107.70999908447266,106.91000366210938,107.3499984741211,4075,107.3499984741211
BZ=F,2014-01-08,107.44999694824219,107.91999816894531,107.01000213623047,107.1500015258789,5124,107.1500015258789
BZ=F,2014-01-09,107.51000213623047,108.16000366210938,106.12000274658203,106.38999938964844,3715,106.38999938964844
BZ=F,2014-01-10,106.69999694824219,107.45999908447266,106.05000305175781,107.25,4589,107.25
BZ=F,2014-01-13,107.63999938964844,107.7699966430664,106.5199966430664,106.75,3669,106.75
BZ=F,2014-01-14,106.62999725341797,107.12999725341797,106.06999969482422,106.38999938964844,3983,106.38999938964844
BZ=F,2014-01-15,106.26000213623047,107.5199966430664,105.83000183105469,107.12999725341797,3169,107.12999725341797
BZ=F,2014-01-16,106.91999816894531,107.25,106.73999786376953,107.08999633789062,115,107.08999633789062
BZ=F,2014-01-17,107.05999755859375,107.05999755859375,107.05999755859375,107.05999755859375,7458,107.05999755859375
BZ=F,2014-01-21,NA,NA,NA,NA,NA,NA
BZ=F,2014-01-22,106.98999786376953,108.31999969482422,106.98999786376953,108.2699966430664,5573,108.2699966430664
BZ=F,2014-01-23,108.05000305175781,108.25,107.38999938964844,107.58000183105469,6494,107.58000183105469
BZ=F,2014-01-24,107.68000030517578,108.0199966430664,106.25,107.87999725341797,7550,107.87999725341797
BZ=F,2014-01-27,107.70999908447266,107.80000305175781,106.45999908447266,106.69000244140625,5447,106.69000244140625
BZ=F,2014-01-28,106.91999816894531,107.77999877929688,106.8499984741211,107.41000366210938,5708,107.41000366210938
BZ=F,2014-01-29,107.38999938964844,108.01000213623047,106.94999694824219,107.8499984741211,5192,107.8499984741211
BZ=F,2014-01-30,107.97000122070312,108.4000015258789,107.66000366210938,107.94999694824219,5144,107.94999694824219
BZ=F,2014-01-31,107.87999725341797,107.93000030517578,106.30000305175781,106.4000015258789,6123,106.4000015258789
BZ=F,2014-02-03,106.06999969482422,106.70999908447266,105.3499984741211,106.04000091552734,6629,106.04000091552734
BZ=F,2014-02-04,106.04000091552734,106.22000122070312,105.54000091552734,105.77999877929688,3583,105.77999877929688
BZ=F,2014-02-05,105.9800033569336,106.43000030517578,105.58999633789062,106.25,4243,106.25
BZ=F,2014-02-06,106.30000305175781,107.44999694824219,106.2300033569336,107.19000244140625,4889,107.19000244140625
BZ=F,2014-02-07,107.31999969482422,109.72000122070312,106.83999633789062,109.56999969482422,6885,109.56999969482422
BZ=F,2014-02-10,109.6500015258789,109.68000030517578,108.5199966430664,108.62999725341797,5009,108.62999725341797
BZ=F,2014-02-11,108.68000030517578,109.2300033569336,108.4800033569336,108.68000030517578,4010,108.68000030517578
BZ=F,2014-02-12,108.83000183105469,109.48999786376953,108.55000305175781,108.79000091552734,3784,108.79000091552734
BZ=F,2014-02-13,108.2300033569336,108.7300033569336,108.19000244140625,108.7300033569336,467,108.7300033569336
BZ=F,2014-02-14,108.7300033569336,108.7300033569336,108.7300033569336,108.7300033569336,5560,108.7300033569336
BZ=F,2014-02-18,NA,NA,NA,NA,NA,NA
BZ=F,2014-02-19,110.30999755859375,110.83000183105469,110.02999877929688,110.47000122070312,4749,110.47000122070312
BZ=F,2014-02-20,110.06999969482422,110.44999694824219,109.58999633789062,110.30000305175781,5272,110.30000305175781
BZ=F,2014-02-21,110.23999786376953,110.37999725341797,109.37000274658203,109.8499984741211,4938,109.8499984741211
BZ=F,2014-02-24,109.9000015258789,110.76000213623047,109.52999877929688,110.63999938964844,4272,110.63999938964844
BZ=F,2014-02-25,110.5,110.5199966430664,109.44999694824219,109.51000213623047,5613,109.51000213623047
BZ=F,2014-02-26,109.29000091552734,109.97000122070312,109.22000122070312,109.5199966430664,5701,109.5199966430664
BZ=F,2014-02-27,109.30000305175781,109.41999816894531,108.63999938964844,108.95999908447266,5476,108.95999908447266
BZ=F,2014-02-28,108.83999633789062,109.36000061035156,108.4000015258789,109.06999969482422,5667,109.06999969482422
BZ=F,2014-03-03,110.37000274658203,112.37999725341797,110.37000274658203,111.19999694824219,8433,111.19999694824219
BZ=F,2014-03-04,111.41999816894531,111.80000305175781,109.02999877929688,109.30000305175781,6049,109.30000305175781
BZ=F,2014-03-05,109.16000366210938,109.2699966430664,107.54000091552734,107.76000213623047,6452,107.76000213623047
BZ=F,2014-03-06,107.5999984741211,108.52999877929688,107.37999725341797,108.0999984741211,7905,108.0999984741211
BZ=F,2014-03-07,108.30000305175781,109.08000183105469,107.83000183105469,109,6678,109
BZ=F,2014-03-10,108.56999969482422,108.66999816894531,107.76000213623047,108.08000183105469,5500,108.08000183105469
BZ=F,2014-03-11,107.87000274658203,108.66999816894531,107.87000274658203,108.55000305175781,4841,108.55000305175781
BZ=F,2014-03-12,108.31999969482422,108.55000305175781,107.63999938964844,108.0199966430664,5810,108.0199966430664
BZ=F,2014-03-13,108.2300033569336,108.47000122070312,106.98999786376953,107.38999938964844,2507,107.38999938964844
BZ=F,2014-03-14,107.5999984741211,108.6500015258789,107.30000305175781,108.56999969482422,403,108.56999969482422
BZ=F,2014-03-17,108.54000091552734,108.54000091552734,108.54000091552734,108.54000091552734,6790,108.54000091552734
BZ=F,2014-03-18,106.38999938964844,106.83000183105469,105.86000061035156,106.79000091552734,7074,106.79000091552734
BZ=F,2014-03-19,106.58999633789062,106.80000305175781,105.72000122070312,105.8499984741211,8119,105.8499984741211
BZ=F,2014-03-20,105.80000305175781,106.73999786376953,105.44999694824219,106.44999694824219,7396,106.44999694824219
BZ=F,2014-03-21,106.23999786376953,107.76000213623047,106.08000183105469,106.91999816894531,4245,106.91999816894531
BZ=F,2014-03-24,106.76000213623047,107.4800033569336,106.44999694824219,106.80999755859375,5090,106.80999755859375
BZ=F,2014-03-25,106.69999694824219,107.47000122070312,106.61000061035156,106.98999786376953,4372,106.98999786376953
BZ=F,2014-03-26,107.16999816894531,107.31999969482422,106.48999786376953,107.02999877929688,4838,107.02999877929688
BZ=F,2014-03-27,107,107.97000122070312,106.77999877929688,107.83000183105469,4863,107.83000183105469
BZ=F,2014-03-28,107.69999694824219,108.37000274658203,107.69999694824219,108.06999969482422,2793,108.06999969482422
BZ=F,2014-03-31,107.86000061035156,108.33000183105469,107.05000305175781,107.76000213623047,4548,107.76000213623047
BZ=F,2014-04-01,107.69000244140625,107.7699966430664,105.11000061035156,105.62000274658203,5824,105.62000274658203
BZ=F,2014-04-02,105.43000030517578,105.77999877929688,103.97000122070312,104.79000091552734,6454,104.79000091552734
BZ=F,2014-04-03,104.6500015258789,106.30999755859375,104.48999786376953,106.1500015258789,5408,106.1500015258789
BZ=F,2014-04-04,106.19000244140625,107.02999877929688,106.12000274658203,106.72000122070312,4765,106.72000122070312
BZ=F,2014-04-07,106.5,106.61000061035156,105.12999725341797,105.81999969482422,5167,105.81999969482422
BZ=F,2014-04-08,106.0199966430664,107.83000183105469,105.77999877929688,107.66999816894531,6419,107.66999816894531
BZ=F,2014-04-09,107.66999816894531,108.12999725341797,107.1500015258789,107.9800033569336,5342,107.9800033569336
BZ=F,2014-04-10,107.69000244140625,107.8499984741211,107.27999877929688,107.45999908447266,3604,107.45999908447266
BZ=F,2014-04-11,107.30000305175781,107.87000274658203,106.98999786376953,107.33000183105469,3022,107.33000183105469
BZ=F,2014-04-14,107.5999984741211,109.12999725341797,107.29000091552734,109.06999969482422,4039,109.06999969482422
BZ=F,2014-04-15,108.66000366210938,108.93000030517578,108.41999816894531,108.73999786376953,502,108.73999786376953
BZ=F,2014-04-16,108.80000305175781,108.80000305175781,108.80000305175781,108.80000305175781,8875,108.80000305175781
BZ=F,2014-04-17,109.62999725341797,110.18000030517578,109.0999984741211,109.52999877929688,6094,109.52999877929688
BZ=F,2014-04-21,109.52999877929688,110.05000305175781,108.94000244140625,109.94999694824219,3084,109.94999694824219
BZ=F,2014-04-22,109.87999725341797,109.95999908447266,108.54000091552734,109.2699966430664,6487,109.2699966430664
BZ=F,2014-04-23,109.36000061035156,109.52999877929688,108.61000061035156,109.11000061035156,6163,109.11000061035156
BZ=F,2014-04-24,109.22000122070312,110.62999725341797,109.0999984741211,110.33000183105469,6422,110.33000183105469
BZ=F,2014-04-25,110.4000015258789,110.62000274658203,109.23999786376953,109.58000183105469,6164,109.58000183105469
BZ=F,2014-04-28,109.83000183105469,110.16000366210938,107.87999725341797,108.12000274658203,7098,108.12000274658203
BZ=F,2014-04-29,108.0999984741211,109.3499984741211,108.0999984741211,108.9800033569336,9236,108.9800033569336
BZ=F,2014-04-30,108.69999694824219,108.7300033569336,107.55000305175781,108.06999969482422,9600,108.06999969482422
BZ=F,2014-05-01,107.9800033569336,108.06999969482422,106.8499984741211,107.76000213623047,10420,107.76000213623047
BZ=F,2014-05-02,107.68000030517578,108.93000030517578,107.68000030517578,108.58999633789062,11576,108.58999633789062
BZ=F,2014-05-05,108.69000244140625,108.87999725341797,107.05000305175781,107.72000122070312,6335,107.72000122070312
BZ=F,2014-05-06,107.55999755859375,108.19999694824219,106.9800033569336,107.05999755859375,8554,107.05999755859375
BZ=F,2014-05-07,107.20999908447266,108.22000122070312,106.9800033569336,108.12999725341797,7544,108.12999725341797
BZ=F,2014-05-08,108.01000213623047,108.13999938964844,107.37999725341797,108.04000091552734,6115,108.04000091552734
BZ=F,2014-05-09,108.1500015258789,109.01000213623047,107.63999938964844,107.88999938964844,6891,107.88999938964844
BZ=F,2014-05-12,108.30000305175781,108.7300033569336,108.08999633789062,108.41000366210938,7471,108.41000366210938
BZ=F,2014-05-13,108.51000213623047,109.3499984741211,108.04000091552734,109.23999786376953,7626,109.23999786376953
BZ=F,2014-05-14,109.44000244140625,110.33000183105469,109.33999633789062,110.19000244140625,4654,110.19000244140625
BZ=F,2014-05-15,110.1500015258789,110.58999633789062,109.80000305175781,110.44000244140625,81,110.44000244140625
BZ=F,2014-05-16,110.41999816894531,110.41999816894531,110.41999816894531,110.41999816894531,6131,110.41999816894531
BZ=F,2014-05-19,109.80000305175781,110.30000305175781,109.31999969482422,109.37000274658203,7101,109.37000274658203
BZ=F,2014-05-20,109.20999908447266,110,109,109.69000244140625,10468,109.69000244140625
BZ=F,2014-05-21,109.75,110.7300033569336,109.70999908447266,110.55000305175781,7242,110.55000305175781
BZ=F,2014-05-22,110.45999908447266,111.02999877929688,110.20999908447266,110.36000061035156,6092,110.36000061035156
BZ=F,2014-05-23,110.37000274658203,110.69999694824219,110.2699966430664,110.54000091552734,5368,110.54000091552734
BZ=F,2014-05-27,110.16000366210938,110.75,109.72000122070312,110.0199966430664,10773,110.0199966430664
BZ=F,2014-05-28,110.19000244140625,110.36000061035156,109.44000244140625,109.80999755859375,8253,109.80999755859375
BZ=F,2014-05-29,109.98999786376953,110.44999694824219,109.7699966430664,109.97000122070312,7680,109.97000122070312
BZ=F,2014-05-30,110.01000213623047,110.0999984741211,109.20999908447266,109.41000366210938,8969,109.41000366210938
BZ=F,2014-06-02,109.62000274658203,109.9000015258789,108.62999725341797,108.83000183105469,7678,108.83000183105469
BZ=F,2014-06-03,108.93000030517578,108.9800033569336,108.37000274658203,108.81999969482422,5592,108.81999969482422
BZ=F,2014-06-04,108.9000015258789,109.44999694824219,108.29000091552734,108.4000015258789,9443,108.4000015258789
BZ=F,2014-06-05,108.08999633789062,108.93000030517578,107.7699966430664,108.79000091552734,8994,108.79000091552734
BZ=F,2014-06-06,108.8499984741211,109.29000091552734,108.47000122070312,108.61000061035156,7125,108.61000061035156
BZ=F,2014-06-09,108.5999984741211,110.16000366210938,108.5999984741211,109.98999786376953,11311,109.98999786376953
BZ=F,2014-06-10,109.95999908447266,110.30999755859375,109.11000061035156,109.5199966430664,9638,109.5199966430664
BZ=F,2014-06-11,109.5,110.25,109.5,109.94999694824219,6736,109.94999694824219
BZ=F,2014-06-12,110.16000366210938,113.22000122070312,110.13999938964844,113.0199966430664,6415,113.0199966430664
BZ=F,2014-06-13,114.4000015258789,114.4000015258789,112.94999694824219,113.41000366210938,315,113.41000366210938
BZ=F,2014-06-16,113.22000122070312,113.22000122070312,113.22000122070312,113.22000122070312,10542,113.22000122070312
BZ=F,2014-06-17,112.9000015258789,113.80000305175781,112.13999938964844,113.44999694824219,10642,113.44999694824219
BZ=F,2014-06-18,113.27999877929688,114.4800033569336,113.06999969482422,114.26000213623047,12588,114.26000213623047
BZ=F,2014-06-19,114.25,115.69000244140625,114.18000030517578,115.05999755859375,14027,115.05999755859375
BZ=F,2014-06-20,114.76000213623047,115.08000183105469,114.43000030517578,114.80999755859375,11644,114.80999755859375
BZ=F,2014-06-23,115.19999694824219,115.6500015258789,113.87000274658203,114.12000274658203,11582,114.12000274658203
BZ=F,2014-06-24,113.75,114.81999969482422,113.55999755859375,114.45999908447266,11656,114.45999908447266
BZ=F,2014-06-25,114.45999908447266,114.77999877929688,113.23999786376953,114,12861,114
BZ=F,2014-06-26,114.23999786376953,114.23999786376953,113.0199966430664,113.20999908447266,9100,113.20999908447266
BZ=F,2014-06-27,113.12999725341797,113.70999908447266,112.9000015258789,113.30000305175781,6922,113.30000305175781
BZ=F,2014-06-30,113.0999984741211,113.0999984741211,112.16000366210938,112.36000061035156,10245,112.36000061035156
BZ=F,2014-07-01,112.33000183105469,112.80000305175781,111.8499984741211,112.29000091552734,11049,112.29000091552734
BZ=F,2014-07-02,112.06999969482422,112.36000061035156,110.91999816894531,111.23999786376953,14223,111.23999786376953
BZ=F,2014-07-03,110.93000030517578,111.16000366210938,110.52999877929688,111,11415,111
BZ=F,2014-07-07,110.98999786376953,111.2699966430664,109.95999908447266,110.23999786376953,12446,110.23999786376953
BZ=F,2014-07-08,110.2300033569336,110.2300033569336,108.69999694824219,108.94000244140625,12267,108.94000244140625
BZ=F,2014-07-09,108.87000274658203,108.98999786376953,108.13999938964844,108.27999877929688,10415,108.27999877929688
BZ=F,2014-07-10,108.0999984741211,108.87999725341797,107.7699966430664,108.66999816894531,13514,108.66999816894531
BZ=F,2014-07-11,108.56999969482422,108.56999969482422,106.26000213623047,106.66000366210938,11904,106.66000366210938
BZ=F,2014-07-14,106.8499984741211,107.44999694824219,106.22000122070312,106.9800033569336,5303,106.9800033569336
BZ=F,2014-07-15,106.87999725341797,106.88999938964844,104.51000213623047,106.0199966430664,3894,106.0199966430664
BZ=F,2014-07-16,106.43000030517578,106.44000244140625,105.55000305175781,105.8499984741211,276,105.8499984741211
BZ=F,2014-07-17,105.95999908447266,105.95999908447266,105.95999908447266,105.95999908447266,11847,105.95999908447266
BZ=F,2014-07-18,108.41000366210938,108.63999938964844,106.9800033569336,107.23999786376953,10183,107.23999786376953
BZ=F,2014-07-21,107.12999725341797,107.8499984741211,106.81999969482422,107.68000030517578,9604,107.68000030517578
BZ=F,2014-07-22,107.68000030517578,108.37000274658203,107.05999755859375,107.33000183105469,8368,107.33000183105469
BZ=F,2014-07-23,107.0999984741211,108.19999694824219,107.02999877929688,108.02999877929688,12856,108.02999877929688
BZ=F,2014-07-24,108.08999633789062,108.08999633789062,106.83000183105469,107.06999969482422,8726,107.06999969482422
BZ=F,2014-07-25,107.13999938964844,108.44999694824219,106.73999786376953,108.38999938964844,12114,108.38999938964844
BZ=F,2014-07-28,108.06999969482422,108.08000183105469,107.0199966430664,107.56999969482422,10450,107.56999969482422
BZ=F,2014-07-29,107.58000183105469,108.02999877929688,107.1500015258789,107.72000122070312,11704,107.72000122070312
BZ=F,2014-07-30,107.48999786376953,107.8499984741211,105.86000061035156,106.51000213623047,15571,106.51000213623047
BZ=F,2014-07-31,105.93000030517578,106.58000183105469,105.44000244140625,106.0199966430664,14434,106.0199966430664
BZ=F,2014-08-01,105.70999908447266,106.11000061035156,104.4000015258789,104.83999633789062,14865,104.83999633789062
BZ=F,2014-08-04,104.73999786376953,105.66000366210938,104.52999877929688,105.41000366210938,15245,105.41000366210938
BZ=F,2014-08-05,105.58000183105469,105.62000274658203,104.08000183105469,104.61000061035156,13297,104.61000061035156
BZ=F,2014-08-06,104.7699966430664,105.44000244140625,104.54000091552734,104.58999633789062,11339,104.58999633789062
BZ=F,2014-08-07,104.6500015258789,105.88999938964844,104.18000030517578,105.44000244140625,14652,105.44000244140625
BZ=F,2014-08-08,106,106.81999969482422,104.66999816894531,105.0199966430664,11237,105.0199966430664
BZ=F,2014-08-11,104.88999938964844,105.41000366210938,104.5,104.68000030517578,6646,104.68000030517578
BZ=F,2014-08-12,104.52999877929688,104.52999877929688,102.6500015258789,103.0199966430664,7832,103.0199966430664
BZ=F,2014-08-13,102.91000366210938,104.33999633789062,102.38999938964844,104.27999877929688,6252,104.27999877929688
BZ=F,2014-08-14,103.73999786376953,104.12999725341797,102,102.01000213623047,301,102.01000213623047
BZ=F,2014-08-15,101.94999694824219,101.94999694824219,101.94999694824219,101.94999694824219,12437,101.94999694824219
BZ=F,2014-08-18,102.94000244140625,102.98999786376953,101.11000061035156,101.5999984741211,9002,101.5999984741211
BZ=F,2014-08-19,101.61000061035156,102.05999755859375,101.06999969482422,101.55999755859375,13304,101.55999755859375
BZ=F,2014-08-20,101.7300033569336,102.36000061035156,101.43000030517578,102.27999877929688,10201,102.27999877929688
BZ=F,2014-08-21,102.25,102.77999877929688,101.25,102.62999725341797,8468,102.62999725341797
BZ=F,2014-08-22,102.58000183105469,102.81999969482422,102,102.29000091552734,9353,102.29000091552734
BZ=F,2014-08-25,102.51000213623047,102.80000305175781,101.9000015258789,102.6500015258789,5087,102.6500015258789
BZ=F,2014-08-26,102.70999908447266,103.37000274658203,102.37000274658203,102.5,8337,102.5
BZ=F,2014-08-27,102.68000030517578,103.04000091552734,102.05999755859375,102.72000122070312,11601,102.72000122070312
BZ=F,2014-08-28,102.63999938964844,103.20999908447266,102.26000213623047,102.45999908447266,9089,102.45999908447266
BZ=F,2014-08-29,102.83000183105469,103.30999755859375,102.63999938964844,103.19000244140625,9570,103.19000244140625
BZ=F,2014-09-02,103.0999984741211,103.27999877929688,100.19000244140625,100.33999633789062,16273,100.33999633789062
BZ=F,2014-09-03,100.5,103.12999725341797,100.47000122070312,102.7699966430664,11649,102.7699966430664
BZ=F,2014-09-04,102.33999633789062,102.94999694824219,101.69000244140625,101.83000183105469,10584,101.83000183105469
BZ=F,2014-09-05,101.87000274658203,102.41000366210938,100.36000061035156,100.81999969482422,12409,100.81999969482422
BZ=F,2014-09-08,100.94999694824219,100.98999786376953,99.37000274658203,100.19999694824219,12077,100.19999694824219
BZ=F,2014-09-09,100.12999725341797,100.5999984741211,99.04000091552734,99.160003662109375,10783,99.160003662109375
BZ=F,2014-09-10,99.43000030517578,99.43000030517578,97.62000274658203,98.04000091552734,13104,98.04000091552734
BZ=F,2014-09-11,97.94000244140625,98.45999908447266,96.73999786376953,98.08000183105469,12548,98.08000183105469
BZ=F,2014-09-12,98.12999725341797,98.779998779296875,96.910003662109375,97.11000061035156,7632,97.11000061035156
BZ=F,2014-09-15,96.8499984741211,97.12999725341797,95.98999786376953,96.6500015258789,567,96.6500015258789
BZ=F,2014-09-16,96.62999725341797,96.62999725341797,96.62999725341797,96.62999725341797,16751,96.62999725341797
BZ=F,2014-09-17,98.95999908447266,99.54000091552734,98.5199966430664,98.970001220703125,14769,98.970001220703125
BZ=F,2014-09-18,98.58000183105469,99.13999938964844,97.44000244140625,97.69999694824219,15316,97.69999694824219
BZ=F,2014-09-19,97.54000091552734,98.4800033569336,97.19000244140625,98.38999938964844,12442,98.38999938964844
BZ=F,2014-09-22,98.19999694824219,98.19999694824219,96.38999938964844,96.970001220703125,12582,96.970001220703125
BZ=F,2014-09-23,96.87999725341797,97.56999969482422,96.55999755859375,96.8499984741211,13561,96.8499984741211
BZ=F,2014-09-24,96.839996337890625,97.2699966430664,95.62000274658203,96.94999694824219,15460,96.94999694824219
BZ=F,2014-09-25,96.87999725341797,97.55000305175781,96.23999786376953,97,14271,97
BZ=F,2014-09-26,97.04000091552734,97.5,96.470001220703125,97,11382,97
BZ=F,2014-09-29,97,97.339996337890625,96.279998779296875,97.19999694824219,14463,97.19999694824219
BZ=F,2014-09-30,97.05000305175781,97.79000091552734,94.26000213623047,94.66999816894531,19337,94.66999816894531
BZ=F,2014-10-01,94.55999755859375,96.220001220703125,93.81999969482422,94.160003662109375,19096,94.160003662109375
BZ=F,2014-10-02,94.3499984741211,94.3499984741211,91.62000274658203,93.41999816894531,23807,93.41999816894531
BZ=F,2014-10-03,93.589996337890625,93.95999908447266,91.4800033569336,92.30999755859375,19794,92.30999755859375
BZ=F,2014-10-06,91.94999694824219,93.19000244140625,91.25,92.79000091552734,14363,92.79000091552734
BZ=F,2014-10-07,92.9000015258789,92.93000030517578,91.410003662109375,92.11000061035156,14586,92.11000061035156
BZ=F,2014-10-08,91.81999969482422,91.81999969482422,90.58000183105469,91.37999725341797,17109,91.37999725341797
BZ=F,2014-10-09,91.5199966430664,91.83000183105469,88.470001220703125,90.05000305175781,23039,90.05000305175781
BZ=F,2014-10-10,89.01000213623047,90.45999908447266,88.05000305175781,90.20999908447266,21001,90.20999908447266
BZ=F,2014-10-13,89.69000244140625,89.69000244140625,87.93000030517578,88.88999938964844,10067,88.88999938964844
BZ=F,2014-10-14,88.11000061035156,88.69999694824219,84.54000091552734,85.04000091552734,16949,85.04000091552734
BZ=F,2014-10-15,85.58000183105469,85.61000061035156,83,83.779998779296875,15846,83.779998779296875
BZ=F,2014-10-16,82.81999969482422,84.80000305175781,82.69999694824219,84.470001220703125,233,84.470001220703125
BZ=F,2014-10-17,84.54000091552734,84.54000091552734,84.54000091552734,84.54000091552734,19641,84.54000091552734
BZ=F,2014-10-20,86.220001220703125,86.68000030517578,84.410003662109375,85.4000015258789,20345,85.4000015258789
BZ=F,2014-10-21,85.11000061035156,86.470001220703125,85.11000061035156,86.220001220703125,19391,86.220001220703125
BZ=F,2014-10-22,86.38999938964844,87.05000305175781,84.51000213623047,84.70999908447266,17458,84.70999908447266
BZ=F,2014-10-23,84.4000015258789,87.160003662109375,84.12999725341797,86.83000183105469,24796,86.83000183105469
BZ=F,2014-10-24,86.6500015258789,86.68000030517578,85.36000061035156,86.12999725341797,19344,86.12999725341797
BZ=F,2014-10-27,86.16999816894531,86.25,84.54000091552734,85.83000183105469,15291,85.83000183105469
BZ=F,2014-10-28,85.4800033569336,86.3499984741211,85.089996337890625,86.029998779296875,13937,86.029998779296875
BZ=F,2014-10-29,86.30000305175781,87.91999816894531,86.20999908447266,87.12000274658203,14546,87.12000274658203
BZ=F,2014-10-30,87,87.12000274658203,85.73999786376953,86.23999786376953,12493,86.23999786376953
BZ=F,2014-10-31,86.04000091552734,86.220001220703125,84.589996337890625,85.86000061035156,11967,85.86000061035156
BZ=F,2014-11-03,85.86000061035156,86.38999938964844,84.06999969482422,84.779998779296875,14973,84.779998779296875
BZ=F,2014-11-04,84.29000091552734,84.38999938964844,82.0999984741211,82.81999969482422,18879,82.81999969482422
BZ=F,2014-11-05,82.76000213623047,84.45999908447266,81.6500015258789,82.94999694824219,28238,82.94999694824219
BZ=F,2014-11-06,83.029998779296875,83.220001220703125,82.029998779296875,82.86000061035156,17660,82.86000061035156
BZ=F,2014-11-07,82.589996337890625,83.8499984741211,82.20999908447266,83.38999938964844,14848,83.38999938964844
BZ=F,2014-11-10,83.720001220703125,84.94999694824219,82,82.339996337890625,17349,82.339996337890625
BZ=F,2014-11-11,81.9800033569336,82.30999755859375,80.470001220703125,81.66999816894531,20813,81.66999816894531
BZ=F,2014-11-12,81.220001220703125,81.6500015258789,79.81999969482422,80.37999725341797,8560,80.37999725341797
BZ=F,2014-11-13,79.910003662109375,79.910003662109375,77.91999816894531,77.91999816894531,467,77.91999816894531
BZ=F,2014-11-14,77.73999786376953,77.73999786376953,77.73999786376953,77.73999786376953,15018,77.73999786376953
BZ=F,2014-11-17,79.20999908447266,79.44000244140625,77.94999694824219,79.30999755859375,12896,79.30999755859375
BZ=F,2014-11-18,78.94999694824219,79.93000030517578,78.19000244140625,78.470001220703125,15851,78.470001220703125
BZ=F,2014-11-19,77.8499984741211,79.44000244140625,77.7300033569336,78.0999984741211,21619,78.0999984741211
BZ=F,2014-11-20,78.20999908447266,79.9000015258789,77.58000183105469,79.33000183105469,16540,79.33000183105469
BZ=F,2014-11-21,80.0999984741211,81.55999755859375,79.12000274658203,80.36000061035156,19896,80.36000061035156
BZ=F,2014-11-24,80.41999816894531,80.79000091552734,79.410003662109375,79.68000030517578,11108,79.68000030517578
BZ=F,2014-11-25,79.470001220703125,80.44000244140625,78.01000213623047,78.33000183105469,16700,78.33000183105469
BZ=F,2014-11-26,78.11000061035156,78.86000061035156,77.33000183105469,77.75,13570,77.75
BZ=F,2014-11-28,77.029998779296875,77.38999938964844,69.83000183105469,70.1500015258789,20894,70.1500015258789
BZ=F,2014-12-01,70.19000244140625,73.01000213623047,67.589996337890625,72.54000091552734,25064,72.54000091552734
BZ=F,2014-12-02,72.660003662109375,73.01000213623047,70.410003662109375,70.54000091552734,16953,70.54000091552734
BZ=F,2014-12-03,71.12000274658203,71.44999694824219,69.4800033569336,69.91999816894531,22352,69.91999816894531
BZ=F,2014-12-04,70.25,70.61000061035156,68.83000183105469,69.63999938964844,17516,69.63999938964844
BZ=F,2014-12-05,69.38999938964844,69.87999725341797,68.11000061035156,69.06999969482422,19073,69.06999969482422
BZ=F,2014-12-08,68.38999938964844,68.44000244140625,65.94000244140625,66.19000244140625,14787,66.19000244140625
BZ=F,2014-12-09,66.05000305175781,67.0199966430664,65.3499984741211,66.839996337890625,14593,66.839996337890625
BZ=F,2014-12-10,66.30999755859375,66.30999755859375,63.56999969482422,64.23999786376953,17189,64.23999786376953
BZ=F,2014-12-11,64.7699966430664,65.0999984741211,63.13999938964844,63.68000030517578,17122,63.68000030517578
BZ=F,2014-12-12,63.150001525878906,63.54999923706055,61.36000061035156,61.849998474121094,16645,61.849998474121094
BZ=F,2014-12-15,60.72999954223633,63.22999954223633,60.349998474121094,61.060001373291016,13288,61.060001373291016
BZ=F,2014-12-16,60.75,60.959999084472656,58.59000015258789,59.86000061035156,732,59.86000061035156
BZ=F,2014-12-17,59.79999923706055,59.79999923706055,59.79999923706055,59.79999923706055,27234,59.79999923706055
BZ=F,2014-12-18,60.95000076293945,63.630001068115234,59.16999816894531,59.27000045776367,23123,59.27000045776367
BZ=F,2014-12-19,59.880001068115234,62.63999938964844,59.11000061035156,61.380001068115234,15698,61.380001068115234
BZ=F,2014-12-22,61.880001068115234,62.939998626708984,59.869998931884766,60.11000061035156,20497,60.11000061035156
BZ=F,2014-12-23,60.29999923706055,62.11000061035156,59.88999938964844,61.689998626708984,13242,61.689998626708984
BZ=F,2014-12-24,61.68000030517578,61.68000030517578,59.400001525878906,60.2400016784668,6504,60.2400016784668
BZ=F,2014-12-26,60.61000061035156,60.95000076293945,59.2400016784668,59.45000076293945,2778,59.45000076293945
BZ=F,2014-12-29,59.849998474121094,60.40999984741211,57.380001068115234,57.880001068115234,11672,57.880001068115234
BZ=F,2014-12-30,57.90999984741211,58.369998931884766,56.75,57.900001525878906,8111,57.900001525878906
BZ=F,2014-12-31,57.29999923706055,57.77000045776367,55.81999969482422,57.33000183105469,8412,57.33000183105469
BZ=F,2015-01-02,57.630001068115234,58.220001220703125,55.52000045776367,56.41999816894531,16707,56.41999816894531
BZ=F,2015-01-05,56.290000915527344,56.290000915527344,52.66999816894531,53.11000061035156,30065,53.11000061035156
BZ=F,2015-01-06,53.22999954223633,53.52000045776367,50.529998779296875,51.099998474121094,35494,51.099998474121094
BZ=F,2015-01-07,51.060001373291016,51.84000015258789,49.68000030517578,51.150001525878906,37082,51.150001525878906
BZ=F,2015-01-08,51,51.88999938964844,49.81999969482422,50.959999084472656,29469,50.959999084472656
BZ=F,2015-01-09,51.25,51.560001373291016,48.900001525878906,50.11000061035156,48123,50.11000061035156
BZ=F,2015-01-12,49.88999938964844,49.88999938964844,47.16999816894531,47.43000030517578,29297,47.43000030517578
BZ=F,2015-01-13,47.27000045776367,47.27000045776367,45.22999954223633,46.59000015258789,33516,46.59000015258789
BZ=F,2015-01-14,46.849998474121094,49.06999969482422,45.63999938964844,48.689998626708984,17863,48.689998626708984
BZ=F,2015-01-15,48.25,50.33000183105469,46.93000030517578,47.66999816894531,2088,47.66999816894531
BZ=F,2015-01-16,47.689998626708984,47.689998626708984,47.689998626708984,47.689998626708984,29134,47.689998626708984
BZ=F,2015-01-20,50.20000076293945,50.31999969482422,47.79999923706055,47.9900016784668,33926,47.9900016784668
BZ=F,2015-01-21,48.2599983215332,49.59000015258789,48.20000076293945,49.029998779296875,28618,49.029998779296875
BZ=F,2015-01-22,48.77000045776367,50.439998626708984,47.52000045776367,48.52000045776367,33790,48.52000045776367
BZ=F,2015-01-23,49.18000030517578,50.099998474121094,48.58000183105469,48.790000915527344,29460,48.790000915527344
BZ=F,2015-01-26,48.709999084472656,49.27000045776367,47.599998474121094,48.15999984741211,25814,48.15999984741211
BZ=F,2015-01-27,48.279998779296875,49.97999954223633,47.689998626708984,49.599998474121094,25318,49.599998474121094
BZ=F,2015-01-28,48.939998626708984,49.709999084472656,48.31999969482422,48.470001220703125,29379,48.470001220703125
BZ=F,2015-01-29,48.61000061035156,49.27000045776367,48.400001525878906,49.130001068115234,26641,49.130001068115234
BZ=F,2015-01-30,49.119998931884766,53.060001373291016,48.79999923706055,52.9900016784668,35139,52.9900016784668
BZ=F,2015-02-02,52.65999984741211,55.70000076293945,51.40999984741211,54.75,43658,54.75
BZ=F,2015-02-03,55.04999923706055,58.9900016784668,54.849998474121094,57.90999984741211,55610,57.90999984741211
BZ=F,2015-02-04,57,58.04999923706055,53.5,54.15999984741211,42937,54.15999984741211
BZ=F,2015-02-05,54.849998474121094,57.849998474121094,52.95000076293945,56.56999969482422,48325,56.56999969482422
BZ=F,2015-02-06,57.349998474121094,59.029998779296875,56.790000915527344,57.79999923706055,38508,57.79999923706055
BZ=F,2015-02-09,58.560001373291016,59.560001373291016,57.349998474121094,58.34000015258789,35734,58.34000015258789
BZ=F,2015-02-10,58.0099983215332,58.540000915527344,56.099998474121094,56.43000030517578,23490,56.43000030517578
BZ=F,2015-02-11,56.880001068115234,56.959999084472656,53.95000076293945,54.65999984741211,25029,54.65999984741211
BZ=F,2015-02-12,55.09000015258789,57.38999938964844,55,57.04999923706055,961,57.04999923706055
BZ=F,2015-02-13,57.38999938964844,57.38999938964844,57.38999938964844,57.38999938964844,36448,57.38999938964844
BZ=F,2015-02-17,61.779998779296875,63.029998779296875,60.279998779296875,62.529998779296875,40754,62.529998779296875
BZ=F,2015-02-18,62.20000076293945,62.38999938964844,59.2599983215332,60.529998779296875,24334,60.529998779296875
BZ=F,2015-02-19,59.2599983215332,60.970001220703125,57.79999923706055,60.209999084472656,39699,60.209999084472656
BZ=F,2015-02-20,60.099998474121094,61.130001068115234,59.88999938964844,60.220001220703125,33712,60.220001220703125
BZ=F,2015-02-23,60.099998474121094,60.63999938964844,58.380001068115234,58.900001525878906,42658,58.900001525878906
BZ=F,2015-02-24,59.09000015258789,60.310001373291016,58.119998931884766,58.65999984741211,37567,58.65999984741211
BZ=F,2015-02-25,58.70000076293945,62.130001068115234,58.40999984741211,61.630001068115234,34789,61.630001068115234
BZ=F,2015-02-26,62.470001220703125,62.630001068115234,59.650001525878906,60.04999923706055,31062,60.04999923706055
BZ=F,2015-02-27,60.79999923706055,62.810001373291016,60.70000076293945,62.58000183105469,30548,62.58000183105469
BZ=F,2015-03-02,62.25,62.400001525878906,59.36000061035156,59.540000915527344,36182,59.540000915527344
BZ=F,2015-03-03,60,61.810001373291016,59.869998931884766,61.02000045776367,35924,61.02000045776367
BZ=F,2015-03-04,60.709999084472656,60.90999984741211,59.4900016784668,60.54999923706055,29920,60.54999923706055
BZ=F,2015-03-05,60.47999954223633,61.54999923706055,60.08000183105469,60.47999954223633,29245,60.47999954223633
BZ=F,2015-03-06,61.029998779296875,61.20000076293945,59.18000030517578,59.72999954223633,22107,59.72999954223633
BZ=F,2015-03-09,59.72999954223633,60.029998779296875,58.400001525878906,58.529998779296875,21968,58.529998779296875
BZ=F,2015-03-10,58.400001525878906,58.72999954223633,56.130001068115234,56.38999938964844,24701,56.38999938964844
BZ=F,2015-03-11,56.209999084472656,57.91999816894531,55.93000030517578,57.540000915527344,23434,57.540000915527344
BZ=F,2015-03-12,57.939998626708984,58.790000915527344,56.52000045776367,57.08000183105469,16466,57.08000183105469
BZ=F,2015-03-13,57.2599983215332,57.2599983215332,54.439998626708984,54.66999816894531,11914,54.66999816894531
BZ=F,2015-03-16,54.27000045776367,54.619998931884766,52.58000183105469,53.439998626708984,510,53.439998626708984
BZ=F,2015-03-17,53.43000030517578,53.43000030517578,53.43000030517578,53.43000030517578,25633,53.43000030517578
BZ=F,2015-03-18,53.33000183105469,56.849998474121094,52.70000076293945,55.90999984741211,23370,55.90999984741211
BZ=F,2015-03-19,56,56.540000915527344,53.91999816894531,54.43000030517578,19163,54.43000030517578
BZ=F,2015-03-20,54.63999938964844,55.68000030517578,53.56999969482422,55.31999969482422,17597,55.31999969482422
BZ=F,2015-03-23,55.34000015258789,56.189998626708984,54.15999984741211,55.91999816894531,20185,55.91999816894531
BZ=F,2015-03-24,55.959999084472656,56.790000915527344,54.869998931884766,55.11000061035156,16166,55.11000061035156
BZ=F,2015-03-25,55.22999954223633,57.15999984741211,54.72999954223633,56.47999954223633,25158,56.47999954223633
BZ=F,2015-03-26,56.380001068115234,59.7400016784668,56.380001068115234,59.189998626708984,32679,59.189998626708984
BZ=F,2015-03-27,59,59.0099983215332,55.95000076293945,56.40999984741211,23801,56.40999984741211
BZ=F,2015-03-30,56.08000183105469,56.650001525878906,55.189998626708984,56.290000915527344,21505,56.290000915527344
BZ=F,2015-03-31,56.369998931884766,56.369998931884766,54.709999084472656,55.11000061035156,21606,55.11000061035156
BZ=F,2015-04-01,55.11000061035156,57.689998626708984,54.689998626708984,57.099998474121094,27858,57.099998474121094
BZ=F,2015-04-02,56.70000076293945,57.2400016784668,54,54.95000076293945,28427,54.95000076293945
BZ=F,2015-04-06,54.88999938964844,58.25,54.790000915527344,58.119998931884766,14071,58.119998931884766
BZ=F,2015-04-07,57.70000076293945,59.27000045776367,57.040000915527344,59.099998474121094,23259,59.099998474121094
BZ=F,2015-04-08,58.220001220703125,58.709999084472656,55.470001220703125,55.54999923706055,24755,55.54999923706055
BZ=F,2015-04-09,56.06999969482422,58.040000915527344,56.0099983215332,56.56999969482422,20538,56.56999969482422
BZ=F,2015-04-10,56.7400016784668,58.130001068115234,56.290000915527344,57.869998931884766,16883,57.869998931884766
BZ=F,2015-04-13,57.95000076293945,59.529998779296875,57.459999084472656,57.93000030517578,14746,57.93000030517578
BZ=F,2015-04-14,58.2400016784668,59.13999938964844,57.79999923706055,58.43000030517578,15993,58.43000030517578
BZ=F,2015-04-15,58.84000015258789,60.31999969482422,58.84000015258789,60.31999969482422,823,60.31999969482422
BZ=F,2015-04-16,60.400001525878906,60.400001525878906,60.400001525878906,60.400001525878906,26829,60.400001525878906
BZ=F,2015-04-17,63.93000030517578,64.48999786376953,62.93000030517578,63.45000076293945,18872,63.45000076293945
BZ=F,2015-04-20,63.900001525878906,64.339996337890625,62.099998474121094,63.45000076293945,18561,63.45000076293945
BZ=F,2015-04-21,63.36000061035156,63.470001220703125,61.65999984741211,62.08000183105469,16815,62.08000183105469
BZ=F,2015-04-22,61.91999816894531,63.310001373291016,61.40999984741211,62.72999954223633,19144,62.72999954223633
BZ=F,2015-04-23,62.81999969482422,65.589996337890625,62.209999084472656,64.8499984741211,32671,64.8499984741211
BZ=F,2015-04-24,64.87000274658203,65.7699966430664,64.5,65.279998779296875,20163,65.279998779296875
BZ=F,2015-04-27,65.48999786376953,65.56999969482422,64.410003662109375,64.83000183105469,17993,64.83000183105469
BZ=F,2015-04-28,64.589996337890625,65.4800033569336,63.90999984741211,64.63999938964844,18757,64.63999938964844
BZ=F,2015-04-29,64.48999786376953,66.70999908447266,64.160003662109375,65.839996337890625,23625,65.839996337890625
BZ=F,2015-04-30,65.54000091552734,66.94000244140625,65.44000244140625,66.779998779296875,26652,66.779998779296875
BZ=F,2015-05-01,66.6500015258789,66.87999725341797,65.529998779296875,66.45999908447266,19131,66.45999908447266
BZ=F,2015-05-04,66.43000030517578,67.089996337890625,65.95999908447266,66.44999694824219,15798,66.44999694824219
BZ=F,2015-05-05,66.410003662109375,68.38999938964844,66.23999786376953,67.5199966430664,33003,67.5199966430664
BZ=F,2015-05-06,67.66999816894531,69.5999984741211,67.37000274658203,67.7699966430664,34300,67.7699966430664
BZ=F,2015-05-07,67.30000305175781,68.45999908447266,65.18000030517578,65.54000091552734,23841,65.54000091552734
BZ=F,2015-05-08,65.6500015258789,66.0999984741211,64.25,65.38999938964844,37090,65.38999938964844
BZ=F,2015-05-11,65.30999755859375,65.69000244140625,64.29000091552734,64.910003662109375,20593,64.910003662109375
BZ=F,2015-05-12,64.69999694824219,67.2699966430664,64.68000030517578,66.86000061035156,24717,66.86000061035156
BZ=F,2015-05-13,67.19999694824219,68.1500015258789,66.38999938964844,66.80999755859375,13803,66.80999755859375
BZ=F,2015-05-14,66.2300033569336,67.20999908447266,66.05000305175781,66.589996337890625,447,66.589996337890625
BZ=F,2015-05-15,66.56999969482422,66.56999969482422,66.56999969482422,66.56999969482422,14466,66.56999969482422
BZ=F,2015-05-18,66.87000274658203,67.88999938964844,65.93000030517578,66.2699966430664,14256,66.2699966430664
BZ=F,2015-05-19,66.23999786376953,66.2699966430664,63.959999084472656,64.0199966430664,23142,64.0199966430664
BZ=F,2015-05-20,64.48999786376953,65.16999816894531,64.18000030517578,65.029998779296875,15742,65.029998779296875
BZ=F,2015-05-21,64.98999786376953,66.86000061035156,64.9800033569336,66.54000091552734,22573,66.54000091552734
BZ=F,2015-05-22,66.56999969482422,66.589996337890625,65.089996337890625,65.37000274658203,15935,65.37000274658203
BZ=F,2015-05-26,65.58000183105469,66.220001220703125,63.279998779296875,63.720001220703125,19097,63.720001220703125
BZ=F,2015-05-27,63.880001068115234,64.660003662109375,61.970001220703125,62.060001373291016,21550,62.060001373291016
BZ=F,2015-05-28,62.380001068115234,62.95000076293945,61.27000045776367,62.58000183105469,21318,62.58000183105469
BZ=F,2015-05-29,63.09000015258789,65.83000183105469,62.689998626708984,65.55999755859375,24899,65.55999755859375
BZ=F,2015-06-01,65.4000015258789,65.73999786376953,64.25,64.87999725341797,20587,64.87999725341797
BZ=F,2015-06-02,64.80999755859375,65.8499984741211,64.58000183105469,65.48999786376953,23176,65.48999786376953
BZ=F,2015-06-03,65.38999938964844,65.38999938964844,63.459999084472656,63.79999923706055,23281,63.79999923706055
BZ=F,2015-06-04,63.81999969482422,64.08000183105469,61.79999923706055,62.029998779296875,20041,62.029998779296875
BZ=F,2015-06-05,62.099998474121094,63.41999816894531,60.939998626708984,63.310001373291016,24912,63.310001373291016
BZ=F,2015-06-08,62.900001525878906,63.31999969482422,62.470001220703125,62.689998626708984,18851,62.689998626708984
BZ=F,2015-06-09,62.880001068115234,65.19999694824219,62.79999923706055,64.87999725341797,23651,64.87999725341797
BZ=F,2015-06-10,65.13999938964844,66.3499984741211,64.91999816894531,65.69999694824219,27640,65.69999694824219
BZ=F,2015-06-11,65.56999969482422,66.04000091552734,64.51000213623047,65.11000061035156,12496,65.11000061035156
BZ=F,2015-06-12,64.910003662109375,64.91999816894531,63.709999084472656,63.869998931884766,11735,63.869998931884766
BZ=F,2015-06-15,63.439998626708984,63.720001220703125,62.279998779296875,62.61000061035156,837,62.61000061035156
BZ=F,2015-06-16,62.630001068115234,62.630001068115234,62.630001068115234,62.630001068115234,22148,62.630001068115234
BZ=F,2015-06-17,63.66999816894531,65.45999908447266,62.58000183105469,63.869998931884766,30479,63.869998931884766
BZ=F,2015-06-18,63.790000915527344,64.94999694824219,63.45000076293945,64.26000213623047,18570,64.26000213623047
BZ=F,2015-06-19,64.06999969482422,64.54000091552734,62.349998474121094,63.02000045776367,19112,63.02000045776367
BZ=F,2015-06-22,62.810001373291016,63.72999954223633,62.099998474121094,63.34000015258789,22360,63.34000015258789
BZ=F,2015-06-23,63.33000183105469,64.94999694824219,62.7599983215332,64.44999694824219,25137,64.44999694824219
BZ=F,2015-06-24,64.68000030517578,65.05999755859375,63.02000045776367,63.4900016784668,25722,63.4900016784668
BZ=F,2015-06-25,63.560001373291016,63.93000030517578,62.72999954223633,63.20000076293945,19341,63.20000076293945
BZ=F,2015-06-26,63.279998779296875,63.619998931884766,62.47999954223633,63.2599983215332,19797,63.2599983215332
BZ=F,2015-06-29,62.650001525878906,62.959999084472656,61.36000061035156,62.0099983215332,28570,62.0099983215332
BZ=F,2015-06-30,61.97999954223633,63.81999969482422,61.720001220703125,63.59000015258789,28326,63.59000015258789
BZ=F,2015-07-01,63.06999969482422,63.349998474121094,61.84000015258789,62.0099983215332,34865,62.0099983215332
BZ=F,2015-07-02,62.08000183105469,63.189998626708984,61.7599983215332,62.06999969482422,28960,62.06999969482422
BZ=F,2015-07-06,60.34000015258789,60.34000015258789,56.38999938964844,56.540000915527344,44988,56.540000915527344
BZ=F,2015-07-07,57.02000045776367,57.83000183105469,55.099998474121094,56.849998474121094,48111,56.849998474121094
BZ=F,2015-07-08,57.47999954223633,57.75,55.880001068115234,57.04999923706055,43120,57.04999923706055
BZ=F,2015-07-09,57.25,59.25,56.939998626708984,58.61000061035156,45873,58.61000061035156
BZ=F,2015-07-10,58.27000045776367,59.68000030517578,57.869998931884766,58.72999954223633,27423,58.72999954223633
BZ=F,2015-07-13,58.2599983215332,58.83000183105469,56.849998474121094,57.849998474121094,31544,57.849998474121094
BZ=F,2015-07-14,57.63999938964844,58.7400016784668,56.43000030517578,58.5099983215332,25176,58.5099983215332
BZ=F,2015-07-15,58.70000076293945,58.7599983215332,56.939998626708984,57.04999923706055,9759,57.04999923706055
BZ=F,2015-07-16,57.380001068115234,58.34000015258789,57.189998626708984,57.5099983215332,935,57.5099983215332
BZ=F,2015-07-17,57.720001220703125,57.720001220703125,57.720001220703125,57.52000045776367,18931,57.52000045776367
BZ=F,2015-07-20,57.09000015258789,57.43000030517578,56.34000015258789,56.650001525878906,20026,56.650001525878906
BZ=F,2015-07-21,56.5099983215332,57.43000030517578,56.34000015258789,57.040000915527344,24714,57.040000915527344
BZ=F,2015-07-22,56.84000015258789,56.88999938964844,55.939998626708984,56.130001068115234,25241,56.130001068115234
BZ=F,2015-07-23,55.95000076293945,56.52000045776367,55.09000015258789,55.27000045776367,28668,55.27000045776367
BZ=F,2015-07-24,55.470001220703125,55.59000015258789,54.29999923706055,54.619998931884766,23004,54.619998931884766
BZ=F,2015-07-27,54.45000076293945,54.86000061035156,52.81999969482422,53.470001220703125,27516,53.470001220703125
BZ=F,2015-07-28,53,54.06999969482422,52.29999923706055,53.29999923706055,38323,53.29999923706055
BZ=F,2015-07-29,53.0099983215332,54.31999969482422,52.52000045776367,53.380001068115234,46631,53.380001068115234
BZ=F,2015-07-30,53.560001373291016,54.36000061035156,53.029998779296875,53.310001373291016,33368,53.310001373291016
BZ=F,2015-07-31,53.5,53.63999938964844,51.63999938964844,52.209999084472656,30224,52.209999084472656
BZ=F,2015-08-03,51.959999084472656,51.970001220703125,49.369998931884766,49.52000045776367,40476,49.52000045776367
BZ=F,2015-08-04,49.72999954223633,50.45000076293945,49.65999984741211,49.9900016784668,25495,49.9900016784668
BZ=F,2015-08-05,50.150001525878906,51.029998779296875,49.029998779296875,49.59000015258789,43403,49.59000015258789
BZ=F,2015-08-06,49.65999984741211,49.81999969482422,48.880001068115234,49.52000045776367,37183,49.52000045776367
BZ=F,2015-08-07,49.63999938964844,50.04999923706055,48.43000030517578,48.61000061035156,36781,48.61000061035156
BZ=F,2015-08-10,48.220001220703125,50.4900016784668,48.08000183105469,50.40999984741211,25425,50.40999984741211
BZ=F,2015-08-11,50.22999954223633,51.099998474121094,48.619998931884766,49.18000030517578,29670,49.18000030517578
BZ=F,2015-08-12,49.20000076293945,50.02000045776367,48.7599983215332,49.65999984741211,21347,49.65999984741211
BZ=F,2015-08-13,49.849998474121094,50.349998474121094,48.86000061035156,49.220001220703125,18543,49.220001220703125
BZ=F,2015-08-14,49.04999923706055,49.619998931884766,48.72999954223633,49.029998779296875,392,49.029998779296875
BZ=F,2015-08-17,49.029998779296875,49.029998779296875,49.029998779296875,49.029998779296875,17487,49.029998779296875
BZ=F,2015-08-18,48.5099983215332,49.029998779296875,48.2400016784668,48.810001373291016,16384,48.810001373291016
BZ=F,2015-08-19,48.709999084472656,49.099998474121094,46.790000915527344,47.15999984741211,25829,47.15999984741211
BZ=F,2015-08-20,47.04999923706055,47.369998931884766,46.040000915527344,46.619998931884766,21904,46.619998931884766
BZ=F,2015-08-21,46.119998931884766,46.5,45.08000183105469,45.459999084472656,29553,45.459999084472656
BZ=F,2015-08-24,45.349998474121094,45.45000076293945,42.220001220703125,42.689998626708984,38819,42.689998626708984
BZ=F,2015-08-25,42.790000915527344,44.4900016784668,42.66999816894531,43.209999084472656,37063,43.209999084472656
BZ=F,2015-08-26,43.439998626708984,43.7599983215332,42.81999969482422,43.13999938964844,37502,43.13999938964844
BZ=F,2015-08-27,43.709999084472656,47.72999954223633,43.709999084472656,47.560001373291016,41974,47.560001373291016
BZ=F,2015-08-28,47.4900016784668,50.97999954223633,46.619998931884766,50.04999923706055,46963,50.04999923706055
BZ=F,2015-08-31,49.86000061035156,54.290000915527344,48.2400016784668,54.150001525878906,42864,54.150001525878906
BZ=F,2015-09-01,52.779998779296875,53.459999084472656,48.47999954223633,49.560001373291016,47532,49.560001373291016
BZ=F,2015-09-02,48.5,51.0099983215332,47.72999954223633,50.5,49127,50.5
BZ=F,2015-09-03,50.400001525878906,52.45000076293945,49.83000183105469,50.68000030517578,38231,50.68000030517578
BZ=F,2015-09-04,50.88999938964844,51.040000915527344,49.2599983215332,49.61000061035156,23953,49.61000061035156
BZ=F,2015-09-08,49.220001220703125,49.849998474121094,47.619998931884766,49.52000045776367,34271,49.52000045776367
BZ=F,2015-09-09,49.380001068115234,50.029998779296875,47.439998626708984,47.58000183105469,22039,47.58000183105469
BZ=F,2015-09-10,47.52000045776367,48.970001220703125,46.81999969482422,48.88999938964844,23873,48.88999938964844
BZ=F,2015-09-11,48.65999984741211,48.959999084472656,47.18000030517578,48.13999938964844,14408,48.13999938964844
BZ=F,2015-09-14,48.150001525878906,48.31999969482422,46.290000915527344,46.369998931884766,13286,46.369998931884766
BZ=F,2015-09-15,46.25,46.880001068115234,46.15999984741211,46.630001068115234,313,46.630001068115234
BZ=F,2015-09-16,46.61000061035156,46.61000061035156,46.61000061035156,46.61000061035156,29740,46.61000061035156
BZ=F,2015-09-17,49.939998626708984,50.13999938964844,48.33000183105469,49.08000183105469,25780,49.08000183105469
BZ=F,2015-09-18,49.209999084472656,49.79999923706055,47.16999816894531,47.470001220703125,20464,47.470001220703125
BZ=F,2015-09-21,47.59000015258789,48.97999954223633,47.54999923706055,48.91999816894531,18265,48.91999816894531
BZ=F,2015-09-22,48.52000045776367,49.209999084472656,47.70000076293945,49.08000183105469,17143,49.08000183105469
BZ=F,2015-09-23,49.04999923706055,50.2599983215332,47.66999816894531,47.75,22344,47.75
BZ=F,2015-09-24,47.959999084472656,48.470001220703125,47.400001525878906,48.16999816894531,21355,48.16999816894531
BZ=F,2015-09-25,48.130001068115234,49.18000030517578,47.849998474121094,48.599998474121094,18510,48.599998474121094
BZ=F,2015-09-28,48.34000015258789,48.38999938964844,47.2599983215332,47.34000015258789,17889,47.34000015258789
BZ=F,2015-09-29,47.209999084472656,48.63999938964844,47.209999084472656,48.22999954223633,15186,48.22999954223633
BZ=F,2015-09-30,47.93000030517578,49,47.810001373291016,48.369998931884766,23384,48.369998931884766
BZ=F,2015-10-01,48.380001068115234,49.84000015258789,47.63999938964844,47.689998626708984,23765,47.689998626708984
BZ=F,2015-10-02,48.060001373291016,48.4900016784668,46.939998626708984,48.130001068115234,21721,48.130001068115234
BZ=F,2015-10-05,48.25,49.86000061035156,47.88999938964844,49.25,19936,49.25
BZ=F,2015-10-06,49.27000045776367,52.2599983215332,48.86000061035156,51.91999816894531,27925,51.91999816894531
BZ=F,2015-10-07,51.4900016784668,53.13999938964844,51.220001220703125,51.33000183105469,28754,51.33000183105469
BZ=F,2015-10-08,51.810001373291016,53.560001373291016,51.290000915527344,53.04999923706055,28101,53.04999923706055
BZ=F,2015-10-09,53.27000045776367,54.04999923706055,52.22999954223633,52.650001525878906,32991,52.650001525878906
BZ=F,2015-10-12,52.61000061035156,53.29999923706055,49.779998779296875,49.86000061035156,30617,49.86000061035156
BZ=F,2015-10-13,50.29999923706055,50.689998626708984,48.900001525878906,49.2400016784668,18780,49.2400016784668
BZ=F,2015-10-14,49.16999816894531,49.5,48.72999954223633,49.150001525878906,8412,49.150001525878906
BZ=F,2015-10-15,49.290000915527344,49.36000061035156,48.25,48.709999084472656,342,48.709999084472656
BZ=F,2015-10-16,48.72999954223633,48.72999954223633,48.72999954223633,48.72999954223633,21575,48.72999954223633
BZ=F,2015-10-19,50.560001373291016,50.63999938964844,48.58000183105469,48.61000061035156,18932,48.61000061035156
BZ=F,2015-10-20,48.9900016784668,49.189998626708984,48.220001220703125,48.709999084472656,25631,48.709999084472656
BZ=F,2015-10-21,48.4900016784668,48.65999984741211,47.529998779296875,47.849998474121094,20633,47.849998474121094
BZ=F,2015-10-22,48.02000045776367,48.72999954223633,47.63999938964844,48.08000183105469,18472,48.08000183105469
BZ=F,2015-10-23,48.2599983215332,48.63999938964844,47.439998626708984,47.9900016784668,22871,47.9900016784668
BZ=F,2015-10-26,47.90999984741211,48.310001373291016,47.29999923706055,47.540000915527344,15230,47.540000915527344
BZ=F,2015-10-27,47.52000045776367,47.540000915527344,46.40999984741211,46.810001373291016,19347,46.810001373291016
BZ=F,2015-10-28,46.88999938964844,49.22999954223633,46.61000061035156,49.04999923706055,32294,49.04999923706055
BZ=F,2015-10-29,49.130001068115234,49.400001525878906,48.16999816894531,48.79999923706055,23743,48.79999923706055
BZ=F,2015-10-30,48.540000915527344,50,48.29999923706055,49.560001373291016,22329,49.560001373291016
BZ=F,2015-11-02,49.459999084472656,49.68000030517578,48.599998474121094,48.790000915527344,19352,48.790000915527344
BZ=F,2015-11-03,48.88999938964844,50.91999816894531,48.47999954223633,50.540000915527344,31478,50.540000915527344
BZ=F,2015-11-04,50.38999938964844,50.86000061035156,48.5,48.58000183105469,35211,48.58000183105469
BZ=F,2015-11-05,48.939998626708984,49,47.939998626708984,47.97999954223633,26058,47.97999954223633
BZ=F,2015-11-06,48.09000015258789,48.56999969482422,47.2599983215332,47.41999816894531,24275,47.41999816894531
BZ=F,2015-11-09,47.4900016784668,48.400001525878906,47.02000045776367,47.189998626708984,19896,47.189998626708984
BZ=F,2015-11-10,47.38999938964844,47.849998474121094,46.95000076293945,47.439998626708984,24475,47.439998626708984
BZ=F,2015-11-11,47.119998931884766,47.7400016784668,45.630001068115234,45.810001373291016,23241,45.810001373291016
BZ=F,2015-11-12,45.86000061035156,46.18000030517578,44.02000045776367,44.060001373291016,13932,44.060001373291016
BZ=F,2015-11-13,44.040000915527344,44.84000015258789,43.599998474121094,43.61000061035156,687,43.61000061035156
BZ=F,2015-11-16,43.58000183105469,43.58000183105469,43.58000183105469,43.58000183105469,35040,43.58000183105469
BZ=F,2015-11-17,44.720001220703125,45.099998474121094,43.5,43.56999969482422,29198,43.56999969482422
BZ=F,2015-11-18,43.970001220703125,44.72999954223633,43.349998474121094,44.13999938964844,28751,44.13999938964844
BZ=F,2015-11-19,44.279998779296875,44.7599983215332,43.70000076293945,44.18000030517578,23334,44.18000030517578
BZ=F,2015-11-20,44.29999923706055,45.5,44.060001373291016,44.65999984741211,29144,44.65999984741211
BZ=F,2015-11-23,44.349998474121094,45.720001220703125,43.58000183105469,44.83000183105469,38534,44.83000183105469
BZ=F,2015-11-24,45.15999984741211,46.5,44.939998626708984,46.119998931884766,32819,46.119998931884766
BZ=F,2015-11-25,45.9900016784668,46.47999954223633,45.02000045776367,46.16999816894531,29899,46.16999816894531
BZ=F,2015-11-27,46.27000045776367,46.290000915527344,44.79999923706055,44.86000061035156,23430,44.86000061035156
BZ=F,2015-11-30,44.849998474121094,45.7400016784668,44.45000076293945,44.61000061035156,29255,44.61000061035156
BZ=F,2015-12-01,44.61000061035156,45.16999816894531,44.02000045776367,44.439998626708984,35190,44.439998626708984
BZ=F,2015-12-02,44.34000015258789,44.619998931884766,42.439998626708984,42.4900016784668,43813,42.4900016784668
BZ=F,2015-12-03,42.77000045776367,44.689998626708984,42.630001068115234,43.84000015258789,40848,43.84000015258789
BZ=F,2015-12-04,44.119998931884766,44.81999969482422,42.68000030517578,43,43809,43
BZ=F,2015-12-07,43.220001220703125,43.220001220703125,40.599998474121094,40.72999954223633,39060,40.72999954223633
BZ=F,2015-12-08,40.88999938964844,41.45000076293945,39.81999969482422,40.2599983215332,43430,40.2599983215332
BZ=F,2015-12-09,40.540000915527344,41.56999969482422,39.59000015258789,40.11000061035156,54288,40.11000061035156
BZ=F,2015-12-10,40.43000030517578,40.66999816894531,39.45000076293945,39.72999954223633,36499,39.72999954223633
BZ=F,2015-12-11,39.619998931884766,39.7400016784668,37.36000061035156,37.93000030517578,31092,37.93000030517578
BZ=F,2015-12-14,37.810001373291016,38.40999984741211,36.380001068115234,37.91999816894531,12552,37.91999816894531
BZ=F,2015-12-15,37.84000015258789,39.400001525878906,37.56999969482422,38.45000076293945,8075,38.45000076293945
BZ=F,2015-12-16,38.150001525878906,38.20000076293945,37.11000061035156,37.189998626708984,1118,37.189998626708984
BZ=F,2015-12-17,37.18000030517578,37.18000030517578,37.18000030517578,37.18000030517578,24297,37.18000030517578
BZ=F,2015-12-18,36.849998474121094,37.720001220703125,36.40999984741211,36.880001068115234,30194,36.880001068115234
BZ=F,2015-12-21,36.619998931884766,36.810001373291016,36.040000915527344,36.349998474121094,22041,36.349998474121094
BZ=F,2015-12-22,36.31999969482422,36.720001220703125,35.9900016784668,36.11000061035156,22874,36.11000061035156
BZ=F,2015-12-23,36.41999816894531,37.88999938964844,36.29999923706055,37.36000061035156,28728,37.36000061035156
BZ=F,2015-12-24,37.72999954223633,38.099998474121094,36.93000030517578,37.88999938964844,12069,37.88999938964844
BZ=F,2015-12-28,37.81999969482422,37.970001220703125,36.41999816894531,36.619998931884766,11717,36.619998931884766
BZ=F,2015-12-29,36.54999923706055,37.970001220703125,36.54999923706055,37.790000915527344,19524,37.790000915527344
BZ=F,2015-12-30,37.40999984741211,37.540000915527344,36.36000061035156,36.459999084472656,18092,36.459999084472656
BZ=F,2015-12-31,36.66999816894531,37.95000076293945,36.11000061035156,37.279998779296875,17689,37.279998779296875
BZ=F,2016-01-04,37.400001525878906,38.9900016784668,36.779998779296875,37.220001220703125,41288,37.220001220703125
BZ=F,2016-01-05,37.31999969482422,37.56999969482422,36.25,36.41999816894531,29327,36.41999816894531
BZ=F,2016-01-06,36.720001220703125,36.720001220703125,34.13999938964844,34.22999954223633,43019,34.22999954223633
BZ=F,2016-01-07,34.52000045776367,34.72999954223633,32.18000030517578,33.75,44381,33.75
BZ=F,2016-01-08,33.79999923706055,34.72999954223633,32.790000915527344,33.54999923706055,39985,33.54999923706055
BZ=F,2016-01-11,33.15999984741211,33.380001068115234,31.200000762939453,31.549999237060547,38666,31.549999237060547
BZ=F,2016-01-12,30.8799991607666,32.380001068115234,30.360000610351562,30.860000610351562,20138,30.860000610351562
BZ=F,2016-01-13,31.690000534057617,31.989999771118164,29.959999084472656,30.309999465942383,9674,30.309999465942383
BZ=F,2016-01-14,30.5,31.200000762939453,30.020000457763672,31.030000686645508,663,31.030000686645508
BZ=F,2016-01-15,31.010000228881836,31.010000228881836,31.010000228881836,31.010000228881836,37163,31.010000228881836
BZ=F,2016-01-18,NA,NA,NA,NA,NA,NA
BZ=F,2016-01-19,28.799999237060547,30.31999969482422,27.670000076293945,28.760000228881836,60326,28.760000228881836
BZ=F,2016-01-20,28.940000534057617,28.969999313354492,27.110000610351562,27.8799991607666,39000,27.8799991607666
BZ=F,2016-01-21,27.950000762939453,29.829999923706055,27.299999237060547,29.25,55017,29.25
BZ=F,2016-01-22,29.68000030517578,32.290000915527344,29.299999237060547,32.18000030517578,63281,32.18000030517578
BZ=F,2016-01-25,32.18000030517578,32.79999923706055,30,30.5,41320,30.5
BZ=F,2016-01-26,30,32.720001220703125,29.280000686645508,31.799999237060547,50983,31.799999237060547
BZ=F,2016-01-27,31.030000686645508,33.5,30.84000015258789,33.099998474121094,51381,33.099998474121094
BZ=F,2016-01-28,32.90999984741211,35.83000183105469,32.58000183105469,33.88999938964844,59667,33.88999938964844
BZ=F,2016-01-29,34.16999816894531,35,33.61000061035156,34.7400016784668,678,34.7400016784668
BZ=F,2016-02-01,34.689998626708984,34.689998626708984,34.689998626708984,34.689998626708984,36878,34.689998626708984
BZ=F,2016-02-02,34.2400016784668,34.31999969482422,32.2400016784668,32.720001220703125,37956,32.720001220703125
BZ=F,2016-02-03,32.560001373291016,35.47999954223633,32.310001373291016,35.040000915527344,51237,35.040000915527344
BZ=F,2016-02-04,35.25,35.81999969482422,34.15999984741211,34.459999084472656,37559,34.459999084472656
BZ=F,2016-02-05,34.439998626708984,35.130001068115234,33.810001373291016,34.060001373291016,34903,34.060001373291016
BZ=F,2016-02-08,33.95000076293945,34.66999816894531,32.779998779296875,32.880001068115234,27425,32.880001068115234
BZ=F,2016-02-09,33.08000183105469,33.54999923706055,30.280000686645508,30.31999969482422,28881,30.31999969482422
BZ=F,2016-02-10,30.889999389648438,31.899999618530273,30.360000610351562,30.84000015258789,30705,30.84000015258789
BZ=F,2016-02-11,30.889999389648438,31.350000381469727,29.940000534057617,30.059999465942383,35929,30.059999465942383
BZ=F,2016-02-12,31.149999618530273,33.43000030517578,30.8700008392334,33.36000061035156,44770,33.36000061035156
BZ=F,2016-02-15,NA,NA,NA,NA,NA,NA
BZ=F,2016-02-16,32.72999954223633,35.529998779296875,31.940000534057617,32.18000030517578,48407,32.18000030517578
BZ=F,2016-02-17,32.369998931884766,34.959999084472656,31.84000015258789,34.5,40298,34.5
BZ=F,2016-02-18,34.90999984741211,35.72999954223633,33.79999923706055,34.279998779296875,33585,34.279998779296875
BZ=F,2016-02-19,34.040000915527344,34.439998626708984,32.68000030517578,33.0099983215332,32381,33.0099983215332
BZ=F,2016-02-22,33.119998931884766,34.970001220703125,32.81999969482422,34.689998626708984,28302,34.689998626708984
BZ=F,2016-02-23,34.540000915527344,35.11000061035156,32.93000030517578,33.27000045776367,41038,33.27000045776367
BZ=F,2016-02-24,32.9900016784668,34.65999984741211,32.369998931884766,34.40999984741211,48659,34.40999984741211
BZ=F,2016-02-25,34.43000030517578,35.72999954223633,33.29999923706055,35.290000915527344,25470,35.290000915527344
BZ=F,2016-02-26,35.09000015258789,36.9900016784668,34.849998474121094,35.099998474121094,16272,35.099998474121094
BZ=F,2016-02-29,35.13999938964844,36.209999084472656,34.88999938964844,35.970001220703125,2779,35.970001220703125
BZ=F,2016-03-01,35.959999084472656,35.959999084472656,35.959999084472656,35.959999084472656,28210,35.959999084472656
BZ=F,2016-03-02,36.560001373291016,37.380001068115234,36.11000061035156,36.93000030517578,32186,36.93000030517578
BZ=F,2016-03-03,37.029998779296875,37.36000061035156,36.36000061035156,37.06999969482422,25866,37.06999969482422
BZ=F,2016-03-04,36.959999084472656,38.97999954223633,36.83000183105469,38.720001220703125,32203,38.720001220703125
BZ=F,2016-03-07,38.9900016784668,41.040000915527344,38.880001068115234,40.84000015258789,33230,40.84000015258789
BZ=F,2016-03-08,40.84000015258789,41.47999954223633,39.310001373291016,39.650001525878906,35047,39.650001525878906
BZ=F,2016-03-09,39.52000045776367,41.2400016784668,39.41999816894531,41.06999969482422,29231,41.06999969482422
BZ=F,2016-03-10,40.84000015258789,41,39.650001525878906,40.04999923706055,28194,40.04999923706055
BZ=F,2016-03-11,40.25,41.0099983215332,40.029998779296875,40.38999938964844,22689,40.38999938964844
BZ=F,2016-03-14,40.2599983215332,40.54999923706055,38.81999969482422,39.529998779296875,31277,39.529998779296875
BZ=F,2016-03-15,39.7400016784668,39.77000045776367,38.31999969482422,38.7400016784668,24741,38.7400016784668
BZ=F,2016-03-16,38.9900016784668,40.41999816894531,38.849998474121094,40.33000183105469,31153,40.33000183105469
BZ=F,2016-03-17,40.20000076293945,41.59000015258789,40.20000076293945,41.540000915527344,32670,41.540000915527344
BZ=F,2016-03-18,41.380001068115234,42.540000915527344,40.84000015258789,41.20000076293945,36422,41.20000076293945
BZ=F,2016-03-21,41.20000076293945,41.869998931884766,40.4900016784668,41.540000915527344,24893,41.540000915527344
BZ=F,2016-03-22,41.5099983215332,42.119998931884766,40.97999954223633,41.790000915527344,31640,41.790000915527344
BZ=F,2016-03-23,41.56999969482422,41.810001373291016,40.400001525878906,40.470001220703125,30553,40.470001220703125
BZ=F,2016-03-24,40.33000183105469,40.63999938964844,39.220001220703125,40.439998626708984,24268,40.439998626708984
BZ=F,2016-03-28,40.5,41,39.65999984741211,40.27000045776367,10405,40.27000045776367
BZ=F,2016-03-29,40.209999084472656,40.22999954223633,38.77000045776367,39.13999938964844,18903,39.13999938964844
BZ=F,2016-03-30,39.400001525878906,40.59000015258789,39.130001068115234,39.2599983215332,10641,39.2599983215332
BZ=F,2016-03-31,39.11000061035156,40.02000045776367,38.81999969482422,39.599998474121094,399,39.599998474121094
BZ=F,2016-04-01,39.65999984741211,39.65999984741211,39.65999984741211,39.65999984741211,20407,39.65999984741211
BZ=F,2016-04-04,38.66999816894531,38.90999984741211,37.5099983215332,37.689998626708984,24270,37.689998626708984
BZ=F,2016-04-05,37.439998626708984,38.38999938964844,37.279998779296875,37.869998931884766,26655,37.869998931884766
BZ=F,2016-04-06,38.400001525878906,39.93000030517578,38.20000076293945,39.84000015258789,33370,39.84000015258789
BZ=F,2016-04-07,39.93000030517578,40.279998779296875,38.709999084472656,39.43000030517578,34351,39.43000030517578
BZ=F,2016-04-08,39.72999954223633,42,39.619998931884766,41.939998626708984,32319,41.939998626708984
BZ=F,2016-04-11,42.06999969482422,43.060001373291016,41.43000030517578,42.83000183105469,26930,42.83000183105469
BZ=F,2016-04-12,42.599998474121094,44.79999923706055,42.43000030517578,44.689998626708984,39987,44.689998626708984
BZ=F,2016-04-13,44.209999084472656,44.93000030517578,43.77000045776367,44.18000030517578,37539,44.18000030517578
BZ=F,2016-04-14,44.0099983215332,44.599998474121094,43.29999923706055,43.84000015258789,25907,43.84000015258789
BZ=F,2016-04-15,43.81999969482422,44.060001373291016,42.290000915527344,43.099998474121094,30288,43.099998474121094
BZ=F,2016-04-18,41.75,43.40999984741211,40.06999969482422,42.90999984741211,39238,42.90999984741211
BZ=F,2016-04-19,43.119998931884766,44.5099983215332,42.599998474121094,44.029998779296875,43258,44.029998779296875
BZ=F,2016-04-20,43.939998626708984,45.88999938964844,42.83000183105469,45.79999923706055,32343,45.79999923706055
BZ=F,2016-04-21,45.40999984741211,46.16999816894531,44.459999084472656,44.529998779296875,35228,44.529998779296875
BZ=F,2016-04-22,44.65999984741211,45.88999938964844,44.29999923706055,45.11000061035156,35201,45.11000061035156
BZ=F,2016-04-25,45.130001068115234,45.59000015258789,44.27000045776367,44.47999954223633,31478,44.47999954223633
BZ=F,2016-04-26,44.77000045776367,46.47999954223633,44.380001068115234,45.7400016784668,28109,45.7400016784668
BZ=F,2016-04-27,46.2599983215332,47.439998626708984,45.63999938964844,47.18000030517578,17458,47.18000030517578
BZ=F,2016-04-28,47.0099983215332,48.18000030517578,46.75,48.13999938964844,10505,48.13999938964844
BZ=F,2016-04-29,47.77000045776367,48.4900016784668,47.47999954223633,48.130001068115234,520,48.130001068115234
BZ=F,2016-05-02,48.099998474121094,48.099998474121094,48.099998474121094,48.099998474121094,0,48.099998474121094
BZ=F,2016-05-03,46.75,46.75,46.75,46.75,23630,46.75
BZ=F,2016-05-04,45.22999954223633,46,44.20000076293945,44.619998931884766,28903,44.619998931884766
BZ=F,2016-05-05,45,46.77000045776367,44.65999984741211,45.0099983215332,24432,45.0099983215332
BZ=F,2016-05-06,45.16999816894531,46.11000061035156,44.18000030517578,45.369998931884766,24512,45.369998931884766
BZ=F,2016-05-09,45.869998931884766,46.459999084472656,43.4900016784668,43.630001068115234,36293,43.630001068115234
BZ=F,2016-05-10,43.560001373291016,45.689998626708984,43.34000015258789,45.52000045776367,32801,45.52000045776367
BZ=F,2016-05-11,45.529998779296875,47.75,44.83000183105469,47.599998474121094,40873,47.599998474121094
BZ=F,2016-05-12,47.279998779296875,48.18000030517578,46.79999923706055,48.08000183105469,36256,48.08000183105469
BZ=F,2016-05-13,47.81999969482422,48.099998474121094,47.2599983215332,47.83000183105469,24243,47.83000183105469
BZ=F,2016-05-16,47.79999923706055,49.470001220703125,47.79999923706055,48.970001220703125,34770,48.970001220703125
BZ=F,2016-05-17,49.11000061035156,49.630001068115234,48.56999969482422,49.279998779296875,32460,49.279998779296875
BZ=F,2016-05-18,49.43000030517578,49.84000015258789,48.459999084472656,48.93000030517578,33480,48.93000030517578
BZ=F,2016-05-19,48.560001373291016,48.869998931884766,47.38999938964844,48.810001373291016,33279,48.810001373291016
BZ=F,2016-05-20,48.70000076293945,49.34000015258789,48.040000915527344,48.720001220703125,26839,48.720001220703125
BZ=F,2016-05-23,48.7599983215332,48.810001373291016,47.599998474121094,48.349998474121094,25366,48.349998474121094
BZ=F,2016-05-24,48.36000061035156,49.25,47.81999969482422,48.61000061035156,27698,48.61000061035156
BZ=F,2016-05-25,49.150001525878906,49.93000030517578,48.900001525878906,49.7400016784668,26667,49.7400016784668
BZ=F,2016-05-26,49.79999923706055,50.5,49.2400016784668,49.59000015258789,24441,49.59000015258789
BZ=F,2016-05-27,49.459999084472656,49.540000915527344,48.689998626708984,49.31999969482422,13383,49.31999969482422
BZ=F,2016-05-31,49.54999923706055,50.04999923706055,48.93000030517578,49.689998626708984,3997,49.689998626708984
BZ=F,2016-06-01,49.689998626708984,49.709999084472656,49.689998626708984,49.709999084472656,25507,49.709999084472656
BZ=F,2016-06-02,49.7400016784668,50.29999923706055,48.849998474121094,50.040000915527344,28156,50.040000915527344
BZ=F,2016-06-03,49.95000076293945,50.33000183105469,49.290000915527344,49.63999938964844,22460,49.63999938964844
BZ=F,2016-06-06,49.81999969482422,50.81999969482422,49.720001220703125,50.54999923706055,22446,50.54999923706055
BZ=F,2016-06-07,50.45000076293945,51.540000915527344,50.310001373291016,51.439998626708984,21088,51.439998626708984
BZ=F,2016-06-08,51.400001525878906,52.79999923706055,51.31999969482422,52.5099983215332,22382,52.5099983215332
BZ=F,2016-06-09,52.65999984741211,52.849998474121094,51.529998779296875,51.95000076293945,19759,51.95000076293945
BZ=F,2016-06-10,51.91999816894531,52.08000183105469,50.34000015258789,50.540000915527344,19899,50.540000915527344
BZ=F,2016-06-13,50.36000061035156,50.779998779296875,49.61000061035156,50.349998474121094,18914,50.349998474121094
BZ=F,2016-06-14,50.0099983215332,50.04999923706055,49.189998626708984,49.83000183105469,20904,49.83000183105469
BZ=F,2016-06-15,49.310001373291016,49.79999923706055,48.38999938964844,48.970001220703125,33399,48.970001220703125
BZ=F,2016-06-16,48.58000183105469,48.77000045776367,46.959999084472656,47.189998626708984,26672,47.189998626708984
BZ=F,2016-06-17,47.02000045776367,49.38999938964844,46.939998626708984,49.16999816894531,22172,49.16999816894531
BZ=F,2016-06-20,49.47999954223633,50.68000030517578,49.2599983215332,50.650001525878906,21739,50.650001525878906
BZ=F,2016-06-21,50.459999084472656,51.099998474121094,49.47999954223633,50.619998931884766,29249,50.619998931884766
BZ=F,2016-06-22,50.970001220703125,51.22999954223633,49.189998626708984,49.880001068115234,34368,49.880001068115234
BZ=F,2016-06-23,49.93000030517578,51,49.88999938964844,50.90999984741211,31356,50.90999984741211
BZ=F,2016-06-24,51.209999084472656,51.22999954223633,47.540000915527344,48.40999984741211,52110,48.40999984741211
BZ=F,2016-06-27,48.40999984741211,48.90999984741211,46.689998626708984,47.15999984741211,34439,47.15999984741211
BZ=F,2016-06-28,47.54999923706055,48.7599983215332,47.470001220703125,48.58000183105469,22475,48.58000183105469
BZ=F,2016-06-29,48.91999816894531,50.720001220703125,48.63999938964844,50.61000061035156,13050,50.61000061035156
BZ=F,2016-06-30,50.0099983215332,50.29999923706055,49.5,49.68000030517578,1313,49.68000030517578
BZ=F,2016-07-01,49.84000015258789,49.84000015258789,49.84000015258789,49.84000015258789,21731,49.84000015258789
BZ=F,2016-07-05,50.70000076293945,50.72999954223633,47.560001373291016,47.959999084472656,37154,47.959999084472656
BZ=F,2016-07-06,48.11000061035156,49.29999923706055,47.16999816894531,48.79999923706055,33332,48.79999923706055
BZ=F,2016-07-07,49.150001525878906,49.599998474121094,46.150001525878906,46.400001525878906,37267,46.400001525878906
BZ=F,2016-07-08,46.599998474121094,47.22999954223633,46.150001525878906,46.7599983215332,24682,46.7599983215332
BZ=F,2016-07-11,46.529998779296875,47.11000061035156,45.90999984741211,46.25,20339,46.25
BZ=F,2016-07-12,46.20000076293945,48.560001373291016,46.119998931884766,48.470001220703125,32157,48.470001220703125
BZ=F,2016-07-13,48.040000915527344,48.20000076293945,46.09000015258789,46.2599983215332,29323,46.2599983215332
BZ=F,2016-07-14,46.599998474121094,47.470001220703125,46.349998474121094,47.369998931884766,27528,47.369998931884766
BZ=F,2016-07-15,47.15999984741211,48.08000183105469,46.65999984741211,47.61000061035156,24450,47.61000061035156
BZ=F,2016-07-18,47.77000045776367,47.869998931884766,46.5,46.959999084472656,22151,46.959999084472656
BZ=F,2016-07-19,47.029998779296875,47.47999954223633,46.54999923706055,46.65999984741211,20962,46.65999984741211
BZ=F,2016-07-20,46.720001220703125,47.5,45.900001525878906,47.16999816894531,30188,47.16999816894531
BZ=F,2016-07-21,47.15999984741211,47.54999923706055,46.040000915527344,46.20000076293945,22328,46.20000076293945
BZ=F,2016-07-22,46.08000183105469,46.4900016784668,45.18000030517578,45.689998626708984,25423,45.689998626708984
BZ=F,2016-07-25,45.7400016784668,45.86000061035156,44.560001373291016,44.720001220703125,19167,44.720001220703125
BZ=F,2016-07-26,44.790000915527344,44.97999954223633,44.150001525878906,44.869998931884766,26793,44.869998931884766
BZ=F,2016-07-27,44.54999923706055,44.90999984741211,43.310001373291016,43.470001220703125,27266,43.470001220703125
BZ=F,2016-07-28,43.619998931884766,43.75,42.58000183105469,42.70000076293945,10527,42.70000076293945
BZ=F,2016-07-29,42.540000915527344,42.79999923706055,41.81999969482422,42.459999084472656,428,42.459999084472656
BZ=F,2016-08-01,42.45000076293945,42.45000076293945,42.45000076293945,42.45000076293945,21767,42.45000076293945
BZ=F,2016-08-02,42.279998779296875,43.16999816894531,41.5099983215332,41.79999923706055,23088,41.79999923706055
BZ=F,2016-08-03,41.939998626708984,43.439998626708984,41.5,43.099998474121094,30000,43.099998474121094
BZ=F,2016-08-04,43.369998931884766,44.33000183105469,42.5099983215332,44.290000915527344,25204,44.290000915527344
BZ=F,2016-08-05,44.189998626708984,44.4900016784668,43.5,44.27000045776367,24997,44.27000045776367
BZ=F,2016-08-08,44.38999938964844,45.709999084472656,44.2400016784668,45.38999938964844,19192,45.38999938964844
BZ=F,2016-08-09,45.15999984741211,45.7599983215332,44.75,44.97999954223633,18269,44.97999954223633
BZ=F,2016-08-10,45,45.66999816894531,43.81999969482422,44.04999923706055,24646,44.04999923706055
BZ=F,2016-08-11,43.849998474121094,46.310001373291016,43.459999084472656,46.040000915527344,29698,46.040000915527344
BZ=F,2016-08-12,46.16999816894531,47.25,45.7599983215332,46.970001220703125,23652,46.970001220703125
BZ=F,2016-08-15,47.150001525878906,48.529998779296875,46.84000015258789,48.349998474121094,21340,48.349998474121094
BZ=F,2016-08-16,48.209999084472656,49.349998474121094,47.90999984741211,49.22999954223633,27839,49.22999954223633
BZ=F,2016-08-17,48.97999954223633,49.9900016784668,48.54999923706055,49.849998474121094,39930,49.849998474121094
BZ=F,2016-08-18,49.720001220703125,51.04999923706055,49.5099983215332,50.88999938964844,28379,50.88999938964844
BZ=F,2016-08-19,50.880001068115234,51.220001220703125,50.33000183105469,50.880001068115234,25452,50.880001068115234
BZ=F,2016-08-22,50.7400016784668,50.7400016784668,49.099998474121094,49.15999984741211,27608,49.15999984741211
BZ=F,2016-08-23,49.22999954223633,50.20000076293945,48.4900016784668,49.959999084472656,36665,49.959999084472656
BZ=F,2016-08-24,49.459999084472656,49.86000061035156,48.68000030517578,49.04999923706055,41304,49.04999923706055
BZ=F,2016-08-25,49.029998779296875,49.779998779296875,48.70000076293945,49.66999816894531,31721,49.66999816894531
BZ=F,2016-08-26,49.65999984741211,50.75,49.13999938964844,49.91999816894531,27534,49.91999816894531
BZ=F,2016-08-29,49.619998931884766,49.619998931884766,48.97999954223633,49.2599983215332,6703,49.2599983215332
BZ=F,2016-08-30,49.29999923706055,49.7599983215332,48.2599983215332,48.369998931884766,10607,48.369998931884766
BZ=F,2016-08-31,48.02000045776367,48.400001525878906,46.970001220703125,47.040000915527344,668,47.040000915527344
BZ=F,2016-09-01,47.04999923706055,47.04999923706055,47.04999923706055,47.04999923706055,23846,47.04999923706055
BZ=F,2016-09-02,45.77000045776367,47.0099983215332,45.41999816894531,46.83000183105469,22597,46.83000183105469
BZ=F,2016-09-06,46.650001525878906,49.369998931884766,46.29999923706055,47.2599983215332,37751,47.2599983215332
BZ=F,2016-09-07,47.130001068115234,48.540000915527344,46.970001220703125,47.97999954223633,17745,47.97999954223633
BZ=F,2016-09-08,48.560001373291016,50.13999938964844,48.209999084472656,49.9900016784668,30011,49.9900016784668
BZ=F,2016-09-09,49.619998931884766,49.68000030517578,47.77000045776367,48.0099983215332,18847,48.0099983215332
BZ=F,2016-09-12,47.779998779296875,48.619998931884766,46.90999984741211,48.31999969482422,18373,48.31999969482422
BZ=F,2016-09-13,48.130001068115234,48.209999084472656,46.9900016784668,47.099998474121094,21761,47.099998474121094
BZ=F,2016-09-14,47.220001220703125,47.470001220703125,45.709999084472656,45.849998474121094,28376,45.849998474121094
BZ=F,2016-09-15,46.150001525878906,47,45.689998626708984,46.59000015258789,28412,46.59000015258789
BZ=F,2016-09-16,46.18000030517578,46.400001525878906,45.47999954223633,45.77000045776367,19165,45.77000045776367
BZ=F,2016-09-19,45.88999938964844,46.91999816894531,45.86000061035156,45.95000076293945,19674,45.95000076293945
BZ=F,2016-09-20,45.7400016784668,46.290000915527344,45.09000015258789,45.880001068115234,28150,45.880001068115234
BZ=F,2016-09-21,46.25,47.150001525878906,46.25,46.83000183105469,25248,46.83000183105469
BZ=F,2016-09-22,47.119998931884766,47.84000015258789,47.040000915527344,47.650001525878906,32336,47.650001525878906
BZ=F,2016-09-23,47.41999816894531,48.25,45.66999816894531,45.88999938964844,39822,45.88999938964844
BZ=F,2016-09-26,46.08000183105469,47.65999984741211,45.7400016784668,47.349998474121094,21045,47.349998474121094
BZ=F,2016-09-27,47.09000015258789,47.279998779296875,45.63999938964844,45.970001220703125,34389,45.970001220703125
BZ=F,2016-09-28,46.29999923706055,48.939998626708984,45.720001220703125,48.689998626708984,27630,48.689998626708984
BZ=F,2016-09-29,48.959999084472656,49.79999923706055,48.029998779296875,49.2400016784668,9721,49.2400016784668
BZ=F,2016-09-30,48.970001220703125,49.279998779296875,48.18000030517578,49.060001373291016,387,49.060001373291016
BZ=F,2016-10-03,49.099998474121094,49.099998474121094,49.099998474121094,49.099998474121094,27245,49.099998474121094
BZ=F,2016-10-04,50.5,51.349998474121094,50.349998474121094,50.869998931884766,24858,50.869998931884766
BZ=F,2016-10-05,51.380001068115234,52.09000015258789,51.22999954223633,51.86000061035156,26124,51.86000061035156
BZ=F,2016-10-06,51.68000030517578,52.720001220703125,51.34000015258789,52.5099983215332,25994,52.5099983215332
BZ=F,2016-10-07,52.66999816894531,52.84000015258789,51.34000015258789,51.93000030517578,26575,51.93000030517578
BZ=F,2016-10-11,52.9900016784668,53.310001373291016,52.119998931884766,52.40999984741211,33630,52.40999984741211
BZ=F,2016-10-12,52.619998931884766,52.849998474121094,51.61000061035156,51.810001373291016,24471,51.810001373291016
BZ=F,2016-10-13,51.720001220703125,52.150001525878906,50.939998626708984,52.029998779296875,25642,52.029998779296875
BZ=F,2016-10-14,52.099998474121094,52.560001373291016,51.5,51.95000076293945,22127,51.95000076293945
BZ=F,2016-10-17,51.959999084472656,52.279998779296875,51.16999816894531,51.52000045776367,26730,51.52000045776367
BZ=F,2016-10-18,51.689998626708984,52.119998931884766,51.27000045776367,51.68000030517578,28432,51.68000030517578
BZ=F,2016-10-19,52.130001068115234,53.13999938964844,52.099998474121094,52.66999816894531,31624,52.66999816894531
BZ=F,2016-10-20,52.630001068115234,52.68000030517578,51.18000030517578,51.380001068115234,29822,51.380001068115234
BZ=F,2016-10-21,51.439998626708984,51.93000030517578,51.130001068115234,51.779998779296875,31385,51.779998779296875
BZ=F,2016-10-24,51.959999084472656,52,50.5,51.459999084472656,39723,51.459999084472656
BZ=F,2016-10-25,51.349998474121094,51.83000183105469,50.220001220703125,50.790000915527344,34420,50.790000915527344
BZ=F,2016-10-26,50.25,50.689998626708984,49.65999984741211,49.97999954223633,50026,49.97999954223633
BZ=F,2016-10-27,49.9900016784668,50.900001525878906,49.869998931884766,50.470001220703125,21189,50.470001220703125
BZ=F,2016-10-28,50.310001373291016,50.56999969482422,49.34000015258789,49.709999084472656,15283,49.709999084472656
BZ=F,2016-10-31,49.45000076293945,49.689998626708984,47.9900016784668,48.29999923706055,1765,48.29999923706055
BZ=F,2016-11-01,48.33000183105469,48.33000183105469,48.33000183105469,48.33000183105469,56065,48.33000183105469
BZ=F,2016-11-02,47.97999954223633,48.06999969482422,46.47999954223633,46.86000061035156,47015,46.86000061035156
BZ=F,2016-11-03,46.959999084472656,47.5099983215332,46,46.349998474121094,33590,46.349998474121094
BZ=F,2016-11-04,46.380001068115234,46.540000915527344,45.08000183105469,45.58000183105469,54210,45.58000183105469
BZ=F,2016-11-07,46.06999969482422,46.380001068115234,45.380001068115234,46.150001525878906,30522,46.150001525878906
BZ=F,2016-11-08,46.2400016784668,46.68000030517578,45.61000061035156,46.040000915527344,33500,46.040000915527344
BZ=F,2016-11-09,45.95000076293945,46.95000076293945,44.38999938964844,46.36000061035156,53512,46.36000061035156
BZ=F,2016-11-10,46.599998474121094,46.90999984741211,45.54999923706055,45.84000015258789,35421,45.84000015258789
BZ=F,2016-11-14,44.68000030517578,44.97999954223633,43.58000183105469,44.43000030517578,37427,44.43000030517578
BZ=F,2016-11-15,44.72999954223633,47.2599983215332,44.68000030517578,46.95000076293945,43809,46.95000076293945
BZ=F,2016-11-16,47,47.560001373291016,46.27000045776367,46.630001068115234,43917,46.630001068115234
BZ=F,2016-11-17,46.439998626708984,47.61000061035156,46.02000045776367,46.4900016784668,39989,46.4900016784668
BZ=F,2016-11-18,46.09000015258789,46.97999954223633,45.7599983215332,46.86000061035156,39532,46.86000061035156
BZ=F,2016-11-21,47.0099983215332,49.150001525878906,47,48.900001525878906,42541,48.900001525878906
BZ=F,2016-11-22,49.099998474121094,49.970001220703125,48.13999938964844,49.119998931884766,62072,49.119998931884766
BZ=F,2016-11-23,49.130001068115234,49.5,48.56999969482422,48.95000076293945,46018,48.95000076293945
BZ=F,2016-11-25,49,49.20000076293945,47.0099983215332,47.2400016784668,27459,47.2400016784668
BZ=F,2016-11-28,46.7599983215332,48.810001373291016,46.15999984741211,48.2400016784668,25170,48.2400016784668
BZ=F,2016-11-29,48.09000015258789,48.099998474121094,45.91999816894531,46.380001068115234,15550,46.380001068115234
BZ=F,2016-11-30,46.7599983215332,50.470001220703125,46.75,50.470001220703125,1083,50.470001220703125
BZ=F,2016-12-01,50.459999084472656,50.459999084472656,50.459999084472656,50.459999084472656,71317,50.459999084472656
BZ=F,2016-12-02,53.869998931884766,54.5,52.86000061035156,54.459999084472656,39305,54.459999084472656
BZ=F,2016-12-05,54.22999954223633,55.33000183105469,53.810001373291016,54.939998626708984,33656,54.939998626708984
BZ=F,2016-12-06,54.209999084472656,54.93000030517578,53.52000045776367,53.93000030517578,34688,53.93000030517578
BZ=F,2016-12-07,53.959999084472656,54.209999084472656,52.91999816894531,53,34297,53
BZ=F,2016-12-08,53.04999923706055,54.04999923706055,52.83000183105469,53.88999938964844,44044,53.88999938964844
BZ=F,2016-12-09,53.95000076293945,54.439998626708984,53.77000045776367,54.33000183105469,30445,54.33000183105469
BZ=F,2016-12-12,54.75,57.4900016784668,54.75,55.689998626708984,45732,55.689998626708984
BZ=F,2016-12-13,55.369998931884766,56.43000030517578,55.150001525878906,55.720001220703125,38210,55.720001220703125
BZ=F,2016-12-14,55.22999954223633,55.79999923706055,53.61000061035156,53.900001525878906,39813,53.900001525878906
BZ=F,2016-12-15,53.720001220703125,54.5,53.150001525878906,54.02000045776367,34744,54.02000045776367
BZ=F,2016-12-16,54.220001220703125,55.380001068115234,53.709999084472656,55.209999084472656,31303,55.209999084472656
BZ=F,2016-12-19,55.4900016784668,55.790000915527344,54.689998626708984,54.91999816894531,30608,54.91999816894531
BZ=F,2016-12-20,55.119998931884766,55.90999984741211,54.75,55.349998474121094,37241,55.349998474121094
BZ=F,2016-12-21,55.599998474121094,55.86000061035156,54.31999969482422,54.459999084472656,31242,54.459999084472656
BZ=F,2016-12-22,54.59000015258789,55.22999954223633,54.04999923706055,55.04999923706055,30938,55.04999923706055
BZ=F,2016-12-23,54.880001068115234,55.34000015258789,54.27000045776367,55.15999984741211,15503,55.15999984741211
BZ=F,2016-12-27,55.47999954223633,56.2599983215332,55.04999923706055,56.09000015258789,8294,56.09000015258789
BZ=F,2016-12-28,56.08000183105469,56.560001373291016,55.88999938964844,56.220001220703125,10677,56.220001220703125
BZ=F,2016-12-29,55.970001220703125,56.63999938964844,55.970001220703125,56.13999938964844,595,56.13999938964844
BZ=F,2016-12-30,56.130001068115234,56.130001068115234,56.130001068115234,56.130001068115234,13775,56.130001068115234
BZ=F,2017-01-03,57.04999923706055,58.369998931884766,55.290000915527344,55.470001220703125,42688,55.470001220703125
BZ=F,2017-01-04,55.689998626708984,56.529998779296875,55.34000015258789,56.459999084472656,27804,56.459999084472656
BZ=F,2017-01-05,56.540000915527344,57.34000015258789,56.0099983215332,56.88999938964844,32833,56.88999938964844
BZ=F,2017-01-06,56.880001068115234,57.459999084472656,56.29999923706055,57.099998474121094,24948,57.099998474121094
BZ=F,2017-01-09,56.86000061035156,56.9900016784668,54.7400016784668,54.939998626708984,25860,54.939998626708984
BZ=F,2017-01-10,54.84000015258789,55.34000015258789,53.56999969482422,53.63999938964844,33801,53.63999938964844
BZ=F,2017-01-11,53.70000076293945,55.66999816894531,53.65999984741211,55.099998474121094,45944,55.099998474121094
BZ=F,2017-01-12,55.22999954223633,56.43000030517578,55.029998779296875,56.0099983215332,36424,56.0099983215332
BZ=F,2017-01-13,56.060001373291016,56.20000076293945,55.310001373291016,55.45000076293945,25417,55.45000076293945
BZ=F,2017-01-17,55.650001525878906,56.970001220703125,55.20000076293945,55.470001220703125,44899,55.470001220703125
BZ=F,2017-01-18,55.470001220703125,55.88999938964844,53.779998779296875,53.91999816894531,40148,53.91999816894531
BZ=F,2017-01-19,54.310001373291016,54.75,53.900001525878906,54.15999984741211,33327,54.15999984741211
BZ=F,2017-01-20,54.279998779296875,55.790000915527344,54.189998626708984,55.4900016784668,29231,55.4900016784668
BZ=F,2017-01-23,55.470001220703125,55.7400016784668,54.650001525878906,55.22999954223633,33859,55.22999954223633
BZ=F,2017-01-24,55.38999938964844,55.849998474121094,55.04999923706055,55.439998626708984,32411,55.439998626708984
BZ=F,2017-01-25,55.2400016784668,55.63999938964844,54.7599983215332,55.08000183105469,34247,55.08000183105469
BZ=F,2017-01-26,55.369998931884766,56.54999923706055,55.209999084472656,56.2400016784668,45145,56.2400016784668
BZ=F,2017-01-27,56.11000061035156,56.5,54.849998474121094,55.52000045776367,20964,55.52000045776367
BZ=F,2017-01-30,55.400001525878906,55.63999938964844,54.970001220703125,55.22999954223633,9982,55.22999954223633
BZ=F,2017-01-31,55.220001220703125,55.939998626708984,54.939998626708984,55.70000076293945,578,55.70000076293945
BZ=F,2017-02-01,55.65999984741211,55.65999984741211,55.65999984741211,55.65999984741211,34772,55.65999984741211
BZ=F,2017-02-02,56.529998779296875,57.43000030517578,56.34000015258789,56.560001373291016,31371,56.560001373291016
BZ=F,2017-02-03,56.83000183105469,57.290000915527344,56.38999938964844,56.810001373291016,26703,56.810001373291016
BZ=F,2017-02-06,56.79999923706055,57.11000061035156,55.650001525878906,55.720001220703125,26706,55.720001220703125
BZ=F,2017-02-07,55.93000030517578,55.97999954223633,54.63999938964844,55.04999923706055,32659,55.04999923706055
BZ=F,2017-02-08,54.54999923706055,55.66999816894531,54.209999084472656,55.119998931884766,44864,55.119998931884766
BZ=F,2017-02-09,55.2599983215332,55.91999816894531,55.20000076293945,55.630001068115234,29628,55.630001068115234
BZ=F,2017-02-10,55.689998626708984,56.869998931884766,55.58000183105469,56.70000076293945,30763,56.70000076293945
BZ=F,2017-02-13,56.77000045776367,56.79999923706055,55.43000030517578,55.59000015258789,25049,55.59000015258789
BZ=F,2017-02-14,55.709999084472656,56.45000076293945,55.54999923706055,55.970001220703125,25975,55.970001220703125
BZ=F,2017-02-15,55.84000015258789,56.25,55.54999923706055,55.75,26608,55.75
BZ=F,2017-02-16,55.66999816894531,56.22999954223633,55.130001068115234,55.650001525878906,32712,55.650001525878906
BZ=F,2017-02-17,55.66999816894531,55.869998931884766,55.11000061035156,55.810001373291016,27599,55.810001373291016
BZ=F,2017-02-21,55.90999984741211,57.29999923706055,55.709999084472656,56.65999984741211,57648,56.65999984741211
BZ=F,2017-02-22,56.689998626708984,56.9900016784668,55.58000183105469,55.84000015258789,36358,55.84000015258789
BZ=F,2017-02-23,56.189998626708984,57.349998474121094,56.150001525878906,56.58000183105469,36155,56.58000183105469
BZ=F,2017-02-24,56.5099983215332,56.650001525878906,55.75,55.9900016784668,18720,55.9900016784668
BZ=F,2017-02-27,56.040000915527344,56.7599983215332,55.90999984741211,55.93000030517578,10972,55.93000030517578
BZ=F,2017-02-28,55.97999954223633,56.06999969482422,55.27000045776367,55.59000015258789,685,55.59000015258789
BZ=F,2017-03-01,55.599998474121094,55.599998474121094,55.599998474121094,55.599998474121094,25932,55.599998474121094
BZ=F,2017-03-02,56.310001373291016,56.439998626708984,55.0099983215332,55.08000183105469,34925,55.08000183105469
BZ=F,2017-03-03,55.18000030517578,55.939998626708984,55.09000015258789,55.900001525878906,24688,55.900001525878906
BZ=F,2017-03-06,55.79999923706055,56.2400016784668,55.31999969482422,56.0099983215332,25402,56.0099983215332
BZ=F,2017-03-07,55.9900016784668,56.63999938964844,55.54999923706055,55.91999816894531,28162,55.91999816894531
BZ=F,2017-03-08,55.61000061035156,55.7599983215332,52.939998626708984,53.11000061035156,43000,53.11000061035156
BZ=F,2017-03-09,53.130001068115234,53.849998474121094,51.47999954223633,52.189998626708984,61215,52.189998626708984
BZ=F,2017-03-10,52.439998626708984,53.0099983215332,51.150001525878906,51.369998931884766,41261,51.369998931884766
BZ=F,2017-03-13,51.369998931884766,51.689998626708984,50.84000015258789,51.349998474121094,28880,51.349998474121094
BZ=F,2017-03-14,51.400001525878906,51.83000183105469,50.25,50.91999816894531,49660,50.91999816894531
BZ=F,2017-03-15,51.790000915527344,52.040000915527344,51.36000061035156,51.810001373291016,36290,51.810001373291016
BZ=F,2017-03-16,52.09000015258789,52.59000015258789,51.5,51.7400016784668,28932,51.7400016784668
BZ=F,2017-03-17,51.720001220703125,52.16999816894531,51.529998779296875,51.7599983215332,20151,51.7599983215332
BZ=F,2017-03-20,51.75,51.93000030517578,51.0099983215332,51.619998931884766,25177,51.619998931884766
BZ=F,2017-03-21,51.65999984741211,52.209999084472656,50.72999954223633,50.959999084472656,30377,50.959999084472656
BZ=F,2017-03-22,50.869998931884766,50.970001220703125,49.63999938964844,50.63999938964844,39102,50.63999938964844
BZ=F,2017-03-23,50.7599983215332,51.09000015258789,50.2599983215332,50.560001373291016,35569,50.560001373291016
BZ=F,2017-03-24,50.599998474121094,51.04999923706055,50.400001525878906,50.79999923706055,27105,50.79999923706055
BZ=F,2017-03-27,51.02000045776367,51.099998474121094,50.029998779296875,50.75,27398,50.75
BZ=F,2017-03-28,50.86000061035156,51.869998931884766,50.790000915527344,51.33000183105469,27375,51.33000183105469
BZ=F,2017-03-29,51.34000015258789,52.459999084472656,51.34000015258789,52.41999816894531,17105,52.41999816894531
BZ=F,2017-03-30,52.400001525878906,53.09000015258789,52.029998779296875,52.959999084472656,14493,52.959999084472656
BZ=F,2017-03-31,52.650001525878906,53.31999969482422,52.400001525878906,52.83000183105469,31997,52.83000183105469
BZ=F,2017-04-03,53.63999938964844,53.720001220703125,53.040000915527344,53.119998931884766,18746,53.119998931884766
BZ=F,2017-04-04,53.13999938964844,54.36000061035156,52.75,54.16999816894531,27204,54.16999816894531
BZ=F,2017-04-05,54.27000045776367,55.08000183105469,53.97999954223633,54.36000061035156,33157,54.36000061035156
BZ=F,2017-04-06,54.150001525878906,54.9900016784668,54.02000045776367,54.88999938964844,21011,54.88999938964844
BZ=F,2017-04-07,54.75,56.06999969482422,54.56999969482422,55.2400016784668,34387,55.2400016784668
BZ=F,2017-04-10,55.2400016784668,56.04999923706055,55.2400016784668,55.97999954223633,29224,55.97999954223633
BZ=F,2017-04-11,56.04999923706055,56.279998779296875,55.459999084472656,56.22999954223633,32054,56.22999954223633
BZ=F,2017-04-12,56.279998779296875,56.630001068115234,55.5099983215332,55.86000061035156,33978,55.86000061035156
BZ=F,2017-04-13,55.66999816894531,56.060001373291016,55.58000183105469,55.88999938964844,27171,55.88999938964844
BZ=F,2017-04-17,55.849998474121094,55.970001220703125,55.29999923706055,55.36000061035156,18101,55.36000061035156
BZ=F,2017-04-18,55.47999954223633,55.4900016784668,54.619998931884766,54.88999938964844,38436,54.88999938964844
BZ=F,2017-04-19,54.7400016784668,55.220001220703125,52.59000015258789,52.93000030517578,43655,52.93000030517578
BZ=F,2017-04-20,53.060001373291016,53.540000915527344,52.689998626708984,52.9900016784668,48381,52.9900016784668
BZ=F,2017-04-21,53.029998779296875,53.279998779296875,51.56999969482422,51.959999084472656,36665,51.959999084472656
BZ=F,2017-04-24,52.04999923706055,52.58000183105469,51.43000030517578,51.599998474121094,27284,51.599998474121094
BZ=F,2017-04-25,51.650001525878906,52.380001068115234,51.310001373291016,52.099998474121094,31348,52.099998474121094
BZ=F,2017-04-26,51.86000061035156,52.439998626708984,51.400001525878906,51.81999969482422,24549,51.81999969482422
BZ=F,2017-04-27,51.470001220703125,51.75,50.43000030517578,51.439998626708984,20588,51.439998626708984
BZ=F,2017-04-28,51.43000030517578,52.099998474121094,51.40999984741211,51.72999954223633,33680,51.72999954223633
BZ=F,2017-05-01,51.849998474121094,51.97999954223633,51.220001220703125,51.52000045776367,12936,51.52000045776367
BZ=F,2017-05-02,51.38999938964844,52.13999938964844,50.15999984741211,50.459999084472656,38556,50.459999084472656
BZ=F,2017-05-03,51.04999923706055,51.119998931884766,50.209999084472656,50.790000915527344,34131,50.790000915527344
BZ=F,2017-05-04,50.619998931884766,50.720001220703125,48.18000030517578,48.380001068115234,52061,48.380001068115234
BZ=F,2017-05-05,48.38999938964844,49.619998931884766,46.650001525878906,49.099998474121094,54485,49.099998474121094
BZ=F,2017-05-08,49.290000915527344,49.880001068115234,48.4900016784668,49.34000015258789,35179,49.34000015258789
BZ=F,2017-05-09,49.439998626708984,49.709999084472656,48.40999984741211,48.72999954223633,33410,48.72999954223633
BZ=F,2017-05-10,48.9900016784668,50.619998931884766,48.849998474121094,50.220001220703125,37961,50.220001220703125
BZ=F,2017-05-11,50.279998779296875,51.150001525878906,50.2400016784668,50.77000045776367,31243,50.77000045776367
BZ=F,2017-05-12,50.77000045776367,51.08000183105469,50.34000015258789,50.84000015258789,29339,50.84000015258789
BZ=F,2017-05-15,50.84000015258789,52.619998931884766,50.650001525878906,51.81999969482422,31972,51.81999969482422
BZ=F,2017-05-16,51.86000061035156,52.349998474121094,51.189998626708984,51.650001525878906,29359,51.650001525878906
BZ=F,2017-05-17,51.2400016784668,52.599998474121094,51.04999923706055,52.209999084472656,32800,52.209999084472656
BZ=F,2017-05-18,52.099998474121094,52.7400016784668,51.11000061035156,52.5099983215332,41239,52.5099983215332
BZ=F,2017-05-19,52.529998779296875,53.790000915527344,52.529998779296875,53.61000061035156,34681,53.61000061035156
BZ=F,2017-05-22,53.869998931884766,54.369998931884766,53.650001525878906,53.869998931884766,41324,53.869998931884766
BZ=F,2017-05-23,53.849998474121094,54.470001220703125,53.209999084472656,54.150001525878906,39671,54.150001525878906
BZ=F,2017-05-24,54.20000076293945,54.619998931884766,53.66999816894531,53.959999084472656,52627,53.959999084472656
BZ=F,2017-05-25,53.90999984741211,54.65999984741211,51.029998779296875,51.459999084472656,72089,51.459999084472656
BZ=F,2017-05-26,51.369998931884766,52.2599983215332,50.709999084472656,52.150001525878906,28004,52.150001525878906
BZ=F,2017-05-30,52.29999923706055,52.599998474121094,51.20000076293945,51.84000015258789,18705,51.84000015258789
BZ=F,2017-05-31,51.66999816894531,51.75,49.83000183105469,50.310001373291016,545,50.310001373291016
BZ=F,2017-06-01,50.33000183105469,50.33000183105469,50.33000183105469,50.33000183105469,43640,50.33000183105469
BZ=F,2017-06-02,50.400001525878906,50.5099983215332,48.959999084472656,49.95000076293945,44207,49.95000076293945
BZ=F,2017-06-05,49.959999084472656,50.72999954223633,49.04999923706055,49.470001220703125,38387,49.470001220703125
BZ=F,2017-06-06,49.47999954223633,50.29999923706055,48.9900016784668,50.119998931884766,41397,50.119998931884766
BZ=F,2017-06-07,49.9900016784668,50.130001068115234,47.970001220703125,48.060001373291016,50234,48.060001373291016
BZ=F,2017-06-08,48.22999954223633,48.58000183105469,47.560001373291016,47.86000061035156,40901,47.86000061035156
BZ=F,2017-06-09,47.90999984741211,48.540000915527344,47.439998626708984,48.150001525878906,29536,48.150001525878906
BZ=F,2017-06-12,48.18000030517578,49.119998931884766,48.0099983215332,48.290000915527344,28229,48.290000915527344
BZ=F,2017-06-13,48.27000045776367,48.810001373291016,47.880001068115234,48.720001220703125,26775,48.720001220703125
BZ=F,2017-06-14,48.18000030517578,48.68000030517578,46.77000045776367,47,44939,47
BZ=F,2017-06-15,46.9900016784668,47.189998626708984,46.70000076293945,46.91999816894531,26749,46.91999816894531
BZ=F,2017-06-16,46.84000015258789,47.599998474121094,46.81999969482422,47.369998931884766,19728,47.369998931884766
BZ=F,2017-06-19,47.29999923706055,47.75,46.77000045776367,46.90999984741211,19703,46.90999984741211
BZ=F,2017-06-20,46.900001525878906,47.220001220703125,45.43000030517578,46.02000045776367,30670,46.02000045776367
BZ=F,2017-06-21,45.84000015258789,46.61000061035156,44.36000061035156,44.81999969482422,40210,44.81999969482422
BZ=F,2017-06-22,44.84000015258789,45.779998779296875,44.54999923706055,45.220001220703125,28351,45.220001220703125
BZ=F,2017-06-23,45.290000915527344,45.7400016784668,45.040000915527344,45.540000915527344,27319,45.540000915527344
BZ=F,2017-06-26,45.689998626708984,46.220001220703125,45.040000915527344,45.83000183105469,22998,45.83000183105469
BZ=F,2017-06-27,45.959999084472656,47.040000915527344,45.81999969482422,46.650001525878906,29887,46.650001525878906
BZ=F,2017-06-28,46.25,47.470001220703125,46.189998626708984,47.310001373291016,13352,47.310001373291016
BZ=F,2017-06-29,47.439998626708984,48,47.189998626708984,47.41999816894531,9980,47.41999816894531
BZ=F,2017-06-30,47.47999954223633,48.20000076293945,47.47999954223633,47.91999816894531,23479,47.91999816894531
BZ=F,2017-07-03,48.88999938964844,49.70000076293945,48.540000915527344,49.68000030517578,17462,49.68000030517578
BZ=F,2017-07-05,49.599998474121094,49.88999938964844,47.279998779296875,47.790000915527344,40863,47.790000915527344
BZ=F,2017-07-06,48.29999923706055,49.16999816894531,47.779998779296875,48.11000061035156,25556,48.11000061035156
BZ=F,2017-07-07,47.97999954223633,47.9900016784668,46.279998779296875,46.709999084472656,28644,46.709999084472656
BZ=F,2017-07-10,46.900001525878906,47.369998931884766,46.119998931884766,46.880001068115234,21447,46.880001068115234
BZ=F,2017-07-11,47.02000045776367,48.16999816894531,46.29999923706055,47.52000045776367,22689,47.52000045776367
BZ=F,2017-07-12,48.209999084472656,48.75,47.349998474121094,47.7400016784668,31345,47.7400016784668
BZ=F,2017-07-13,47.650001525878906,48.529998779296875,47.18000030517578,48.41999816894531,22846,48.41999816894531
BZ=F,2017-07-14,48.400001525878906,49.08000183105469,48.15999984741211,48.90999984741211,22014,48.90999984741211
BZ=F,2017-07-17,49.060001373291016,49.25,48.310001373291016,48.41999816894531,17905,48.41999816894531
BZ=F,2017-07-18,48.40999984741211,49.400001525878906,48.2400016784668,48.84000015258789,20301,48.84000015258789
BZ=F,2017-07-19,48.70000076293945,49.79999923706055,48.599998474121094,49.70000076293945,20340,49.70000076293945
BZ=F,2017-07-20,49.599998474121094,50.18000030517578,49.189998626708984,49.29999923706055,26566,49.29999923706055
BZ=F,2017-07-21,49.27000045776367,49.63999938964844,47.810001373291016,48.060001373291016,27053,48.060001373291016
BZ=F,2017-07-24,47.88999938964844,48.7599983215332,47.68000030517578,48.599998474121094,25408,48.599998474121094
BZ=F,2017-07-25,48.7400016784668,50.900001525878906,48.650001525878906,50.20000076293945,27529,50.20000076293945
BZ=F,2017-07-26,50.7599983215332,51.029998779296875,50.08000183105469,50.970001220703125,26137,50.970001220703125
BZ=F,2017-07-27,50.869998931884766,51.63999938964844,50.5099983215332,51.4900016784668,21851,51.4900016784668
BZ=F,2017-07-28,51.58000183105469,52.66999816894531,51.310001373291016,52.52000045776367,12631,52.52000045776367
BZ=F,2017-07-31,52.7599983215332,52.849998474121094,52.25,52.650001525878906,844,52.650001525878906
BZ=F,2017-08-01,52.630001068115234,52.630001068115234,52.630001068115234,52.630001068115234,33859,52.630001068115234
BZ=F,2017-08-02,51.56999969482422,52.41999816894531,51.189998626708984,52.36000061035156,34625,52.36000061035156
BZ=F,2017-08-03,52.290000915527344,52.869998931884766,51.790000915527344,52.0099983215332,34779,52.0099983215332
BZ=F,2017-08-04,51.90999984741211,52.52000045776367,51.439998626708984,52.41999816894531,26969,52.41999816894531
BZ=F,2017-08-07,52.380001068115234,52.560001373291016,51.369998931884766,52.369998931884766,29496,52.369998931884766
BZ=F,2017-08-08,52.2400016784668,52.72999954223633,51.81999969482422,52.13999938964844,24795,52.13999938964844
BZ=F,2017-08-09,51.83000183105469,52.81999969482422,51.83000183105469,52.70000076293945,26143,52.70000076293945
BZ=F,2017-08-10,52.779998779296875,53.630001068115234,51.68000030517578,51.900001525878906,52899,51.900001525878906
BZ=F,2017-08-11,51.91999816894531,52.27000045776367,51.310001373291016,52.099998474121094,25318,52.099998474121094
BZ=F,2017-08-14,52.0099983215332,52.38999938964844,50.58000183105469,50.72999954223633,29797,50.72999954223633
BZ=F,2017-08-15,50.650001525878906,51.099998474121094,50.029998779296875,50.79999923706055,35111,50.79999923706055
BZ=F,2017-08-16,50.959999084472656,51.349998474121094,50.150001525878906,50.27000045776367,33911,50.27000045776367
BZ=F,2017-08-17,50.380001068115234,51.11000061035156,49.9900016784668,51.029998779296875,43863,51.029998779296875
BZ=F,2017-08-18,50.86000061035156,52.95000076293945,50.779998779296875,52.720001220703125,41235,52.720001220703125
BZ=F,2017-08-21,52.900001525878906,52.900001525878906,51.290000915527344,51.65999984741211,33088,51.65999984741211
BZ=F,2017-08-22,51.68000030517578,52.27000045776367,51.400001525878906,51.869998931884766,36291,51.869998931884766
BZ=F,2017-08-23,51.630001068115234,52.619998931884766,51.45000076293945,52.56999969482422,31540,52.56999969482422
BZ=F,2017-08-24,52.54999923706055,52.709999084472656,51.61000061035156,52.040000915527344,38326,52.040000915527344
BZ=F,2017-08-25,52.20000076293945,52.790000915527344,51.91999816894531,52.40999984741211,32957,52.40999984741211
BZ=F,2017-08-28,52.66999816894531,53.15999984741211,51.52000045776367,51.88999938964844,23706,51.88999938964844
BZ=F,2017-08-29,52.150001525878906,52.150001525878906,51.369998931884766,52,20366,52
BZ=F,2017-08-30,51.880001068115234,52.02000045776367,50.630001068115234,50.86000061035156,20366,50.86000061035156
BZ=F,2017-08-31,50.5099983215332,52.380001068115234,50.130001068115234,52.380001068115234,9938,52.380001068115234
BZ=F,2017-09-01,52.31999969482422,52.31999969482422,52.31999969482422,52.31999969482422,43495,52.31999969482422
BZ=F,2017-09-05,52.79999923706055,53.650001525878906,51.97999954223633,53.380001068115234,24873,53.380001068115234
BZ=F,2017-09-06,53.18000030517578,54.29999923706055,53.09000015258789,54.20000076293945,30783,54.20000076293945
BZ=F,2017-09-07,54.08000183105469,54.66999816894531,53.88999938964844,54.4900016784668,34793,54.4900016784668
BZ=F,2017-09-08,54.540000915527344,54.86000061035156,53.560001373291016,53.779998779296875,28912,53.779998779296875
BZ=F,2017-09-11,53.75,54.11000061035156,53.040000915527344,53.84000015258789,30263,53.84000015258789
BZ=F,2017-09-12,53.86000061035156,54.439998626708984,53.43000030517578,54.27000045776367,22720,54.27000045776367
BZ=F,2017-09-13,54.2599983215332,55.20000076293945,54.029998779296875,55.15999984741211,24868,55.15999984741211
BZ=F,2017-09-14,55.06999969482422,56,54.93000030517578,55.470001220703125,27549,55.470001220703125
BZ=F,2017-09-15,55.27000045776367,55.849998474121094,54.869998931884766,55.619998931884766,22004,55.619998931884766
BZ=F,2017-09-18,55.529998779296875,55.939998626708984,54.81999969482422,55.47999954223633,23767,55.47999954223633
BZ=F,2017-09-19,55.45000076293945,55.880001068115234,54.88999938964844,55.13999938964844,19337,55.13999938964844
BZ=F,2017-09-20,55.40999984741211,56.47999954223633,55.279998779296875,56.290000915527344,27031,56.290000915527344
BZ=F,2017-09-21,56.18000030517578,56.529998779296875,55.779998779296875,56.43000030517578,23549,56.43000030517578
BZ=F,2017-09-22,56.5,56.900001525878906,56.22999954223633,56.86000061035156,18348,56.86000061035156
BZ=F,2017-09-25,56.88999938964844,59.220001220703125,56.70000076293945,59.02000045776367,23811,59.02000045776367
BZ=F,2017-09-26,59.20000076293945,59.4900016784668,57.779998779296875,58.439998626708984,28328,58.439998626708984
BZ=F,2017-09-27,58.599998474121094,58.86000061035156,57.56999969482422,57.900001525878906,15305,57.900001525878906
BZ=F,2017-09-28,57.66999816894531,58.619998931884766,56.849998474121094,57.40999984741211,7005,57.40999984741211
BZ=F,2017-09-29,57.529998779296875,57.7599983215332,57.209999084472656,57.540000915527344,27369,57.540000915527344
BZ=F,2017-10-02,56.619998931884766,56.75,55.5099983215332,56.119998931884766,19371,56.119998931884766
BZ=F,2017-10-03,56.08000183105469,56.38999938964844,55.689998626708984,56,21948,56
BZ=F,2017-10-04,55.70000076293945,56.189998626708984,55.38999938964844,55.79999923706055,25898,55.79999923706055
BZ=F,2017-10-05,55.77000045776367,57.2400016784668,55.70000076293945,57,32050,57
BZ=F,2017-10-06,56.97999954223633,57.27000045776367,55.13999938964844,55.619998931884766,33642,55.619998931884766
BZ=F,2017-10-09,55.4900016784668,55.97999954223633,55.060001373291016,55.790000915527344,23056,55.790000915527344
BZ=F,2017-10-10,55.70000076293945,56.90999984741211,55.689998626708984,56.61000061035156,21094,56.61000061035156
BZ=F,2017-10-11,56.540000915527344,57.09000015258789,56.15999984741211,56.939998626708984,21840,56.939998626708984
BZ=F,2017-10-12,56.65999984741211,56.81999969482422,55.880001068115234,56.25,22286,56.25
BZ=F,2017-10-13,56.470001220703125,57.560001373291016,56.380001068115234,57.16999816894531,23433,57.16999816894531
BZ=F,2017-10-16,57.119998931884766,58.470001220703125,57.119998931884766,57.81999969482422,22799,57.81999969482422
BZ=F,2017-10-17,57.84000015258789,58.349998474121094,57.18000030517578,57.880001068115234,31599,57.880001068115234
BZ=F,2017-10-18,58.06999969482422,58.540000915527344,57.75,58.150001525878906,25606,58.150001525878906
BZ=F,2017-10-19,58.20000076293945,58.279998779296875,57.040000915527344,57.22999954223633,29999,57.22999954223633
BZ=F,2017-10-20,57.290000915527344,57.900001525878906,56.599998474121094,57.75,28185,57.75
BZ=F,2017-10-23,57.970001220703125,58.029998779296875,57.279998779296875,57.369998931884766,25947,57.369998931884766
BZ=F,2017-10-24,57.36000061035156,58.47999954223633,57.029998779296875,58.33000183105469,32802,58.33000183105469
BZ=F,2017-10-25,58.459999084472656,58.72999954223633,57.86000061035156,58.439998626708984,26265,58.439998626708984
BZ=F,2017-10-26,58.47999954223633,59.54999923706055,58.040000915527344,59.29999923706055,26572,59.29999923706055
BZ=F,2017-10-27,59.4900016784668,60.65999984741211,58.81999969482422,60.439998626708984,15873,60.439998626708984
BZ=F,2017-10-30,60.650001525878906,61,60.15999984741211,60.900001525878906,14987,60.900001525878906
BZ=F,2017-10-31,60.869998931884766,61.380001068115234,60.54999923706055,61.369998931884766,1113,61.369998931884766
BZ=F,2017-11-01,61.290000915527344,61.290000915527344,61.290000915527344,61.290000915527344,30560,61.290000915527344
BZ=F,2017-11-02,60.439998626708984,60.81999969482422,60.040000915527344,60.619998931884766,27721,60.619998931884766
BZ=F,2017-11-03,60.72999954223633,62.220001220703125,60.599998474121094,62.06999969482422,25695,62.06999969482422
BZ=F,2017-11-06,62.130001068115234,64.44000244140625,62.130001068115234,64.2699966430664,32269,64.2699966430664
BZ=F,2017-11-07,64.089996337890625,64.63999938964844,63.4900016784668,63.689998626708984,34317,63.689998626708984
BZ=F,2017-11-08,63.630001068115234,64.63999938964844,62.95000076293945,63.4900016784668,41527,63.4900016784668
BZ=F,2017-11-09,63.5,64.23999786376953,63.27000045776367,63.93000030517578,24929,63.93000030517578
BZ=F,2017-11-10,63.83000183105469,64.2699966430664,63.349998474121094,63.52000045776367,24446,63.52000045776367
BZ=F,2017-11-13,63.619998931884766,63.72999954223633,62.619998931884766,63.15999984741211,29816,63.15999984741211
BZ=F,2017-11-14,63.15999984741211,63.209999084472656,61.209999084472656,62.209999084472656,46259,62.209999084472656
BZ=F,2017-11-15,61.5,62.119998931884766,61.310001373291016,61.869998931884766,27356,61.869998931884766
BZ=F,2017-11-16,61.869998931884766,62.150001525878906,61.25,61.36000061035156,28684,61.36000061035156
BZ=F,2017-11-17,61.45000076293945,62.900001525878906,61.09000015258789,62.720001220703125,30936,62.720001220703125
BZ=F,2017-11-20,62.720001220703125,62.79999923706055,61.439998626708984,62.220001220703125,23428,62.220001220703125
BZ=F,2017-11-21,62.130001068115234,62.84000015258789,62.040000915527344,62.56999969482422,30389,62.56999969482422
BZ=F,2017-11-22,62.709999084472656,63.40999984741211,62.630001068115234,63.31999969482422,29926,63.31999969482422
BZ=F,2017-11-24,63.22999954223633,63.95000076293945,62.88999938964844,63.86000061035156,21047,63.86000061035156
BZ=F,2017-11-27,63.849998474121094,63.97999954223633,63.099998474121094,63.84000015258789,22019,63.84000015258789
BZ=F,2017-11-28,63.709999084472656,63.900001525878906,63.11000061035156,63.61000061035156,15235,63.61000061035156
BZ=F,2017-11-29,63.34000015258789,64.04000091552734,62.54999923706055,63.11000061035156,10166,63.11000061035156
BZ=F,2017-11-30,63.34000015258789,64.19999694824219,63.20000076293945,63.56999969482422,2034,63.56999969482422
BZ=F,2017-12-01,63.4900016784668,63.4900016784668,63.4900016784668,63.4900016784668,28073,63.4900016784668
BZ=F,2017-12-04,63.4900016784668,63.63999938964844,62.31999969482422,62.45000076293945,27437,62.45000076293945
BZ=F,2017-12-05,62.38999938964844,63.130001068115234,62.13999938964844,62.86000061035156,21380,62.86000061035156
BZ=F,2017-12-06,62.77000045776367,62.91999816894531,61.13999938964844,61.220001220703125,25263,61.220001220703125
BZ=F,2017-12-07,61.2400016784668,62.25,61.15999984741211,62.20000076293945,19281,62.20000076293945
BZ=F,2017-12-08,61.939998626708984,63.630001068115234,61.939998626708984,63.400001525878906,28508,63.400001525878906
BZ=F,2017-12-11,63.34000015258789,64.91999816894531,62.9900016784668,64.69000244140625,44515,64.69000244140625
BZ=F,2017-12-12,64.73999786376953,65.81999969482422,63.09000015258789,63.34000015258789,55976,63.34000015258789
BZ=F,2017-12-13,63.900001525878906,64.30999755859375,62.36000061035156,62.439998626708984,34080,62.439998626708984
BZ=F,2017-12-14,62.84000015258789,63.5,62.02000045776367,63.310001373291016,29866,63.310001373291016
BZ=F,2017-12-15,63.41999816894531,63.66999816894531,63.08000183105469,63.22999954223633,21478,63.22999954223633
BZ=F,2017-12-18,63.31999969482422,63.90999984741211,63,63.40999984741211,20560,63.40999984741211
BZ=F,2017-12-19,63.439998626708984,63.90999984741211,63.29999923706055,63.79999923706055,22157,63.79999923706055
BZ=F,2017-12-20,63.849998474121094,64.5999984741211,63.68000030517578,64.55999755859375,26006,64.55999755859375
BZ=F,2017-12-21,64.4800033569336,64.91999816894531,64.19000244140625,64.9000015258789,17911,64.9000015258789
BZ=F,2017-12-22,64.5999984741211,65.279998779296875,64.38999938964844,65.25,14337,65.25
BZ=F,2017-12-26,65.06999969482422,67.08000183105469,65.01000213623047,67.0199966430664,9850,67.0199966430664
BZ=F,2017-12-27,66.720001220703125,66.94000244140625,66.05000305175781,66.44000244140625,11890,66.44000244140625
BZ=F,2017-12-28,66.41999816894531,66.779998779296875,66.29000091552734,66.720001220703125,2057,66.720001220703125
BZ=F,2017-12-29,66.5999984741211,66.5999984741211,66.5999984741211,66.5999984741211,12234,66.5999984741211
BZ=F,2018-01-02,66.41999816894531,67.279998779296875,66.2300033569336,66.56999969482422,24294,66.56999969482422
BZ=F,2018-01-03,66.48999786376953,68.01000213623047,66.4000015258789,67.839996337890625,25878,67.839996337890625
BZ=F,2018-01-04,68,68.26000213623047,67.529998779296875,68.06999969482422,22840,68.06999969482422
BZ=F,2018-01-05,68.05999755859375,68.089996337890625,67.2699966430664,67.62000274658203,18290,67.62000274658203
BZ=F,2018-01-08,67.81999969482422,67.9800033569336,67.44999694824219,67.779998779296875,17704,67.779998779296875
BZ=F,2018-01-09,67.93000030517578,69.19999694824219,67.69000244140625,68.81999969482422,25548,68.81999969482422
BZ=F,2018-01-10,69.16999816894531,69.36000061035156,68.75,69.19999694824219,21538,69.19999694824219
BZ=F,2018-01-11,69.08000183105469,70.029998779296875,69,69.26000213623047,33268,69.26000213623047
BZ=F,2018-01-12,69.12999725341797,69.91999816894531,68.61000061035156,69.87000274658203,23032,69.87000274658203
BZ=F,2018-01-16,69.910003662109375,70.37000274658203,68.839996337890625,69.1500015258789,33284,69.1500015258789
BZ=F,2018-01-17,69.38999938964844,69.589996337890625,68.54000091552734,69.37999725341797,20500,69.37999725341797
BZ=F,2018-01-18,69.43000030517578,69.660003662109375,68.80000305175781,69.30999755859375,20117,69.30999755859375
BZ=F,2018-01-19,69.13999938964844,69.1500015258789,68.2699966430664,68.61000061035156,22077,68.61000061035156
BZ=F,2018-01-22,68.779998779296875,69.51000213623047,68.38999938964844,69.029998779296875,23250,69.029998779296875
BZ=F,2018-01-23,69.25,70.23999786376953,69.12000274658203,69.95999908447266,23749,69.95999908447266
BZ=F,2018-01-24,69.87999725341797,70.910003662109375,69.54000091552734,70.529998779296875,23732,70.529998779296875
BZ=F,2018-01-25,70.70999908447266,71.26000213623047,69.970001220703125,70.41999816894531,24111,70.41999816894531
BZ=F,2018-01-26,70.0999984741211,70.83000183105469,69.839996337890625,70.5199966430664,30361,70.5199966430664
BZ=F,2018-01-29,70.5199966430664,70.63999938964844,69.08000183105469,69.45999908447266,17623,69.45999908447266
BZ=F,2018-01-30,69.5199966430664,69.5199966430664,68.41999816894531,69.0199966430664,12571,69.0199966430664
BZ=F,2018-01-31,68.37999725341797,69.06999969482422,68.30000305175781,69.05000305175781,1494,69.05000305175781
BZ=F,2018-02-01,69.08000183105469,69.08000183105469,69.08000183105469,69.08000183105469,29317,69.08000183105469
BZ=F,2018-02-02,69.75,70.01000213623047,67.95999908447266,68.58000183105469,27547,68.58000183105469
BZ=F,2018-02-05,68.19999694824219,68.45999908447266,67,67.62000274658203,32399,67.62000274658203
BZ=F,2018-02-06,66.98999786376953,67.589996337890625,66.55000305175781,66.86000061035156,32169,66.86000061035156
BZ=F,2018-02-07,67.2300033569336,67.720001220703125,65.160003662109375,65.51000213623047,56412,65.51000213623047
BZ=F,2018-02-08,65.44000244140625,65.589996337890625,64.11000061035156,64.80999755859375,37936,64.80999755859375
BZ=F,2018-02-09,64.37999725341797,64.62999725341797,61.77000045776367,62.790000915527344,34853,62.790000915527344
BZ=F,2018-02-12,62.63999938964844,64.410003662109375,62.560001373291016,62.59000015258789,33192,62.59000015258789
BZ=F,2018-02-13,62.7400016784668,63.099998474121094,61.7599983215332,62.720001220703125,38693,62.720001220703125
BZ=F,2018-02-14,62.470001220703125,64.55999755859375,61.959999084472656,64.36000061035156,40865,64.36000061035156
BZ=F,2018-02-15,64.31999969482422,65.0999984741211,63.119998931884766,64.33000183105469,36176,64.33000183105469
BZ=F,2018-02-16,64.410003662109375,65.19999694824219,64.19000244140625,64.839996337890625,27034,64.839996337890625
BZ=F,2018-02-20,64.86000061035156,65.83000183105469,64.779998779296875,65.25,34029,65.25
BZ=F,2018-02-21,65.11000061035156,65.529998779296875,64.4000015258789,65.41999816894531,26015,65.41999816894531
BZ=F,2018-02-22,65.01000213623047,66.55000305175781,64.63999938964844,66.38999938964844,29052,66.38999938964844
BZ=F,2018-02-23,66.25,67.37000274658203,65.80000305175781,67.30999755859375,20948,67.30999755859375
BZ=F,2018-02-26,67.30000305175781,67.9000015258789,66.73999786376953,67.5,20385,67.5
BZ=F,2018-02-27,67.55999755859375,67.62999725341797,66.37000274658203,66.62999725341797,9005,66.62999725341797
BZ=F,2018-02-28,66.33000183105469,66.87999725341797,65.54000091552734,65.779998779296875,1241,65.779998779296875
BZ=F,2018-03-01,65.70999908447266,65.70999908447266,65.70999908447266,65.70999908447266,44819,65.70999908447266
BZ=F,2018-03-02,64.23999786376953,64.68000030517578,63.20000076293945,64.37000274658203,39587,64.37000274658203
BZ=F,2018-03-05,64.69000244140625,65.87000274658203,64.0999984741211,65.54000091552734,31209,65.54000091552734
BZ=F,2018-03-06,65.589996337890625,66.1500015258789,65.30999755859375,65.79000091552734,24251,65.79000091552734
BZ=F,2018-03-07,65.43000030517578,65.779998779296875,63.84000015258789,64.339996337890625,36313,64.339996337890625
BZ=F,2018-03-08,64.55000305175781,64.55000305175781,63.43000030517578,63.61000061035156,44008,63.61000061035156
BZ=F,2018-03-09,63.849998474121094,65.62000274658203,63.70000076293945,65.48999786376953,33619,65.48999786376953
BZ=F,2018-03-12,65.54000091552734,65.83000183105469,64.18000030517578,64.94999694824219,19165,64.94999694824219
BZ=F,2018-03-13,64.91999816894531,65.660003662109375,64.04000091552734,64.63999938964844,34247,64.63999938964844
BZ=F,2018-03-14,64.66999816894531,65.19000244140625,64.06999969482422,64.88999938964844,29439,64.88999938964844
BZ=F,2018-03-15,64.8499984741211,65.38999938964844,64.61000061035156,65.12000274658203,22542,65.12000274658203
BZ=F,2018-03-16,65.05000305175781,66.41999816894531,64.88999938964844,66.20999908447266,29187,66.20999908447266
BZ=F,2018-03-19,66.12000274658203,66.3499984741211,65.38999938964844,66.05000305175781,28050,66.05000305175781
BZ=F,2018-03-20,66.19999694824219,67.88999938964844,66.16999816894531,67.41999816894531,35782,67.41999816894531
BZ=F,2018-03-21,67.55999755859375,69.8499984741211,67.470001220703125,69.470001220703125,43370,69.470001220703125
BZ=F,2018-03-22,69.7699966430664,69.910003662109375,68.58000183105469,68.910003662109375,37699,68.910003662109375
BZ=F,2018-03-23,68.9000015258789,70.56999969482422,68.80000305175781,70.44999694824219,49285,70.44999694824219
BZ=F,2018-03-26,70.63999938964844,71.05000305175781,69.66999816894531,70.12000274658203,28882,70.12000274658203
BZ=F,2018-03-27,70.20999908447266,71.029998779296875,69.45999908447266,70.11000061035156,15583,70.11000061035156
BZ=F,2018-03-28,69.68000030517578,70.25,68.779998779296875,69.529998779296875,16988,69.529998779296875
BZ=F,2018-03-29,69.80999755859375,70.43000030517578,69.12999725341797,70.2699966430664,37805,70.2699966430664
BZ=F,2018-04-02,69.41999816894531,70.029998779296875,67.4800033569336,67.63999938964844,25064,67.63999938964844
BZ=F,2018-04-03,67.6500015258789,68.41999816894531,67.589996337890625,68.12000274658203,22815,68.12000274658203
BZ=F,2018-04-04,68.13999938964844,68.2699966430664,66.69999694824219,68.0199966430664,39674,68.0199966430664
BZ=F,2018-04-05,68.3499984741211,68.91999816894531,67.7300033569336,68.33000183105469,28888,68.33000183105469
BZ=F,2018-04-06,68.589996337890625,68.62000274658203,66.86000061035156,67.11000061035156,30749,67.11000061035156
BZ=F,2018-04-09,67.029998779296875,68.80000305175781,67.029998779296875,68.6500015258789,23967,68.6500015258789
BZ=F,2018-04-10,68.55999755859375,71.31999969482422,68.4800033569336,71.04000091552734,45123,71.04000091552734
BZ=F,2018-04-11,71.029998779296875,73.08000183105469,70.55999755859375,72.05999755859375,50064,72.05999755859375
BZ=F,2018-04-12,71.93000030517578,72.45999908447266,71.089996337890625,72.0199966430664,38029,72.0199966430664
BZ=F,2018-04-13,72.16999816894531,72.86000061035156,71.61000061035156,72.58000183105469,36895,72.58000183105469
BZ=F,2018-04-16,72.62000274658203,72.87999725341797,71.12999725341797,71.41999816894531,33532,71.41999816894531
BZ=F,2018-04-17,71.5999984741211,71.87999725341797,70.83000183105469,71.58000183105469,36784,71.58000183105469
BZ=F,2018-04-18,71.7699966430664,73.91999816894531,71.6500015258789,73.4800033569336,34300,73.4800033569336
BZ=F,2018-04-19,73.76000213623047,74.73999786376953,73.45999908447266,73.779998779296875,37579,73.779998779296875
BZ=F,2018-04-20,74,74.19999694824219,72.83000183105469,74.05999755859375,32478,74.05999755859375
BZ=F,2018-04-23,73.87999725341797,75.11000061035156,73.12999725341797,74.70999908447266,41835,74.70999908447266
BZ=F,2018-04-24,74.9000015258789,75.45999908447266,73.69999694824219,73.86000061035156,46897,73.86000061035156
BZ=F,2018-04-25,73.94999694824219,74.18000030517578,73.18000030517578,74,38845,74
BZ=F,2018-04-26,74.06999969482422,74.94999694824219,74.05999755859375,74.73999786376953,26826,74.73999786376953
BZ=F,2018-04-27,74.70999908447266,75.01000213623047,74.37999725341797,74.63999938964844,15535,74.63999938964844
BZ=F,2018-04-30,74.37999725341797,75.36000061035156,73.55000305175781,75.16999816894531,1630,75.16999816894531
BZ=F,2018-05-01,75.16999816894531,75.16999816894531,75.16999816894531,75.16999816894531,39208,75.16999816894531
BZ=F,2018-05-02,73.20999908447266,73.62000274658203,72.37000274658203,73.36000061035156,34769,73.36000061035156
BZ=F,2018-05-03,73.13999938964844,74.08000183105469,72.4800033569336,73.62000274658203,35839,73.62000274658203
BZ=F,2018-05-04,73.76000213623047,75.05000305175781,73.25,74.87000274658203,30457,74.87000274658203
BZ=F,2018-05-07,74.9800033569336,76.33000183105469,74.8499984741211,76.16999816894531,21266,76.16999816894531
BZ=F,2018-05-08,75.660003662109375,76.18000030517578,73.0999984741211,74.8499984741211,50813,74.8499984741211
BZ=F,2018-05-09,75.86000061035156,77.410003662109375,75.86000061035156,77.20999908447266,34902,77.20999908447266
BZ=F,2018-05-10,77.29000091552734,77.970001220703125,76.5,77.470001220703125,32445,77.470001220703125
BZ=F,2018-05-11,77.410003662109375,77.589996337890625,76.94999694824219,77.12000274658203,25651,77.12000274658203
BZ=F,2018-05-14,77.089996337890625,78.5199966430664,76.54000091552734,78.2300033569336,29917,78.2300033569336
BZ=F,2018-05-15,78.529998779296875,79.44999694824219,77.9000015258789,78.43000030517578,41100,78.43000030517578
BZ=F,2018-05-16,78.12999725341797,79.33000183105469,77.62999725341797,79.279998779296875,31226,79.279998779296875
BZ=F,2018-05-17,79.23999786376953,80.5,79.12000274658203,79.30000305175781,38385,79.30000305175781
BZ=F,2018-05-18,79.51000213623047,79.86000061035156,78.33000183105469,78.51000213623047,30828,78.51000213623047
BZ=F,2018-05-21,78.529998779296875,79.589996337890625,78.11000061035156,79.220001220703125,19520,79.220001220703125
BZ=F,2018-05-22,79.48999786376953,80.48999786376953,79.16999816894531,79.56999969482422,29522,79.56999969482422
BZ=F,2018-05-23,79.48999786376953,79.8499984741211,78.2300033569336,79.80000305175781,30786,79.80000305175781
BZ=F,2018-05-24,79.70999908447266,79.839996337890625,78.56999969482422,78.79000091552734,25431,78.79000091552734
BZ=F,2018-05-25,78.86000061035156,78.86000061035156,76,76.44000244140625,42387,76.44000244140625
BZ=F,2018-05-29,75.5,76.18000030517578,74.51000213623047,75.38999938964844,19800,75.38999938964844
BZ=F,2018-05-30,75.4000015258789,77.720001220703125,74.87999725341797,77.5,9673,77.5
BZ=F,2018-05-31,77.54000091552734,78.720001220703125,77.08000183105469,77.589996337890625,1039,77.589996337890625
BZ=F,2018-06-01,77.589996337890625,77.589996337890625,77.589996337890625,77.589996337890625,35684,77.589996337890625
BZ=F,2018-06-04,76.61000061035156,76.93000030517578,75.19999694824219,75.29000091552734,31642,75.29000091552734
BZ=F,2018-06-05,75.5199966430664,75.7300033569336,73.81999969482422,75.37999725341797,43436,75.37999725341797
BZ=F,2018-06-06,75.089996337890625,76.26000213623047,74.470001220703125,75.36000061035156,37262,75.36000061035156
BZ=F,2018-06-07,75.910003662109375,77.37000274658203,75.41999816894531,77.31999969482422,36710,77.31999969482422
BZ=F,2018-06-08,77.26000213623047,77.58000183105469,76.13999938964844,76.45999908447266,21902,76.45999908447266
BZ=F,2018-06-11,76.38999938964844,76.81999969482422,75.529998779296875,76.45999908447266,22516,76.45999908447266
BZ=F,2018-06-12,76.44999694824219,77.06999969482422,75.44999694824219,75.87999725341797,26330,75.87999725341797
BZ=F,2018-06-13,75.4800033569336,76.87000274658203,75.19999694824219,76.73999786376953,30468,76.73999786376953
BZ=F,2018-06-14,76.55000305175781,76.910003662109375,75.7699966430664,75.94000244140625,24181,75.94000244140625
BZ=F,2018-06-15,76.55000305175781,76.910003662109375,73.06999969482422,73.44000244140625,30144,73.44000244140625
BZ=F,2018-06-18,73.05000305175781,75.54000091552734,72.44000244140625,75.339996337890625,31861,75.339996337890625
BZ=F,2018-06-19,75.41999816894531,75.529998779296875,74.44999694824219,75.08000183105469,33282,75.08000183105469
BZ=F,2018-06-20,75.0199966430664,75.8499984741211,74.11000061035156,74.73999786376953,47160,74.73999786376953
BZ=F,2018-06-21,74.36000061035156,74.68000030517578,72.94000244140625,73.05000305175781,49077,73.05000305175781
BZ=F,2018-06-22,73.37000274658203,75.80999755859375,73.18000030517578,75.55000305175781,59882,75.55000305175781
BZ=F,2018-06-25,75.06999969482422,75.12999725341797,73.73999786376953,74.7300033569336,41565,74.7300033569336
BZ=F,2018-06-26,74.75,76.69999694824219,74.12999725341797,76.30999755859375,41470,76.30999755859375
BZ=F,2018-06-27,76.4800033569336,78.16999816894531,76.279998779296875,77.62000274658203,24472,77.62000274658203
BZ=F,2018-06-28,77.51000213623047,78.4000015258789,77.11000061035156,77.8499984741211,14662,77.8499984741211
BZ=F,2018-06-29,77.7699966430664,79.69999694824219,77.7699966430664,79.44000244140625,37117,79.44000244140625
BZ=F,2018-07-02,78.9000015258789,78.93000030517578,77.18000030517578,77.30000305175781,30859,77.30000305175781
BZ=F,2018-07-03,77.41999816894531,78.55999755859375,76.68000030517578,77.76000213623047,22785,77.76000213623047
BZ=F,2018-07-05,78.11000061035156,78.48999786376953,77.30999755859375,77.38999938964844,27678,77.38999938964844
BZ=F,2018-07-06,77.58000183105469,77.69999694824219,76.37000274658203,77.11000061035156,25487,77.11000061035156
BZ=F,2018-07-09,77.23999786376953,78.30999755859375,77.06999969482422,78.06999969482422,14925,78.06999969482422
BZ=F,2018-07-10,78.25,79.5,78.20999908447266,78.86000061035156,19767,78.86000061035156
BZ=F,2018-07-11,78.83000183105469,78.88999938964844,73.04000091552734,73.4000015258789,48913,73.4000015258789
BZ=F,2018-07-12,73.779998779296875,75.12999725341797,72.68000030517578,74.44999694824219,46443,74.44999694824219
BZ=F,2018-07-13,74.33000183105469,75.91999816894531,73.2300033569336,75.33000183105469,27308,75.33000183105469
BZ=F,2018-07-16,75,75.37000274658203,71.529998779296875,71.839996337890625,27134,71.839996337890625
BZ=F,2018-07-17,71.9000015258789,72.779998779296875,71.36000061035156,72.160003662109375,28197,72.160003662109375
BZ=F,2018-07-18,71.63999938964844,73.2699966430664,71.19999694824219,72.9000015258789,25625,72.9000015258789
BZ=F,2018-07-19,72.9800033569336,73.80000305175781,71.83000183105469,72.58000183105469,31672,72.58000183105469
BZ=F,2018-07-20,72.589996337890625,73.470001220703125,72.29000091552734,73.06999969482422,24861,73.06999969482422
BZ=F,2018-07-23,72.91999816894531,74.48999786376953,72.529998779296875,73.05999755859375,29479,73.05999755859375
BZ=F,2018-07-24,73,74.01000213623047,72.68000030517578,73.44000244140625,21747,73.44000244140625
BZ=F,2018-07-25,73.660003662109375,74.30000305175781,73.08000183105469,73.93000030517578,25329,73.93000030517578
BZ=F,2018-07-26,74.3499984741211,74.81999969482422,73.779998779296875,74.54000091552734,26293,74.54000091552734
BZ=F,2018-07-27,74.470001220703125,74.8499984741211,73.83000183105469,74.29000091552734,15109,74.29000091552734
BZ=F,2018-07-30,74.3499984741211,75.2699966430664,74.1500015258789,74.970001220703125,9053,74.970001220703125
BZ=F,2018-07-31,74.88999938964844,75.0999984741211,74.18000030517578,74.25,1463,74.25
BZ=F,2018-08-01,74.25,74.25,74.25,74.25,23660,74.25
BZ=F,2018-08-02,72.5999984741211,73.73999786376953,71.839996337890625,73.44999694824219,21038,73.44999694824219
BZ=F,2018-08-03,73.44000244140625,73.7300033569336,72.4800033569336,73.20999908447266,15946,73.20999908447266
BZ=F,2018-08-06,73.29000091552734,74.45999908447266,73.13999938964844,73.75,20253,73.75
BZ=F,2018-08-07,73.660003662109375,74.9000015258789,73.5999984741211,74.6500015258789,18289,74.6500015258789
BZ=F,2018-08-08,74.529998779296875,74.86000061035156,71.660003662109375,72.279998779296875,23735,72.279998779296875
BZ=F,2018-08-09,72.12999725341797,72.87999725341797,71.8499984741211,72.06999969482422,15939,72.06999969482422
BZ=F,2018-08-10,72,73.13999938964844,71.410003662109375,72.80999755859375,16195,72.80999755859375
BZ=F,2018-08-13,72.98999786376953,73.089996337890625,71.04000091552734,72.61000061035156,17644,72.61000061035156
BZ=F,2018-08-14,72.87999725341797,73.93000030517578,72.0999984741211,72.45999908447266,20737,72.45999908447266
BZ=F,2018-08-15,72.16999816894531,72.44000244140625,70.30000305175781,70.76000213623047,25245,70.76000213623047
BZ=F,2018-08-16,70.7699966430664,71.51000213623047,70.4000015258789,71.43000030517578,18403,71.43000030517578
BZ=F,2018-08-17,71.3499984741211,72.4800033569336,71.2699966430664,71.83000183105469,15051,71.83000183105469
BZ=F,2018-08-20,71.779998779296875,72.73999786376953,71.44999694824219,72.20999908447266,18514,72.20999908447266
BZ=F,2018-08-21,72.12999725341797,72.94999694824219,72.05999755859375,72.62999725341797,15578,72.62999725341797
BZ=F,2018-08-22,72.75,74.98999786376953,72.68000030517578,74.779998779296875,19801,74.779998779296875
BZ=F,2018-08-23,74.88999938964844,74.88999938964844,74.20999908447266,74.7300033569336,14222,74.7300033569336
BZ=F,2018-08-24,74.73999786376953,76.4000015258789,74.69999694824219,75.81999969482422,19745,75.81999969482422
BZ=F,2018-08-27,75.61000061035156,76.3499984741211,75.4000015258789,76.20999908447266,9993,76.20999908447266
BZ=F,2018-08-28,76.29000091552734,76.95999908447266,75.7300033569336,75.94999694824219,17281,75.94999694824219
BZ=F,2018-08-29,75.910003662109375,77.41999816894531,75.69999694824219,77.13999938964844,8895,77.13999938964844
BZ=F,2018-08-30,77.30999755859375,78,77.20999908447266,77.7699966430664,9125,77.7699966430664
BZ=F,2018-08-31,77.5,77.79000091552734,77.0999984741211,77.41999816894531,17690,77.41999816894531
BZ=F,2018-09-04,78.19000244140625,79.70999908447266,77.45999908447266,78.16999816894531,36059,78.16999816894531
BZ=F,2018-09-05,77.88999938964844,78.05999755859375,76.91999816894531,77.2699966430664,27811,77.2699966430664
BZ=F,2018-09-06,77.13999938964844,77.75,75.63999938964844,76.5,31739,76.5
BZ=F,2018-09-07,76.58000183105469,77.08000183105469,75.88999938964844,76.83000183105469,17798,76.83000183105469
BZ=F,2018-09-10,76.8499984741211,77.910003662109375,76.8499984741211,77.37000274658203,23036,77.37000274658203
BZ=F,2018-09-11,77.36000061035156,79.5199966430664,77.36000061035156,79.05999755859375,29921,79.05999755859375
BZ=F,2018-09-12,79.470001220703125,80.11000061035156,78.75,79.73999786376953,29906,79.73999786376953
BZ=F,2018-09-13,79.7699966430664,79.7699966430664,77.87000274658203,78.18000030517578,28501,78.18000030517578
BZ=F,2018-09-14,78.36000061035156,78.93000030517578,77.37999725341797,78.089996337890625,24296,78.089996337890625
BZ=F,2018-09-17,78.06999969482422,78.88999938964844,77.7300033569336,78.05000305175781,21749,78.05000305175781
BZ=F,2018-09-18,77.88999938964844,79.720001220703125,77.5,79.029998779296875,22637,79.029998779296875
BZ=F,2018-09-19,78.86000061035156,79.5,78.5199966430664,79.4000015258789,19118,79.4000015258789
BZ=F,2018-09-20,79.33000183105469,79.81999969482422,78.5199966430664,78.69999694824219,22855,78.69999694824219
BZ=F,2018-09-21,78.69999694824219,80.12000274658203,78.23999786376953,78.80000305175781,36594,78.80000305175781
BZ=F,2018-09-24,79.0999984741211,81.4800033569336,79.0999984741211,81.19999694824219,21939,81.19999694824219
BZ=F,2018-09-25,81.44999694824219,82.54000091552734,81.16999816894531,81.87000274658203,30081,81.87000274658203
BZ=F,2018-09-26,81.51000213623047,82.19000244140625,81.12000274658203,81.339996337890625,17271,81.339996337890625
BZ=F,2018-09-27,81.80999755859375,82.41999816894531,81.339996337890625,81.720001220703125,14317,81.720001220703125
BZ=F,2018-09-28,81.54000091552734,82.8499984741211,81.54000091552734,82.720001220703125,38868,82.720001220703125
BZ=F,2018-10-01,82.91999816894531,85.44000244140625,82.55999755859375,84.9800033569336,34024,84.9800033569336
BZ=F,2018-10-02,85.05999755859375,85.37000274658203,84.31999969482422,84.80000305175781,25338,84.80000305175781
BZ=F,2018-10-03,84.70999908447266,86.720001220703125,84.01000213623047,86.29000091552734,31424,86.29000091552734
BZ=F,2018-10-04,86.12999725341797,86.41999816894531,84.1500015258789,84.58000183105469,35552,84.58000183105469
BZ=F,2018-10-05,84.70999908447266,85.11000061035156,83.91999816894531,84.160003662109375,27778,84.160003662109375
BZ=F,2018-10-08,84.11000061035156,84.30999755859375,82.660003662109375,83.910003662109375,31603,83.910003662109375
BZ=F,2018-10-09,83.7699966430664,85.44000244140625,83.720001220703125,85,39232,85
BZ=F,2018-10-10,84.87999725341797,85.160003662109375,82.279998779296875,83.089996337890625,31715,83.089996337890625
BZ=F,2018-10-11,82.589996337890625,82.61000061035156,79.80000305175781,80.26000213623047,48195,80.26000213623047
BZ=F,2018-10-12,80.279998779296875,81.470001220703125,79.220001220703125,80.43000030517578,37537,80.43000030517578
BZ=F,2018-10-15,80.970001220703125,81.910003662109375,79.8499984741211,80.779998779296875,31577,80.779998779296875
BZ=F,2018-10-16,80.69999694824219,81.73999786376953,79.80000305175781,81.410003662109375,33816,81.410003662109375
BZ=F,2018-10-17,81.5999984741211,81.839996337890625,79.16999816894531,80.05000305175781,38202,80.05000305175781
BZ=F,2018-10-18,80.33000183105469,80.33000183105469,78.69000244140625,79.29000091552734,41270,79.29000091552734
BZ=F,2018-10-19,79.339996337890625,80.88999938964844,79.220001220703125,79.779998779296875,34401,79.779998779296875
BZ=F,2018-10-22,80.08000183105469,80.38999938964844,78.970001220703125,79.83000183105469,37080,79.83000183105469
BZ=F,2018-10-23,80.0199966430664,80.12000274658203,75.87999725341797,76.44000244140625,60226,76.44000244140625
BZ=F,2018-10-24,76.19000244140625,77.55999755859375,75.12999725341797,76.16999816894531,57413,76.16999816894531
BZ=F,2018-10-25,75.69999694824219,77.05000305175781,75.37000274658203,76.88999938964844,33325,76.88999938964844
BZ=F,2018-10-26,76.62000274658203,77.910003662109375,75.7699966430664,77.62000274658203,33549,77.62000274658203
BZ=F,2018-10-29,77.69000244140625,78.01000213623047,76.55000305175781,77.339996337890625,17057,77.339996337890625
BZ=F,2018-10-30,76.839996337890625,77.31999969482422,75.11000061035156,75.910003662109375,19196,75.910003662109375
BZ=F,2018-10-31,76.18000030517578,76.88999938964844,75.470001220703125,75.470001220703125,2451,75.470001220703125
BZ=F,2018-11-01,75.5,75.5,75.5,75.5,33938,75.5
BZ=F,2018-11-02,72.660003662109375,73.4800033569336,72.16999816894531,72.83000183105469,36090,72.83000183105469
BZ=F,2018-11-05,72.75,74.12000274658203,72.2300033569336,73.16999816894531,28438,73.16999816894531
BZ=F,2018-11-06,72.720001220703125,73.2699966430664,71.18000030517578,72.12999725341797,32871,72.12999725341797
BZ=F,2018-11-07,71.75,73.529998779296875,71.3499984741211,72.06999969482422,36648,72.06999969482422
BZ=F,2018-11-08,72.13999938964844,73.05999755859375,70.51000213623047,70.6500015258789,39896,70.6500015258789
BZ=F,2018-11-09,70.94999694824219,70.9800033569336,69.160003662109375,70.18000030517578,32611,70.18000030517578
BZ=F,2018-11-12,70.54000091552734,71.86000061035156,68.88999938964844,70.12000274658203,39814,70.12000274658203
BZ=F,2018-11-13,69.13999938964844,69.66999816894531,64.63999938964844,65.470001220703125,56981,65.470001220703125
BZ=F,2018-11-14,65.279998779296875,67.62000274658203,65.01000213623047,66.12000274658203,47372,66.12000274658203
BZ=F,2018-11-15,65.91999816894531,67.4000015258789,65.75,66.62000274658203,35140,66.62000274658203
BZ=F,2018-11-16,66.75,68.37999725341797,66.0999984741211,66.76000213623047,37139,66.76000213623047
BZ=F,2018-11-19,67.01000213623047,67.62000274658203,65.2699966430664,66.79000091552734,29353,66.79000091552734
BZ=F,2018-11-20,66.910003662109375,66.95999908447266,61.7599983215332,62.529998779296875,44030,62.529998779296875
BZ=F,2018-11-21,62.40999984741211,64.45999908447266,62.40999984741211,63.47999954223633,41292,63.47999954223633
BZ=F,2018-11-23,62.619998931884766,62.810001373291016,58.43000030517578,58.79999923706055,56080,58.79999923706055
BZ=F,2018-11-26,59.150001525878906,61.09000015258789,58.599998474121094,60.47999954223633,35607,60.47999954223633
BZ=F,2018-11-27,60.40999984741211,61.400001525878906,58.95000076293945,60.209999084472656,47106,60.209999084472656
BZ=F,2018-11-28,60.83000183105469,61.2599983215332,58.560001373291016,58.7599983215332,18435,58.7599983215332
BZ=F,2018-11-29,58.77000045776367,60.369998931884766,57.52000045776367,59.5099983215332,8794,59.5099983215332
BZ=F,2018-11-30,59.22999954223633,59.88999938964844,58.25,58.709999084472656,39344,58.709999084472656
BZ=F,2018-12-03,59.88999938964844,62.59000015258789,59.5,61.689998626708984,33207,61.689998626708984
BZ=F,2018-12-04,61.86000061035156,63.560001373291016,61.2400016784668,62.08000183105469,35475,62.08000183105469
BZ=F,2018-12-06,61.70000076293945,61.959999084472656,58.38999938964844,60.060001373291016,60772,60.060001373291016
BZ=F,2018-12-07,60.310001373291016,63.709999084472656,59.099998474121094,61.66999816894531,59861,61.66999816894531
BZ=F,2018-12-10,61.45000076293945,62.310001373291016,59.560001373291016,59.970001220703125,34114,59.970001220703125
BZ=F,2018-12-11,59.88999938964844,61.09000015258789,59.619998931884766,60.20000076293945,31823,60.20000076293945
BZ=F,2018-12-12,60.5099983215332,61.41999816894531,59.9900016784668,60.150001525878906,31651,60.150001525878906
BZ=F,2018-12-13,60.310001373291016,62.02000045776367,59.34000015258789,61.45000076293945,29600,61.45000076293945
BZ=F,2018-12-14,61.65999984741211,61.75,59.91999816894531,60.279998779296875,24871,60.279998779296875
BZ=F,2018-12-17,60.369998931884766,61.189998626708984,58.630001068115234,59.61000061035156,32165,59.61000061035156
BZ=F,2018-12-18,58.810001373291016,59.220001220703125,55.66999816894531,56.2599983215332,41690,56.2599983215332
BZ=F,2018-12-19,56.209999084472656,58.099998474121094,56.029998779296875,57.2400016784668,47399,57.2400016784668
BZ=F,2018-12-20,56.54999923706055,56.7400016784668,54.279998779296875,54.349998474121094,40553,54.349998474121094
BZ=F,2018-12-21,54.81999969482422,55.29999923706055,52.810001373291016,53.81999969482422,40930,53.81999969482422
BZ=F,2018-12-24,53.58000183105469,54.63999938964844,50.380001068115234,50.470001220703125,19160,50.470001220703125
BZ=F,2018-12-26,51.130001068115234,55.279998779296875,49.959999084472656,54.470001220703125,16444,54.470001220703125
BZ=F,2018-12-27,54.91999816894531,54.91999816894531,51.9900016784668,52.15999984741211,8946,52.15999984741211
BZ=F,2018-12-28,53.029998779296875,53.5099983215332,51.630001068115234,52.20000076293945,31833,52.20000076293945
BZ=F,2018-12-31,53.060001373291016,54.790000915527344,52.65999984741211,53.79999923706055,21966,53.79999923706055
BZ=F,2019-01-02,54.25,56.560001373291016,52.5,54.90999984741211,43517,54.90999984741211
BZ=F,2019-01-03,54.77000045776367,56.290000915527344,53.93000030517578,55.95000076293945,36535,55.95000076293945
BZ=F,2019-01-04,55.58000183105469,58.29999923706055,55.36000061035156,57.060001373291016,42426,57.060001373291016
BZ=F,2019-01-07,57.369998931884766,58.91999816894531,57.279998779296875,57.33000183105469,41677,57.33000183105469
BZ=F,2019-01-08,57.630001068115234,58.86000061035156,57.11000061035156,58.720001220703125,34135,58.720001220703125
BZ=F,2019-01-09,58.650001525878906,61.68000030517578,58.619998931884766,61.439998626708984,38989,61.439998626708984
BZ=F,2019-01-10,61.33000183105469,61.900001525878906,60.45000076293945,61.68000030517578,31333,61.68000030517578
BZ=F,2019-01-11,61.25,62.470001220703125,60.08000183105469,60.47999954223633,31369,60.47999954223633
BZ=F,2019-01-14,60.540000915527344,61.02000045776367,58.90999984741211,58.9900016784668,31241,58.9900016784668
BZ=F,2019-01-15,59.2599983215332,60.849998474121094,59.11000061035156,60.63999938964844,29948,60.63999938964844
BZ=F,2019-01-16,60.63999938964844,61.43000030517578,60.040000915527344,61.31999969482422,32025,61.31999969482422
BZ=F,2019-01-17,61.18000030517578,61.540000915527344,60.040000915527344,61.18000030517578,30131,61.18000030517578
BZ=F,2019-01-18,61.189998626708984,62.9900016784668,61.060001373291016,62.70000076293945,39637,62.70000076293945
BZ=F,2019-01-22,62.7400016784668,63.119998931884766,60.58000183105469,61.5,53602,61.5
BZ=F,2019-01-23,61.56999969482422,62.29999923706055,60.220001220703125,61.13999938964844,35364,61.13999938964844
BZ=F,2019-01-24,61.02000045776367,61.5,60.40999984741211,61.09000015258789,35861,61.09000015258789
BZ=F,2019-01-25,61.13999938964844,61.90999984741211,60.709999084472656,61.63999938964844,30262,61.63999938964844
BZ=F,2019-01-28,61.33000183105469,61.66999816894531,59.47999954223633,59.93000030517578,34315,59.93000030517578
BZ=F,2019-01-29,59.97999954223633,61.790000915527344,59.7599983215332,61.31999969482422,18715,61.31999969482422
BZ=F,2019-01-30,61.25,62.63999938964844,61.06999969482422,61.650001525878906,12039,61.650001525878906
BZ=F,2019-01-31,61.689998626708984,62.31999969482422,61.63999938964844,61.88999938964844,1288,61.88999938964844
BZ=F,2019-02-01,61.869998931884766,61.869998931884766,61.869998931884766,61.869998931884766,30044,61.869998931884766
BZ=F,2019-02-04,62.70000076293945,63.630001068115234,61.279998779296875,62.5099983215332,36025,62.5099983215332
BZ=F,2019-02-05,62.779998779296875,63.02000045776367,61.720001220703125,61.97999954223633,27285,61.97999954223633
BZ=F,2019-02-06,62.040000915527344,62.79999923706055,61.04999923706055,62.689998626708984,26542,62.689998626708984
BZ=F,2019-02-07,62.65999984741211,62.900001525878906,60.61000061035156,61.630001068115234,33982,61.630001068115234
BZ=F,2019-02-08,61.599998474121094,62.349998474121094,61.04999923706055,62.099998474121094,36111,62.099998474121094
BZ=F,2019-02-11,62,62.34000015258789,60.900001525878906,61.5099983215332,35285,61.5099983215332
BZ=F,2019-02-12,61.599998474121094,63.31999969482422,61.540000915527344,62.41999816894531,36801,62.41999816894531
BZ=F,2019-02-13,62.650001525878906,63.959999084472656,62.650001525878906,63.61000061035156,33859,63.61000061035156
BZ=F,2019-02-14,63.630001068115234,64.80999755859375,63.279998779296875,64.56999969482422,39526,64.56999969482422
BZ=F,2019-02-15,64.61000061035156,66.4000015258789,64.43000030517578,66.25,36154,66.25
BZ=F,2019-02-19,66.30999755859375,66.83000183105469,65.58000183105469,66.44999694824219,46238,66.44999694824219
BZ=F,2019-02-20,66.36000061035156,67.37000274658203,65.62999725341797,67.08000183105469,29155,67.08000183105469
BZ=F,2019-02-21,67.1500015258789,67.31999969482422,66.69999694824219,67.06999969482422,27113,67.06999969482422
BZ=F,2019-02-22,66.88999938964844,67.7300033569336,66.83000183105469,67.12000274658203,23973,67.12000274658203
BZ=F,2019-02-25,66.80000305175781,67.470001220703125,64.55999755859375,64.76000213623047,31914,64.76000213623047
BZ=F,2019-02-26,64.720001220703125,65.720001220703125,64.339996337890625,65.20999908447266,18661,65.20999908447266
BZ=F,2019-02-27,65.54000091552734,66.69999694824219,65.30000305175781,66.38999938964844,10200,66.38999938964844
BZ=F,2019-02-28,66.31999969482422,66.36000061035156,65.75,66.029998779296875,28959,66.029998779296875
BZ=F,2019-03-01,66.410003662109375,67.13999938964844,64.589996337890625,65.06999969482422,38355,65.06999969482422
BZ=F,2019-03-04,65.01000213623047,66.339996337890625,65.01000213623047,65.66999816894531,28931,65.66999816894531
BZ=F,2019-03-05,65.720001220703125,66.220001220703125,65.04000091552734,65.86000061035156,28346,65.86000061035156
BZ=F,2019-03-06,65.62999725341797,66.16999816894531,65.2300033569336,65.98999786376953,41210,65.98999786376953
BZ=F,2019-03-07,65.93000030517578,66.98999786376953,65.76000213623047,66.30000305175781,35738,66.30000305175781
BZ=F,2019-03-08,66.06999969482422,66.08000183105469,64.01000213623047,65.73999786376953,49867,65.73999786376953
BZ=F,2019-03-11,65.7300033569336,66.779998779296875,65.6500015258789,66.58000183105469,37538,66.58000183105469
BZ=F,2019-03-12,66.68000030517578,67.38999938964844,66.3499984741211,66.66999816894531,37897,66.66999816894531
BZ=F,2019-03-13,66.87999725341797,67.75,66.70999908447266,67.55000305175781,36739,67.55000305175781
BZ=F,2019-03-14,67.589996337890625,68.12999725341797,67.029998779296875,67.2300033569336,32817,67.2300033569336
BZ=F,2019-03-15,67.12999725341797,67.70999908447266,66.13999938964844,67.160003662109375,34969,67.160003662109375
BZ=F,2019-03-18,67.05000305175781,67.69000244140625,66.69999694824219,67.54000091552734,31752,67.54000091552734
BZ=F,2019-03-19,67.44999694824219,68.220001220703125,67.13999938964844,67.61000061035156,30329,67.61000061035156
BZ=F,2019-03-20,67.5199966430664,68.56999969482422,67.19000244140625,68.5,35132,68.5
BZ=F,2019-03-21,68.31999969482422,68.69999694824219,67.61000061035156,67.86000061035156,35417,67.86000061035156
BZ=F,2019-03-22,67.70999908447266,67.970001220703125,66.20999908447266,67.029998779296875,45565,67.029998779296875
BZ=F,2019-03-25,66.93000030517578,67.63999938964844,66.37000274658203,67.20999908447266,36691,67.20999908447266
BZ=F,2019-03-26,67.25,68.220001220703125,67.25,67.970001220703125,38187,67.970001220703125
BZ=F,2019-03-27,67.87000274658203,68.3499984741211,67.19999694824219,67.83000183105469,26692,67.83000183105469
BZ=F,2019-03-28,67.87000274658203,68,66.55000305175781,67.81999969482422,11876,67.81999969482422
BZ=F,2019-03-29,68,68.87999725341797,67.81999969482422,68.38999938964844,43566,68.38999938964844
BZ=F,2019-04-01,67.54000091552734,69.19000244140625,67.54000091552734,69.01000213623047,49439,69.01000213623047
BZ=F,2019-04-02,69.20999908447266,69.5199966430664,68.69000244140625,69.37000274658203,46166,69.37000274658203
BZ=F,2019-04-03,69.79000091552734,69.95999908447266,68.80000305175781,69.30999755859375,46550,69.30999755859375
BZ=F,2019-04-04,69.48999786376953,70.01000213623047,68.87999725341797,69.4000015258789,37531,69.4000015258789
BZ=F,2019-04-05,69.26000213623047,70.470001220703125,68.93000030517578,70.339996337890625,36491,70.339996337890625
BZ=F,2019-04-08,70.5,71.19000244140625,70.44000244140625,71.0999984741211,40966,71.0999984741211
BZ=F,2019-04-09,71.08000183105469,71.339996337890625,70.30000305175781,70.61000061035156,37189,70.61000061035156
BZ=F,2019-04-10,70.83000183105469,71.79000091552734,70.58000183105469,71.7300033569336,46506,71.7300033569336
BZ=F,2019-04-11,71.660003662109375,71.68000030517578,70.58000183105469,70.83000183105469,39968,70.83000183105469
BZ=F,2019-04-12,70.91999816894531,71.86000061035156,70.9000015258789,71.55000305175781,32729,71.55000305175781
BZ=F,2019-04-15,71.62000274658203,71.6500015258789,70.779998779296875,71.18000030517578,28582,71.18000030517578
BZ=F,2019-04-16,71.2699966430664,71.94000244140625,70.75,71.720001220703125,43907,71.720001220703125
BZ=F,2019-04-17,71.839996337890625,72.26000213623047,71.45999908447266,71.62000274658203,40910,71.62000274658203
BZ=F,2019-04-18,71.55000305175781,72.029998779296875,71.20999908447266,71.970001220703125,38122,71.970001220703125
BZ=F,2019-04-22,72.05000305175781,74.51000213623047,71.9000015258789,74.04000091552734,48893,74.04000091552734
BZ=F,2019-04-23,74.19999694824219,74.7300033569336,73.98999786376953,74.51000213623047,50165,74.51000213623047
BZ=F,2019-04-24,74.31999969482422,74.720001220703125,74,74.56999969482422,46326,74.56999969482422
BZ=F,2019-04-25,74.529998779296875,75.589996337890625,74,74.3499984741211,62237,74.3499984741211
BZ=F,2019-04-26,74.30000305175781,74.410003662109375,71.29000091552734,72.1500015258789,32803,72.1500015258789
BZ=F,2019-04-29,71.69999694824219,72.5,71.11000061035156,72.04000091552734,16694,72.04000091552734
BZ=F,2019-04-30,72.0999984741211,73.19999694824219,71.7300033569336,72.80000305175781,43783,72.80000305175781
BZ=F,2019-05-01,71.5199966430664,72.36000061035156,71.29000091552734,72.18000030517578,32617,72.18000030517578
BZ=F,2019-05-02,72.1500015258789,72.220001220703125,69.68000030517578,70.75,51722,70.75
BZ=F,2019-05-03,70.31999969482422,71.54000091552734,69.95999908447266,70.8499984741211,39000,70.8499984741211
BZ=F,2019-05-06,70.5999984741211,71.79000091552734,68.76000213623047,71.23999786376953,36208,71.23999786376953
BZ=F,2019-05-07,71.160003662109375,71.30999755859375,69.38999938964844,69.87999725341797,48729,69.87999725341797
BZ=F,2019-05-08,69.81999969482422,70.80000305175781,69.31999969482422,70.37000274658203,45312,70.37000274658203
BZ=F,2019-05-09,70.2300033569336,70.63999938964844,69.4000015258789,70.38999938964844,46554,70.38999938964844
BZ=F,2019-05-10,70.30000305175781,71.2300033569336,70.16999816894531,70.62000274658203,50395,70.62000274658203
BZ=F,2019-05-13,70.9000015258789,72.56999969482422,69.7300033569336,70.2300033569336,62747,70.2300033569336
BZ=F,2019-05-14,69.98999786376953,71.63999938964844,69.93000030517578,71.23999786376953,57905,71.23999786376953
BZ=F,2019-05-15,70.9800033569336,72.25,70.41999816894531,71.7699966430664,48596,71.7699966430664
BZ=F,2019-05-16,71.94999694824219,73.3499984741211,71.81999969482422,72.62000274658203,56835,72.62000274658203
BZ=F,2019-05-17,72.86000061035156,73.2300033569336,71.779998779296875,72.20999908447266,43365,72.20999908447266
BZ=F,2019-05-20,73.0999984741211,73.38999938964844,71.589996337890625,71.970001220703125,48963,71.970001220703125
BZ=F,2019-05-21,72.029998779296875,72.5199966430664,71.61000061035156,72.18000030517578,55652,72.18000030517578
BZ=F,2019-05-22,71.87999725341797,72.0199966430664,70.41999816894531,70.98999786376953,57458,70.98999786376953
BZ=F,2019-05-23,70.69999694824219,70.7300033569336,67,67.76000213623047,80487,67.76000213623047
BZ=F,2019-05-24,68.01000213623047,69.30000305175781,67.31999969482422,68.69000244140625,66452,68.69000244140625
BZ=F,2019-05-28,69.0999984741211,70.58000183105469,68.55000305175781,70.11000061035156,65297,70.11000061035156
BZ=F,2019-05-29,70.05000305175781,70.089996337890625,68.06999969482422,69.44999694824219,32769,69.44999694824219
BZ=F,2019-05-30,69.7300033569336,69.94999694824219,66.30000305175781,66.87000274658203,19076,66.87000274658203
BZ=F,2019-05-31,66.70999908447266,66.7300033569336,64.41999816894531,64.48999786376953,67969,64.48999786376953
BZ=F,2019-06-03,61.599998474121094,62.83000183105469,60.459999084472656,61.279998779296875,60640,61.279998779296875
BZ=F,2019-06-04,60.84000015258789,62.099998474121094,60.220001220703125,61.970001220703125,58666,61.970001220703125
BZ=F,2019-06-05,61.47999954223633,62.2599983215332,59.45000076293945,60.630001068115234,67012,60.630001068115234
BZ=F,2019-06-06,60.58000183105469,62.41999816894531,60.13999938964844,61.66999816894531,51701,61.66999816894531
BZ=F,2019-06-07,62.220001220703125,63.58000183105469,61.779998779296875,63.290000915527344,44888,63.290000915527344
BZ=F,2019-06-10,63.689998626708984,64.12999725341797,62.04999923706055,62.290000915527344,34096,62.290000915527344
BZ=F,2019-06-11,62.36000061035156,62.869998931884766,62.0099983215332,62.290000915527344,41448,62.290000915527344
BZ=F,2019-06-12,62.11000061035156,62.11000061035156,59.56999969482422,59.970001220703125,47691,59.970001220703125
BZ=F,2019-06-13,59.81999969482422,62.63999938964844,59.7599983215332,61.310001373291016,72728,61.310001373291016
BZ=F,2019-06-14,61.380001068115234,62.56999969482422,60.7400016784668,62.0099983215332,38166,62.0099983215332
BZ=F,2019-06-17,61.970001220703125,62.349998474121094,60.720001220703125,60.939998626708984,46699,60.939998626708984
BZ=F,2019-06-18,61.02000045776367,62.83000183105469,60.25,62.13999938964844,46430,62.13999938964844
BZ=F,2019-06-19,62.25,62.52000045776367,61.38999938964844,61.81999969482422,51499,61.81999969482422
BZ=F,2019-06-20,62.209999084472656,64.80999755859375,62.16999816894531,64.44999694824219,64896,64.44999694824219
BZ=F,2019-06-21,64.73999786376953,65.75,63.9900016784668,65.19999694824219,51282,65.19999694824219
BZ=F,2019-06-24,65.54000091552734,65.80000305175781,64.0999984741211,64.86000061035156,39427,64.86000061035156
BZ=F,2019-06-25,64.720001220703125,65.95999908447266,64.18000030517578,65.05000305175781,37722,65.05000305175781
BZ=F,2019-06-26,65.7699966430664,66.86000061035156,65.61000061035156,66.48999786376953,26217,66.48999786376953
BZ=F,2019-06-27,66.089996337890625,66.79000091552734,65.6500015258789,66.55000305175781,13127,66.55000305175781
BZ=F,2019-06-28,66.6500015258789,66.779998779296875,66.05999755859375,66.55000305175781,32575,66.55000305175781
BZ=F,2019-07-01,65.279998779296875,66.73999786376953,64.220001220703125,65.05999755859375,46308,65.05999755859375
BZ=F,2019-07-02,65.19000244140625,65.5,62.22999954223633,62.400001525878906,47774,62.400001525878906
BZ=F,2019-07-03,62.75,64,62.06999969482422,63.81999969482422,35881,63.81999969482422
BZ=F,2019-07-05,63.880001068115234,64.5199966430664,62.90999984741211,64.2300033569336,34614,64.2300033569336
BZ=F,2019-07-08,64.37000274658203,65.12999725341797,63.79999923706055,64.11000061035156,29582,64.11000061035156
BZ=F,2019-07-09,63.91999816894531,65.0199966430664,63.7400016784668,64.160003662109375,28731,64.160003662109375
BZ=F,2019-07-10,64.48999786376953,67.12999725341797,64.48999786376953,67.01000213623047,40838,67.01000213623047
BZ=F,2019-07-11,66.720001220703125,67.63999938964844,66.44000244140625,66.5199966430664,37676,66.5199966430664
BZ=F,2019-07-12,66.779998779296875,67.2699966430664,66.51000213623047,66.720001220703125,31996,66.720001220703125
BZ=F,2019-07-15,66.6500015258789,67.45999908447266,66.06999969482422,66.4800033569336,35583,66.4800033569336
BZ=F,2019-07-16,66.12999725341797,67.08000183105469,63.849998474121094,64.3499984741211,41087,64.3499984741211
BZ=F,2019-07-17,64.33000183105469,65.279998779296875,63.22999954223633,63.65999984741211,34392,63.65999984741211
BZ=F,2019-07-18,63.630001068115234,64.45999908447266,61.290000915527344,61.93000030517578,48628,61.93000030517578
BZ=F,2019-07-19,62.58000183105469,63.34000015258789,61.84000015258789,62.470001220703125,36709,62.470001220703125
BZ=F,2019-07-22,62.90999984741211,64.0199966430664,62.77000045776367,63.2599983215332,33851,63.2599983215332
BZ=F,2019-07-23,63.290000915527344,64.44999694824219,62.65999984741211,63.83000183105469,31220,63.83000183105469
BZ=F,2019-07-24,64.23999786376953,64.660003662109375,62.59000015258789,63.18000030517578,42616,63.18000030517578
BZ=F,2019-07-25,63.150001525878906,64.2300033569336,63.029998779296875,63.38999938964844,27929,63.38999938964844
BZ=F,2019-07-26,63.2400016784668,63.959999084472656,63.02000045776367,63.459999084472656,26232,63.459999084472656
BZ=F,2019-07-29,63.119998931884766,63.90999984741211,62.90999984741211,63.709999084472656,14517,63.709999084472656
BZ=F,2019-07-30,63.849998474121094,65.04000091552734,63.849998474121094,64.720001220703125,11005,64.720001220703125
BZ=F,2019-07-31,64.61000061035156,65.36000061035156,64.54000091552734,65.16999816894531,34287,65.16999816894531
BZ=F,2019-08-01,64.29000091552734,64.5199966430664,60.029998779296875,60.5,63060,60.5
BZ=F,2019-08-02,61.099998474121094,62.93000030517578,60.88999938964844,61.88999938964844,47421,61.88999938964844
BZ=F,2019-08-05,61.54999923706055,61.54999923706055,59.66999816894531,59.810001373291016,47722,59.810001373291016
BZ=F,2019-08-06,60,60.540000915527344,58.56999969482422,58.939998626708984,34335,58.939998626708984
BZ=F,2019-08-07,58.560001373291016,59.189998626708984,55.880001068115234,56.22999954223633,52628,56.22999954223633
BZ=F,2019-08-08,57.369998931884766,58.0099983215332,56.77000045776367,57.380001068115234,36965,57.380001068115234
BZ=F,2019-08-09,57.650001525878906,59.099998474121094,57.119998931884766,58.529998779296875,34015,58.529998779296875
BZ=F,2019-08-12,58.36000061035156,58.869998931884766,57.880001068115234,58.56999969482422,30960,58.56999969482422
BZ=F,2019-08-13,58.400001525878906,61.5,57.97999954223633,61.29999923706055,45522,61.29999923706055
BZ=F,2019-08-14,60.97999954223633,61.08000183105469,58.22999954223633,59.47999954223633,45545,59.47999954223633
BZ=F,2019-08-15,59.04999923706055,59.41999816894531,57.689998626708984,58.22999954223633,45864,58.22999954223633
BZ=F,2019-08-16,58.41999816894531,59.5,58.290000915527344,58.63999938964844,25244,58.63999938964844
BZ=F,2019-08-19,58.630001068115234,59.91999816894531,58.59000015258789,59.7400016784668,30652,59.7400016784668
BZ=F,2019-08-20,59.7400016784668,60.31999969482422,58.959999084472656,60.029998779296875,30782,60.029998779296875
BZ=F,2019-08-21,60.060001373291016,61.40999984741211,60.04999923706055,60.29999923706055,33717,60.29999923706055
BZ=F,2019-08-22,60.41999816894531,60.88999938964844,59.470001220703125,59.91999816894531,33800,59.91999816894531
BZ=F,2019-08-23,60.040000915527344,60.279998779296875,58.31999969482422,59.34000015258789,41613,59.34000015258789
BZ=F,2019-08-26,58.400001525878906,60.16999816894531,58.27000045776367,58.70000076293945,26628,58.70000076293945
BZ=F,2019-08-27,58.709999084472656,60.13999938964844,58.5099983215332,59.5099983215332,30198,59.5099983215332
BZ=F,2019-08-28,60.13999938964844,61.04999923706055,59.81999969482422,60.4900016784668,17141,60.4900016784668
BZ=F,2019-08-29,60.4900016784668,61.18000030517578,60.0099983215332,61.08000183105469,10658,61.08000183105469
BZ=F,2019-08-30,61.029998779296875,61.13999938964844,60.29999923706055,60.43000030517578,41940,60.43000030517578
BZ=F,2019-09-03,59.06999969482422,59.25,57.220001220703125,58.2599983215332,51149,58.2599983215332
BZ=F,2019-09-04,58.2400016784668,60.959999084472656,58.09000015258789,60.70000076293945,36192,60.70000076293945
BZ=F,2019-09-05,60.5099983215332,62.38999938964844,60.25,60.95000076293945,37813,60.95000076293945
BZ=F,2019-09-06,60.810001373291016,61.880001068115234,59.40999984741211,61.540000915527344,37585,61.540000915527344
BZ=F,2019-09-09,61.540000915527344,62.9900016784668,61.540000915527344,62.59000015258789,31505,62.59000015258789
BZ=F,2019-09-10,62.7400016784668,63.77000045776367,62.16999816894531,62.380001068115234,32170,62.380001068115234
BZ=F,2019-09-11,62.68000030517578,63.25,60.52000045776367,60.810001373291016,37485,60.810001373291016
BZ=F,2019-09-12,61.029998779296875,61.38999938964844,58.90999984741211,60.380001068115234,44952,60.380001068115234
BZ=F,2019-09-13,60.40999984741211,60.79999923706055,59.599998474121094,60.220001220703125,26153,60.220001220703125
BZ=F,2019-09-16,67,71,64.779998779296875,69.0199966430664,69899,69.0199966430664
BZ=F,2019-09-17,68.16999816894531,69.25,63.560001373291016,64.55000305175781,87185,64.55000305175781
BZ=F,2019-09-18,64.25,64.98999786376953,63.06999969482422,63.599998474121094,37459,63.599998474121094
BZ=F,2019-09-19,63.650001525878906,65.56999969482422,63.470001220703125,64.4000015258789,36971,64.4000015258789
BZ=F,2019-09-20,64.9800033569336,65.2699966430664,64.05000305175781,64.279998779296875,23355,64.279998779296875
BZ=F,2019-09-23,65.31999969482422,65.31999969482422,63.540000915527344,64.7699966430664,25895,64.7699966430664
BZ=F,2019-09-24,64.4800033569336,64.529998779296875,62.349998474121094,63.099998474121094,30503,63.099998474121094
BZ=F,2019-09-25,62.43000030517578,62.810001373291016,61.220001220703125,62.38999938964844,25272,62.38999938964844
BZ=F,2019-09-26,62.58000183105469,62.91999816894531,61.459999084472656,62.7400016784668,11043,62.7400016784668
BZ=F,2019-09-27,62.529998779296875,62.720001220703125,60.77000045776367,61.90999984741211,9063,61.90999984741211
BZ=F,2019-09-30,61.880001068115234,62.08000183105469,60.77000045776367,60.779998779296875,34510,60.779998779296875
BZ=F,2019-10-01,59.529998779296875,60.09000015258789,58.40999984741211,58.88999938964844,41174,58.88999938964844
BZ=F,2019-10-02,59.220001220703125,59.4900016784668,57.22999954223633,57.689998626708984,40386,57.689998626708984
BZ=F,2019-10-03,57.5,57.9900016784668,56.150001525878906,57.709999084472656,49093,57.709999084472656
BZ=F,2019-10-04,57.599998474121094,58.95000076293945,57.599998474121094,58.369998931884766,41717,58.369998931884766
BZ=F,2019-10-07,57.70000076293945,59.66999816894531,57.70000076293945,58.349998474121094,28765,58.349998474121094
BZ=F,2019-10-08,58.470001220703125,58.93000030517578,57.369998931884766,58.2400016784668,38868,58.2400016784668
BZ=F,2019-10-09,58.099998474121094,59.34000015258789,57.95000076293945,58.31999969482422,36036,58.31999969482422
BZ=F,2019-10-10,58.38999938964844,59.529998779296875,57.11000061035156,59.099998474121094,36561,59.099998474121094
BZ=F,2019-10-11,59.58000183105469,60.689998626708984,59.209999084472656,60.5099983215332,51613,60.5099983215332
BZ=F,2019-10-14,60.560001373291016,60.75,58.5099983215332,59.349998474121094,39154,59.349998474121094
BZ=F,2019-10-15,59.290000915527344,59.68000030517578,58,58.7400016784668,49695,58.7400016784668
BZ=F,2019-10-16,58.7599983215332,59.72999954223633,58.349998474121094,59.41999816894531,43443,59.41999816894531
BZ=F,2019-10-17,59.099998474121094,60.029998779296875,58.63999938964844,59.90999984741211,44951,59.90999984741211
BZ=F,2019-10-18,59.880001068115234,60.27000045776367,59,59.41999816894531,33528,59.41999816894531
BZ=F,2019-10-21,59.36000061035156,59.540000915527344,58.2599983215332,58.959999084472656,35588,58.959999084472656
BZ=F,2019-10-22,59.04999923706055,60.2599983215332,58.77000045776367,59.70000076293945,37803,59.70000076293945
BZ=F,2019-10-23,59.630001068115234,61.29999923706055,58.849998474121094,61.16999816894531,37010,61.16999816894531
BZ=F,2019-10-24,61.09000015258789,61.90999984741211,60.65999984741211,61.66999816894531,35367,61.66999816894531
BZ=F,2019-10-25,61.52000045776367,62.11000061035156,60.939998626708984,62.02000045776367,31392,62.02000045776367
BZ=F,2019-10-28,61.9900016784668,62.34000015258789,61.20000076293945,61.56999969482422,24870,61.56999969482422
BZ=F,2019-10-29,61.650001525878906,61.97999954223633,60.66999816894531,61.59000015258789,16903,61.59000015258789
BZ=F,2019-10-30,61.310001373291016,61.90999984741211,60.470001220703125,60.61000061035156,13275,60.61000061035156
BZ=F,2019-10-31,60.689998626708984,61.029998779296875,60.06999969482422,60.22999954223633,36213,60.22999954223633
BZ=F,2019-11-01,59.54999923706055,61.810001373291016,59.400001525878906,61.689998626708984,28361,61.689998626708984
BZ=F,2019-11-04,62,62.779998779296875,61.290000915527344,62.130001068115234,28961,62.130001068115234
BZ=F,2019-11-05,62.060001373291016,63.16999816894531,61.900001525878906,62.959999084472656,27103,62.959999084472656
BZ=F,2019-11-06,62.939998626708984,63.31999969482422,61.59000015258789,61.7400016784668,34901,61.7400016784668
BZ=F,2019-11-07,61.779998779296875,62.900001525878906,61.63999938964844,62.290000915527344,33158,62.290000915527344
BZ=F,2019-11-08,62.34000015258789,62.689998626708984,60.65999984741211,62.5099983215332,34325,62.5099983215332
BZ=F,2019-11-11,62.5099983215332,62.75,61.58000183105469,62.18000030517578,23316,62.18000030517578
BZ=F,2019-11-12,62.16999816894531,62.849998474121094,61.79999923706055,62.060001373291016,30687,62.060001373291016
BZ=F,2019-11-13,61.970001220703125,62.72999954223633,61.22999954223633,62.369998931884766,33278,62.369998931884766
BZ=F,2019-11-14,62.54999923706055,63.20000076293945,62.13999938964844,62.279998779296875,27803,62.279998779296875
BZ=F,2019-11-15,62.33000183105469,63.63999938964844,61.70000076293945,63.29999923706055,32240,63.29999923706055
BZ=F,2019-11-18,63.29999923706055,63.58000183105469,61.939998626708984,62.439998626708984,29294,62.439998626708984
BZ=F,2019-11-19,62.33000183105469,62.54999923706055,60.630001068115234,60.90999984741211,32258,60.90999984741211
BZ=F,2019-11-20,60.7400016784668,62.79999923706055,60.29999923706055,62.400001525878906,39331,62.400001525878906
BZ=F,2019-11-21,62.439998626708984,64.029998779296875,61.93000030517578,63.970001220703125,36374,63.970001220703125
BZ=F,2019-11-22,63.66999816894531,64.30000305175781,62.9900016784668,63.38999938964844,33785,63.38999938964844
BZ=F,2019-11-25,63.459999084472656,63.790000915527344,62.959999084472656,63.650001525878906,25178,63.650001525878906
BZ=F,2019-11-26,63.5099983215332,64.30999755859375,63.45000076293945,64.2699966430664,23433,64.2699966430664
BZ=F,2019-11-27,64.13999938964844,64.5999984741211,63.529998779296875,64.05999755859375,15263,64.05999755859375
BZ=F,2019-11-29,64.04000091552734,64.04000091552734,62.400001525878906,62.43000030517578,47386,62.43000030517578
BZ=F,2019-12-02,60.79999923706055,62.08000183105469,60.5,60.91999816894531,39023,60.91999816894531
BZ=F,2019-12-03,60.90999984741211,61.59000015258789,60.29999923706055,60.81999969482422,32863,60.81999969482422
BZ=F,2019-12-04,61.15999984741211,63.529998779296875,60.9900016784668,63,41730,63
BZ=F,2019-12-05,63.04999923706055,63.900001525878906,62.75,63.38999938964844,38903,63.38999938964844
BZ=F,2019-12-06,63.290000915527344,64.86000061035156,62.83000183105469,64.38999938964844,43303,64.38999938964844
BZ=F,2019-12-09,64.4000015258789,64.5,63.61000061035156,64.25,32410,64.25
BZ=F,2019-12-10,64,64.68000030517578,63.77000045776367,64.339996337890625,31170,64.339996337890625
BZ=F,2019-12-11,64.160003662109375,64.25,63.0099983215332,63.720001220703125,31647,63.720001220703125
BZ=F,2019-12-12,63.88999938964844,64.839996337890625,63.869998931884766,64.19999694824219,32866,64.19999694824219
BZ=F,2019-12-13,64.410003662109375,65.779998779296875,64.38999938964844,65.220001220703125,34575,65.220001220703125
BZ=F,2019-12-16,64.9800033569336,65.6500015258789,64.87999725341797,65.339996337890625,31476,65.339996337890625
BZ=F,2019-12-17,65.37000274658203,66.2300033569336,65.12000274658203,66.0999984741211,35092,66.0999984741211
BZ=F,2019-12-18,65.83000183105469,66.41999816894531,65.56999969482422,66.16999816894531,31943,66.16999816894531
BZ=F,2019-12-19,66.12000274658203,66.779998779296875,66.04000091552734,66.54000091552734,29280,66.54000091552734
BZ=F,2019-12-20,66.5199966430664,66.70999908447266,65.7300033569336,66.13999938964844,33986,66.13999938964844
BZ=F,2019-12-23,66.20999908447266,66.5999984741211,65.80999755859375,66.38999938964844,21599,66.38999938964844
BZ=F,2019-12-24,66.51000213623047,67.25,66.37000274658203,67.19999694824219,18562,67.19999694824219
BZ=F,2019-12-26,67.37000274658203,67.94999694824219,67.19000244140625,67.91999816894531,10745,67.91999816894531
BZ=F,2019-12-27,67.91999816894531,68.29000091552734,67.58000183105469,68.160003662109375,8223,68.160003662109375
BZ=F,2019-12-30,68.20999908447266,68.910003662109375,68.18000030517578,68.44000244140625,34100,68.44000244140625
BZ=F,2019-12-31,66.68000030517578,66.91999816894531,65.63999938964844,66,30892,66
BZ=F,2020-01-02,66.470001220703125,66.56999969482422,65.7300033569336,66.25,25810,66.25
BZ=F,2020-01-03,66.29000091552734,69.4800033569336,66.220001220703125,68.5999984741211,78848,68.5999984741211
BZ=F,2020-01-06,69.06999969482422,70.720001220703125,68.19000244140625,68.910003662109375,51933,68.910003662109375
BZ=F,2020-01-07,68.58000183105469,68.73999786376953,67.6500015258789,68.2699966430664,41178,68.2699966430664
BZ=F,2020-01-08,68.470001220703125,71.98999786376953,64.94000244140625,65.44000244140625,85232,65.44000244140625
BZ=F,2020-01-09,65.79000091552734,66.089996337890625,64.55000305175781,65.37000274658203,50520,65.37000274658203
BZ=F,2020-01-10,65.410003662109375,65.660003662109375,64.86000061035156,64.9800033569336,46595,64.9800033569336
BZ=F,2020-01-13,65.18000030517578,65.25,63.91999816894531,64.19999694824219,35430,64.19999694824219
BZ=F,2020-01-14,64.220001220703125,65.04000091552734,63.90999984741211,64.48999786376953,34682,64.48999786376953
BZ=F,2020-01-15,64.45999908447266,64.61000061035156,63.54999923706055,64,34164,64
BZ=F,2020-01-16,64.30999755859375,64.95999908447266,63.91999816894531,64.62000274658203,38391,64.62000274658203
BZ=F,2020-01-17,64.75,65.13999938964844,64.48999786376953,64.8499984741211,35541,64.8499984741211
BZ=F,2020-01-21,65.4000015258789,66,64.05999755859375,64.589996337890625,50484,64.589996337890625
BZ=F,2020-01-22,64.54000091552734,64.589996337890625,62.529998779296875,63.209999084472656,35127,63.209999084472656
BZ=F,2020-01-23,62.630001068115234,62.779998779296875,61.25,62.040000915527344,43330,62.040000915527344
BZ=F,2020-01-24,62.119998931884766,62.459999084472656,60.220001220703125,60.689998626708984,43263,60.689998626708984
BZ=F,2020-01-27,60.279998779296875,60.4900016784668,58.5,59.31999969482422,39367,59.31999969482422
BZ=F,2020-01-28,58.95000076293945,60.11000061035156,58.5,59.5099983215332,41537,59.5099983215332
BZ=F,2020-01-29,59.66999816894531,60.61000061035156,59.25,59.810001373291016,21453,59.810001373291016
BZ=F,2020-01-30,59.61000061035156,59.61000061035156,57.72999954223633,58.290000915527344,17435,58.290000915527344
BZ=F,2020-01-31,59.06999969482422,59.529998779296875,57.97999954223633,58.15999984741211,68547,58.15999984741211
BZ=F,2020-02-03,55.849998474121094,56.7599983215332,54.06999969482422,54.45000076293945,66338,54.45000076293945
BZ=F,2020-02-04,54.150001525878906,55.63999938964844,53.689998626708984,53.959999084472656,52393,53.959999084472656
BZ=F,2020-02-05,53.880001068115234,56.470001220703125,53.880001068115234,55.279998779296875,56117,55.279998779296875
BZ=F,2020-02-06,55.56999969482422,56.560001373291016,54.2400016784668,54.93000030517578,50605,54.93000030517578
BZ=F,2020-02-07,55.36000061035156,55.470001220703125,54.209999084472656,54.470001220703125,43796,54.470001220703125
BZ=F,2020-02-10,54.2400016784668,54.70000076293945,53.11000061035156,53.27000045776367,35920,53.27000045776367
BZ=F,2020-02-11,53.349998474121094,54.65999984741211,53.349998474121094,54.0099983215332,36294,54.0099983215332
BZ=F,2020-02-12,54.18000030517578,56.29999923706055,54.18000030517578,55.790000915527344,43350,55.790000915527344
BZ=F,2020-02-13,56.34000015258789,56.83000183105469,54.970001220703125,56.34000015258789,48775,56.34000015258789
BZ=F,2020-02-14,56.400001525878906,57.529998779296875,56.15999984741211,57.31999969482422,41913,57.31999969482422
BZ=F,2020-02-18,57.34000015258789,57.81999969482422,56.290000915527344,57.75,47337,57.75
BZ=F,2020-02-19,57.70000076293945,59.40999984741211,57.540000915527344,59.119998931884766,36217,59.119998931884766
BZ=F,2020-02-20,59.34000015258789,60.02000045776367,58.900001525878906,59.310001373291016,34207,59.310001373291016
BZ=F,2020-02-21,59.15999984741211,59.27000045776367,57.7400016784668,58.5,39006,58.5
BZ=F,2020-02-24,58.02000045776367,58.119998931884766,55.13999938964844,56.29999923706055,28258,56.29999923706055
BZ=F,2020-02-25,56.220001220703125,56.970001220703125,54.61000061035156,54.95000076293945,27751,54.95000076293945
BZ=F,2020-02-26,55.08000183105469,55.439998626708984,53.040000915527344,53.43000030517578,26216,53.43000030517578
BZ=F,2020-02-27,53.439998626708984,53.439998626708984,51.04999923706055,52.18000030517578,9616,52.18000030517578
BZ=F,2020-02-28,51.369998931884766,51.4900016784668,50.119998931884766,50.52000045776367,53362,50.52000045776367
BZ=F,2020-03-02,49.040000915527344,52.779998779296875,48.380001068115234,51.900001525878906,47286,51.900001525878906
BZ=F,2020-03-03,52.97999954223633,53.869998931884766,51.2400016784668,51.86000061035156,42862,51.86000061035156
BZ=F,2020-03-04,51.72999954223633,53.029998779296875,51.040000915527344,51.130001068115234,39712,51.130001068115234
BZ=F,2020-03-05,51.650001525878906,52.0099983215332,49.70000076293945,49.9900016784668,39679,49.9900016784668
BZ=F,2020-03-06,50.119998931884766,50.43000030517578,45.15999984741211,45.27000045776367,69464,45.27000045776367
BZ=F,2020-03-09,39.2400016784668,39.2400016784668,31.25,34.36000061035156,76517,34.36000061035156
BZ=F,2020-03-10,33.459999084472656,38.209999084472656,33.439998626708984,37.220001220703125,67054,37.220001220703125
BZ=F,2020-03-11,37.79999923706055,39.619998931884766,35.36000061035156,35.790000915527344,60513,35.790000915527344
BZ=F,2020-03-12,36.130001068115234,36.529998779296875,32.47999954223633,33.220001220703125,67484,33.220001220703125
BZ=F,2020-03-13,32.86000061035156,35.9900016784668,32.16999816894531,33.849998474121094,50707,33.849998474121094
BZ=F,2020-03-16,34.459999084472656,34.54999923706055,29.34000015258789,30.049999237060547,43527,30.049999237060547
BZ=F,2020-03-17,29.700000762939453,31.219999313354492,28.459999084472656,28.729999542236328,32969,28.729999542236328
BZ=F,2020-03-18,28.65999984741211,29.190000534057617,24.510000228881836,24.8799991607666,47500,24.8799991607666
BZ=F,2020-03-19,26.440000534057617,29.3799991607666,24.979999542236328,28.469999313354492,41724,28.469999313354492
BZ=F,2020-03-20,28,30.93000030517578,26.790000915527344,26.979999542236328,51866,26.979999542236328
BZ=F,2020-03-23,26.5,27.520000457763672,24.68000030517578,27.030000686645508,31642,27.030000686645508
BZ=F,2020-03-24,27.639999389648438,28.639999389648438,26.690000534057617,27.149999618530273,30946,27.149999618530273
BZ=F,2020-03-25,27.600000381469727,28.280000686645508,25.729999542236328,27.389999389648438,27352,27.389999389648438
BZ=F,2020-03-26,27.59000015258789,27.670000076293945,26.040000915527344,26.34000015258789,26819,26.34000015258789
BZ=F,2020-03-27,26.709999084472656,27,24.170000076293945,24.93000030517578,23547,24.93000030517578
BZ=F,2020-03-30,24,24.25,21.690000534057617,22.760000228881836,9112,22.760000228881836
BZ=F,2020-03-31,22.959999084472656,23.860000610351562,22.579999923706055,22.739999771118164,40694,22.739999771118164
BZ=F,2020-04-01,25.93000030517578,26.270000457763672,24.540000915527344,24.739999771118164,43466,24.739999771118164
BZ=F,2020-04-02,25.6299991607666,32.599998474121094,25.43000030517578,29.940000534057617,65518,29.940000534057617
BZ=F,2020-04-03,29.959999084472656,35,28.280000686645508,34.11000061035156,55373,34.11000061035156
BZ=F,2020-04-06,31.25,34.22999954223633,30.549999237060547,33.04999923706055,36779,33.04999923706055
BZ=F,2020-04-07,33.310001373291016,34.18000030517578,31.729999542236328,31.8700008392334,36246,31.8700008392334
BZ=F,2020-04-08,32.40999984741211,33.869998931884766,31.549999237060547,32.84000015258789,39293,32.84000015258789
BZ=F,2020-04-09,33.65999984741211,36.43000030517578,31.239999771118164,31.479999542236328,48214,31.479999542236328
BZ=F,2020-04-13,33,33.22999954223633,30.639999389648438,31.739999771118164,28098,31.739999771118164
BZ=F,2020-04-14,32.09000015258789,32.380001068115234,29.399999618530273,29.600000381469727,32146,29.600000381469727
BZ=F,2020-04-15,30.010000228881836,30.420000076293945,27.170000076293945,27.690000534057617,32129,27.690000534057617
BZ=F,2020-04-16,28.059999465942383,29.010000228881836,27.200000762939453,27.81999969482422,30922,27.81999969482422
BZ=F,2020-04-17,28.469999313354492,29,27.600000381469727,28.079999923706055,44417,28.079999923706055
BZ=F,2020-04-20,28.049999237060547,28.239999771118164,25.3799991607666,25.56999969482422,46467,25.56999969482422
BZ=F,2020-04-21,25.959999084472656,27.229999542236328,17.520000457763672,19.329999923706055,83111,19.329999923706055
BZ=F,2020-04-22,19.559999465942383,22.459999084472656,16,20.3700008392334,51051,20.3700008392334
BZ=F,2020-04-23,21.299999237060547,23.18000030517578,20.059999465942383,21.329999923706055,44993,21.329999923706055
BZ=F,2020-04-24,21.790000915527344,22.670000076293945,20.510000228881836,21.440000534057617,36158,21.440000534057617
BZ=F,2020-04-27,21.299999237060547,21.90999984741211,19.110000610351562,19.989999771118164,25906,19.989999771118164
BZ=F,2020-04-28,20.170000076293945,21.270000457763672,18.729999542236328,20.459999084472656,21996,20.459999084472656
BZ=F,2020-04-29,20.75,23.829999923706055,20.350000381469727,22.540000915527344,14425,22.540000915527344
BZ=F,2020-04-30,23.110000610351562,25.809999465942383,23.110000610351562,25.270000457763672,42900,25.270000457763672
BZ=F,2020-05-01,26.719999313354492,27.950000762939453,25.75,26.440000534057617,28681,26.440000534057617
BZ=F,2020-05-04,26.209999084472656,28.079999923706055,25.479999542236328,27.200000762939453,30309,27.200000762939453
BZ=F,2020-05-05,27.940000534057617,31.690000534057617,27.799999237060547,30.969999313354492,38518,30.969999313354492
BZ=F,2020-05-06,31.8799991607666,32.4900016784668,28.670000076293945,29.719999313354492,37505,29.719999313354492
BZ=F,2020-05-07,30.1200008392334,31.84000015258789,29.06999969482422,29.459999084472656,36701,29.459999084472656
BZ=F,2020-05-08,29.43000030517578,31.1299991607666,29.399999618530273,30.969999313354492,20277,30.969999313354492
BZ=F,2020-05-11,30.68000030517578,31.450000762939453,29.360000610351562,29.6299991607666,33638,29.6299991607666
BZ=F,2020-05-12,30.06999969482422,30.68000030517578,29.450000762939453,29.979999542236328,25820,29.979999542236328
BZ=F,2020-05-13,29.469999313354492,30.540000915527344,28.8700008392334,29.190000534057617,25072,29.190000534057617
BZ=F,2020-05-14,29.389999389648438,31.489999771118164,28.899999618530273,31.1299991607666,25953,31.1299991607666
BZ=F,2020-05-15,31.350000381469727,32.900001525878906,30.959999084472656,32.5,29410,32.5
BZ=F,2020-05-18,32.709999084472656,35.720001220703125,32.709999084472656,34.810001373291016,28869,34.810001373291016
BZ=F,2020-05-19,35.439998626708984,35.86000061035156,34.20000076293945,34.650001525878906,24952,34.650001525878906
BZ=F,2020-05-20,34.43000030517578,36.400001525878906,34.369998931884766,35.75,25571,35.75
BZ=F,2020-05-21,35.79999923706055,36.97999954223633,35.709999084472656,36.060001373291016,29933,36.060001373291016
BZ=F,2020-05-22,35.939998626708984,36.22999954223633,33.54999923706055,35.130001068115234,31482,35.130001068115234
BZ=F,2020-05-26,35.130001068115234,36.68000030517578,34.459999084472656,36.16999816894531,29328,36.16999816894531
BZ=F,2020-05-27,36.099998474121094,36.18000030517578,34,34.7400016784668,16676,34.7400016784668
BZ=F,2020-05-28,34.34000015258789,35.88999938964844,33.38999938964844,35.290000915527344,9367,35.290000915527344
BZ=F,2020-05-29,35.029998779296875,35.36000061035156,34.18000030517578,35.33000183105469,32101,35.33000183105469
BZ=F,2020-06-01,37.540000915527344,38.68000030517578,37.16999816894531,38.31999969482422,26475,38.31999969482422
BZ=F,2020-06-02,38.47999954223633,39.790000915527344,38.34000015258789,39.56999969482422,27662,39.56999969482422
BZ=F,2020-06-03,39.52000045776367,40.529998779296875,38.75,39.790000915527344,34099,39.790000915527344
BZ=F,2020-06-04,39.380001068115234,40.099998474121094,39.060001373291016,39.9900016784668,22661,39.9900016784668
BZ=F,2020-06-05,39.93000030517578,42.47999954223633,39.720001220703125,42.29999923706055,28827,42.29999923706055
BZ=F,2020-06-08,42.40999984741211,43.43000030517578,40.68000030517578,40.79999923706055,28718,40.79999923706055
BZ=F,2020-06-09,40.95000076293945,41.43000030517578,39.849998474121094,41.18000030517578,26258,41.18000030517578
BZ=F,2020-06-10,40.869998931884766,41.9900016784668,40.130001068115234,41.72999954223633,23565,41.72999954223633
BZ=F,2020-06-11,41.310001373291016,41.310001373291016,37.83000183105469,38.54999923706055,36881,38.54999923706055
BZ=F,2020-06-12,38.380001068115234,39.439998626708984,37,38.72999954223633,29653,38.72999954223633
BZ=F,2020-06-15,38.689998626708984,39.880001068115234,37.2400016784668,39.720001220703125,30674,39.720001220703125
BZ=F,2020-06-16,39.77000045776367,41.65999984741211,38.970001220703125,40.959999084472656,35087,40.959999084472656
BZ=F,2020-06-17,40.709999084472656,41.45000076293945,40.029998779296875,40.709999084472656,29078,40.709999084472656
BZ=F,2020-06-18,40.58000183105469,41.63999938964844,40.04999923706055,41.5099983215332,31042,41.5099983215332
BZ=F,2020-06-19,41.41999816894531,42.93000030517578,41.0099983215332,42.189998626708984,34079,42.189998626708984
BZ=F,2020-06-22,41.54999923706055,43.16999816894531,41.5099983215332,43.08000183105469,24433,43.08000183105469
BZ=F,2020-06-23,43.16999816894531,43.93000030517578,42.209999084472656,42.630001068115234,27036,42.630001068115234
BZ=F,2020-06-24,42.33000183105469,42.88999938964844,39.619998931884766,40.310001373291016,28537,40.310001373291016
BZ=F,2020-06-25,40.43000030517578,41.63999938964844,39.470001220703125,41.04999923706055,32530,41.04999923706055
BZ=F,2020-06-26,41.470001220703125,41.779998779296875,40.290000915527344,41.02000045776367,13481,41.02000045776367
BZ=F,2020-06-29,40.310001373291016,41.939998626708984,40.060001373291016,41.709999084472656,9783,41.709999084472656
BZ=F,2020-06-30,41.54999923706055,41.619998931884766,40.939998626708984,41.150001525878906,29381,41.150001525878906
BZ=F,2020-07-01,41.720001220703125,42.619998931884766,41.029998779296875,42.029998779296875,26731,42.029998779296875
BZ=F,2020-07-02,42.02000045776367,43.220001220703125,41.75,43.13999938964844,21825,43.13999938964844
BZ=F,2020-07-06,42.75,43.709999084472656,42.75,43.099998474121094,28969,43.099998474121094
BZ=F,2020-07-07,43.150001525878906,43.45000076293945,42.459999084472656,43.08000183105469,18827,43.08000183105469
BZ=F,2020-07-08,42.959999084472656,43.459999084472656,42.779998779296875,43.290000915527344,19171,43.290000915527344
BZ=F,2020-07-09,43.380001068115234,43.5,41.93000030517578,42.349998474121094,23249,42.349998474121094
BZ=F,2020-07-10,42.400001525878906,43.40999984741211,41.31999969482422,43.2400016784668,24083,43.2400016784668
BZ=F,2020-07-13,43.11000061035156,43.33000183105469,42.189998626708984,42.720001220703125,22911,42.720001220703125
BZ=F,2020-07-14,42.31999969482422,43.20000076293945,41.79999923706055,42.900001525878906,21724,42.900001525878906
BZ=F,2020-07-15,43.150001525878906,43.84000015258789,42.70000076293945,43.790000915527344,23596,43.790000915527344
BZ=F,2020-07-16,43.63999938964844,43.810001373291016,43.13999938964844,43.369998931884766,20484,43.369998931884766
BZ=F,2020-07-17,43.34000015258789,43.459999084472656,42.630001068115234,43.13999938964844,21774,43.13999938964844
BZ=F,2020-07-20,43.09000015258789,43.43000030517578,42.369998931884766,43.279998779296875,18019,43.279998779296875
BZ=F,2020-07-21,43.18000030517578,44.880001068115234,43.119998931884766,44.31999969482422,24167,44.31999969482422
BZ=F,2020-07-22,43.900001525878906,44.400001525878906,43.619998931884766,44.290000915527344,19676,44.290000915527344
BZ=F,2020-07-23,44.349998474121094,44.77000045776367,43.130001068115234,43.310001373291016,25759,43.310001373291016
BZ=F,2020-07-24,43.36000061035156,43.900001525878906,42.79999923706055,43.34000015258789,21918,43.34000015258789
BZ=F,2020-07-27,43.400001525878906,43.77000045776367,42.380001068115234,43.40999984741211,22507,43.40999984741211
BZ=F,2020-07-28,43.619998931884766,43.81999969482422,43.0099983215332,43.220001220703125,17828,43.220001220703125
BZ=F,2020-07-29,43.29999923706055,43.939998626708984,43.20000076293945,43.75,10911,43.75
BZ=F,2020-07-30,43.79999923706055,43.81999969482422,41.380001068115234,42.939998626708984,8373,42.939998626708984
BZ=F,2020-07-31,43.31999969482422,43.52000045776367,43.06999969482422,43.29999923706055,23641,43.29999923706055
BZ=F,2020-08-03,43.54999923706055,44.45000076293945,42.88999938964844,44.150001525878906,26883,44.150001525878906
BZ=F,2020-08-04,43.90999984741211,44.81999969482422,43.2400016784668,44.43000030517578,27305,44.43000030517578
BZ=F,2020-08-05,44.400001525878906,46.2400016784668,44.25,45.16999816894531,29337,45.16999816894531
BZ=F,2020-08-06,45.2400016784668,45.709999084472656,44.849998474121094,45.09000015258789,23131,45.09000015258789
BZ=F,2020-08-07,45.119998931884766,45.25,44.2599983215332,44.400001525878906,20363,44.400001525878906
BZ=F,2020-08-10,44.61000061035156,45.2599983215332,44.400001525878906,44.9900016784668,13672,44.9900016784668
BZ=F,2020-08-11,44.9900016784668,45.779998779296875,44.40999984741211,44.5,19786,44.5
BZ=F,2020-08-12,44.58000183105469,45.619998931884766,44.5099983215332,45.43000030517578,16995,45.43000030517578
BZ=F,2020-08-13,45.43000030517578,45.58000183105469,44.81999969482422,44.959999084472656,13877,44.959999084472656
BZ=F,2020-08-14,45.04999923706055,45.41999816894531,44.47999954223633,44.79999923706055,16681,44.79999923706055
BZ=F,2020-08-17,44.959999084472656,45.41999816894531,44.5,45.369998931884766,19441,45.369998931884766
BZ=F,2020-08-18,45.380001068115234,45.540000915527344,44.77000045776367,45.459999084472656,18063,45.459999084472656
BZ=F,2020-08-19,45.040000915527344,45.4900016784668,44.810001373291016,45.369998931884766,18063,45.369998931884766
BZ=F,2020-08-20,45.27000045776367,45.27000045776367,44.0099983215332,44.900001525878906,24042,44.900001525878906
BZ=F,2020-08-21,44.90999984741211,45.119998931884766,43.599998474121094,44.349998474121094,25495,44.349998474121094
BZ=F,2020-08-24,44.41999816894531,45.16999816894531,44.279998779296875,45.130001068115234,21033,45.130001068115234
BZ=F,2020-08-25,44.9900016784668,46.040000915527344,44.9900016784668,45.86000061035156,23808,45.86000061035156
BZ=F,2020-08-26,45.97999954223633,46.09000015258789,45.54999923706055,45.63999938964844,16657,45.63999938964844
BZ=F,2020-08-27,45.619998931884766,45.81999969482422,44.560001373291016,45.09000015258789,10776,45.09000015258789
BZ=F,2020-08-28,45.04999923706055,45.290000915527344,44.81999969482422,45.04999923706055,21040,45.04999923706055
BZ=F,2020-08-31,45.709999084472656,46.5099983215332,45.220001220703125,45.279998779296875,18967,45.279998779296875
BZ=F,2020-09-01,45.56999969482422,46.220001220703125,45.470001220703125,45.58000183105469,19914,45.58000183105469
BZ=F,2020-09-02,45.849998474121094,46.040000915527344,44.20000076293945,44.43000030517578,31416,44.43000030517578
BZ=F,2020-09-03,44.369998931884766,44.61000061035156,43.15999984741211,44.06999969482422,30615,44.06999969482422
BZ=F,2020-09-04,43.869998931884766,44.540000915527344,42.29999923706055,42.65999984741211,32210,42.65999984741211
BZ=F,2020-09-08,42.220001220703125,42.45000076293945,39.29999923706055,39.779998779296875,52172,39.779998779296875
BZ=F,2020-09-09,39.79999923706055,41.20000076293945,39.279998779296875,40.790000915527344,30286,40.790000915527344
BZ=F,2020-09-10,40.63999938964844,40.95000076293945,39.720001220703125,40.060001373291016,24171,40.060001373291016
BZ=F,2020-09-11,39.95000076293945,40.349998474121094,39.380001068115234,39.83000183105469,24576,39.83000183105469
BZ=F,2020-09-14,39.77000045776367,40.09000015258789,39.310001373291016,39.61000061035156,22118,39.61000061035156
BZ=F,2020-09-15,39.65999984741211,40.81999969482422,39.38999938964844,40.529998779296875,25333,40.529998779296875
BZ=F,2020-09-16,40.75,42.439998626708984,40.58000183105469,42.220001220703125,29327,42.220001220703125
BZ=F,2020-09-17,42.2599983215332,43.5099983215332,41.52000045776367,43.29999923706055,27245,43.29999923706055
BZ=F,2020-09-18,43.2599983215332,43.810001373291016,42.529998779296875,43.150001525878906,26032,43.150001525878906
BZ=F,2020-09-21,43.02000045776367,43.279998779296875,40.97999954223633,41.439998626708984,24298,41.439998626708984
BZ=F,2020-09-22,41.790000915527344,42.189998626708984,41.209999084472656,41.720001220703125,19914,41.720001220703125
BZ=F,2020-09-23,41.7400016784668,42.63999938964844,41.25,41.77000045776367,23779,41.77000045776367
BZ=F,2020-09-24,41.5,42.02000045776367,41.119998931884766,41.939998626708984,21940,41.939998626708984
BZ=F,2020-09-25,41.93000030517578,42.33000183105469,41.529998779296875,41.91999816894531,17141,41.91999816894531
BZ=F,2020-09-28,41.849998474121094,42.619998931884766,41.47999954223633,42.43000030517578,11999,42.43000030517578
BZ=F,2020-09-29,42.43000030517578,42.52000045776367,40.439998626708984,41.029998779296875,8209,41.029998779296875
BZ=F,2020-09-30,40.75,40.970001220703125,40.41999816894531,40.95000076293945,35524,40.95000076293945
BZ=F,2020-10-01,42.02000045776367,42.560001373291016,39.91999816894531,40.93000030517578,36595,40.93000030517578
BZ=F,2020-10-02,40.790000915527344,40.81999969482422,38.790000915527344,39.27000045776367,37290,39.27000045776367
BZ=F,2020-10-05,39.220001220703125,41.779998779296875,39.209999084472656,41.290000915527344,30456,41.290000915527344
BZ=F,2020-10-06,41.52000045776367,42.84000015258789,41.220001220703125,42.650001525878906,37426,42.650001525878906
BZ=F,2020-10-07,41.939998626708984,42.41999816894531,41.36000061035156,41.9900016784668,30170,41.9900016784668
BZ=F,2020-10-08,42.060001373291016,43.470001220703125,41.86000061035156,43.34000015258789,33351,43.34000015258789
BZ=F,2020-10-09,43.40999984741211,43.560001373291016,42.61000061035156,42.849998474121094,26041,42.849998474121094
BZ=F,2020-10-12,42.689998626708984,42.810001373291016,41.349998474121094,41.720001220703125,24754,41.720001220703125
BZ=F,2020-10-13,41.83000183105469,42.66999816894531,41.650001525878906,42.45000076293945,22528,42.45000076293945
BZ=F,2020-10-14,42.41999816894531,43.43000030517578,42.130001068115234,43.31999969482422,28837,43.31999969482422
BZ=F,2020-10-15,43.40999984741211,43.599998474121094,41.560001373291016,43.15999984741211,40144,43.15999984741211
BZ=F,2020-10-16,43.040000915527344,43.20000076293945,42.27000045776367,42.93000030517578,24159,42.93000030517578
BZ=F,2020-10-19,42.7400016784668,43.220001220703125,42.369998931884766,42.619998931884766,26265,42.619998931884766
BZ=F,2020-10-20,42.43000030517578,43.310001373291016,42.189998626708984,43.15999984741211,31677,43.15999984741211
BZ=F,2020-10-21,42.81999969482422,43.040000915527344,41.459999084472656,41.72999954223633,31681,41.72999954223633
BZ=F,2020-10-22,41.720001220703125,42.790000915527344,41.470001220703125,42.459999084472656,30590,42.459999084472656
BZ=F,2020-10-23,42.439998626708984,42.79999923706055,41.5,41.77000045776367,26207,41.77000045776367
BZ=F,2020-10-26,41.630001068115234,41.630001068115234,40.220001220703125,40.459999084472656,28463,40.459999084472656
BZ=F,2020-10-27,40.52000045776367,41.470001220703125,40.400001525878906,41.20000076293945,26720,41.20000076293945
BZ=F,2020-10-28,40.709999084472656,40.709999084472656,38.7400016784668,39.119998931884766,21228,39.119998931884766
BZ=F,2020-10-29,39.31999969482422,39.5,36.68000030517578,37.650001525878906,14205,37.650001525878906
BZ=F,2020-10-30,37.619998931884766,38.02000045776367,37,37.459999084472656,43651,37.459999084472656
BZ=F,2020-11-02,37.41999816894531,39.34000015258789,35.72999954223633,38.970001220703125,40454,38.970001220703125
BZ=F,2020-11-03,39.220001220703125,40.439998626708984,38.650001525878906,39.709999084472656,39534,39.709999084472656
BZ=F,2020-11-04,40.150001525878906,41.34000015258789,39.40999984741211,41.22999954223633,39329,41.22999954223633
BZ=F,2020-11-05,41.16999816894531,41.52000045776367,40.34000015258789,40.93000030517578,30961,40.93000030517578
BZ=F,2020-11-06,40.77000045776367,40.779998779296875,39.33000183105469,39.45000076293945,33078,39.45000076293945
BZ=F,2020-11-09,39.70000076293945,43.4900016784668,39.61000061035156,42.400001525878906,55156,42.400001525878906
BZ=F,2020-11-10,42.130001068115234,44.06999969482422,41.54999923706055,43.61000061035156,41973,43.61000061035156
BZ=F,2020-11-11,43.959999084472656,45.310001373291016,43.61000061035156,43.79999923706055,43047,43.79999923706055
BZ=F,2020-11-12,43.779998779296875,44.47999954223633,43.279998779296875,43.529998779296875,36578,43.529998779296875
BZ=F,2020-11-13,43.33000183105469,43.34000015258789,42.630001068115234,42.779998779296875,34737,42.779998779296875
BZ=F,2020-11-16,42.72999954223633,44.68000030517578,42.63999938964844,43.81999969482422,37770,43.81999969482422
BZ=F,2020-11-17,43.900001525878906,44.22999954223633,43.08000183105469,43.75,27858,43.75
BZ=F,2020-11-18,43.779998779296875,44.880001068115234,43.4900016784668,44.34000015258789,28668,44.34000015258789
BZ=F,2020-11-19,44.15999984741211,44.58000183105469,43.790000915527344,44.20000076293945,25836,44.20000076293945
BZ=F,2020-11-20,44.220001220703125,45.189998626708984,44,44.959999084472656,24489,44.959999084472656
BZ=F,2020-11-23,45.130001068115234,46.119998931884766,44.900001525878906,46.060001373291016,35378,46.060001373291016
BZ=F,2020-11-24,45.84000015258789,48.029998779296875,45.84000015258789,47.86000061035156,31692,47.86000061035156
BZ=F,2020-11-25,47.86000061035156,49.04999923706055,47.599998474121094,48.61000061035156,24897,48.61000061035156
BZ=F,2020-11-27,48.900001525878906,49.06999969482422,47.36000061035156,48.18000030517578,12454,48.18000030517578
BZ=F,2020-11-30,47.75,47.95000076293945,46.849998474121094,47.59000015258789,37651,47.59000015258789
BZ=F,2020-12-01,47.70000076293945,48.29999923706055,46.88999938964844,47.41999816894531,31987,47.41999816894531
BZ=F,2020-12-02,47.13999938964844,48.75,46.77000045776367,48.25,35514,48.25
BZ=F,2020-12-03,48.08000183105469,48.93000030517578,47.68000030517578,48.709999084472656,36526,48.709999084472656
BZ=F,2020-12-04,48.81999969482422,49.86000061035156,48.77000045776367,49.25,31658,49.25
BZ=F,2020-12-07,49.22999954223633,49.43000030517578,48.38999938964844,48.790000915527344,23896,48.790000915527344
BZ=F,2020-12-08,48.68000030517578,49,48.11000061035156,48.84000015258789,27102,48.84000015258789
BZ=F,2020-12-09,48.83000183105469,49.540000915527344,48.380001068115234,48.86000061035156,36534,48.86000061035156
BZ=F,2020-12-10,48.97999954223633,51.06999969482422,48.86000061035156,50.25,30919,50.25
BZ=F,2020-12-11,50.34000015258789,50.7400016784668,49.75,49.970001220703125,25222,49.970001220703125
BZ=F,2020-12-14,50.060001373291016,50.79999923706055,49.18000030517578,50.290000915527344,28782,50.290000915527344
BZ=F,2020-12-15,50.33000183105469,50.880001068115234,49.790000915527344,50.7599983215332,24071,50.7599983215332
BZ=F,2020-12-16,50.720001220703125,51.20000076293945,50.36000061035156,51.08000183105469,25996,51.08000183105469
BZ=F,2020-12-17,51.08000183105469,51.880001068115234,51.0099983215332,51.5,24947,51.5
BZ=F,2020-12-18,51.45000076293945,52.470001220703125,51.13999938964844,52.2599983215332,24749,52.2599983215332
BZ=F,2020-12-21,52.310001373291016,52.34000015258789,49.209999084472656,50.90999984741211,33507,50.90999984741211
BZ=F,2020-12-22,50.900001525878906,50.93000030517578,49.560001373291016,50.08000183105469,22381,50.08000183105469
BZ=F,2020-12-23,49.79999923706055,51.59000015258789,49.18000030517578,51.20000076293945,18879,51.20000076293945
BZ=F,2020-12-24,51.099998474121094,51.7599983215332,50.63999938964844,51.290000915527344,11666,51.290000915527344
BZ=F,2020-12-28,51.20000076293945,52.02000045776367,50.52000045776367,50.86000061035156,9704,50.86000061035156
BZ=F,2020-12-29,51.060001373291016,51.630001068115234,50.869998931884766,51.09000015258789,5788,51.09000015258789
BZ=F,2020-12-30,51.04999923706055,51.52000045776367,51.04999923706055,51.34000015258789,23958,51.34000015258789
BZ=F,2020-12-31,51.5099983215332,51.90999984741211,50.900001525878906,51.79999923706055,18326,51.79999923706055
BZ=F,2021-01-04,51.65999984741211,53.31999969482422,50.58000183105469,51.09000015258789,50232,51.09000015258789
BZ=F,2021-01-05,50.7400016784668,53.880001068115234,50.619998931884766,53.599998474121094,62791,53.599998474121094
BZ=F,2021-01-06,53.59000015258789,54.720001220703125,53.150001525878906,54.29999923706055,49186,54.29999923706055
BZ=F,2021-01-07,54.13999938964844,54.900001525878906,53.939998626708984,54.380001068115234,30800,54.380001068115234
BZ=F,2021-01-08,54.459999084472656,56.29999923706055,54.36000061035156,55.9900016784668,37597,55.9900016784668
BZ=F,2021-01-11,56.209999084472656,56.279998779296875,54.97999954223633,55.65999984741211,33199,55.65999984741211
BZ=F,2021-01-12,55.560001373291016,56.779998779296875,55.529998779296875,56.58000183105469,27874,56.58000183105469
BZ=F,2021-01-13,56.72999954223633,57.41999816894531,55.779998779296875,56.060001373291016,32953,56.060001373291016
BZ=F,2021-01-14,55.939998626708984,56.540000915527344,55.2400016784668,56.41999816894531,33446,56.41999816894531
BZ=F,2021-01-15,56.43000030517578,56.63999938964844,54.650001525878906,55.099998474121094,30604,55.099998474121094
BZ=F,2021-01-19,54.7400016784668,56.08000183105469,54.5,55.900001525878906,36910,55.900001525878906
BZ=F,2021-01-20,55.900001525878906,56.619998931884766,55.650001525878906,56.08000183105469,33793,56.08000183105469
BZ=F,2021-01-21,55.779998779296875,56.2400016784668,55.5099983215332,56.099998474121094,22792,56.099998474121094
BZ=F,2021-01-22,56.150001525878906,56.16999816894531,54.4900016784668,55.40999984741211,33071,55.40999984741211
BZ=F,2021-01-25,55.20000076293945,56.02000045776367,55.09000015258789,55.880001068115234,24457,55.880001068115234
BZ=F,2021-01-26,55.97999954223633,56.34000015258789,55.400001525878906,55.90999984741211,19102,55.90999984741211
BZ=F,2021-01-27,56.08000183105469,56.47999954223633,55.20000076293945,55.810001373291016,20094,55.810001373291016
BZ=F,2021-01-28,55.66999816894531,56.59000015258789,55.220001220703125,55.529998779296875,6141,55.529998779296875
BZ=F,2021-01-29,55.52000045776367,56.349998474121094,55.43000030517578,55.880001068115234,37454,55.880001068115234
BZ=F,2021-02-01,54.900001525878906,56.529998779296875,54.619998931884766,56.349998474121094,34234,56.349998474121094
BZ=F,2021-02-02,56.290000915527344,58.04999923706055,56.220001220703125,57.459999084472656,34815,57.459999084472656
BZ=F,2021-02-03,57.790000915527344,58.939998626708984,57.529998779296875,58.459999084472656,34146,58.459999084472656
BZ=F,2021-02-04,58.66999816894531,59.04999923706055,58.060001373291016,58.84000015258789,24732,58.84000015258789
BZ=F,2021-02-05,59.099998474121094,59.790000915527344,59.08000183105469,59.34000015258789,23510,59.34000015258789
BZ=F,2021-02-08,59.560001373291016,60.70000076293945,59.54999923706055,60.560001373291016,21098,60.560001373291016
BZ=F,2021-02-09,60.63999938964844,61.27000045776367,60.040000915527344,61.09000015258789,31230,61.09000015258789
BZ=F,2021-02-10,61.22999954223633,61.68000030517578,60.88999938964844,61.470001220703125,28344,61.470001220703125
BZ=F,2021-02-11,61.209999084472656,61.5,60.72999954223633,61.13999938964844,26169,61.13999938964844
BZ=F,2021-02-12,60.86000061035156,62.83000183105469,60.34000015258789,62.43000030517578,36933,62.43000030517578
BZ=F,2021-02-16,62.77000045776367,63.810001373291016,62.689998626708984,63.349998474121094,65492,63.349998474121094
BZ=F,2021-02-17,63.54999923706055,64.94999694824219,62.75,64.339996337890625,47339,64.339996337890625
BZ=F,2021-02-18,64.87000274658203,65.48999786376953,63.22999954223633,63.93000030517578,43309,63.93000030517578
BZ=F,2021-02-19,63.650001525878906,63.93000030517578,62.11000061035156,62.90999984741211,54254,62.90999984741211
BZ=F,2021-02-22,62.72999954223633,65.839996337890625,62.59000015258789,65.23999786376953,32173,65.23999786376953
BZ=F,2021-02-23,65.660003662109375,66.79000091552734,64.4800033569336,65.37000274658203,34643,65.37000274658203
BZ=F,2021-02-24,65.2300033569336,67.29000091552734,64.80000305175781,67.04000091552734,27000,67.04000091552734
BZ=F,2021-02-25,67.339996337890625,67.69999694824219,66.48999786376953,66.87999725341797,11746,66.87999725341797
BZ=F,2021-02-26,66.70999908447266,66.87999725341797,65.69999694824219,66.12999725341797,42394,66.12999725341797
BZ=F,2021-03-01,64.70999908447266,65.910003662109375,63.18000030517578,63.689998626708984,33869,63.689998626708984
BZ=F,2021-03-02,63.38999938964844,64.12999725341797,62.369998931884766,62.70000076293945,37996,62.70000076293945
BZ=F,2021-03-03,62.470001220703125,64.69999694824219,62.34000015258789,64.06999969482422,35401,64.06999969482422
BZ=F,2021-03-04,63.939998626708984,67.7300033569336,63.36000061035156,66.73999786376953,67790,66.73999786376953
BZ=F,2021-03-05,67.26000213623047,69.69000244140625,66.660003662109375,69.36000061035156,40754,69.36000061035156
BZ=F,2021-03-08,69.9000015258789,71.36000061035156,67.80999755859375,68.23999786376953,37511,68.23999786376953
BZ=F,2021-03-09,68.0999984741211,69.31999969482422,67.13999938964844,67.5199966430664,30989,67.5199966430664
BZ=F,2021-03-10,67.33000183105469,68.43000030517578,66.5199966430664,67.9000015258789,37089,67.9000015258789
BZ=F,2021-03-11,68.26000213623047,69.83000183105469,68,69.62999725341797,30629,69.62999725341797
BZ=F,2021-03-12,69.589996337890625,69.9000015258789,69.029998779296875,69.220001220703125,27364,69.220001220703125
BZ=F,2021-03-15,69.12000274658203,70.0199966430664,67.83000183105469,68.87999725341797,30212,68.87999725341797
BZ=F,2021-03-16,68.86000061035156,68.95999908447266,67.36000061035156,68.38999938964844,27321,68.38999938964844
BZ=F,2021-03-17,68.38999938964844,68.87999725341797,66.95999908447266,68,37607,68
BZ=F,2021-03-18,67.93000030517578,68.1500015258789,61.41999816894531,63.279998779296875,61688,63.279998779296875
BZ=F,2021-03-19,62.83000183105469,64.9000015258789,62.08000183105469,64.529998779296875,54241,64.529998779296875
BZ=F,2021-03-22,64.660003662109375,65.06999969482422,63.45000076293945,64.62000274658203,29644,64.62000274658203
BZ=F,2021-03-23,64.30999755859375,64.339996337890625,60.2599983215332,60.790000915527344,43200,60.790000915527344
BZ=F,2021-03-24,60.349998474121094,64.55999755859375,60.34000015258789,64.410003662109375,36451,64.410003662109375
BZ=F,2021-03-25,64.1500015258789,64.1500015258789,60.97999954223633,61.95000076293945,27894,61.95000076293945
BZ=F,2021-03-26,61.7400016784668,64.87999725341797,61.7400016784668,64.56999969482422,23364,64.56999969482422
BZ=F,2021-03-29,64.04000091552734,65.44999694824219,63.13999938964844,64.9800033569336,18231,64.9800033569336
BZ=F,2021-03-30,65.30999755859375,65.6500015258789,63.63999938964844,64.13999938964844,4695,64.13999938964844
BZ=F,2021-03-31,64.4800033569336,64.69000244140625,63.540000915527344,63.540000915527344,38444,63.540000915527344
BZ=F,2021-04-01,62.9900016784668,65.160003662109375,62.369998931884766,64.86000061035156,66715,64.86000061035156
BZ=F,2021-04-05,64.80999755859375,64.80999755859375,61.2400016784668,62.150001525878906,37285,62.150001525878906
BZ=F,2021-04-06,62.29999923706055,64.2699966430664,62.08000183105469,62.7400016784668,44319,62.7400016784668
BZ=F,2021-04-07,62.68000030517578,63.52000045776367,61.599998474121094,63.15999984741211,42225,63.15999984741211
BZ=F,2021-04-08,62.97999954223633,63.41999816894531,62.380001068115234,63.20000076293945,32283,63.20000076293945
BZ=F,2021-04-09,63.290000915527344,63.459999084472656,62.56999969482422,62.95000076293945,29073,62.95000076293945
BZ=F,2021-04-12,63.02000045776367,64.30999755859375,62.40999984741211,63.279998779296875,36366,63.279998779296875
BZ=F,2021-04-13,63.2400016784668,64.18000030517578,63.22999954223633,63.66999816894531,26957,63.66999816894531
BZ=F,2021-04-14,64.01000213623047,66.9000015258789,63.88999938964844,66.58000183105469,35988,66.58000183105469
BZ=F,2021-04-15,66.3499984741211,67.029998779296875,65.95999908447266,66.94000244140625,23442,66.94000244140625
BZ=F,2021-04-16,66.86000061035156,67.37999725341797,66.44999694824219,66.7699966430664,24035,66.7699966430664
BZ=F,2021-04-19,66.69000244140625,67.2300033569336,66.19000244140625,67.05000305175781,19740,67.05000305175781
BZ=F,2021-04-20,67.12000274658203,68.08000183105469,65.5,66.56999969482422,40194,66.56999969482422
BZ=F,2021-04-21,66.36000061035156,66.5199966430664,64.95999908447266,65.31999969482422,32764,65.31999969482422
BZ=F,2021-04-22,65.11000061035156,65.839996337890625,64.58000183105469,65.4000015258789,26722,65.4000015258789
BZ=F,2021-04-23,65.62000274658203,66.30999755859375,65.16999816894531,66.11000061035156,22397,66.11000061035156
BZ=F,2021-04-26,66.0199966430664,66.25,64.56999969482422,65.6500015258789,27250,65.6500015258789
BZ=F,2021-04-27,65.7699966430664,66.80000305175781,65.69999694824219,66.41999816894531,33604,66.41999816894531
BZ=F,2021-04-28,66.660003662109375,67.86000061035156,66.160003662109375,67.2699966430664,24119,67.2699966430664
BZ=F,2021-04-29,67.04000091552734,68.94999694824219,67.04000091552734,68.55999755859375,10592,68.55999755859375
BZ=F,2021-04-30,68.31999969482422,68.31999969482422,67.1500015258789,67.25,31012,67.25
BZ=F,2021-05-03,66.7699966430664,67.83000183105469,66.08000183105469,67.55999755859375,17852,67.55999755859375
BZ=F,2021-05-04,67.6500015258789,69.43000030517578,67.37999725341797,68.87999725341797,27613,68.87999725341797
BZ=F,2021-05-05,69.5,69.95999908447266,68.339996337890625,68.95999908447266,32004,68.95999908447266
BZ=F,2021-05-06,68.56999969482422,69.37000274658203,67.93000030517578,68.089996337890625,25171,68.089996337890625
BZ=F,2021-05-07,68.29000091552734,68.61000061035156,67.37999725341797,68.279998779296875,29163,68.279998779296875
BZ=F,2021-05-10,68.62000274658203,70.26000213623047,67.410003662109375,68.31999969482422,31833,68.31999969482422
BZ=F,2021-05-11,68.23999786376953,68.75,67.12999725341797,68.55000305175781,40504,68.55000305175781
BZ=F,2021-05-12,68.720001220703125,69.9000015258789,68.19000244140625,69.31999969482422,31702,69.31999969482422
BZ=F,2021-05-13,69.0199966430664,69.0199966430664,66.470001220703125,67.05000305175781,38726,67.05000305175781
BZ=F,2021-05-14,67.01000213623047,68.86000061035156,66.5,68.70999908447266,31042,68.70999908447266
BZ=F,2021-05-17,68.86000061035156,69.62999725341797,68.19999694824219,69.45999908447266,26662,69.45999908447266
BZ=F,2021-05-18,69.529998779296875,70.23999786376953,67.279998779296875,68.70999908447266,43138,68.70999908447266
BZ=F,2021-05-19,68.58000183105469,68.5999984741211,65.29000091552734,66.660003662109375,42607,66.660003662109375
BZ=F,2021-05-20,66.7300033569336,67.1500015258789,64.79000091552734,65.11000061035156,35448,65.11000061035156
BZ=F,2021-05-21,65.04000091552734,66.94000244140625,64.55999755859375,66.44000244140625,33829,66.44000244140625
BZ=F,2021-05-24,66.63999938964844,68.63999938964844,66.470001220703125,68.45999908447266,29400,68.45999908447266
BZ=F,2021-05-25,68.38999938964844,68.88999938964844,67.839996337890625,68.6500015258789,20377,68.6500015258789
BZ=F,2021-05-26,68.62999725341797,69.160003662109375,68.029998779296875,68.87000274658203,21097,68.87000274658203
BZ=F,2021-05-27,68.87999725341797,69.51000213623047,68.11000061035156,69.45999908447266,6546,69.45999908447266
BZ=F,2021-05-28,69.62000274658203,69.83000183105469,69.41999816894531,69.62999725341797,31275,69.62999725341797
BZ=F,2021-06-01,69.029998779296875,71.3499984741211,68.7699966430664,70.25,39925,70.25
BZ=F,2021-06-02,70.55999755859375,71.48999786376953,70.37000274658203,71.3499984741211,22202,71.3499984741211
BZ=F,2021-06-03,71.2699966430664,71.9800033569336,70.660003662109375,71.30999755859375,25178,71.30999755859375
BZ=F,2021-06-04,71.3499984741211,72.16999816894531,70.76000213623047,71.88999938964844,24006,71.88999938964844
BZ=F,2021-06-07,71.69999694824219,72.26000213623047,71.0999984741211,71.48999786376953,21019,71.48999786376953
BZ=F,2021-06-08,71.38999938964844,72.410003662109375,70.720001220703125,72.220001220703125,29742,72.220001220703125
BZ=F,2021-06-09,72.13999938964844,72.87999725341797,71.81999969482422,72.220001220703125,31013,72.220001220703125
BZ=F,2021-06-10,72.089996337890625,72.91999816894531,70.94999694824219,72.5199966430664,37080,72.5199966430664
BZ=F,2021-06-11,72.38999938964844,73.08000183105469,71.87999725341797,72.69000244140625,36538,72.69000244140625
BZ=F,2021-06-14,72.48999786376953,73.63999938964844,72.48999786376953,72.86000061035156,25816,72.86000061035156
BZ=F,2021-06-15,73.0999984741211,74.33000183105469,72.779998779296875,73.98999786376953,32191,73.98999786376953
BZ=F,2021-06-16,74.30000305175781,74.95999908447266,73.88999938964844,74.38999938964844,42294,74.38999938964844
BZ=F,2021-06-17,73.9800033569336,74.48999786376953,72,73.08000183105469,42085,73.08000183105469
BZ=F,2021-06-18,73.06999969482422,73.75,72.18000030517578,73.51000213623047,26417,73.51000213623047
BZ=F,2021-06-21,73.33000183105469,74.94999694824219,72.9800033569336,74.9000015258789,38734,74.9000015258789
BZ=F,2021-06-22,74.80999755859375,75.29000091552734,74.339996337890625,74.80999755859375,39381,74.80999755859375
BZ=F,2021-06-23,74.76000213623047,76,74.7300033569336,75.19000244140625,32883,75.19000244140625
BZ=F,2021-06-24,75.37000274658203,75.7699966430664,74.5199966430664,75.55999755859375,26664,75.55999755859375
BZ=F,2021-06-25,75.61000061035156,76.20999908447266,74.94999694824219,76.18000030517578,31417,76.18000030517578
BZ=F,2021-06-28,76.160003662109375,76.589996337890625,74.5199966430664,74.68000030517578,27711,74.68000030517578
BZ=F,2021-06-29,74.5999984741211,75.51000213623047,73.910003662109375,74.76000213623047,4089,74.76000213623047
BZ=F,2021-06-30,75.13999938964844,75.5999984741211,74.54000091552734,75.12999725341797,33596,75.12999725341797
BZ=F,2021-07-01,74.69999694824219,76.75,74.55000305175781,75.839996337890625,52210,75.839996337890625
BZ=F,2021-07-02,75.589996337890625,76.43000030517578,75.2300033569336,76.16999816894531,31167,76.16999816894531
BZ=F,2021-07-06,76.089996337890625,77.83000183105469,74.12000274658203,74.529998779296875,58679,74.529998779296875
BZ=F,2021-07-07,74.95999908447266,75.98999786376953,72.589996337890625,73.43000030517578,51166,73.43000030517578
BZ=F,2021-07-08,73.470001220703125,74.38999938964844,72.0999984741211,74.12000274658203,42366,74.12000274658203
BZ=F,2021-07-09,74.36000061035156,75.79000091552734,73.81999969482422,75.55000305175781,31967,75.55000305175781
BZ=F,2021-07-12,75.63999938964844,75.839996337890625,74.23999786376953,75.160003662109375,32255,75.160003662109375
BZ=F,2021-07-13,75.2300033569336,76.61000061035156,74.95999908447266,76.48999786376953,32219,76.48999786376953
BZ=F,2021-07-14,76.4000015258789,76.70999908447266,73.76000213623047,74.76000213623047,49772,74.76000213623047
BZ=F,2021-07-15,74.55000305175781,74.63999938964844,73.160003662109375,73.470001220703125,41748,73.470001220703125
BZ=F,2021-07-16,73.26000213623047,74.06999969482422,72.339996337890625,73.589996337890625,33536,73.589996337890625
BZ=F,2021-07-19,73,73.29000091552734,67.8499984741211,68.62000274658203,58659,68.62000274658203
BZ=F,2021-07-20,68.76000213623047,69.7300033569336,67.41999816894531,69.3499984741211,43067,69.3499984741211
BZ=F,2021-07-21,68.73999786376953,72.36000061035156,68.63999938964844,72.2300033569336,43341,72.2300033569336
BZ=F,2021-07-22,72.0999984741211,73.9000015258789,71.75,73.79000091552734,34425,73.79000091552734
BZ=F,2021-07-23,73.70999908447266,74.20999908447266,73.33000183105469,74.0999984741211,23724,74.0999984741211
BZ=F,2021-07-26,74.16999816894531,74.83000183105469,72.75,74.5,31628,74.5
BZ=F,2021-07-27,74.79000091552734,75.05000305175781,74.0199966430664,74.4800033569336,26028,74.4800033569336
BZ=F,2021-07-28,74.660003662109375,75.30999755859375,74.44000244140625,74.73999786376953,20863,74.73999786376953
BZ=F,2021-07-29,74.80999755859375,76.13999938964844,74.62999725341797,76.05000305175781,9158,76.05000305175781
BZ=F,2021-07-30,75.80000305175781,76.38999938964844,75.51000213623047,76.33000183105469,27919,76.33000183105469
BZ=F,2021-08-02,75.18000030517578,75.33000183105469,72.30999755859375,72.88999938964844,38106,72.88999938964844
BZ=F,2021-08-03,73.2300033569336,73.529998779296875,71.04000091552734,72.410003662109375,41458,72.410003662109375
BZ=F,2021-08-04,72.33000183105469,72.81999969482422,70.12000274658203,70.37999725341797,44616,70.37999725341797
BZ=F,2021-08-05,70.25,71.5,69.75,71.29000091552734,32444,71.29000091552734
BZ=F,2021-08-06,71.26000213623047,72.43000030517578,70.279998779296875,70.69999694824219,35762,70.69999694824219
BZ=F,2021-08-09,70.05999755859375,70.05999755859375,67.61000061035156,69.04000091552734,42738,69.04000091552734
BZ=F,2021-08-10,69.29000091552734,71.2300033569336,68.970001220703125,70.62999725341797,30525,70.62999725341797
BZ=F,2021-08-11,70.910003662109375,71.62999725341797,69.06999969482422,71.44000244140625,34214,71.44000244140625
BZ=F,2021-08-12,71.58000183105469,71.88999938964844,70.68000030517578,71.30999755859375,22952,71.30999755859375
BZ=F,2021-08-13,71.12000274658203,71.38999938964844,70,70.589996337890625,26874,70.589996337890625
BZ=F,2021-08-16,70.220001220703125,70.4000015258789,68.13999938964844,69.51000213623047,33537,69.51000213623047
BZ=F,2021-08-17,69.6500015258789,70.01000213623047,68.81999969482422,69.029998779296875,29163,69.029998779296875
BZ=F,2021-08-18,69.01000213623047,70.04000091552734,67.220001220703125,68.2300033569336,34264,68.2300033569336
BZ=F,2021-08-19,67.41999816894531,67.6500015258789,65.55999755859375,66.44999694824219,35816,66.44999694824219
BZ=F,2021-08-20,66.5999984741211,66.91999816894531,64.80000305175781,65.18000030517578,27104,65.18000030517578
BZ=F,2021-08-23,65.18000030517578,68.910003662109375,64.83000183105469,68.75,29582,68.75
BZ=F,2021-08-24,68.68000030517578,71.30000305175781,68.5199966430664,71.05000305175781,38685,71.05000305175781
BZ=F,2021-08-25,71.12999725341797,72.410003662109375,70.51000213623047,72.25,32345,72.25
BZ=F,2021-08-26,71.839996337890625,72.12999725341797,70.68000030517578,71.06999969482422,24373,71.06999969482422
BZ=F,2021-08-27,71.41999816894531,72.73999786376953,71.160003662109375,72.69999694824219,13316,72.69999694824219
BZ=F,2021-08-30,73.589996337890625,73.69999694824219,71.98999786376953,73.410003662109375,3291,73.410003662109375
BZ=F,2021-08-31,73.029998779296875,73.48999786376953,72.910003662109375,72.98999786376953,28933,72.98999786376953
BZ=F,2021-09-01,71.69999694824219,72.37000274658203,70.410003662109375,71.589996337890625,32339,71.589996337890625
BZ=F,2021-09-02,71.23999786376953,73.45999908447266,70.91999816894531,73.029998779296875,30185,73.029998779296875
BZ=F,2021-09-03,72.80999755859375,73.69999694824219,72.4000015258789,72.61000061035156,27095,72.61000061035156
BZ=F,2021-09-07,72.69000244140625,72.7699966430664,71.0999984741211,71.69000244140625,35294,71.69000244140625
BZ=F,2021-09-08,71.58000183105469,72.94999694824219,71.55999755859375,72.5999984741211,31671,72.5999984741211
BZ=F,2021-09-09,72.62000274658203,73.19000244140625,70.88999938964844,71.44999694824219,35106,71.44999694824219
BZ=F,2021-09-10,71.30999755859375,73.13999938964844,70.95999908447266,72.91999816894531,26654,72.91999816894531
BZ=F,2021-09-13,73.05000305175781,73.93000030517578,72.69999694824219,73.51000213623047,26510,73.51000213623047
BZ=F,2021-09-14,73.7300033569336,74.2699966430664,73.08000183105469,73.5999984741211,27690,73.5999984741211
BZ=F,2021-09-15,73.839996337890625,76.12999725341797,73.779998779296875,75.45999908447266,35197,75.45999908447266
BZ=F,2021-09-16,75.45999908447266,75.86000061035156,74.4800033569336,75.66999816894531,27363,75.66999816894531
BZ=F,2021-09-17,75.01000213623047,75.779998779296875,74.58000183105469,75.339996337890625,26771,75.339996337890625
BZ=F,2021-09-20,75.38999938964844,75.38999938964844,73.51000213623047,73.91999816894531,28251,73.91999816894531
BZ=F,2021-09-21,74.2300033569336,75.16999816894531,73.25,74.36000061035156,25140,74.36000061035156
BZ=F,2021-09-22,74.61000061035156,76.26000213623047,74.51000213623047,76.19000244140625,26605,76.19000244140625
BZ=F,2021-09-23,75.87000274658203,77.339996337890625,75.5999984741211,77.25,26832,77.25
BZ=F,2021-09-24,77.18000030517578,78.25,76.87000274658203,78.089996337890625,20417,78.089996337890625
BZ=F,2021-09-27,78.2300033569336,79.87999725341797,78.20999908447266,79.529998779296875,20799,79.529998779296875
BZ=F,2021-09-28,79.41999816894531,80.73999786376953,78.08000183105469,79.089996337890625,21656,79.089996337890625
BZ=F,2021-09-29,78.25,79.410003662109375,77.529998779296875,78.63999938964844,8319,78.63999938964844
BZ=F,2021-09-30,78.33000183105469,79.160003662109375,77.63999938964844,78.5199966430664,51076,78.5199966430664
BZ=F,2021-10-01,78.410003662109375,79.410003662109375,77.56999969482422,79.279998779296875,31697,79.279998779296875
BZ=F,2021-10-04,79.36000061035156,82,78.76000213623047,81.26000213623047,43286,81.26000213623047
BZ=F,2021-10-05,81.279998779296875,83.11000061035156,81.19999694824219,82.55999755859375,44439,82.55999755859375
BZ=F,2021-10-06,82.660003662109375,83.44000244140625,80.589996337890625,81.08000183105469,41389,81.08000183105469
BZ=F,2021-10-07,80.80000305175781,82.5,79.08000183105469,81.94999694824219,43830,81.94999694824219
BZ=F,2021-10-08,82.38999938964844,83.43000030517578,81.95999908447266,82.38999938964844,48729,82.38999938964844
BZ=F,2021-10-11,82.589996337890625,84.5999984741211,82.55999755859375,83.6500015258789,46216,83.6500015258789
BZ=F,2021-10-12,83.61000061035156,84.2300033569336,82.720001220703125,83.41999816894531,47351,83.41999816894531
BZ=F,2021-10-13,83.160003662109375,83.69000244140625,82.20999908447266,83.18000030517578,39594,83.18000030517578
BZ=F,2021-10-14,83.3499984741211,84.529998779296875,83.19000244140625,84,37348,84
BZ=F,2021-10-15,84.19999694824219,85.0999984741211,84.16999816894531,84.86000061035156,33044,84.86000061035156
BZ=F,2021-10-18,85.05000305175781,86.029998779296875,83.95999908447266,84.33000183105469,40153,84.33000183105469
BZ=F,2021-10-19,84.11000061035156,85.4000015258789,83.70999908447266,85.08000183105469,45141,85.08000183105469
BZ=F,2021-10-20,85.0999984741211,85.88999938964844,83.62999725341797,85.81999969482422,43107,85.81999969482422
BZ=F,2021-10-21,85.87999725341797,86.12000274658203,83.36000061035156,84.61000061035156,49004,84.61000061035156
BZ=F,2021-10-22,84.6500015258789,85.94000244140625,83.83000183105469,85.529998779296875,41174,85.529998779296875
BZ=F,2021-10-25,85.70999908447266,86.720001220703125,85.44000244140625,85.98999786376953,43061,85.98999786376953
BZ=F,2021-10-26,86.029998779296875,86.529998779296875,85.279998779296875,86.4000015258789,32042,86.4000015258789
BZ=F,2021-10-27,86.12999725341797,86.2699966430664,84.05000305175781,84.58000183105469,25643,84.58000183105469
BZ=F,2021-10-28,84.18000030517578,84.56999969482422,82.30999755859375,84.31999969482422,10576,84.31999969482422
BZ=F,2021-10-29,84.19000244140625,84.55999755859375,84.05999755859375,84.37999725341797,35155,84.37999725341797
BZ=F,2021-11-01,83.7300033569336,85.11000061035156,83.029998779296875,84.70999908447266,36245,84.70999908447266
BZ=F,2021-11-02,84.41999816894531,85.220001220703125,83.76000213623047,84.720001220703125,40105,84.720001220703125
BZ=F,2021-11-03,84.04000091552734,84.18000030517578,81.08000183105469,81.98999786376953,50062,81.98999786376953
BZ=F,2021-11-04,81.31999969482422,84.5,80.19000244140625,80.54000091552734,72626,80.54000091552734
BZ=F,2021-11-05,81,83.1500015258789,80.2699966430664,82.73999786376953,43130,82.73999786376953
BZ=F,2021-11-08,82.56999969482422,83.98999786376953,82.5,83.43000030517578,27655,83.43000030517578
BZ=F,2021-11-09,83.589996337890625,85.13999938964844,83.18000030517578,84.779998779296875,34996,84.779998779296875
BZ=F,2021-11-10,85.160003662109375,85.5,82.089996337890625,82.63999938964844,36273,82.63999938964844
BZ=F,2021-11-11,82.63999938964844,83.43000030517578,81.660003662109375,82.87000274658203,31162,82.87000274658203
BZ=F,2021-11-12,82.66999816894531,82.87000274658203,81.26000213623047,82.16999816894531,27167,82.16999816894531
BZ=F,2021-11-15,81.91999816894531,82.48999786376953,80.68000030517578,82.05000305175781,32804,82.05000305175781
BZ=F,2021-11-16,82.11000061035156,83.13999938964844,81.55000305175781,82.43000030517578,25767,82.43000030517578
BZ=F,2021-11-17,82.33000183105469,82.36000061035156,79.7699966430664,80.279998779296875,38038,80.279998779296875
BZ=F,2021-11-18,80.279998779296875,81.41999816894531,79.2699966430664,81.23999786376953,30490,81.23999786376953
BZ=F,2021-11-19,81.01000213623047,82.2300033569336,78.05000305175781,78.88999938964844,44180,78.88999938964844
BZ=F,2021-11-22,78.66999816894531,80.089996337890625,77.54000091552734,79.69999694824219,39085,79.69999694824219
BZ=F,2021-11-23,79.41999816894531,82.589996337890625,78.56999969482422,82.30999755859375,41865,82.30999755859375
BZ=F,2021-11-24,82.19999694824219,83,81.63999938964844,82.25,30734,82.25
BZ=F,2021-11-26,82.2699966430664,82.55999755859375,72.11000061035156,72.720001220703125,29171,72.720001220703125
BZ=F,2021-11-29,73.589996337890625,77,72.63999938964844,73.44000244140625,12507,73.44000244140625
BZ=F,2021-11-30,74.56999969482422,74.56999969482422,70.220001220703125,70.56999969482422,77840,70.56999969482422
BZ=F,2021-12-01,70.13999938964844,72.86000061035156,68.1500015258789,68.87000274658203,56808,68.87000274658203
BZ=F,2021-12-02,68.80999755859375,70.70999908447266,65.7699966430664,69.66999816894531,81072,69.66999816894531
BZ=F,2021-12-03,70.5,72.5999984741211,69.2300033569336,69.87999725341797,43639,69.87999725341797
BZ=F,2021-12-06,70.30000305175781,73.779998779296875,70.29000091552734,73.08000183105469,32294,73.08000183105469
BZ=F,2021-12-07,73.54000091552734,76.26000213623047,73.2300033569336,75.44000244140625,34533,75.44000244140625
BZ=F,2021-12-08,75.2699966430664,76.37000274658203,74.4000015258789,75.81999969482422,31080,75.81999969482422
BZ=F,2021-12-09,76.0199966430664,76.69999694824219,73.83000183105469,74.41999816894531,27715,74.41999816894531
BZ=F,2021-12-10,74.0999984741211,75.69999694824219,73.80000305175781,75.1500015258789,24682,75.1500015258789
BZ=F,2021-12-13,75.54000091552734,76.38999938964844,74.19000244140625,74.38999938964844,27562,74.38999938964844
BZ=F,2021-12-14,74.30000305175781,75.1500015258789,72.56999969482422,73.69999694824219,31237,73.69999694824219
BZ=F,2021-12-15,73.26000213623047,74.56999969482422,72.4800033569336,73.87999725341797,29294,73.87999725341797
BZ=F,2021-12-16,74.56999969482422,75.589996337890625,74,75.0199966430664,26965,75.0199966430664
BZ=F,2021-12-17,74.51000213623047,74.95999908447266,72.62000274658203,73.5199966430664,26087,73.5199966430664
BZ=F,2021-12-20,73.05999755859375,73.06999969482422,69.26000213623047,71.5199966430664,36842,71.5199966430664
BZ=F,2021-12-21,72.0999984741211,74.26000213623047,71.23999786376953,73.9800033569336,27386,73.9800033569336
BZ=F,2021-12-22,74.04000091552734,75.69000244140625,73.589996337890625,75.29000091552734,28541,75.29000091552734
BZ=F,2021-12-23,75.66999816894531,76.9800033569336,74.79000091552734,76.8499984741211,27624,76.8499984741211
BZ=F,2021-12-27,76.30000305175781,79.05999755859375,75.76000213623047,78.5999984741211,15723,78.5999984741211
BZ=F,2021-12-28,78.87000274658203,79.8499984741211,78.470001220703125,78.94000244140625,8523,78.94000244140625
BZ=F,2021-12-29,79,80.160003662109375,78.13999938964844,79.2300033569336,7057,79.2300033569336
BZ=F,2021-12-30,79.25,79.62000274658203,78.660003662109375,79.31999969482422,24512,79.31999969482422
BZ=F,2021-12-31,79.1500015258789,79.68000030517578,77.13999938964844,77.779998779296875,21740,77.779998779296875
BZ=F,2022-01-03,77.94000244140625,79.279998779296875,77.04000091552734,78.9800033569336,27224,78.9800033569336
BZ=F,2022-01-04,78.94999694824219,80.55000305175781,78.5999984741211,80,31321,80
BZ=F,2022-01-05,80.08000183105469,81.48999786376953,79.55000305175781,80.80000305175781,35152,80.80000305175781
BZ=F,2022-01-06,80.1500015258789,82.839996337890625,79.62999725341797,81.98999786376953,41582,81.98999786376953
BZ=F,2022-01-07,82.05999755859375,82.98999786376953,81.44000244140625,81.75,29501,81.75
BZ=F,2022-01-10,81.79000091552734,82.2699966430664,80.48999786376953,80.87000274658203,30035,80.87000274658203
BZ=F,2022-01-11,80.95999908447266,83.970001220703125,80.87999725341797,83.720001220703125,37934,83.720001220703125
BZ=F,2022-01-12,83.69000244140625,85.19999694824219,83.51000213623047,84.66999816894531,32298,84.66999816894531
BZ=F,2022-01-13,84.779998779296875,85.089996337890625,83.79000091552734,84.470001220703125,27107,84.470001220703125
BZ=F,2022-01-14,84.12999725341797,86.5,84.029998779296875,86.05999755859375,31970,86.05999755859375
BZ=F,2022-01-18,86.5,88.55000305175781,85.55000305175781,87.51000213623047,45875,87.51000213623047
BZ=F,2022-01-19,88.44999694824219,89.16999816894531,87.62999725341797,88.44000244140625,37483,88.44000244140625
BZ=F,2022-01-20,87.7300033569336,89.51000213623047,87.029998779296875,88.37999725341797,30524,88.37999725341797
BZ=F,2022-01-21,87.3499984741211,88.220001220703125,85.70999908447266,87.88999938964844,29566,87.88999938964844
BZ=F,2022-01-24,87.6500015258789,88.87999725341797,85.0199966430664,86.2699966430664,34253,86.2699966430664
BZ=F,2022-01-25,87.16999816894531,88.36000061035156,86.19000244140625,88.19999694824219,29496,88.19999694824219
BZ=F,2022-01-26,88.0199966430664,90.4800033569336,87.80000305175781,89.95999908447266,29805,89.95999908447266
BZ=F,2022-01-27,89.779998779296875,91.04000091552734,88.9800033569336,89.339996337890625,15201,89.339996337890625
BZ=F,2022-01-28,89.88999938964844,91.69000244140625,89.410003662109375,90.029998779296875,10824,90.029998779296875
BZ=F,2022-01-31,90.80000305175781,91.30000305175781,90.75,91.20999908447266,33664,91.20999908447266
BZ=F,2022-02-01,89.37999725341797,89.95999908447266,87.720001220703125,89.160003662109375,36248,89.160003662109375
BZ=F,2022-02-02,89.29000091552734,90.51000213623047,88.279998779296875,89.470001220703125,38172,89.470001220703125
BZ=F,2022-02-03,89.05999755859375,91.29000091552734,88.01000213623047,91.11000061035156,33059,91.11000061035156
BZ=F,2022-02-04,91.04000091552734,93.69999694824219,90.88999938964844,93.2699966430664,33357,93.2699966430664
BZ=F,2022-02-07,92.7300033569336,93.98999786376953,92.1500015258789,92.69000244140625,37016,92.69000244140625
BZ=F,2022-02-08,93.01000213623047,93.01000213623047,89.93000030517578,90.779998779296875,39288,90.779998779296875
BZ=F,2022-02-09,91.2699966430664,92.05999755859375,90.05999755859375,91.55000305175781,34759,91.55000305175781
BZ=F,2022-02-10,91.720001220703125,93.089996337890625,90.9000015258789,91.410003662109375,43235,91.410003662109375
BZ=F,2022-02-11,91.26000213623047,95.63999938964844,90.5199966430664,94.44000244140625,53045,94.44000244140625
BZ=F,2022-02-14,95.30999755859375,96.779998779296875,93.45999908447266,96.4800033569336,48449,96.4800033569336
BZ=F,2022-02-15,95.76000213623047,96.23999786376953,92.05999755859375,93.279998779296875,45181,93.279998779296875
BZ=F,2022-02-16,93.589996337890625,96.06999969482422,91.13999938964844,94.80999755859375,45148,94.80999755859375
BZ=F,2022-02-17,92.089996337890625,94.51000213623047,91.81999969482422,92.970001220703125,38045,92.970001220703125
BZ=F,2022-02-18,92.9800033569336,94.1500015258789,90.26000213623047,93.54000091552734,42436,93.54000091552734
BZ=F,2022-02-22,94.279998779296875,99.44000244140625,92.55999755859375,96.839996337890625,59945,96.839996337890625
BZ=F,2022-02-23,96.62999725341797,98.69999694824219,95.80000305175781,96.839996337890625,33549,96.839996337890625
BZ=F,2022-02-24,97.55999755859375,105.75,97.48999786376953,99.08000183105469,21282,99.08000183105469
BZ=F,2022-02-25,99.6500015258789,101.98999786376953,96,97.93000030517578,7025,97.93000030517578
BZ=F,2022-02-28,100.4800033569336,104.4800033569336,99.9000015258789,100.98999786376953,38241,100.98999786376953
BZ=F,2022-03-01,98.11000061035156,107.5999984741211,97.69000244140625,104.97000122070312,56428,104.97000122070312
BZ=F,2022-03-02,107.54000091552734,115.05000305175781,106.48999786376953,112.93000030517578,59273,112.93000030517578
BZ=F,2022-03-03,114.25,119.7699966430664,109.41999816894531,110.45999908447266,37420,110.45999908447266
BZ=F,2022-03-04,110.58000183105469,118.97000122070312,109.61000061035156,118.11000061035156,34984,118.11000061035156
BZ=F,2022-03-07,121.23999786376953,137,119.06999969482422,123.20999908447266,29504,123.20999908447266
BZ=F,2022-03-08,124.25,133.1300048828125,121.37000274658203,127.9800033569336,38358,127.9800033569336
BZ=F,2022-03-09,129.57000732421875,131.6300048828125,108,111.13999938964844,42740,111.13999938964844
BZ=F,2022-03-10,112.73999786376953,118.33000183105469,108.94999694824219,109.33000183105469,30414,109.33000183105469
BZ=F,2022-03-11,109.72000122070312,113.87999725341797,107.12999725341797,112.66999816894531,18819,112.66999816894531
BZ=F,2022-03-14,112.9000015258789,113.04000091552734,103.44999694824219,106.9000015258789,19364,106.9000015258789
BZ=F,2022-03-15,106,106.45999908447266,97.5,99.910003662109375,26067,99.910003662109375
BZ=F,2022-03-16,99.04000091552734,103.68000030517578,96.94999694824219,98.0199966430664,18514,98.0199966430664
BZ=F,2022-03-17,98.0999984741211,107.56999969482422,97.87999725341797,106.63999938964844,15091,106.63999938964844
BZ=F,2022-03-18,107.23999786376953,109.56999969482422,105.80000305175781,107.93000030517578,10489,107.93000030517578
BZ=F,2022-03-21,107.37000274658203,116.7300033569336,107.08999633789062,115.62000274658203,11620,115.62000274658203
BZ=F,2022-03-22,116.8499984741211,119.41999816894531,112.7699966430664,115.4800033569336,14222,115.4800033569336
BZ=F,2022-03-23,114.73999786376953,122.29000091552734,114.41999816894531,121.5999984741211,14286,121.5999984741211
BZ=F,2022-03-24,121.2699966430664,123.69999694824219,116.94999694824219,119.02999877929688,12778,119.02999877929688
BZ=F,2022-03-25,118.27999877929688,120.87000274658203,115.20999908447266,120.6500015258789,14026,120.6500015258789
BZ=F,2022-03-28,120.30999755859375,120.30999755859375,109.05999755859375,112.4800033569336,15212,112.4800033569336
BZ=F,2022-03-29,109.7300033569336,114.70999908447266,104.9800033569336,110.2300033569336,7152,110.2300033569336
BZ=F,2022-03-30,111,114.6500015258789,110.9000015258789,113.44999694824219,4472,113.44999694824219
BZ=F,2022-03-31,108.70999908447266,109.36000061035156,107.37000274658203,107.91000366210938,22850,107.91000366210938
BZ=F,2022-04-01,105.98999786376953,106.19999694824219,102.37000274658203,104.38999938964844,17144,104.38999938964844
BZ=F,2022-04-04,104.25,108.55000305175781,102.91000366210938,107.52999877929688,18406,107.52999877929688
BZ=F,2022-04-05,108.23999786376953,109.8499984741211,104.55999755859375,106.63999938964844,15613,106.63999938964844
BZ=F,2022-04-06,105.79000091552734,108.66000366210938,100.54000091552734,101.06999969482422,20212,101.06999969482422
BZ=F,2022-04-07,102.1500015258789,103.5,98.44999694824219,100.58000183105469,19577,100.58000183105469
BZ=F,2022-04-08,101.69000244140625,103.25,99.70999908447266,102.77999877929688,16735,102.77999877929688
BZ=F,2022-04-11,103.06999969482422,103.08999633789062,97.62000274658203,98.4800033569336,23852,98.4800033569336
BZ=F,2022-04-12,99.25,105.5999984741211,98.9800033569336,104.63999938964844,22697,104.63999938964844
BZ=F,2022-04-13,104.9800033569336,109,104.06999969482422,108.77999877929688,22260,108.77999877929688
BZ=F,2022-04-14,108.37000274658203,112.38999938964844,106.63999938964844,111.69999694824219,17418,111.69999694824219
BZ=F,2022-04-18,111.88999938964844,114.81999969482422,110.72000122070312,113.16000366210938,13187,113.16000366210938
BZ=F,2022-04-19,112.6500015258789,114.05000305175781,106.7699966430664,107.25,18972,107.25
BZ=F,2022-04-20,107.72000122070312,108.9800033569336,104.66999816894531,106.80000305175781,15985,106.80000305175781
BZ=F,2022-04-21,107.01000213623047,109.79000091552734,106.77999877929688,108.33000183105469,13203,108.33000183105469
BZ=F,2022-04-22,108.63999938964844,108.7300033569336,105.52999877929688,106.6500015258789,11040,106.6500015258789
BZ=F,2022-04-25,105.73999786376953,105.94999694824219,99.470001220703125,102.31999969482422,15464,102.31999969482422
BZ=F,2022-04-26,102.56999969482422,106.1500015258789,101.12000274658203,104.98999786376953,13279,104.98999786376953
BZ=F,2022-04-27,105.37000274658203,106.3499984741211,103.2699966430664,105.31999969482422,8064,105.31999969482422
BZ=F,2022-04-28,104.76000213623047,107.93000030517578,103.30000305175781,107.58999633789062,8567,107.58999633789062
BZ=F,2022-04-29,107.6500015258789,109.7699966430664,107.6500015258789,109.33999633789062,32573,109.33999633789062
BZ=F,2022-05-02,106.19999694824219,108.41000366210938,103.12999725341797,107.58000183105469,23606,107.58000183105469
BZ=F,2022-05-03,107.37000274658203,108.30000305175781,104.62000274658203,104.97000122070312,23410,104.97000122070312
BZ=F,2022-05-04,106.0999984741211,111,105.5,110.13999938964844,21158,110.13999938964844
BZ=F,2022-05-05,110.13999938964844,113.98999786376953,109.2300033569336,110.9000015258789,26443,110.9000015258789
BZ=F,2022-05-06,111.1500015258789,113.5199966430664,109.87999725341797,112.38999938964844,23902,112.38999938964844
BZ=F,2022-05-09,113.05000305175781,113.22000122070312,104.94999694824219,105.94000244140625,28134,105.94000244140625
BZ=F,2022-05-10,105.55999755859375,106.91000366210938,101.69999694824219,102.45999908447266,25904,102.45999908447266
BZ=F,2022-05-11,101.69999694824219,108.26000213623047,100.93000030517578,107.51000213623047,31560,107.51000213623047
BZ=F,2022-05-12,107.55999755859375,108.69000244140625,104.69000244140625,107.44999694824219,27037,107.44999694824219
BZ=F,2022-05-13,108,111.69000244140625,107.80999755859375,111.55000305175781,25050,111.55000305175781
BZ=F,2022-05-16,111.41000366210938,114.77999877929688,109.04000091552734,114.23999786376953,20871,114.23999786376953
BZ=F,2022-05-17,114.29000091552734,115.66000366210938,111.12000274658203,111.93000030517578,23254,111.93000030517578
BZ=F,2022-05-18,112.88999938964844,114.12999725341797,108.3499984741211,109.11000061035156,21217,109.11000061035156
BZ=F,2022-05-19,109.30000305175781,112.2699966430664,105.69999694824219,112.04000091552734,26098,112.04000091552734
BZ=F,2022-05-20,111.5,113.22000122070312,110.54000091552734,112.55000305175781,16942,112.55000305175781
BZ=F,2022-05-23,112.73999786376953,114.36000061035156,111.86000061035156,113.41999816894531,20660,113.41999816894531
BZ=F,2022-05-24,113.36000061035156,114.62999725341797,111.72000122070312,113.55999755859375,20941,113.55999755859375
BZ=F,2022-05-25,113.91999816894531,115.31999969482422,113.04000091552734,114.02999877929688,12885,114.02999877929688
BZ=F,2022-05-26,114.44999694824219,118,113.83999633789062,117.4000015258789,11590,117.4000015258789
BZ=F,2022-05-27,117.54000091552734,119.7300033569336,116.68000030517578,119.43000030517578,4384,119.43000030517578
BZ=F,2022-05-31,119.47000122070312,124.12999725341797,119.36000061035156,122.83999633789062,41020,122.83999633789062
BZ=F,2022-06-01,116.62999725341797,118.58000183105469,115.43000030517578,116.29000091552734,21546,116.29000091552734
BZ=F,2022-06-02,115.81999969482422,118.44000244140625,112.4800033569336,117.61000061035156,22117,117.61000061035156
BZ=F,2022-06-03,118.26000213623047,121.44000244140625,116.08000183105469,119.72000122070312,11028,119.72000122070312
BZ=F,2022-06-06,121.3499984741211,121.88999938964844,118.76000213623047,119.51000213623047,16523,119.51000213623047
BZ=F,2022-06-07,120.08000183105469,121.37999725341797,118.55999755859375,120.56999969482422,20488,120.56999969482422
BZ=F,2022-06-08,121.02999877929688,124.41000366210938,120.45999908447266,123.58000183105469,21778,123.58000183105469
BZ=F,2022-06-09,123.88999938964844,124.33000183105469,122.5,123.06999969482422,21008,123.06999969482422
BZ=F,2022-06-10,122.94000244140625,124.33000183105469,119.87000274658203,122.01000213623047,26036,122.01000213623047
BZ=F,2022-06-13,121.69000244140625,123.61000061035156,118.94999694824219,122.2699966430664,21136,122.2699966430664
BZ=F,2022-06-14,122.5,125.18000030517578,118.94000244140625,121.16999816894531,27702,121.16999816894531
BZ=F,2022-06-15,121,121.8499984741211,117.75,118.51000213623047,22360,118.51000213623047
BZ=F,2022-06-16,119.12000274658203,120.27999877929688,115.58000183105469,119.80999755859375,24329,119.80999755859375
BZ=F,2022-06-17,119.33999633789062,121.25,111.72000122070312,113.12000274658203,26686,113.12000274658203
BZ=F,2022-06-21,113.80000305175781,116.25,111.56999969482422,114.6500015258789,22868,114.6500015258789
BZ=F,2022-06-22,114.56999969482422,114.56999969482422,107.02999877929688,111.73999786376953,33112,111.73999786376953
BZ=F,2022-06-23,110.22000122070312,112.69000244140625,108.11000061035156,110.05000305175781,21806,110.05000305175781
BZ=F,2022-06-24,109.80999755859375,113.98999786376953,109.2699966430664,113.12000274658203,13431,113.12000274658203
BZ=F,2022-06-27,112.45999908447266,116.04000091552734,111.25,115.08999633789062,11252,115.08999633789062
BZ=F,2022-06-28,115.83999633789062,118.23999786376953,115.4000015258789,117.9800033569336,6673,117.9800033569336
BZ=F,2022-06-29,117.95999908447266,120.37999725341797,115.41000366210938,116.26000213623047,4346,116.26000213623047
BZ=F,2022-06-30,116.04000091552734,116.33000183105469,114.80999755859375,114.80999755859375,24733,114.80999755859375
BZ=F,2022-07-01,109.45999908447266,112.41999816894531,108.01000213623047,111.62999725341797,17090,111.62999725341797
BZ=F,2022-07-05,111.61000061035156,114.69000244140625,101.11000061035156,102.7699966430664,43356,102.7699966430664
BZ=F,2022-07-06,104,105.80000305175781,98.51000213623047,100.69000244140625,28820,100.69000244140625
BZ=F,2022-07-07,99.95999908447266,106.3499984741211,98.470001220703125,104.6500015258789,22837,104.6500015258789
BZ=F,2022-07-08,104.48999786376953,107.44999694824219,103.75,107.0199966430664,20610,107.0199966430664
BZ=F,2022-07-11,106.76000213623047,107.66000366210938,103.66000366210938,107.0999984741211,17691,107.0999984741211
BZ=F,2022-07-12,106.2300033569336,106.51000213623047,98.910003662109375,99.48999786376953,22827,99.48999786376953
BZ=F,2022-07-13,99.30999755859375,101.19999694824219,97.30000305175781,99.56999969482422,22358,99.56999969482422
BZ=F,2022-07-14,99.8499984741211,100.37000274658203,94.5,99.0999984741211,27515,99.0999984741211
BZ=F,2022-07-15,99.5999984741211,102.62000274658203,98.20999908447266,101.16000366210938,19146,101.16000366210938
BZ=F,2022-07-18,100.91999816894531,106.47000122070312,99.4800033569336,106.2699966430664,20217,106.2699966430664
BZ=F,2022-07-19,105.58999633789062,107.5999984741211,103.58999633789062,107.3499984741211,21900,107.3499984741211
BZ=F,2022-07-20,107.1500015258789,107.43000030517578,105.08999633789062,106.91999816894531,23989,106.91999816894531
BZ=F,2022-07-21,106.79000091552734,106.80000305175781,101.5199966430664,103.86000061035156,26598,103.86000061035156
BZ=F,2022-07-22,104.25,105.68000030517578,101.91000366210938,103.19999694824219,17586,103.19999694824219
BZ=F,2022-07-25,103.44000244140625,105.3499984741211,101.66999816894531,105.1500015258789,14999,105.1500015258789
BZ=F,2022-07-26,104.80999755859375,107.3499984741211,103.9800033569336,104.4000015258789,20242,104.4000015258789
BZ=F,2022-07-27,104.77999877929688,107.80000305175781,103.72000122070312,106.62000274658203,11024,106.62000274658203
BZ=F,2022-07-28,107.48999786376953,108.9800033569336,105.95999908447266,107.13999938964844,6831,107.13999938964844
BZ=F,2022-07-29,108.05000305175781,110.43000030517578,108.02999877929688,110.01000213623047,24476,110.01000213623047
BZ=F,2022-08-01,103.87000274658203,104.37000274658203,99.0999984741211,100.02999877929688,25670,100.02999877929688
BZ=F,2022-08-02,100,102.41000366210938,98.470001220703125,100.54000091552734,17357,100.54000091552734
BZ=F,2022-08-03,99.63999938964844,102.37000274658203,96.4800033569336,96.779998779296875,22263,96.779998779296875
BZ=F,2022-08-04,97.01000213623047,97.62999725341797,93.1500015258789,94.12000274658203,21011,94.12000274658203
BZ=F,2022-08-05,93.589996337890625,96.4000015258789,92.75,94.91999816894531,16576,94.91999816894531
BZ=F,2022-08-08,94.2699966430664,96.7300033569336,92.98999786376953,96.6500015258789,17288,96.6500015258789
BZ=F,2022-08-09,96.54000091552734,98.38999938964844,94.910003662109375,96.30999755859375,20553,96.30999755859375
BZ=F,2022-08-10,96.45999908447266,97.9800033569336,93.61000061035156,97.4000015258789,29520,97.4000015258789
BZ=F,2022-08-11,97.2699966430664,100.16000366210938,96.6500015258789,99.5999984741211,20958,99.5999984741211
BZ=F,2022-08-12,99.29000091552734,100.3499984741211,96.94000244140625,98.1500015258789,20095,98.1500015258789
BZ=F,2022-08-15,97.76000213623047,98.04000091552734,92.720001220703125,95.0999984741211,20714,95.0999984741211
BZ=F,2022-08-16,93.63999938964844,95.94999694824219,91.720001220703125,92.339996337890625,22549,92.339996337890625
BZ=F,2022-08-17,92.7699966430664,94.45999908447266,91.5199966430664,93.6500015258789,21011,93.6500015258789
BZ=F,2022-08-18,93.18000030517578,97.410003662109375,93.05000305175781,96.589996337890625,21327,96.589996337890625
BZ=F,2022-08-19,96.62999725341797,97.87000274658203,94.25,96.720001220703125,22212,96.720001220703125
BZ=F,2022-08-22,95.660003662109375,97.25,92.36000061035156,96.4800033569336,26974,96.4800033569336
BZ=F,2022-08-23,96.58000183105469,100.44999694824219,96.51000213623047,100.22000122070312,22624,100.22000122070312
BZ=F,2022-08-24,100.16000366210938,102,99.06999969482422,101.22000122070312,24490,101.22000122070312
BZ=F,2022-08-25,101.5999984741211,102.47000122070312,99.12000274658203,99.339996337890625,20704,99.339996337890625
BZ=F,2022-08-26,99.87999725341797,101.16999816894531,98.13999938964844,100.98999786376953,14241,100.98999786376953
BZ=F,2022-08-29,100.83000183105469,105.4800033569336,100.29000091552734,105.08999633789062,6048,105.08999633789062
BZ=F,2022-08-30,105,105.37000274658203,97.66999816894531,99.30999755859375,7116,99.30999755859375
BZ=F,2022-08-31,99.70999908447266,100.30000305175781,95.76000213623047,96.48999786376953,24672,96.48999786376953
BZ=F,2022-09-01,94.779998779296875,95.660003662109375,91.80999755859375,92.36000061035156,22870,92.36000061035156
BZ=F,2022-09-02,92,95.31999969482422,92,93.0199966430664,22869,93.0199966430664
BZ=F,2022-09-06,93.089996337890625,96.98999786376953,92.279998779296875,92.83000183105469,34757,92.83000183105469
BZ=F,2022-09-07,92.80000305175781,93.79000091552734,87.4000015258789,88,28966,88
BZ=F,2022-09-08,87.63999938964844,89.83000183105469,87.2300033569336,89.1500015258789,21562,89.1500015258789
BZ=F,2022-09-09,88.45999908447266,93.0999984741211,88.31999969482422,92.839996337890625,22448,92.839996337890625
BZ=F,2022-09-12,92.30000305175781,95.16999816894531,91.20999908447266,94,22758,94
BZ=F,2022-09-13,94.20999908447266,95.51000213623047,91.06999969482422,93.16999816894531,27762,93.16999816894531
BZ=F,2022-09-14,93.48999786376953,95.80999755859375,91.94999694824219,94.0999984741211,30880,94.0999984741211
BZ=F,2022-09-15,94.43000030517578,94.6500015258789,90.05000305175781,90.839996337890625,29483,90.839996337890625
BZ=F,2022-09-16,90.6500015258789,92.63999938964844,90.220001220703125,91.3499984741211,20652,91.3499984741211
BZ=F,2022-09-19,91.6500015258789,92.58000183105469,88.4800033569336,92,17627,92
BZ=F,2022-09-20,91.970001220703125,93.0199966430664,89.80000305175781,90.62000274658203,24688,90.62000274658203
BZ=F,2022-09-21,90.69000244140625,93.51000213623047,89.30000305175781,89.83000183105469,27621,89.83000183105469
BZ=F,2022-09-22,89.91999816894531,92.80000305175781,89.29000091552734,90.45999908447266,22375,90.45999908447266
BZ=F,2022-09-23,90.3499984741211,90.70999908447266,85.45999908447266,86.1500015258789,18951,86.1500015258789
BZ=F,2022-09-26,86.720001220703125,87.660003662109375,83.62999725341797,84.05999755859375,14034,84.05999755859375
BZ=F,2022-09-27,83.910003662109375,87.12999725341797,83.910003662109375,86.2699966430664,10008,86.2699966430664
BZ=F,2022-09-28,85.83000183105469,89.48999786376953,84.2699966430664,89.31999969482422,9937,89.31999969482422
BZ=F,2022-09-29,88.94999694824219,90.0999984741211,87.44999694824219,88.48999786376953,7456,88.48999786376953
BZ=F,2022-09-30,88.55999755859375,89.5199966430664,87.8499984741211,87.95999908447266,33026,87.95999908447266
BZ=F,2022-10-03,86.51000213623047,89.83000183105469,86.51000213623047,88.86000061035156,38251,88.86000061035156
BZ=F,2022-10-04,88.88999938964844,92.38999938964844,88.69000244140625,91.80000305175781,38971,91.80000305175781
BZ=F,2022-10-05,91.6500015258789,93.970001220703125,90.9000015258789,93.37000274658203,39563,93.37000274658203
BZ=F,2022-10-06,93.83000183105469,95.01000213623047,92.7300033569336,94.41999816894531,26200,94.41999816894531
BZ=F,2022-10-07,94.98999786376953,98.589996337890625,93.93000030517578,97.91999816894531,36871,97.91999816894531
BZ=F,2022-10-10,98.69999694824219,98.76000213623047,95.62000274658203,96.19000244140625,24699,96.19000244140625
BZ=F,2022-10-11,96.1500015258789,96.44999694824219,93.11000061035156,94.29000091552734,31431,94.29000091552734
BZ=F,2022-10-12,93.69000244140625,95.16999816894531,91.58000183105469,92.44999694824219,29821,92.44999694824219
BZ=F,2022-10-13,92.470001220703125,94.9000015258789,91.089996337890625,94.56999969482422,32826,94.56999969482422
BZ=F,2022-10-14,94.75,95.11000061035156,91.2699966430664,91.62999725341797,29344,91.62999725341797
BZ=F,2022-10-17,91.70999908447266,93.2300033569336,90.839996337890625,91.62000274658203,23783,91.62000274658203
BZ=F,2022-10-18,92.0199966430664,92.6500015258789,88.7699966430664,90.029998779296875,40941,90.029998779296875
BZ=F,2022-10-19,90.79000091552734,92.839996337890625,89.37999725341797,92.410003662109375,43364,92.410003662109375
BZ=F,2022-10-20,92.51000213623047,94.7699966430664,91.91999816894531,92.37999725341797,40748,92.37999725341797
BZ=F,2022-10-21,92.79000091552734,93.80000305175781,91.0199966430664,93.5,26861,93.5
BZ=F,2022-10-24,93.61000061035156,94.44000244140625,91.20999908447266,93.26000213623047,28074,93.26000213623047
BZ=F,2022-10-25,93.55999755859375,94.37000274658203,91.62999725341797,93.5199966430664,22553,93.5199966430664
BZ=F,2022-10-26,93.25,96.19000244140625,92.04000091552734,95.69000244140625,15637,95.69000244140625
BZ=F,2022-10-27,96.160003662109375,97.279998779296875,95.08000183105469,96.95999908447266,14677,96.95999908447266
BZ=F,2022-10-28,96.779998779296875,96.88999938964844,95,95.7699966430664,12135,95.7699966430664
BZ=F,2022-10-31,96,96,94.31999969482422,94.83000183105469,23096,94.83000183105469
BZ=F,2022-11-01,92.80000305175781,95.55000305175781,92.36000061035156,94.6500015258789,21355,94.6500015258789
BZ=F,2022-11-02,94.66999816894531,96.470001220703125,93.98999786376953,96.160003662109375,28689,96.160003662109375
BZ=F,2022-11-03,95.660003662109375,95.94000244140625,94.160003662109375,94.66999816894531,21292,94.66999816894531
BZ=F,2022-11-04,94.4800033569336,98.81999969482422,94.339996337890625,98.56999969482422,31256,98.56999969482422
BZ=F,2022-11-07,97.779998779296875,99.55999755859375,96.69999694824219,97.91999816894531,22568,97.91999816894531
BZ=F,2022-11-08,98,98.2699966430664,94.9800033569336,95.36000061035156,28901,95.36000061035156
BZ=F,2022-11-09,95.01000213623047,95.69000244140625,92.30000305175781,92.6500015258789,26729,92.6500015258789
BZ=F,2022-11-10,92.54000091552734,94.30999755859375,91.69000244140625,93.66999816894531,31486,93.66999816894531
BZ=F,2022-11-11,93.2699966430664,96.91999816894531,93.2699966430664,95.98999786376953,23629,95.98999786376953
BZ=F,2022-11-14,95.970001220703125,96.91999816894531,92.48999786376953,93.13999938964844,22959,93.13999938964844
BZ=F,2022-11-15,92.529998779296875,95.75,91.529998779296875,93.86000061035156,30904,93.86000061035156
BZ=F,2022-11-16,93.76000213623047,94.779998779296875,91.68000030517578,92.86000061035156,22376,92.86000061035156
BZ=F,2022-11-17,92.80000305175781,92.87999725341797,89.54000091552734,89.779998779296875,29012,89.779998779296875
BZ=F,2022-11-18,89.9800033569336,90.61000061035156,85.79000091552734,87.62000274658203,34614,87.62000274658203
BZ=F,2022-11-21,87.80000305175781,88.04000091552734,82.31999969482422,87.44999694824219,39835,87.44999694824219
BZ=F,2022-11-22,87.6500015258789,89.87999725341797,87.37000274658203,88.36000061035156,23782,88.36000061035156
BZ=F,2022-11-23,88.410003662109375,89.54000091552734,84.12000274658203,85.410003662109375,27071,85.410003662109375
BZ=F,2022-11-25,84.94000244140625,86.9000015258789,83.55999755859375,83.62999725341797,12021,83.62999725341797
BZ=F,2022-11-28,83.80000305175781,84.05000305175781,80.63999938964844,83.19000244140625,12583,83.19000244140625
BZ=F,2022-11-29,82.33000183105469,86,82.19000244140625,83.029998779296875,12182,83.029998779296875
BZ=F,2022-11-30,83.58000183105469,85.81999969482422,83.51000213623047,85.43000030517578,23710,85.43000030517578
BZ=F,2022-12-01,86.5999984741211,89.410003662109375,86.25,86.87999725341797,23123,86.87999725341797
BZ=F,2022-12-02,87.12999725341797,87.88999938964844,85.19000244140625,85.56999969482422,23562,85.56999969482422
BZ=F,2022-12-05,85.5199966430664,88.43000030517578,82.54000091552734,82.68000030517578,25039,82.68000030517578
BZ=F,2022-12-06,83.089996337890625,83.66999816894531,78.70999908447266,79.3499984741211,26680,79.3499984741211
BZ=F,2022-12-07,79.79000091552734,80.4800033569336,76.94000244140625,77.16999816894531,26919,77.16999816894531
BZ=F,2022-12-08,77.48999786376953,79.18000030517578,75.76000213623047,76.1500015258789,33131,76.1500015258789
BZ=F,2022-12-09,76.7300033569336,77.470001220703125,75.11000061035156,76.0999984741211,24479,76.0999984741211
BZ=F,2022-12-12,76.66999816894531,78.58000183105469,75.26000213623047,77.98999786376953,23020,77.98999786376953
BZ=F,2022-12-13,78.19000244140625,81.279998779296875,78.04000091552734,80.68000030517578,30052,80.68000030517578
BZ=F,2022-12-14,80.339996337890625,83.13999938964844,80.12999725341797,82.69999694824219,27330,82.69999694824219
BZ=F,2022-12-15,82.839996337890625,83.19000244140625,80.83000183105469,81.20999908447266,26470,81.20999908447266
BZ=F,2022-12-16,81.339996337890625,81.76000213623047,78.279998779296875,79.04000091552734,24439,79.04000091552734
BZ=F,2022-12-19,79.089996337890625,80.88999938964844,78.62999725341797,79.80000305175781,19676,79.80000305175781
BZ=F,2022-12-20,80.279998779296875,80.9000015258789,78.30000305175781,79.98999786376953,19646,79.98999786376953
BZ=F,2022-12-21,79.94999694824219,82.54000091552734,79.5999984741211,82.19999694824219,17234,82.19999694824219
BZ=F,2022-12-22,82.37000274658203,83.86000061035156,80.68000030517578,80.9800033569336,16647,80.9800033569336
BZ=F,2022-12-23,81.7300033569336,84.37000274658203,81.339996337890625,83.91999816894531,8621,83.91999816894531
BZ=F,2022-12-27,84.45999908447266,85.66999816894531,83.660003662109375,84.33000183105469,7512,84.33000183105469
BZ=F,2022-12-28,84.5999984741211,84.63999938964844,81.94999694824219,83.26000213623047,5384,83.26000213623047
BZ=F,2022-12-29,82.86000061035156,82.910003662109375,81.30000305175781,82.26000213623047,20599,82.26000213623047
BZ=F,2022-12-30,83.660003662109375,86.279998779296875,82.87999725341797,85.910003662109375,19375,85.910003662109375
BZ=F,2023-01-03,86.04000091552734,87.0199966430664,81.7699966430664,82.0999984741211,27559,82.0999984741211
BZ=F,2023-01-04,82.2300033569336,82.66999816894531,77.720001220703125,77.839996337890625,24772,77.839996337890625
BZ=F,2023-01-05,78.089996337890625,79.95999908447266,77.61000061035156,78.69000244140625,28051,78.69000244140625
BZ=F,2023-01-06,78.80999755859375,80.56999969482422,78.05000305175781,78.56999969482422,23767,78.56999969482422
BZ=F,2023-01-09,78.4800033569336,81.37000274658203,78.339996337890625,79.6500015258789,29985,79.6500015258789
BZ=F,2023-01-10,79.70999908447266,80.87999725341797,78.80999755859375,80.0999984741211,21541,80.0999984741211
BZ=F,2023-01-11,79.589996337890625,82.970001220703125,79.30000305175781,82.66999816894531,29995,82.66999816894531
BZ=F,2023-01-12,82.86000061035156,84.61000061035156,82.37999725341797,84.029998779296875,29360,84.029998779296875
BZ=F,2023-01-13,83.94999694824219,85.48999786376953,83.48999786376953,85.279998779296875,17857,85.279998779296875
BZ=F,2023-01-17,85.44000244140625,86.81999969482422,83.86000061035156,85.91999816894531,36658,85.91999816894531
BZ=F,2023-01-18,86.720001220703125,87.839996337890625,84.4000015258789,84.9800033569336,26461,84.9800033569336
BZ=F,2023-01-19,84.589996337890625,86.8499984741211,83.73999786376953,86.160003662109375,28822,86.160003662109375
BZ=F,2023-01-20,86.36000061035156,87.7699966430664,85.58000183105469,87.62999725341797,24374,87.62999725341797
BZ=F,2023-01-23,87.80999755859375,89.0999984741211,86.93000030517578,88.19000244140625,21194,88.19000244140625
BZ=F,2023-01-24,88.029998779296875,88.70999908447266,85.80999755859375,86.12999725341797,26572,86.12999725341797
BZ=F,2023-01-25,86.30000305175781,87.01000213623047,85.410003662109375,86.12000274658203,19993,86.12000274658203
BZ=F,2023-01-26,86.12999725341797,88.01000213623047,85.779998779296875,87.470001220703125,14187,87.470001220703125
BZ=F,2023-01-27,87.5999984741211,88.910003662109375,85.68000030517578,86.660003662109375,10012,86.660003662109375
BZ=F,2023-01-30,86.80000305175781,87.37000274658203,84.75,84.9000015258789,5879,84.9000015258789
BZ=F,2023-01-31,85.160003662109375,85.160003662109375,83.69000244140625,84.48999786376953,30498,84.48999786376953
BZ=F,2023-02-01,85.5199966430664,86.19999694824219,82.37000274658203,82.839996337890625,28085,82.839996337890625
BZ=F,2023-02-02,83.089996337890625,83.5999984741211,81.23999786376953,82.16999816894531,24611,82.16999816894531
BZ=F,2023-02-03,82.1500015258789,84.19000244140625,79.62000274658203,79.94000244140625,24743,79.94000244140625
BZ=F,2023-02-06,79.75,81.4000015258789,79.089996337890625,80.98999786376953,31365,80.98999786376953
BZ=F,2023-02-07,81.4000015258789,84.0999984741211,81.18000030517578,83.69000244140625,24432,83.69000244140625
BZ=F,2023-02-08,84.029998779296875,85.160003662109375,83.5,85.089996337890625,29853,85.089996337890625
BZ=F,2023-02-09,85.06999969482422,85.5,83.05999755859375,84.5,30520,84.5
BZ=F,2023-02-10,84.2300033569336,86.910003662109375,83.94000244140625,86.38999938964844,30882,86.38999938964844
BZ=F,2023-02-13,86.5999984741211,86.94999694824219,85.089996337890625,86.61000061035156,19426,86.61000061035156
BZ=F,2023-02-14,85.75,86.4000015258789,84.12000274658203,85.58000183105469,19585,85.58000183105469
BZ=F,2023-02-15,85.29000091552734,85.8499984741211,83.9000015258789,85.37999725341797,21161,85.37999725341797
BZ=F,2023-02-16,85.13999938964844,86.19999694824219,84.5999984741211,85.13999938964844,20089,85.13999938964844
BZ=F,2023-02-17,84.66999816894531,84.8499984741211,81.79000091552734,83,27191,83
BZ=F,2023-02-21,83.01000213623047,84.29000091552734,82.54000091552734,83.05000305175781,31936,83.05000305175781
BZ=F,2023-02-22,82.73999786376953,83.2300033569336,80.4000015258789,80.5999984741211,20309,80.5999984741211
BZ=F,2023-02-23,80.470001220703125,82.75,80.339996337890625,82.20999908447266,14474,82.20999908447266
BZ=F,2023-02-24,82.3499984741211,83.37999725341797,81.06999969482422,83.160003662109375,13365,83.160003662109375
BZ=F,2023-02-27,83.12000274658203,83.62999725341797,81.73999786376953,82.44999694824219,5691,82.44999694824219
BZ=F,2023-02-28,82.63999938964844,84.12000274658203,82.61000061035156,83.88999938964844,24882,83.88999938964844
BZ=F,2023-03-01,83.0999984741211,84.48999786376953,82.61000061035156,84.30999755859375,26723,84.30999755859375
BZ=F,2023-03-02,84.30999755859375,85.089996337890625,83.839996337890625,84.75,17997,84.75
BZ=F,2023-03-03,84.410003662109375,86,82.36000061035156,85.83000183105469,27594,85.83000183105469
BZ=F,2023-03-06,85.93000030517578,86.36000061035156,84.3499984741211,86.18000030517578,24587,86.18000030517578
BZ=F,2023-03-07,86.2300033569336,86.76000213623047,82.6500015258789,83.29000091552734,26092,83.29000091552734
BZ=F,2023-03-08,82.9800033569336,83.589996337890625,82.05000305175781,82.660003662109375,23661,82.660003662109375
BZ=F,2023-03-09,82.62000274658203,84.01000213623047,81.410003662109375,81.589996337890625,25018,81.589996337890625
BZ=F,2023-03-10,81.470001220703125,83.08000183105469,80.7300033569336,82.779998779296875,26753,82.779998779296875
BZ=F,2023-03-13,82.54000091552734,83.470001220703125,78.339996337890625,80.7699966430664,38195,80.7699966430664
BZ=F,2023-03-14,80.69000244140625,80.87999725341797,76.87999725341797,77.44999694824219,33198,77.44999694824219
BZ=F,2023-03-15,77.56999969482422,78.70999908447266,71.62999725341797,73.69000244140625,46598,73.69000244140625
BZ=F,2023-03-16,74.3499984741211,75.5199966430664,71.86000061035156,74.69999694824219,29873,74.69999694824219
BZ=F,2023-03-17,74.55000305175781,75.9000015258789,71.3499984741211,72.970001220703125,34734,72.970001220703125
BZ=F,2023-03-20,72.88999938964844,73.8499984741211,70.12999725341797,73.79000091552734,22185,73.79000091552734
BZ=F,2023-03-21,73.73999786376953,75.4000015258789,72.80999755859375,75.31999969482422,18784,75.31999969482422
BZ=F,2023-03-22,75.089996337890625,77.089996337890625,74.5199966430664,76.69000244140625,19933,76.69000244140625
BZ=F,2023-03-23,75.73999786376953,77.43000030517578,75.12000274658203,75.910003662109375,18685,75.910003662109375
BZ=F,2023-03-24,75.41999816894531,76.279998779296875,72.69000244140625,74.98999786376953,18941,74.98999786376953
BZ=F,2023-03-27,75.23999786376953,78.43000030517578,74.80000305175781,78.12000274658203,13874,78.12000274658203
BZ=F,2023-03-28,78.18000030517578,79.20999908447266,77.55000305175781,78.6500015258789,17782,78.6500015258789
BZ=F,2023-03-29,79.0199966430664,79.69999694824219,77.94999694824219,78.279998779296875,11027,78.279998779296875
BZ=F,2023-03-30,78.220001220703125,79.55000305175781,77.8499984741211,79.2699966430664,6818,79.2699966430664
BZ=F,2023-03-31,79.279998779296875,79.7699966430664,79.06999969482422,79.7699966430664,38477,79.7699966430664
BZ=F,2023-04-03,83.29000091552734,86.23999786376953,83.29000091552734,84.93000030517578,37587,84.93000030517578
BZ=F,2023-04-04,84.779998779296875,86.05000305175781,83.87000274658203,84.94000244140625,32987,84.94000244140625
BZ=F,2023-04-05,85.0999984741211,85.55000305175781,84.01000213623047,84.98999786376953,28362,84.98999786376953
BZ=F,2023-04-06,84.83000183105469,85.44000244140625,84.05000305175781,85.12000274658203,0,85.12000274658203
BZ=F,2023-04-10,84.94999694824219,85.63999938964844,84.08000183105469,84.18000030517578,14242,84.18000030517578
BZ=F,2023-04-11,84.279998779296875,85.68000030517578,83.75,85.61000061035156,28189,85.61000061035156
BZ=F,2023-04-12,85.55000305175781,87.48999786376953,85.410003662109375,87.33000183105469,36337,87.33000183105469
BZ=F,2023-04-13,87.1500015258789,87.470001220703125,86.05999755859375,86.089996337890625,26363,86.089996337890625
BZ=F,2023-04-14,86.339996337890625,86.86000061035156,85.54000091552734,86.30999755859375,28360,86.30999755859375
BZ=F,2023-04-17,86.2699966430664,86.51000213623047,84.3499984741211,84.76000213623047,30271,84.76000213623047
BZ=F,2023-04-18,84.81999969482422,85.4000015258789,83.81999969482422,84.7699966430664,27241,84.7699966430664
BZ=F,2023-04-19,84.86000061035156,85.1500015258789,82.410003662109375,83.12000274658203,30732,83.12000274658203
BZ=F,2023-04-20,83,83.04000091552734,80.7699966430664,81.0999984741211,26114,81.0999984741211
BZ=F,2023-04-21,80.83000183105469,82.04000091552734,80.44999694824219,81.660003662109375,17805,81.660003662109375
BZ=F,2023-04-24,81.5999984741211,82.98999786376953,80.48999786376953,82.7300033569336,16684,82.7300033569336
BZ=F,2023-04-25,82.58000183105469,83.05000305175781,80.3499984741211,80.7699966430664,17134,80.7699966430664
BZ=F,2023-04-26,81,81.470001220703125,77.4800033569336,77.69000244140625,15436,77.69000244140625
BZ=F,2023-04-27,77.87000274658203,78.62999725341797,77.38999938964844,78.37000274658203,8926,78.37000274658203
BZ=F,2023-04-28,78.30999755859375,79.5999984741211,77.970001220703125,79.54000091552734,26788,79.54000091552734
BZ=F,2023-05-01,80.18000030517578,80.19000244140625,78.12999725341797,79.30999755859375,12551,79.30999755859375
BZ=F,2023-05-02,79.26000213623047,79.779998779296875,75.089996337890625,75.31999969482422,35700,75.31999969482422
BZ=F,2023-05-03,75.2699966430664,75.55000305175781,71.68000030517578,72.33000183105469,34878,72.33000183105469
BZ=F,2023-05-04,71.88999938964844,73.7300033569336,68.19999694824219,72.5,30132,72.5
BZ=F,2023-05-05,72.6500015258789,75.7300033569336,72.410003662109375,75.30000305175781,20363,75.30000305175781
BZ=F,2023-05-08,75.410003662109375,77.41999816894531,74.95999908447266,77.01000213623047,17211,77.01000213623047
BZ=F,2023-05-09,76.8499984741211,77.48999786376953,75.06999969482422,77.44000244140625,24836,77.44000244140625
BZ=F,2023-05-10,77.25,77.5999984741211,75.68000030517578,76.410003662109375,30289,76.410003662109375
BZ=F,2023-05-11,76.63999938964844,77.4000015258789,74.62000274658203,74.9800033569336,32136,74.9800033569336
BZ=F,2023-05-12,75.45999908447266,75.839996337890625,74.029998779296875,74.16999816894531,26553,74.16999816894531
BZ=F,2023-05-15,74.25,75.75,73.48999786376953,75.2300033569336,24312,75.2300033569336
BZ=F,2023-05-16,75.44999694824219,75.94999694824219,74.5,74.910003662109375,23070,74.910003662109375
BZ=F,2023-05-17,74.68000030517578,77.30999755859375,74.089996337890625,76.95999908447266,31285,76.95999908447266
BZ=F,2023-05-18,76.79000091552734,76.9800033569336,75.4800033569336,75.86000061035156,20152,75.86000061035156
BZ=F,2023-05-19,75.9000015258789,77.5,75.0999984741211,75.58000183105469,22388,75.58000183105469
BZ=F,2023-05-22,75.73999786376953,76.45999908447266,74.55000305175781,75.98999786376953,22801,75.98999786376953
BZ=F,2023-05-23,75.970001220703125,77.73999786376953,75.6500015258789,76.839996337890625,30676,76.839996337890625
BZ=F,2023-05-24,77.589996337890625,78.660003662109375,77.04000091552734,78.36000061035156,33849,78.36000061035156
BZ=F,2023-05-25,78.26000213623047,78.5,75.12000274658203,76.26000213623047,36272,76.26000213623047
BZ=F,2023-05-26,76.12000274658203,77.3499984741211,75.720001220703125,76.94999694824219,15522,76.94999694824219
BZ=F,2023-05-30,77.37000274658203,77.73999786376953,73.160003662109375,73.54000091552734,13840,73.54000091552734
BZ=F,2023-05-31,73.6500015258789,73.7699966430664,71.55000305175781,72.660003662109375,34611,72.660003662109375
BZ=F,2023-06-01,72.089996337890625,75.25,72.01000213623047,74.279998779296875,31338,74.279998779296875
BZ=F,2023-06-02,74.410003662109375,76.48999786376953,74.18000030517578,76.12999725341797,26080,76.12999725341797
BZ=F,2023-06-05,77.5,78.720001220703125,76.30000305175781,76.70999908447266,34658,76.70999908447266
BZ=F,2023-06-06,76.470001220703125,76.76000213623047,74.7300033569336,76.29000091552734,27997,76.29000091552734
BZ=F,2023-06-07,76.06999969482422,77.62000274658203,75.51000213623047,76.94999694824219,35446,76.94999694824219
BZ=F,2023-06-08,76.80000305175781,77.660003662109375,73.56999969482422,75.95999908447266,45284,75.95999908447266
BZ=F,2023-06-09,75.529998779296875,76.55000305175781,74.720001220703125,74.79000091552734,25616,74.79000091552734
BZ=F,2023-06-12,74.87999725341797,74.87999725341797,71.56999969482422,71.839996337890625,33191,71.839996337890625
BZ=F,2023-06-13,72,74.6500015258789,71.94999694824219,74.29000091552734,28142,74.29000091552734
BZ=F,2023-06-14,74.06999969482422,75.4800033569336,73.029998779296875,73.19999694824219,26201,73.19999694824219
BZ=F,2023-06-15,73.470001220703125,75.95999908447266,72.910003662109375,75.66999816894531,21211,75.66999816894531
BZ=F,2023-06-16,75.58000183105469,76.73999786376953,75.08000183105469,76.61000061035156,20871,76.61000061035156
BZ=F,2023-06-20,76.2300033569336,77.1500015258789,74.5199966430664,75.9000015258789,34421,75.9000015258789
BZ=F,2023-06-21,75.5,77.23999786376953,75.37999725341797,77.12000274658203,22470,77.12000274658203
BZ=F,2023-06-22,76.95999908447266,77.19000244140625,73.58000183105469,74.13999938964844,30975,74.13999938964844
BZ=F,2023-06-23,74.1500015258789,74.37000274658203,72.0999984741211,73.8499984741211,15800,73.8499984741211
BZ=F,2023-06-26,74.44999694824219,74.83000183105469,73.43000030517578,74.18000030517578,20960,74.18000030517578
BZ=F,2023-06-27,74.2300033569336,74.88999938964844,72.089996337890625,72.26000213623047,15262,72.26000213623047
BZ=F,2023-06-28,72.55999755859375,74.20999908447266,71.58000183105469,74.029998779296875,12437,74.029998779296875
BZ=F,2023-06-29,73.75,74.970001220703125,73.410003662109375,74.339996337890625,6372,74.339996337890625
BZ=F,2023-06-30,74.25,75.12999725341797,74.25,74.9000015258789,29055,74.9000015258789
BZ=F,2023-07-03,75.12999725341797,76.58000183105469,74.58000183105469,74.6500015258789,24066,74.6500015258789
BZ=F,2023-07-05,74.94000244140625,76.94000244140625,74.779998779296875,76.6500015258789,35538,76.6500015258789
BZ=F,2023-07-06,76.54000091552734,77.08000183105469,75.01000213623047,76.5199966430664,29695,76.5199966430664
BZ=F,2023-07-07,76.4800033569336,78.529998779296875,76.0199966430664,78.470001220703125,26656,78.470001220703125
BZ=F,2023-07-10,78.48999786376953,78.779998779296875,77.339996337890625,77.69000244140625,21082,77.69000244140625
BZ=F,2023-07-11,77.86000061035156,79.5,77.63999938964844,79.4000015258789,22736,79.4000015258789
BZ=F,2023-07-12,79.279998779296875,80.56999969482422,79.220001220703125,80.11000061035156,25367,80.11000061035156
BZ=F,2023-07-13,80.1500015258789,81.75,79.87000274658203,81.36000061035156,28794,81.36000061035156
BZ=F,2023-07-14,81.61000061035156,81.69000244140625,79.56999969482422,79.87000274658203,23286,79.87000274658203
BZ=F,2023-07-17,79.44999694824219,80.62000274658203,78.26000213623047,78.5,29152,78.5
BZ=F,2023-07-18,78.529998779296875,80.01000213623047,78.19999694824219,79.62999725341797,30304,79.62999725341797
BZ=F,2023-07-19,79.80000305175781,80.94999694824219,79.18000030517578,79.45999908447266,33372,79.45999908447266
BZ=F,2023-07-20,79.5,80.2699966430664,78.66999816894531,79.63999938964844,24867,79.63999938964844
BZ=F,2023-07-21,79.660003662109375,81.23999786376953,79.660003662109375,81.06999969482422,23563,81.06999969482422
BZ=F,2023-07-24,80.98999786376953,83.160003662109375,80.41999816894531,82.73999786376953,28032,82.73999786376953
BZ=F,2023-07-25,82.83000183105469,83.87999725341797,82.23999786376953,83.63999938964844,22083,83.63999938964844
BZ=F,2023-07-26,83.2699966430664,83.86000061035156,82.5999984741211,82.91999816894531,19315,82.91999816894531
BZ=F,2023-07-27,83.029998779296875,84.51000213623047,82.98999786376953,84.23999786376953,18467,84.23999786376953
BZ=F,2023-07-28,84.05000305175781,85.0999984741211,83.220001220703125,84.98999786376953,11121,84.98999786376953
BZ=F,2023-07-31,84.87999725341797,85.660003662109375,84.5199966430664,85.55999755859375,23446,85.55999755859375
BZ=F,2023-08-01,85.3499984741211,85.79000091552734,84.26000213623047,84.910003662109375,27179,84.910003662109375
BZ=F,2023-08-02,85.7300033569336,85.9800033569336,82.75,83.19999694824219,32246,83.19999694824219
BZ=F,2023-08-03,83.44000244140625,85.41999816894531,82.37000274658203,85.13999938964844,30333,85.13999938964844
BZ=F,2023-08-04,85.31999969482422,86.6500015258789,85.11000061035156,86.23999786376953,22130,86.23999786376953
BZ=F,2023-08-07,86.13999938964844,86.70999908447266,85.04000091552734,85.339996337890625,19591,85.339996337890625
BZ=F,2023-08-08,85.839996337890625,86.3499984741211,83.31999969482422,86.16999816894531,26377,86.16999816894531
BZ=F,2023-08-09,86.01000213623047,87.660003662109375,85.94000244140625,87.55000305175781,29154,87.55000305175781
BZ=F,2023-08-10,87.37000274658203,88.0999984741211,86.1500015258789,86.4000015258789,28721,86.4000015258789
BZ=F,2023-08-11,86.38999938964844,87.3499984741211,85.8499984741211,86.80999755859375,33204,86.80999755859375
BZ=F,2023-08-14,86.63999938964844,86.69999694824219,85.5,86.20999908447266,24768,86.20999908447266
BZ=F,2023-08-15,86.30000305175781,86.66999816894531,84.29000091552734,84.88999938964844,29945,84.88999938964844
BZ=F,2023-08-16,85.12000274658203,85.36000061035156,83.12000274658203,83.44999694824219,31925,83.44999694824219
BZ=F,2023-08-17,83.3499984741211,84.88999938964844,83.05000305175781,84.12000274658203,33977,84.12000274658203
BZ=F,2023-08-18,83.83000183105469,85.06999969482422,83.31999969482422,84.80000305175781,26072,84.80000305175781
BZ=F,2023-08-21,85.05999755859375,85.87000274658203,84.30999755859375,84.45999908447266,27958,84.45999908447266
BZ=F,2023-08-22,84.38999938964844,84.6500015258789,83.839996337890625,84.029998779296875,27081,84.029998779296875
BZ=F,2023-08-23,83.9800033569336,84.23999786376953,81.970001220703125,83.20999908447266,35103,83.20999908447266
BZ=F,2023-08-24,82.98999786376953,83.61000061035156,81.970001220703125,83.36000061035156,27997,83.36000061035156
BZ=F,2023-08-25,83.19999694824219,84.970001220703125,82.69000244140625,84.4800033569336,20715,84.4800033569336
BZ=F,2023-08-28,84.87000274658203,85.220001220703125,84.11000061035156,84.41999816894531,14607,84.41999816894531
BZ=F,2023-08-29,84.37999725341797,85.6500015258789,83.779998779296875,85.48999786376953,14579,85.48999786376953
BZ=F,2023-08-30,85.62999725341797,86.20999908447266,85.12999725341797,85.86000061035156,12280,85.86000061035156
BZ=F,2023-08-31,85.8499984741211,86.9000015258789,85.8499984741211,86.86000061035156,33559,86.86000061035156
BZ=F,2023-09-01,86.81999969482422,88.95999908447266,86.73999786376953,88.55000305175781,33224,88.55000305175781
BZ=F,2023-09-05,88.69999694824219,91.18000030517578,88.06999969482422,90.04000091552734,46893,90.04000091552734
BZ=F,2023-09-06,89.9800033569336,91.11000061035156,89.25,90.5999984741211,25396,90.5999984741211
BZ=F,2023-09-07,90.61000061035156,90.86000061035156,89.470001220703125,89.91999816894531,22300,89.91999816894531
BZ=F,2023-09-08,89.80000305175781,91.0199966430664,89.30000305175781,90.6500015258789,27150,90.6500015258789
BZ=F,2023-09-11,90.660003662109375,91.44999694824219,90.12000274658203,90.63999938964844,29901,90.63999938964844
BZ=F,2023-09-12,90.55999755859375,92.41999816894531,90.54000091552734,92.05999755859375,31070,92.05999755859375
BZ=F,2023-09-13,91.93000030517578,92.83000183105469,91.62999725341797,91.87999725341797,31803,91.87999725341797
BZ=F,2023-09-14,92.19999694824219,94.20999908447266,92.029998779296875,93.69999694824219,36699,93.69999694824219
BZ=F,2023-09-15,94.12999725341797,94.61000061035156,92.66999816894531,93.93000030517578,35162,93.93000030517578
BZ=F,2023-09-18,94.19999694824219,94.94999694824219,93.779998779296875,94.43000030517578,33918,94.43000030517578
BZ=F,2023-09-19,94.62999725341797,95.94999694824219,94.16999816894531,94.339996337890625,43614,94.339996337890625
BZ=F,2023-09-20,94.4800033569336,94.7300033569336,92.76000213623047,93.529998779296875,43515,93.529998779296875
BZ=F,2023-09-21,93.220001220703125,94.5999984741211,92.19999694824219,93.30000305175781,38711,93.30000305175781
BZ=F,2023-09-22,93.31999969482422,94.62999725341797,92.80000305175781,93.2699966430664,31511,93.2699966430664
BZ=F,2023-09-25,93.75,94.25,92.54000091552734,93.29000091552734,18626,93.29000091552734
BZ=F,2023-09-26,93.26000213623047,94.20999908447266,91.80000305175781,93.95999908447266,18509,93.95999908447266
BZ=F,2023-09-27,94.160003662109375,97.04000091552734,94.1500015258789,96.55000305175781,23665,96.55000305175781
BZ=F,2023-09-28,96.62000274658203,97.62999725341797,94.75,95.37999725341797,9192,95.37999725341797
BZ=F,2023-09-29,95.0999984741211,96.23999786376953,94.95999908447266,95.30999755859375,47666,95.30999755859375
BZ=F,2023-10-02,92.19000244140625,93.31999969482422,90.3499984741211,90.70999908447266,38153,90.70999908447266
BZ=F,2023-10-03,90.44000244140625,91.55999755859375,89.5199966430664,90.91999816894531,50094,90.91999816894531
BZ=F,2023-10-04,90.95999908447266,91.19000244140625,85.7300033569336,85.80999755859375,49185,85.80999755859375
BZ=F,2023-10-05,86.029998779296875,86.51000213623047,83.839996337890625,84.06999969482422,44895,84.06999969482422
BZ=F,2023-10-06,84.220001220703125,84.95999908447266,83.44999694824219,84.58000183105469,41254,84.58000183105469
BZ=F,2023-10-09,86.3499984741211,89,86.06999969482422,88.1500015258789,37096,88.1500015258789
BZ=F,2023-10-10,88.11000061035156,88.470001220703125,86.91999816894531,87.6500015258789,29704,87.6500015258789
BZ=F,2023-10-11,87.75,88.25,85.220001220703125,85.81999969482422,37902,85.81999969482422
BZ=F,2023-10-12,85.5999984741211,87.63999938964844,85.18000030517578,86,40488,86
BZ=F,2023-10-13,86.410003662109375,90.98999786376953,86.279998779296875,90.88999938964844,44455,90.88999938964844
BZ=F,2023-10-16,90.91999816894531,91.38999938964844,89.48999786376953,89.6500015258789,28811,89.6500015258789
BZ=F,2023-10-17,90.05999755859375,90.91999816894531,88.87000274658203,89.9000015258789,27054,89.9000015258789
BZ=F,2023-10-18,90.9000015258789,92.970001220703125,90.5999984741211,91.5,35456,91.5
BZ=F,2023-10-19,91.339996337890625,93.470001220703125,89.529998779296875,92.37999725341797,34880,92.37999725341797
BZ=F,2023-10-20,92.8499984741211,93.79000091552734,91.68000030517578,92.160003662109375,30081,92.160003662109375
BZ=F,2023-10-23,92.12999725341797,92.43000030517578,89.62000274658203,89.83000183105469,36158,89.83000183105469
BZ=F,2023-10-24,90.3499984741211,90.66999816894531,87.3499984741211,88.06999969482422,42436,88.06999969482422
BZ=F,2023-10-25,88.13999938964844,90.339996337890625,86.66999816894531,90.12999725341797,47506,90.12999725341797
BZ=F,2023-10-26,90.04000091552734,90.36000061035156,87.55000305175781,87.93000030517578,22662,87.93000030517578
BZ=F,2023-10-27,88.26000213623047,90.73999786376953,87.839996337890625,90.4800033569336,21249,90.4800033569336
BZ=F,2023-10-30,90.30000305175781,90.30000305175781,87.220001220703125,87.44999694824219,15413,87.44999694824219
BZ=F,2023-10-31,87.80999755859375,88.529998779296875,87.410003662109375,87.410003662109375,35673,87.410003662109375
BZ=F,2023-11-01,85.44999694824219,87.220001220703125,84.55999755859375,84.62999725341797,36235,84.62999725341797
BZ=F,2023-11-02,84.94000244140625,87.029998779296875,84.61000061035156,86.8499984741211,31512,86.8499984741211
BZ=F,2023-11-03,86.86000061035156,87.779998779296875,84.55000305175781,84.88999938964844,36172,84.88999938964844
BZ=F,2023-11-06,85.38999938964844,86.44999694824219,84.910003662109375,85.18000030517578,26524,85.18000030517578
BZ=F,2023-11-07,85.2300033569336,85.31999969482422,81.41999816894531,81.61000061035156,38007,81.61000061035156
BZ=F,2023-11-08,81.470001220703125,81.93000030517578,79.160003662109375,79.54000091552734,36137,79.54000091552734
BZ=F,2023-11-09,79.779998779296875,81.4800033569336,79.44000244140625,80.01000213623047,32592,80.01000213623047
BZ=F,2023-11-10,79.69999694824219,82.05000305175781,79.61000061035156,81.43000030517578,20653,81.43000030517578
BZ=F,2023-11-13,81.44999694824219,82.81999969482422,80.410003662109375,82.5199966430664,22380,82.5199966430664
BZ=F,2023-11-14,82.75,83.970001220703125,82.05000305175781,82.470001220703125,25753,82.470001220703125
BZ=F,2023-11-15,82.37999725341797,83.01000213623047,80.80000305175781,81.18000030517578,32261,81.18000030517578
BZ=F,2023-11-16,80.94000244140625,81.160003662109375,76.5999984741211,77.41999816894531,37692,77.41999816894531
BZ=F,2023-11-17,77.529998779296875,80.80000305175781,77.279998779296875,80.61000061035156,35037,80.61000061035156
BZ=F,2023-11-20,80.470001220703125,82.93000030517578,79.970001220703125,82.31999969482422,24121,82.31999969482422
BZ=F,2023-11-21,82.12999725341797,82.529998779296875,81.410003662109375,82.44999694824219,22699,82.44999694824219
BZ=F,2023-11-22,82.4000015258789,82.62999725341797,78.410003662109375,81.95999908447266,40651,81.95999908447266
BZ=F,2023-11-23,81.62999725341797,81.62999725341797,80.18000030517578,81.37000274658203,40651,81.37000274658203
BZ=F,2023-11-24,81.62999725341797,82.19999694824219,80.18000030517578,80.58000183105469,19356,80.58000183105469
BZ=F,2023-11-27,80.339996337890625,81.18000030517578,79.12999725341797,79.9800033569336,15161,79.9800033569336
BZ=F,2023-11-28,80.13999938964844,82.18000030517578,79.83000183105469,81.68000030517578,15095,81.68000030517578
BZ=F,2023-11-29,81.93000030517578,83.23999786376953,80.95999908447266,83.0999984741211,8045,83.0999984741211
BZ=F,2023-11-30,82.87000274658203,84.70999908447266,82.66999816894531,82.83000183105469,59320,82.83000183105469
BZ=F,2023-12-01,80.470001220703125,81.5199966430664,78.75,78.87999725341797,29551,78.87999725341797
BZ=F,2023-12-04,79.43000030517578,79.660003662109375,77.5199966430664,78.029998779296875,32582,78.029998779296875
BZ=F,2023-12-05,78.19999694824219,79.06999969482422,76.9800033569336,77.19999694824219,30931,77.19999694824219
BZ=F,2023-12-06,77.05999755859375,77.62999725341797,74.11000061035156,74.30000305175781,34004,74.30000305175781
BZ=F,2023-12-07,74.30000305175781,75.4800033569336,73.61000061035156,74.05000305175781,26600,74.05000305175781
BZ=F,2023-12-08,74.5,76.36000061035156,74.2300033569336,75.839996337890625,21497,75.839996337890625
BZ=F,2023-12-11,75.660003662109375,76.4800033569336,75,76.029998779296875,20413,76.029998779296875
BZ=F,2023-12-12,76.25,76.63999938964844,72.86000061035156,73.23999786376953,29568,73.23999786376953
BZ=F,2023-12-13,73.36000061035156,74.69999694824219,72.30000305175781,74.26000213623047,27711,74.26000213623047
BZ=F,2023-12-14,74.70999908447266,77.3499984741211,74.45999908447266,76.61000061035156,28386,76.61000061035156
BZ=F,2023-12-15,76.5999984741211,77.220001220703125,75.33000183105469,76.55000305175781,19442,76.55000305175781
BZ=F,2023-12-18,76.970001220703125,79.51000213623047,75.779998779296875,77.94999694824219,30258,77.94999694824219
BZ=F,2023-12-19,78.05000305175781,79.660003662109375,77.43000030517578,79.2300033569336,25735,79.2300033569336
BZ=F,2023-12-20,79.25,80.61000061035156,79.08000183105469,79.69999694824219,26913,79.69999694824219
BZ=F,2023-12-21,79.13999938964844,80.12000274658203,77.8499984741211,79.38999938964844,22237,79.38999938964844
BZ=F,2023-12-22,79.44000244140625,80.37000274658203,78.83000183105469,79.06999969482422,12334,79.06999969482422
BZ=F,2023-12-26,79.19000244140625,81.70999908447266,78.80999755859375,81.06999969482422,10247,81.06999969482422
BZ=F,2023-12-27,80.73999786376953,81.31999969482422,79.48999786376953,79.6500015258789,8282,79.6500015258789
BZ=F,2023-12-28,79.839996337890625,79.95999908447266,78.339996337890625,78.38999938964844,24301,78.38999938964844
BZ=F,2023-12-29,77.41999816894531,77.970001220703125,76.75,77.04000091552734,20115,77.04000091552734
BZ=F,2024-01-02,77.20999908447266,79.04000091552734,75.5999984741211,75.88999938964844,28591,75.88999938964844
BZ=F,2024-01-03,75.98999786376953,78.66999816894531,74.79000091552734,78.25,32172,78.25
BZ=F,2024-01-04,78.5,79.4000015258789,76.5,77.589996337890625,33154,77.589996337890625
BZ=F,2024-01-05,77.5999984741211,79.25,77.5,78.76000213623047,30994,78.76000213623047
BZ=F,2024-01-08,78.5999984741211,78.94999694824219,75.26000213623047,76.12000274658203,32539,76.12000274658203
BZ=F,2024-01-09,76.36000061035156,78.18000030517578,75.95999908447266,77.589996337890625,27914,77.589996337890625
BZ=F,2024-01-10,77.45999908447266,78.7300033569336,76.37999725341797,76.80000305175781,34395,76.80000305175781
BZ=F,2024-01-11,76.73999786376953,79.089996337890625,76.6500015258789,77.410003662109375,35565,77.410003662109375
BZ=F,2024-01-12,78.45999908447266,80.73999786376953,77.93000030517578,78.29000091552734,31824,78.29000091552734
BZ=F,2024-01-16,78.08000183105469,79.38999938964844,76.83000183105469,78.29000091552734,46742,78.29000091552734
BZ=F,2024-01-17,77.86000061035156,78.18000030517578,76.5,77.87999725341797,35892,77.87999725341797
BZ=F,2024-01-18,78.05000305175781,79.30000305175781,77.339996337890625,79.0999984741211,28190,79.0999984741211
BZ=F,2024-01-19,78.9800033569336,79.75,78.33000183105469,78.55999755859375,23734,78.55999755859375
BZ=F,2024-01-22,78.8499984741211,80.55000305175781,77.81999969482422,80.05999755859375,27825,80.05999755859375
BZ=F,2024-01-23,79.910003662109375,80.44000244140625,78.69999694824219,79.55000305175781,27835,79.55000305175781
BZ=F,2024-01-24,79.73999786376953,80.73999786376953,79.05000305175781,80.04000091552734,22429,80.04000091552734
BZ=F,2024-01-25,80.30999755859375,82.55999755859375,80.06999969482422,82.43000030517578,21420,82.43000030517578
BZ=F,2024-01-26,82.38999938964844,83.83000183105469,81.31999969482422,83.55000305175781,19128,83.55000305175781
BZ=F,2024-01-29,84.12999725341797,84.79000091552734,82.04000091552734,82.4000015258789,12802,82.4000015258789
BZ=F,2024-01-30,82.56999969482422,83.25,81.339996337890625,82.87000274658203,7284,82.87000274658203
BZ=F,2024-01-31,82.589996337890625,82.80000305175781,81.70999908447266,81.70999908447266,33486,81.70999908447266
BZ=F,2024-02-01,80.66999816894531,81.55000305175781,78.58000183105469,78.69999694824219,48919,78.69999694824219
BZ=F,2024-02-02,78.91999816894531,79.44000244140625,76.86000061035156,77.33000183105469,32405,77.33000183105469
BZ=F,2024-02-05,77.660003662109375,78.33000183105469,76.62000274658203,77.98999786376953,24879,77.98999786376953
BZ=F,2024-02-06,77.94000244140625,79.06999969482422,77.6500015258789,78.589996337890625,24904,78.589996337890625
BZ=F,2024-02-07,78.69999694824219,79.470001220703125,78.48999786376953,79.20999908447266,26342,79.20999908447266
BZ=F,2024-02-08,79.37999725341797,81.88999938964844,79.0199966430664,81.62999725341797,32568,81.62999725341797
BZ=F,2024-02-09,81.7300033569336,82.45999908447266,81.20999908447266,82.19000244140625,26408,82.19000244140625
BZ=F,2024-02-12,81.76000213623047,82.20999908447266,80.79000091552734,82,22915,82
BZ=F,2024-02-13,82.05000305175781,83.2300033569336,81.95999908447266,82.7699966430664,29306,82.7699966430664
BZ=F,2024-02-14,82.660003662109375,83.61000061035156,81.38999938964844,81.5999984741211,28305,81.5999984741211
BZ=F,2024-02-15,81.5199966430664,83.25,80.720001220703125,82.86000061035156,31230,82.86000061035156
BZ=F,2024-02-16,82.83000183105469,83.660003662109375,81.9000015258789,83.470001220703125,34125,83.470001220703125
BZ=F,2024-02-20,83.30000305175781,83.62999725341797,82.05000305175781,82.339996337890625,34581,82.339996337890625
BZ=F,2024-02-21,82.55999755859375,83.16999816894531,81.66999816894531,83.029998779296875,23038,83.029998779296875
BZ=F,2024-02-22,83.160003662109375,83.970001220703125,82.339996337890625,83.66999816894531,27885,83.66999816894531
BZ=F,2024-02-23,83.41999816894531,83.4800033569336,81.44000244140625,81.62000274658203,19427,81.62000274658203
BZ=F,2024-02-26,81.589996337890625,83.05999755859375,81.0199966430664,82.529998779296875,15694,82.529998779296875
BZ=F,2024-02-27,82.55000305175781,83.73999786376953,82.0999984741211,83.6500015258789,10882,83.6500015258789
BZ=F,2024-02-28,83.4000015258789,84.30000305175781,82.62000274658203,83.68000030517578,6015,83.68000030517578
BZ=F,2024-02-29,83.6500015258789,83.73999786376953,83.04000091552734,83.62000274658203,27327,83.62000274658203
BZ=F,2024-03-01,81.970001220703125,84.3499984741211,81.80999755859375,83.55000305175781,30885,83.55000305175781
BZ=F,2024-03-04,83.589996337890625,84.06999969482422,82.58000183105469,82.80000305175781,26396,82.80000305175781
BZ=F,2024-03-05,82.970001220703125,83.13999938964844,81.7300033569336,82.04000091552734,37442,82.04000091552734
BZ=F,2024-03-06,82.08000183105469,84.05999755859375,81.88999938964844,82.95999908447266,35173,82.95999908447266
BZ=F,2024-03-07,82.839996337890625,83.470001220703125,82.06999969482422,82.95999908447266,32447,82.95999908447266
BZ=F,2024-03-08,83.339996337890625,83.839996337890625,81.70999908447266,82.08000183105469,26605,82.08000183105469
BZ=F,2024-03-11,81.910003662109375,82.7300033569336,81.08000183105469,82.20999908447266,28619,82.20999908447266
BZ=F,2024-03-12,82.43000030517578,83.01000213623047,81.69000244140625,81.91999816894531,29951,81.91999816894531
BZ=F,2024-03-13,82.38999938964844,84.220001220703125,81.970001220703125,84.029998779296875,34043,84.029998779296875
BZ=F,2024-03-14,83.9800033569336,85.68000030517578,83.94000244140625,85.41999816894531,34250,85.41999816894531
BZ=F,2024-03-15,85.12999725341797,85.55000305175781,84.62999725341797,85.339996337890625,23623,85.339996337890625
BZ=F,2024-03-18,85.37999725341797,87.18000030517578,85.26000213623047,86.88999938964844,33687,86.88999938964844
BZ=F,2024-03-19,86.8499984741211,87.70999908447266,86.48999786376953,87.37999725341797,30045,87.37999725341797
BZ=F,2024-03-20,87.220001220703125,87.3499984741211,85.58000183105469,85.94999694824219,35304,85.94999694824219
BZ=F,2024-03-21,86.160003662109375,86.63999938964844,85.05000305175781,85.779998779296875,23829,85.779998779296875
BZ=F,2024-03-22,85.55000305175781,86.1500015258789,85.11000061035156,85.43000030517578,14778,85.43000030517578
BZ=F,2024-03-25,85.5999984741211,87.18000030517578,85.4000015258789,86.75,21176,86.75
BZ=F,2024-03-26,86.7699966430664,87.05000305175781,85.80999755859375,86.25,12736,86.25
BZ=F,2024-03-27,85.970001220703125,86.36000061035156,85.18000030517578,86.089996337890625,8449,86.089996337890625
BZ=F,2024-03-28,86.529998779296875,87.4800033569336,86.31999969482422,87.4800033569336,30759,87.4800033569336
BZ=F,2024-04-01,86.93000030517578,87.98999786376953,86.4000015258789,87.41999816894531,29598,87.41999816894531
BZ=F,2024-04-02,87.80000305175781,89.279998779296875,87.6500015258789,88.91999816894531,40754,88.91999816894531
BZ=F,2024-04-03,89.20999908447266,89.9800033569336,88.68000030517578,89.3499984741211,35138,89.3499984741211
BZ=F,2024-04-04,89.5,91.30000305175781,88.7300033569336,90.6500015258789,38764,90.6500015258789
BZ=F,2024-04-05,91.01000213623047,91.910003662109375,90.56999969482422,91.16999816894531,37391,91.16999816894531
BZ=F,2024-04-08,90.30999755859375,91.0999984741211,88.80000305175781,90.37999725341797,39142,90.37999725341797
BZ=F,2024-04-09,90.55000305175781,90.94000244140625,89.2699966430664,89.41999816894531,33993,89.41999816894531
BZ=F,2024-04-10,89.51000213623047,90.660003662109375,88.83000183105469,90.4800033569336,51136,90.4800033569336
BZ=F,2024-04-11,90.54000091552734,90.91999816894531,89.37000274658203,89.73999786376953,47337,89.73999786376953
BZ=F,2024-04-12,90.29000091552734,92.18000030517578,90.01000213623047,90.44999694824219,43560,90.44999694824219
BZ=F,2024-04-15,90.37000274658203,91.1500015258789,88.7300033569336,90.0999984741211,35488,90.0999984741211
BZ=F,2024-04-16,90.43000030517578,90.83000183105469,89.410003662109375,90.0199966430664,34348,90.0199966430664
BZ=F,2024-04-17,90.05000305175781,90.1500015258789,87.13999938964844,87.29000091552734,45933,87.29000091552734
BZ=F,2024-04-18,87.44000244140625,87.79000091552734,86.0999984741211,87.11000061035156,38630,87.11000061035156
BZ=F,2024-04-19,86.95999908447266,90.779998779296875,86.160003662109375,87.29000091552734,45203,87.29000091552734
BZ=F,2024-04-22,87.04000091552734,87.25,85.79000091552734,87,32395,87
BZ=F,2024-04-23,87.2300033569336,88.48999786376953,86.04000091552734,88.41999816894531,35381,88.41999816894531
BZ=F,2024-04-24,88.45999908447266,88.80000305175781,87.6500015258789,88.0199966430664,26662,88.0199966430664
BZ=F,2024-04-25,88.11000061035156,89.26000213623047,87.29000091552734,89.01000213623047,24588,89.01000213623047
BZ=F,2024-04-26,89.20999908447266,89.83000183105469,88.80000305175781,89.5,15475,89.5
BZ=F,2024-04-29,89.25,89.30000305175781,88.0999984741211,88.4000015258789,15093,88.4000015258789
BZ=F,2024-04-30,88.31999969482422,88.70999908447266,87.470001220703125,87.86000061035156,39816,87.86000061035156
BZ=F,2024-05-01,85.95999908447266,85.95999908447266,83.29000091552734,83.44000244140625,48165,83.44000244140625
BZ=F,2024-05-02,83.55999755859375,84.41999816894531,83.029998779296875,83.66999816894531,39951,83.66999816894531
BZ=F,2024-05-03,83.80000305175781,84.4000015258789,82.80000305175781,82.95999908447266,31511,82.95999908447266
BZ=F,2024-05-06,82.9800033569336,83.81999969482422,82.76000213623047,83.33000183105469,23246,83.33000183105469
BZ=F,2024-05-07,83.589996337890625,83.87000274658203,82.4000015258789,83.160003662109375,33414,83.160003662109375
BZ=F,2024-05-08,83.04000091552734,83.81999969482422,81.720001220703125,83.58000183105469,35419,83.58000183105469
BZ=F,2024-05-09,83.779998779296875,84.33000183105469,83.45999908447266,83.87999725341797,25231,83.87999725341797
BZ=F,2024-05-10,84.20999908447266,84.5199966430664,82.70999908447266,82.79000091552734,25062,82.79000091552734
BZ=F,2024-05-13,82.69999694824219,83.83000183105469,82.26000213623047,83.36000061035156,29242,83.36000061035156
BZ=F,2024-05-14,83.5,83.62000274658203,82.0999984741211,82.37999725341797,33169,82.37999725341797
BZ=F,2024-05-15,82.7699966430664,83.06999969482422,81.05999755859375,82.75,41744,82.75
BZ=F,2024-05-16,82.93000030517578,83.779998779296875,82.30999755859375,83.2699966430664,27576,83.2699966430664
BZ=F,2024-05-17,83.44000244140625,84.04000091552734,83.089996337890625,83.9800033569336,23516,83.9800033569336
BZ=F,2024-05-20,84,84.5,83.12000274658203,83.70999908447266,22320,83.70999908447266
BZ=F,2024-05-21,83.69999694824219,83.73999786376953,82.05999755859375,82.87999725341797,29726,82.87999725341797
BZ=F,2024-05-22,82.4800033569336,82.63999938964844,81.58000183105469,81.9000015258789,32042,81.9000015258789
BZ=F,2024-05-23,81.69000244140625,82.970001220703125,80.93000030517578,81.36000061035156,27035,81.36000061035156
BZ=F,2024-05-24,81.54000091552734,82.44999694824219,80.660003662109375,82.12000274658203,17991,82.12000274658203
BZ=F,2024-05-28,82.1500015258789,84.62999725341797,82.06999969482422,84.220001220703125,23477,84.220001220703125
BZ=F,2024-05-29,84.62000274658203,85.01000213623047,83.30000305175781,83.5999984741211,15987,83.5999984741211
BZ=F,2024-05-30,83.5,83.76000213623047,81.81999969482422,81.86000061035156,9220,81.86000061035156
BZ=F,2024-05-31,81.779998779296875,82.12000274658203,81.18000030517578,81.62000274658203,33414,81.62000274658203
BZ=F,2024-06-03,81.19000244140625,81.62999725341797,78.089996337890625,78.36000061035156,42771,78.36000061035156
BZ=F,2024-06-04,78.160003662109375,78.20999908447266,76.75,77.5199966430664,41209,77.5199966430664
BZ=F,2024-06-05,77.16999816894531,78.5999984741211,77.13999938964844,78.410003662109375,37039,78.410003662109375
BZ=F,2024-06-06,78.58000183105469,80.06999969482422,78.37000274658203,79.87000274658203,36186,79.87000274658203
BZ=F,2024-06-07,80.0199966430664,80.37999725341797,79.33000183105469,79.62000274658203,26371,79.62000274658203
BZ=F,2024-06-10,79.410003662109375,82.160003662109375,79.3499984741211,81.62999725341797,36413,81.62999725341797
BZ=F,2024-06-11,81.970001220703125,82.36000061035156,81.19999694824219,81.91999816894531,35178,81.91999816894531
BZ=F,2024-06-12,82.12000274658203,83.339996337890625,81.970001220703125,82.5999984741211,40802,82.5999984741211
BZ=F,2024-06-13,82.54000091552734,83.04000091552734,81.80000305175781,82.75,39191,82.75
BZ=F,2024-06-14,82.13999938964844,83.38999938964844,81.91999816894531,82.62000274658203,39346,82.62000274658203
BZ=F,2024-06-17,82.62000274658203,84.55000305175781,82.11000061035156,84.25,32978,84.25
BZ=F,2024-06-18,84.4000015258789,85.4800033569336,83.660003662109375,85.33000183105469,45690,85.33000183105469
BZ=F,2024-06-20,85.37999725341797,85.970001220703125,84.88999938964844,85.70999908447266,52543,85.70999908447266
BZ=F,2024-06-21,85.68000030517578,86.2300033569336,84.839996337890625,85.23999786376953,25055,85.23999786376953
BZ=F,2024-06-24,85.089996337890625,86.16999816894531,84.7300033569336,86.01000213623047,28043,86.01000213623047
BZ=F,2024-06-25,86.1500015258789,86.31999969482422,84.76000213623047,85.01000213623047,26591,85.01000213623047
BZ=F,2024-06-26,84.88999938964844,85.81999969482422,84.4800033569336,85.25,18107,85.25
BZ=F,2024-06-27,85.25,86.51000213623047,84.88999938964844,86.38999938964844,11216,86.38999938964844
BZ=F,2024-06-28,86.54000091552734,87.2300033569336,86.29000091552734,86.410003662109375,38920,86.410003662109375
BZ=F,2024-07-01,84.9000015258789,86.87999725341797,84.87999725341797,86.5999984741211,55468,86.5999984741211
BZ=F,2024-07-02,86.69000244140625,87.44999694824219,86.16999816894531,86.23999786376953,52311,86.23999786376953
BZ=F,2024-07-03,86.5,87.37999725341797,85.88999938964844,87.339996337890625,39021,87.339996337890625
BZ=F,2024-07-05,87.029998779296875,87.94999694824219,86.48999786376953,86.54000091552734,51456,86.54000091552734
BZ=F,2024-07-08,86.75,86.910003662109375,85.55000305175781,85.75,36568,85.75
BZ=F,2024-07-09,85.68000030517578,85.8499984741211,84.54000091552734,84.660003662109375,44667,84.660003662109375
BZ=F,2024-07-10,85.01000213623047,85.6500015258789,84,85.08000183105469,51274,85.08000183105469
BZ=F,2024-07-11,85.41999816894531,85.88999938964844,84.6500015258789,85.4000015258789,47743,85.4000015258789
BZ=F,2024-07-12,85.589996337890625,86.339996337890625,84.95999908447266,85.029998779296875,48430,85.029998779296875
BZ=F,2024-07-15,85.029998779296875,85.36000061035156,84.410003662109375,84.8499984741211,36586,84.8499984741211
BZ=F,2024-07-16,84.86000061035156,84.87000274658203,83.30000305175781,83.7300033569336,45546,83.7300033569336
BZ=F,2024-07-17,83.839996337890625,85.19999694824219,83.44000244140625,85.08000183105469,44273,85.08000183105469
BZ=F,2024-07-18,85.19999694824219,85.81999969482422,84.220001220703125,85.11000061035156,45867,85.11000061035156
BZ=F,2024-07-19,84.80000305175781,85.3499984741211,82.56999969482422,82.62999725341797,45739,82.62999725341797
BZ=F,2024-07-22,82.83000183105469,83.20999908447266,81.589996337890625,82.4000015258789,36408,82.4000015258789
BZ=F,2024-07-23,82.20999908447266,82.779998779296875,80.5199966430664,81.01000213623047,45436,81.01000213623047
BZ=F,2024-07-24,81.48999786376953,82.220001220703125,80.94000244140625,81.70999908447266,47261,81.70999908447266
BZ=F,2024-07-25,81.529998779296875,82.5199966430664,80.089996337890625,82.37000274658203,51868,82.37000274658203
BZ=F,2024-07-26,82.44999694824219,82.69000244140625,80.31999969482422,81.12999725341797,27491,81.12999725341797
BZ=F,2024-07-29,81.0199966430664,81.720001220703125,79.37999725341797,79.779998779296875,22531,79.779998779296875
BZ=F,2024-07-30,79.839996337890625,79.94999694824219,78.41999816894531,78.62999725341797,15035,78.62999725341797
BZ=F,2024-07-31,79.05999755859375,80.839996337890625,79,80.720001220703125,54838,80.720001220703125
BZ=F,2024-08-01,81.51000213623047,81.80000305175781,79.44000244140625,79.5199966430664,44000,79.5199966430664
BZ=F,2024-08-02,80.04000091552734,80.44999694824219,76.41999816894531,76.80999755859375,58894,76.80999755859375
BZ=F,2024-08-05,77.44000244140625,77.75,75.05000305175781,76.30000305175781,59442,76.30000305175781
BZ=F,2024-08-06,77.2300033569336,77.80000305175781,75.589996337890625,76.4800033569336,45238,76.4800033569336
BZ=F,2024-08-07,76.19999694824219,78.86000061035156,75.94999694824219,78.33000183105469,49730,78.33000183105469
BZ=F,2024-08-08,78.4800033569336,79.37000274658203,77.62999725341797,79.160003662109375,40462,79.160003662109375
BZ=F,2024-08-09,79.01000213623047,79.81999969482422,78.7699966430664,79.660003662109375,32227,79.660003662109375
BZ=F,2024-08-12,79.66999816894531,82.4000015258789,79.4800033569336,82.30000305175781,45234,82.30000305175781
BZ=F,2024-08-13,81.98999786376953,82.30000305175781,80.55000305175781,80.69000244140625,50485,80.69000244140625
BZ=F,2024-08-14,80.9800033569336,81.44000244140625,79.61000061035156,79.76000213623047,50327,79.76000213623047
BZ=F,2024-08-15,79.98999786376953,81.410003662109375,79.6500015258789,81.04000091552734,33165,81.04000091552734
BZ=F,2024-08-16,80.95999908447266,81,78.63999938964844,79.68000030517578,33753,79.68000030517578
BZ=F,2024-08-19,79.6500015258789,79.75,77.5,77.660003662109375,45853,77.660003662109375
BZ=F,2024-08-20,77.73999786376953,78.339996337890625,76.54000091552734,77.19999694824219,39162,77.19999694824219
BZ=F,2024-08-21,77.08000183105469,78.19999694824219,75.6500015258789,76.05000305175781,45081,76.05000305175781
BZ=F,2024-08-22,76.160003662109375,77.69999694824219,75.779998779296875,77.220001220703125,33822,77.220001220703125
BZ=F,2024-08-23,77.12000274658203,79.26000213623047,77.05000305175781,79.0199966430664,19275,79.0199966430664
BZ=F,2024-08-26,79.31999969482422,81.58000183105469,79.23999786376953,81.43000030517578,25997,81.43000030517578
BZ=F,2024-08-27,81.220001220703125,81.56999969482422,79.4800033569336,79.55000305175781,21261,79.55000305175781
BZ=F,2024-08-28,79.839996337890625,80.01000213623047,77.93000030517578,78.6500015258789,16512,78.6500015258789
BZ=F,2024-08-29,78.36000061035156,80.79000091552734,78.11000061035156,79.94000244140625,9726,79.94000244140625
BZ=F,2024-08-30,79.5199966430664,80.5,78.5999984741211,78.80000305175781,50268,78.80000305175781
BZ=F,2024-09-03,76.88999938964844,77.61000061035156,73.5199966430664,73.75,70646,73.75
BZ=F,2024-09-04,73.68000030517578,74.79000091552734,72.3499984741211,72.69999694824219,56979,72.69999694824219
BZ=F,2024-09-05,72.62000274658203,74.18000030517578,72.36000061035156,72.69000244140625,47879,72.69000244140625
BZ=F,2024-09-06,72.8499984741211,73.5199966430664,70.62000274658203,71.05999755859375,36035,71.05999755859375
BZ=F,2024-09-09,71.5199966430664,72.220001220703125,70.6500015258789,71.839996337890625,35995,71.839996337890625
BZ=F,2024-09-10,71.9000015258789,72.26000213623047,68.69000244140625,69.19000244140625,47963,69.19000244140625
BZ=F,2024-09-11,69.68000030517578,71.08000183105469,69.01000213623047,70.61000061035156,42995,70.61000061035156
BZ=F,2024-09-12,70.720001220703125,72.86000061035156,70.589996337890625,71.970001220703125,42690,71.970001220703125
BZ=F,2024-09-13,72.37000274658203,73.2300033569336,71.4800033569336,71.61000061035156,34281,71.61000061035156
BZ=F,2024-09-16,72.0199966430664,73.37999725341797,71.5199966430664,72.75,36417,72.75
BZ=F,2024-09-17,73.01000213623047,74.2699966430664,72.16999816894531,73.69999694824219,38565,73.69999694824219
BZ=F,2024-09-18,73.68000030517578,74.089996337890625,72.30999755859375,73.6500015258789,35693,73.6500015258789
BZ=F,2024-09-19,72.9000015258789,75.19000244140625,72.87999725341797,74.87999725341797,36126,74.87999725341797
BZ=F,2024-09-20,74.87999725341797,75.01000213623047,74,74.48999786376953,27358,74.48999786376953
BZ=F,2024-09-23,74.76000213623047,75.160003662109375,73.11000061035156,73.9000015258789,29116,73.9000015258789
BZ=F,2024-09-24,74.279998779296875,75.87000274658203,73.970001220703125,75.16999816894531,31341,75.16999816894531
BZ=F,2024-09-25,75.12999725341797,75.31999969482422,73.04000091552734,73.45999908447266,31571,73.45999908447266
BZ=F,2024-09-26,73.470001220703125,73.7699966430664,70.7699966430664,71.5999984741211,18234,71.5999984741211
BZ=F,2024-09-27,71.23999786376953,72.36000061035156,70.93000030517578,71.9800033569336,7872,71.9800033569336
BZ=F,2024-09-30,71.839996337890625,73.0999984741211,71.38999938964844,71.7699966430664,41928,71.7699966430664
BZ=F,2024-10-01,72,75.44999694824219,69.910003662109375,73.55999755859375,90111,73.55999755859375
BZ=F,2024-10-02,74.4000015258789,76.12999725341797,73.589996337890625,73.9000015258789,53911,73.9000015258789
BZ=F,2024-10-03,74.7300033569336,77.970001220703125,74.30999755859375,77.62000274658203,68997,77.62000274658203
BZ=F,2024-10-04,77.98999786376953,79.30000305175781,77.38999938964844,78.05000305175781,57481,78.05000305175781
BZ=F,2024-10-07,78.01000213623047,81.160003662109375,77.26000213623047,80.93000030517578,55050,80.93000030517578
BZ=F,2024-10-08,81.160003662109375,82.08000183105469,76.37000274658203,77.18000030517578,66184,77.18000030517578
BZ=F,2024-10-09,77.5199966430664,78.0199966430664,75.1500015258789,76.58000183105469,46931,76.58000183105469
BZ=F,2024-10-10,76.75,79.720001220703125,76.73999786376953,79.4000015258789,43562,79.4000015258789
BZ=F,2024-10-11,79.2300033569336,79.48999786376953,78.05000305175781,79.04000091552734,44341,79.04000091552734
BZ=F,2024-10-14,78.5999984741211,78.5999984741211,75.38999938964844,77.45999908447266,35593,77.45999908447266
BZ=F,2024-10-15,75.20999908447266,75.62999725341797,73.33000183105469,74.25,47877,74.25
BZ=F,2024-10-16,74.720001220703125,74.91999816894531,73.41999816894531,74.220001220703125,40980,74.220001220703125
BZ=F,2024-10-17,74.5,74.910003662109375,73.25,74.44999694824219,36901,74.44999694824219
BZ=F,2024-10-18,74.5199966430664,74.94000244140625,72.48999786376953,73.05999755859375,34009,73.05999755859375
BZ=F,2024-10-21,73.13999938964844,74.55999755859375,72.80000305175781,74.29000091552734,29891,74.29000091552734
BZ=F,2024-10-22,74.13999938964844,76.31999969482422,73.56999969482422,76.04000091552734,36505,76.04000091552734
BZ=F,2024-10-23,75.6500015258789,76.01000213623047,74.44000244140625,74.95999908447266,28090,74.95999908447266
BZ=F,2024-10-24,75.20999908447266,76.529998779296875,74,74.37999725341797,23845,74.37999725341797
BZ=F,2024-10-25,74.55000305175781,76.13999938964844,74.16999816894531,76.05000305175781,20056,76.05000305175781
BZ=F,2024-10-28,74,74,71.16999816894531,71.41999816894531,28003,71.41999816894531
BZ=F,2024-10-29,72.11000061035156,72.56999969482422,70.7300033569336,71.12000274658203,16776,71.12000274658203
BZ=F,2024-10-30,71.31999969482422,73.08000183105469,71.160003662109375,72.55000305175781,11034,72.55000305175781
BZ=F,2024-10-31,72.76000213623047,73.36000061035156,72.37000274658203,73.160003662109375,36772,73.160003662109375
BZ=F,2024-11-01,74.12999725341797,74.94999694824219,72.88999938964844,73.0999984741211,32059,73.0999984741211
BZ=F,2024-11-04,73.7300033569336,75.38999938964844,73.7300033569336,75.08000183105469,31292,75.08000183105469
BZ=F,2024-11-05,75.19999694824219,76.2300033569336,74.91999816894531,75.529998779296875,40233,75.529998779296875
BZ=F,2024-11-06,75.48999786376953,76.01000213623047,73.3499984741211,74.91999816894531,57996,74.91999816894531
BZ=F,2024-11-07,75.11000061035156,76.06999969482422,74.05000305175781,75.62999725341797,41262,75.62999725341797
BZ=F,2024-11-08,75.5199966430664,75.62000274658203,73.44000244140625,73.87000274658203,35855,73.87000274658203
BZ=F,2024-11-11,73.73999786376953,74.12999725341797,71.589996337890625,71.83000183105469,33838,71.83000183105469
BZ=F,2024-11-12,71.91999816894531,72.81999969482422,71.55999755859375,71.88999938964844,38295,71.88999938964844
BZ=F,2024-11-13,71.779998779296875,72.62000274658203,70.75,72.279998779296875,43666,72.279998779296875
BZ=F,2024-11-14,71.98999786376953,73.220001220703125,71.80000305175781,72.55999755859375,32367,72.55999755859375
BZ=F,2024-11-15,72.43000030517578,72.470001220703125,70.839996337890625,71.04000091552734,30126,71.04000091552734
BZ=F,2024-11-18,70.87999725341797,73.45999908447266,70.69999694824219,73.30000305175781,30425,73.30000305175781
BZ=F,2024-11-19,73.18000030517578,73.87000274658203,72.61000061035156,73.30999755859375,32668,73.30999755859375
BZ=F,2024-11-20,73.339996337890625,73.94000244140625,72.69999694824219,72.80999755859375,26041,72.80999755859375
BZ=F,2024-11-21,73.12000274658203,74.37000274658203,72.910003662109375,74.2300033569336,35756,74.2300033569336
BZ=F,2024-11-22,74.29000091552734,75.41999816894531,73.51000213623047,75.16999816894531,29569,75.16999816894531
BZ=F,2024-11-25,75.20999908447266,75.30999755859375,72.8499984741211,73.01000213623047,29335,73.01000213623047
BZ=F,2024-11-26,73.12000274658203,74.33000183105469,72.12000274658203,72.80999755859375,17616,72.80999755859375
BZ=F,2024-11-27,72.94000244140625,73.3499984741211,72.2699966430664,72.83000183105469,10246,72.83000183105469
BZ=F,2024-11-29,72.91999816894531,73.5,72.12000274658203,72.94000244140625,45282,72.94000244140625
BZ=F,2024-12-02,71.73999786376953,72.87999725341797,71.5199966430664,71.83000183105469,31283,71.83000183105469
BZ=F,2024-12-03,71.86000061035156,73.9000015258789,71.69000244140625,73.62000274658203,40365,73.62000274658203
BZ=F,2024-12-04,73.80999755859375,74.26000213623047,72.25,72.30999755859375,36988,72.30999755859375
BZ=F,2024-12-05,72.44999694824219,72.9000015258789,71.80000305175781,72.089996337890625,32373,72.089996337890625
BZ=F,2024-12-06,72.16999816894531,72.2300033569336,70.83000183105469,71.12000274658203,27572,71.12000274658203
BZ=F,2024-12-09,71.04000091552734,72.6500015258789,70.95999908447266,72.13999938964844,25921,72.13999938964844
BZ=F,2024-12-10,71.93000030517578,72.720001220703125,71.529998779296875,72.19000244140625,32220,72.19000244140625
BZ=F,2024-12-11,72.029998779296875,73.73999786376953,72.0199966430664,73.5199966430664,35954,73.5199966430664
BZ=F,2024-12-12,73.589996337890625,73.9800033569336,72.43000030517578,73.410003662109375,36231,73.410003662109375
BZ=F,2024-12-13,73.43000030517578,74.589996337890625,73.2699966430664,74.48999786376953,26225,74.48999786376953
BZ=F,2024-12-16,74.51000213623047,74.54000091552734,73.69999694824219,73.910003662109375,25458,73.910003662109375
BZ=F,2024-12-17,73.86000061035156,74.18000030517578,72.45999908447266,73.19000244140625,26356,73.19000244140625
BZ=F,2024-12-18,73.339996337890625,74.19000244140625,72.80000305175781,73.38999938964844,25873,73.38999938964844
BZ=F,2024-12-19,72.93000030517578,73.87000274658203,72.529998779296875,72.87999725341797,27742,72.87999725341797
BZ=F,2024-12-20,72.70999908447266,73.279998779296875,71.970001220703125,72.94000244140625,25362,72.94000244140625
BZ=F,2024-12-23,72.83000183105469,73.37000274658203,71.9800033569336,72.62999725341797,20997,72.62999725341797
BZ=F,2024-12-24,72.839996337890625,73.80999755859375,72.779998779296875,73.58000183105469,8922,73.58000183105469
BZ=F,2024-12-26,73.779998779296875,74.18000030517578,72.9800033569336,73.26000213623047,5773,73.26000213623047
BZ=F,2024-12-27,73.13999938964844,74.339996337890625,73.06999969482422,74.16999816894531,5515,74.16999816894531
BZ=F,2024-12-30,74.2300033569336,75.04000091552734,73.76000213623047,74.38999938964844,30436,74.38999938964844
BZ=F,2024-12-31,74.0999984741211,74.87999725341797,73.839996337890625,74.63999938964844,20588,74.63999938964844
BZ=F,2025-01-02,74.87999725341797,76.54000091552734,74.7300033569336,75.93000030517578,41474,75.93000030517578
BZ=F,2025-01-03,75.9000015258789,76.73999786376953,75.529998779296875,76.51000213623047,38822,76.51000213623047
BZ=F,2025-01-06,76.589996337890625,77.5,75.94000244140625,76.30000305175781,49229,76.30000305175781
BZ=F,2025-01-07,76.23999786376953,77.2699966430664,75.91999816894531,77.05000305175781,37188,77.05000305175781
BZ=F,2025-01-08,77.23999786376953,77.88999938964844,76.029998779296875,76.160003662109375,46650,76.160003662109375
BZ=F,2025-01-09,76.160003662109375,77.2699966430664,75.69999694824219,76.91999816894531,31706,76.91999816894531
BZ=F,2025-01-10,77.20999908447266,80.76000213623047,77.04000091552734,79.76000213623047,92049,79.76000213623047
BZ=F,2025-01-13,79.55000305175781,81.66999816894531,79.54000091552734,81.01000213623047,77109,81.01000213623047
BZ=F,2025-01-14,80.910003662109375,81.13999938964844,79.86000061035156,79.91999816894531,67129,79.91999816894531
BZ=F,2025-01-15,80.31999969482422,82.62999725341797,79.62999725341797,82.029998779296875,69122,82.029998779296875
BZ=F,2025-01-16,82.44000244140625,82.55000305175781,80.38999938964844,81.29000091552734,69075,81.29000091552734
BZ=F,2025-01-17,81.30999755859375,81.93000030517578,80.55999755859375,80.79000091552734,42284,80.79000091552734
BZ=F,2025-01-21,80.94000244140625,81.23999786376953,78.470001220703125,79.29000091552734,83935,79.29000091552734
BZ=F,2025-01-22,79.30999755859375,79.9000015258789,78.80999755859375,79,40868,79
BZ=F,2025-01-23,78.910003662109375,79.589996337890625,77.80000305175781,78.29000091552734,46348,78.29000091552734
BZ=F,2025-01-24,77.87999725341797,78.95999908447266,77.61000061035156,78.5,30464,78.5
BZ=F,2025-01-27,78.55000305175781,78.98999786376953,76.31999969482422,77.08000183105469,40623,77.08000183105469
BZ=F,2025-01-28,77.06999969482422,78.13999938964844,76.83000183105469,77.48999786376953,29822,77.48999786376953
BZ=F,2025-01-29,77.62999725341797,77.69999694824219,76.30000305175781,76.58000183105469,19845,76.58000183105469
BZ=F,2025-01-30,76.86000061035156,77.55000305175781,75.98999786376953,76.87000274658203,8389,76.87000274658203
BZ=F,2025-01-31,77,77.08000183105469,76.51000213623047,76.76000213623047,50618,76.76000213623047
BZ=F,2025-02-03,76.81999969482422,77.529998779296875,75.04000091552734,75.95999908447266,75087,75.95999908447266
BZ=F,2025-02-04,75.5199966430664,76.66999816894531,74.12999725341797,76.19999694824219,62716,76.19999694824219
BZ=F,2025-02-05,76.08000183105469,76.3499984741211,74.55000305175781,74.61000061035156,30739,74.61000061035156
BZ=F,2025-02-06,74.5999984741211,75.38999938964844,74.089996337890625,74.29000091552734,41460,74.29000091552734
BZ=F,2025-02-07,74.19999694824219,75.089996337890625,74.19000244140625,74.660003662109375,35634,74.660003662109375
BZ=F,2025-02-10,74.54000091552734,76.06999969482422,74.54000091552734,75.87000274658203,27341,75.87000274658203
BZ=F,2025-02-11,76.05000305175781,77.2699966430664,75.88999938964844,77,37979,77
BZ=F,2025-02-12,76.81999969482422,76.88999938964844,74.94999694824219,75.18000030517578,47048,75.18000030517578
BZ=F,2025-02-13,74.970001220703125,75.33000183105469,74.05000305175781,75.0199966430664,37759,75.0199966430664
BZ=F,2025-02-14,75.23999786376953,75.83000183105469,74.48999786376953,74.73999786376953,41397,74.73999786376953
BZ=F,2025-02-18,74.63999938964844,76.05000305175781,74.19000244140625,75.839996337890625,50542,75.839996337890625
BZ=F,2025-02-19,75.80000305175781,76.81999969482422,75.75,76.04000091552734,30426,76.04000091552734
BZ=F,2025-02-20,76.04000091552734,77.13999938964844,75.70999908447266,76.4800033569336,33347,76.4800033569336
BZ=F,2025-02-21,76.55999755859375,76.75,74.20999908447266,74.43000030517578,28100,74.43000030517578
BZ=F,2025-02-24,73.910003662109375,74.910003662109375,73.910003662109375,74.779998779296875,17858,74.779998779296875
BZ=F,2025-02-25,74.88999938964844,75.25,72.69999694824219,73.0199966430664,19080,73.0199966430664
BZ=F,2025-02-26,73.13999938964844,73.339996337890625,72.38999938964844,72.529998779296875,11916,72.529998779296875
BZ=F,2025-02-27,72.69000244140625,74.26000213623047,72.4800033569336,74.04000091552734,7925,74.04000091552734
BZ=F,2025-02-28,73.7300033569336,73.73999786376953,72.970001220703125,73.18000030517578,36432,73.18000030517578
BZ=F,2025-03-03,73.06999969482422,73.660003662109375,71.16999816894531,71.62000274658203,51816,71.62000274658203
BZ=F,2025-03-04,71.44999694824219,71.45999908447266,69.75,71.04000091552734,58867,71.04000091552734
BZ=F,2025-03-05,71.13999938964844,71.160003662109375,68.339996337890625,69.30000305175781,51721,69.30000305175781
BZ=F,2025-03-06,69.44999694824219,69.87999725341797,68.7300033569336,69.45999908447266,49024,69.45999908447266
BZ=F,2025-03-07,69.37999725341797,71.37999725341797,69.279998779296875,70.36000061035156,46468,70.36000061035156
BZ=F,2025-03-10,70.44000244140625,70.86000061035156,69.05999755859375,69.279998779296875,33488,69.279998779296875
BZ=F,2025-03-11,69.410003662109375,70.43000030517578,68.62999725341797,69.55999755859375,26933,69.55999755859375
BZ=F,2025-03-12,69.8499984741211,71.089996337890625,69.470001220703125,70.94999694824219,30577,70.94999694824219
BZ=F,2025-03-13,70.9800033569336,71.23999786376953,69.68000030517578,69.87999725341797,33450,69.87999725341797
BZ=F,2025-03-14,70.08000183105469,70.75,69.94000244140625,70.58000183105469,24740,70.58000183105469
BZ=F,2025-03-17,70.68000030517578,71.79000091552734,70.68000030517578,71.06999969482422,29314,71.06999969482422
BZ=F,2025-03-18,70.93000030517578,72.19000244140625,70.26000213623047,70.55999755859375,32008,70.55999755859375
BZ=F,2025-03-19,70.36000061035156,71.220001220703125,69.9000015258789,70.779998779296875,26898,70.779998779296875
BZ=F,2025-03-20,70.86000061035156,72.29000091552734,70.529998779296875,72,33049,72
BZ=F,2025-03-21,72.2300033569336,72.54000091552734,71.51000213623047,72.160003662109375,23983,72.160003662109375
BZ=F,2025-03-24,72.19999694824219,73.160003662109375,71.80000305175781,73,31456,73
BZ=F,2025-03-25,73.089996337890625,73.56999969482422,72.5,73.0199966430664,30415,73.0199966430664
BZ=F,2025-03-26,73.18000030517578,74.16999816894531,73.089996337890625,73.79000091552734,27419,73.79000091552734
BZ=F,2025-03-27,73.98999786376953,74.06999969482422,73.2300033569336,74.029998779296875,19183,74.029998779296875
BZ=F,2025-03-28,74.05999755859375,74.20999908447266,73.12000274658203,73.62999725341797,12292,73.62999725341797
BZ=F,2025-03-31,73.41999816894531,74.79000091552734,73.37000274658203,74.73999786376953,53426,74.73999786376953
BZ=F,2025-04-01,74.62999725341797,75.279998779296875,74.339996337890625,74.48999786376953,54055,74.48999786376953
BZ=F,2025-04-02,74.4000015258789,75.45999908447266,73.70999908447266,74.94999694824219,61062,74.94999694824219
BZ=F,2025-04-03,73.589996337890625,73.62000274658203,69.470001220703125,70.13999938964844,100212,70.13999938964844
BZ=F,2025-04-04,69.80999755859375,70.05000305175781,64.01000213623047,65.58000183105469,121211,65.58000183105469
BZ=F,2025-04-07,64.79000091552734,67.410003662109375,62.5099983215332,64.20999908447266,114411,64.20999908447266
BZ=F,2025-04-08,64.44000244140625,65.19000244140625,61.279998779296875,62.81999969482422,89690,62.81999969482422
BZ=F,2025-04-09,61.54999923706055,66.0199966430664,58.38999938964844,65.4800033569336,127044,65.4800033569336
BZ=F,2025-04-10,65.80999755859375,66.2300033569336,62.0099983215332,63.33000183105469,78111,63.33000183105469
BZ=F,2025-04-11,63.45000076293945,65.05000305175781,62.7599983215332,64.76000213623047,58543,64.76000213623047
BZ=F,2025-04-14,64.88999938964844,65.9000015258789,64.04000091552734,64.87999725341797,43786,64.87999725341797
BZ=F,2025-04-15,64.93000030517578,65.38999938964844,64.2300033569336,64.66999816894531,40096,64.66999816894531
BZ=F,2025-04-16,64.86000061035156,66.30999755859375,63.79999923706055,65.8499984741211,50308,65.8499984741211
BZ=F,2025-04-17,66.01000213623047,68.12999725341797,65.94999694824219,67.95999908447266,39781,67.95999908447266
BZ=F,2025-04-21,67.779998779296875,67.779998779296875,65.68000030517578,66.26000213623047,38512,66.26000213623047
BZ=F,2025-04-22,66.5999984741211,68.04000091552734,66.55000305175781,67.44000244140625,46152,67.44000244140625
BZ=F,2025-04-23,67.76000213623047,68.63999938964844,65.29000091552734,66.12000274658203,58914,66.12000274658203
BZ=F,2025-04-24,66.220001220703125,67.029998779296875,65.80999755859375,66.55000305175781,36169,66.55000305175781
BZ=F,2025-04-25,66.56999969482422,67.18000030517578,65.55999755859375,66.87000274658203,30729,66.87000274658203
BZ=F,2025-04-28,67.20999908447266,67.529998779296875,65.25,65.86000061035156,21525,65.86000061035156
BZ=F,2025-04-29,65.75,65.80999755859375,63.88999938964844,64.25,17528,64.25
BZ=F,2025-04-30,63.54999923706055,63.75,63,63.119998931884766,79025,63.119998931884766
BZ=F,2025-05-01,61.13999938964844,62.36000061035156,59.310001373291016,62.130001068115234,66984,62.130001068115234
BZ=F,2025-05-02,61.880001068115234,62.720001220703125,60.70000076293945,61.290000915527344,58444,61.290000915527344
BZ=F,2025-05-05,59.5099983215332,60.77000045776367,58.40999984741211,60.22999954223633,49504,60.22999954223633
BZ=F,2025-05-06,60.279998779296875,62.79999923706055,60.189998626708984,62.150001525878906,63444,62.150001525878906
BZ=F,2025-05-07,62.06999969482422,63.209999084472656,60.849998474121094,61.119998931884766,60579,61.119998931884766
BZ=F,2025-05-08,60.93000030517578,63.209999084472656,60.779998779296875,62.84000015258789,56931,62.84000015258789
BZ=F,2025-05-09,63.25,64.2699966430664,62.849998474121094,63.90999984741211,51994,63.90999984741211
BZ=F,2025-05-12,64.2300033569336,66.37999725341797,63.88999938964844,64.95999908447266,62946,64.95999908447266
BZ=F,2025-05-13,64.91999816894531,66.80000305175781,64.6500015258789,66.62999725341797,55567,66.62999725341797
BZ=F,2025-05-14,66.5199966430664,66.589996337890625,65.68000030517578,66.089996337890625,49980,66.089996337890625
BZ=F,2025-05-15,65.76000213623047,65.839996337890625,63.439998626708984,64.529998779296875,70642,64.529998779296875
BZ=F,2025-05-16,64.62999725341797,65.54000091552734,64.16999816894531,65.410003662109375,38629,65.410003662109375
BZ=F,2025-05-19,65.30999755859375,66.01000213623047,64.43000030517578,65.54000091552734,43539,65.54000091552734
BZ=F,2025-05-20,65.56999969482422,66,64.8499984741211,65.37999725341797,42663,65.37999725341797
BZ=F,2025-05-21,65.61000061035156,67.48999786376953,64.61000061035156,64.910003662109375,58658,64.910003662109375
BZ=F,2025-05-22,64.63999938964844,65.0199966430664,63.529998779296875,64.44000244140625,45811,64.44000244140625
BZ=F,2025-05-23,64.0199966430664,65.04000091552734,63.310001373291016,64.779998779296875,29810,64.779998779296875
BZ=F,2025-05-26,NA,NA,NA,NA,NA,NA
BZ=F,2025-05-27,65.0199966430664,65.410003662109375,63.470001220703125,64.089996337890625,34117,64.089996337890625
BZ=F,2025-05-28,64.31999969482422,65.61000061035156,64.029998779296875,64.9000015258789,17817,64.9000015258789
BZ=F,2025-05-29,65.30000305175781,66.12999725341797,63.779998779296875,64.1500015258789,10456,64.1500015258789
BZ=F,2025-05-30,63.81999969482422,64.5199966430664,63.70000076293945,63.900001525878906,63546,63.900001525878906
BZ=F,2025-06-02,63.040000915527344,65.70999908447266,62.970001220703125,64.62999725341797,57349,64.62999725341797
BZ=F,2025-06-03,65.029998779296875,65.94000244140625,64.5199966430664,65.62999725341797,43536,65.62999725341797
BZ=F,2025-06-04,65.61000061035156,65.95999908447266,64.279998779296875,64.86000061035156,56182,64.86000061035156
BZ=F,2025-06-05,64.910003662109375,65.86000061035156,64.62999725341797,65.339996337890625,38658,65.339996337890625
BZ=F,2025-06-06,65.19999694824219,66.66999816894531,64.81999969482422,66.470001220703125,39490,66.470001220703125
BZ=F,2025-06-09,66.5999984741211,67.12999725341797,66.08000183105469,67.04000091552734,35213,67.04000091552734
BZ=F,2025-06-10,67.11000061035156,68,66.4800033569336,66.87000274658203,40266,66.87000274658203
BZ=F,2025-06-11,66.56999969482422,69.95999908447266,66.470001220703125,69.7699966430664,58118,69.7699966430664
BZ=F,2025-06-12,70.36000061035156,70.61000061035156,68.37000274658203,69.36000061035156,60336,69.36000061035156
BZ=F,2025-06-13,70.2699966430664,78.529998779296875,69.91999816894531,74.2300033569336,175031,74.2300033569336
BZ=F,2025-06-16,76.80999755859375,78.4800033569336,70.63999938964844,73.2300033569336,100509,73.2300033569336
BZ=F,2025-06-17,72.80999755859375,77.08000183105469,72.529998779296875,76.44999694824219,88748,76.44999694824219
BZ=F,2025-06-18,77.19000244140625,77.43000030517578,74.44000244140625,76.69999694824219,0,76.69999694824219
BZ=F,2025-06-19,NA,NA,NA,NA,NA,NA
BZ=F,2025-06-20,76.12000274658203,79.0199966430664,75.529998779296875,77.01000213623047,98821,77.01000213623047
BZ=F,2025-06-23,80.01000213623047,81.4000015258789,69.54000091552734,71.4800033569336,100475,71.4800033569336
BZ=F,2025-06-24,70.5999984741211,70.7300033569336,66.80999755859375,67.13999938964844,62358,67.13999938964844
BZ=F,2025-06-25,67.91999816894531,68.76000213623047,67.31999969482422,67.68000030517578,23618,67.68000030517578
BZ=F,2025-06-26,67.75,69.04000091552734,67.38999938964844,67.7300033569336,13057,67.7300033569336
BZ=F,2025-06-27,67.95999908447266,68.410003662109375,67.20999908447266,67.7699966430664,8218,67.7699966430664
BZ=F,2025-06-30,67.16999816894531,68.12000274658203,67.11000061035156,67.61000061035156,32957,67.61000061035156
BZ=F,2025-07-01,66.589996337890625,67.4800033569336,66.339996337890625,67.11000061035156,29256,67.11000061035156
BZ=F,2025-07-02,67.20999908447266,69.19999694824219,66.94000244140625,69.11000061035156,50268,69.11000061035156
BZ=F,2025-07-03,69.0199966430664,69.12999725341797,68.30999755859375,68.80000305175781,0,68.80000305175781
BZ=F,2025-07-04,68.80999755859375,68.910003662109375,67.75,68.29000091552734,0,68.29000091552734
BZ=F,2025-07-07,67.61000061035156,69.93000030517578,67.36000061035156,69.58000183105469,59456,69.58000183105469
BZ=F,2025-07-08,69.54000091552734,70.660003662109375,69.05000305175781,70.1500015258789,34109,70.1500015258789
BZ=F,2025-07-09,69.9000015258789,70.69999694824219,69.61000061035156,70.19000244140625,42186,70.19000244140625
BZ=F,2025-07-10,70.19000244140625,70.48999786376953,68.529998779296875,68.63999938964844,52295,68.63999938964844
BZ=F,2025-07-11,68.98999786376953,70.69000244140625,68.55999755859375,70.36000061035156,40262,70.36000061035156
BZ=F,2025-07-14,70.529998779296875,71.51000213623047,69.0199966430664,69.20999908447266,62179,69.20999908447266
BZ=F,2025-07-15,69.0999984741211,69.4000015258789,68.55999755859375,68.70999908447266,51233,68.70999908447266
BZ=F,2025-07-16,68.9000015258789,69.06999969482422,67.70999908447266,68.5199966430664,55511,68.5199966430664
BZ=F,2025-07-17,68.69000244140625,69.62000274658203,68.29000091552734,69.5199966430664,50817,69.5199966430664
BZ=F,2025-07-18,69.55999755859375,70.779998779296875,69.13999938964844,69.279998779296875,52366,69.279998779296875
BZ=F,2025-07-21,69.220001220703125,69.62000274658203,68.41999816894531,69.20999908447266,41204,69.20999908447266
BZ=F,2025-07-22,69.029998779296875,69.0999984741211,68.11000061035156,68.589996337890625,50140,68.589996337890625
BZ=F,2025-07-23,68.720001220703125,69.08000183105469,68,68.51000213623047,37734,68.51000213623047
BZ=F,2025-07-24,68.720001220703125,69.529998779296875,68.5,69.18000030517578,39597,69.18000030517578
BZ=F,2025-07-25,69.26000213623047,69.88999938964844,68.30000305175781,68.44000244140625,27384,68.44000244140625
BZ=F,2025-07-28,68.470001220703125,70.44999694824219,68.38999938964844,70.04000091552734,31485,70.04000091552734
BZ=F,2025-07-29,70.38999938964844,73.06999969482422,69.88999938964844,72.51000213623047,24345,72.51000213623047
BZ=F,2025-07-30,72.68000030517578,73.62999725341797,71.75,73.23999786376953,15242,73.23999786376953
BZ=F,2025-07-31,73.4000015258789,73.48999786376953,72.41999816894531,72.529998779296875,56020,72.529998779296875
BZ=F,2025-08-01,71.7699966430664,71.98999786376953,69.410003662109375,69.66999816894531,68855,69.66999816894531
BZ=F,2025-08-04,69,69.9800033569336,67.98999786376953,68.76000213623047,41788,68.76000213623047
BZ=F,2025-08-05,68.75,68.8499984741211,67.529998779296875,67.63999938964844,47388,67.63999938964844
BZ=F,2025-08-06,67.76000213623047,69.19000244140625,66.220001220703125,66.88999938964844,62159,66.88999938964844
BZ=F,2025-08-07,66.87999725341797,67.63999938964844,66.2699966430664,66.43000030517578,44063,66.43000030517578
BZ=F,2025-08-08,66.37999725341797,67.19000244140625,65.5,66.589996337890625,52157,66.589996337890625
BZ=F,2025-08-11,66.2300033569336,67.11000061035156,65.83000183105469,66.62999725341797,31132,66.62999725341797
BZ=F,2025-08-12,66.720001220703125,67.04000091552734,65.970001220703125,66.12000274658203,33110,66.12000274658203
BZ=F,2025-08-13,66.05000305175781,66.33000183105469,65,65.62999725341797,40497,65.62999725341797
BZ=F,2025-08-14,65.7699966430664,66.9800033569336,65.56999969482422,66.839996337890625,34810,66.839996337890625
BZ=F,2025-08-15,66.80000305175781,67.08000183105469,65.7300033569336,65.8499984741211,35864,65.8499984741211
BZ=F,2025-08-18,65.94999694824219,66.80999755859375,65.30999755859375,66.5999984741211,35004,66.5999984741211
BZ=F,2025-08-19,66.55999755859375,66.58000183105469,65.5999984741211,65.79000091552734,32562,65.79000091552734
BZ=F,2025-08-20,65.93000030517578,67.05000305175781,65.81999969482422,66.839996337890625,39505,66.839996337890625
BZ=F,2025-08-21,66.94999694824219,67.779998779296875,66.73999786376953,67.66999816894531,29950,67.66999816894531
BZ=F,2025-08-22,67.62000274658203,68.0199966430664,67.41999816894531,67.7300033569336,27481,67.7300033569336
BZ=F,2025-08-25,67.839996337890625,69.05999755859375,67.58000183105469,68.80000305175781,19094,68.80000305175781
BZ=F,2025-08-26,68.7300033569336,68.7300033569336,67.11000061035156,67.220001220703125,21046,67.220001220703125
BZ=F,2025-08-27,67.23999786376953,68.0999984741211,66.91999816894531,68.05000305175781,16597,68.05000305175781
BZ=F,2025-08-28,67.70999908447266,68.660003662109375,67.4000015258789,68.62000274658203,8829,68.62000274658203
BZ=F,2025-08-29,68.26000213623047,68.36000061035156,68.029998779296875,68.12000274658203,0,68.12000274658203
BZ=F,2025-09-02,67.43000030517578,69.51000213623047,67.089996337890625,69.13999938964844,55307,69.13999938964844
BZ=F,2025-09-03,69.05999755859375,69.2300033569336,67.37999725341797,67.5999984741211,45108,67.5999984741211
BZ=F,2025-09-04,67.44000244140625,67.48999786376953,66.31999969482422,66.98999786376953,42152,66.98999786376953
BZ=F,2025-09-05,66.839996337890625,67.05000305175781,65.08000183105469,65.5,38287,65.5
BZ=F,2025-09-08,65.80999755859375,67.029998779296875,65.5199966430664,66.0199966430664,29078,66.0199966430664
BZ=F,2025-09-09,66.16999816894531,67.38999938964844,66.13999938964844,66.38999938964844,38860,66.38999938964844
BZ=F,2025-09-10,66.44000244140625,67.7699966430664,66.44000244140625,67.48999786376953,38789,67.48999786376953
BZ=F,2025-09-11,67.58000183105469,67.61000061035156,66.160003662109375,66.37000274658203,34565,66.37000274658203
BZ=F,2025-09-12,66.30999755859375,68.1500015258789,65.720001220703125,66.98999786376953,50762,66.98999786376953
BZ=F,2025-09-15,67.220001220703125,67.839996337890625,66.79000091552734,67.44000244140625,26320,67.44000244140625
BZ=F,2025-09-16,67.48999786376953,68.69000244140625,67,68.470001220703125,34128,68.470001220703125
BZ=F,2025-09-17,68.410003662109375,68.589996337890625,67.62000274658203,67.94999694824219,30515,67.94999694824219
BZ=F,2025-09-18,67.88999938964844,68.410003662109375,67.19000244140625,67.44000244140625,29610,67.44000244140625
BZ=F,2025-09-19,67.45999908447266,67.55999755859375,66.43000030517578,66.68000030517578,24400,66.68000030517578
BZ=F,2025-09-22,66.66999816894531,67.30000305175781,65.94000244140625,66.56999969482422,23634,66.56999969482422
BZ=F,2025-09-23,66.589996337890625,68.08000183105469,66.12000274658203,67.62999725341797,27893,67.62999725341797
BZ=F,2025-09-24,67.86000061035156,69.36000061035156,67.5199966430664,69.30999755859375,28459,69.30999755859375
BZ=F,2025-09-25,69.089996337890625,69.66999816894531,68.44000244140625,69.41999816894531,21388,69.41999816894531
BZ=F,2025-09-26,69.69999694824219,70.7699966430664,69.11000061035156,70.12999725341797,11917,70.12999725341797
BZ=F,2025-09-29,69.470001220703125,69.93000030517578,67.55000305175781,67.970001220703125,8229,67.970001220703125
BZ=F,2025-09-30,67.589996337890625,67.589996337890625,66.910003662109375,67.0199966430664,46335,67.0199966430664
BZ=F,2025-10-01,66.089996337890625,66.56999969482422,65.04000091552734,65.3499984741211,44601,65.3499984741211
BZ=F,2025-10-02,65.4000015258789,66.12000274658203,64,64.11000061035156,52074,64.11000061035156
BZ=F,2025-10-03,64.30000305175781,65,64.20999908447266,64.529998779296875,38970,64.529998779296875
BZ=F,2025-10-06,64.81999969482422,65.7699966430664,64.76000213623047,65.470001220703125,38055,65.470001220703125
BZ=F,2025-10-07,65.54000091552734,65.83000183105469,64.5199966430664,65.44999694824219,36191,65.44999694824219
BZ=F,2025-10-08,65.80999755859375,66.529998779296875,65.779998779296875,66.25,38630,66.25
BZ=F,2025-10-09,66.089996337890625,66.55999755859375,64.95999908447266,65.220001220703125,40845,65.220001220703125
BZ=F,2025-10-10,65.16999816894531,65.3499984741211,62.130001068115234,62.72999954223633,54929,62.72999954223633
BZ=F,2025-10-13,62.66999816894531,63.95000076293945,62.66999816894531,63.31999969482422,35368,63.31999969482422
BZ=F,2025-10-14,63.439998626708984,63.619998931884766,61.5,62.38999938964844,44016,62.38999938964844
BZ=F,2025-10-15,62.279998779296875,63.02000045776367,61.790000915527344,61.90999984741211,40209,61.90999984741211
BZ=F,2025-10-16,62.439998626708984,62.75,60.84000015258789,61.060001373291016,46229,61.060001373291016
BZ=F,2025-10-17,61.11000061035156,61.45000076293945,60.150001525878906,61.290000915527344,50372,61.290000915527344
BZ=F,2025-10-20,61.43000030517578,61.54999923706055,60.06999969482422,61.0099983215332,33883,61.0099983215332
BZ=F,2025-10-21,60.90999984741211,62.09000015258789,60.34000015258789,61.31999969482422,45150,61.31999969482422
BZ=F,2025-10-22,61.619998931884766,63.91999816894531,61.400001525878906,62.59000015258789,46114,62.59000015258789
BZ=F,2025-10-23,64.25,66.339996337890625,63.849998474121094,65.98999786376953,87705,65.98999786376953
BZ=F,2025-10-24,65.87000274658203,66.7699966430664,65.44000244140625,65.94000244140625,38354,65.94000244140625
BZ=F,2025-10-27,66.26000213623047,66.5999984741211,65.08000183105469,65.62000274658203,32237,65.62000274658203
BZ=F,2025-10-28,65.79000091552734,65.79000091552734,64,64.4000015258789,33807,64.4000015258789
BZ=F,2025-10-29,64.48999786376953,65.37999725341797,63.93000030517578,64.91999816894531,16478,64.91999816894531
BZ=F,2025-10-30,64.8499984741211,65.160003662109375,64.05999755859375,65,10024,65
BZ=F,2025-10-31,64.75,65.5,64.5199966430664,65.06999969482422,44972,65.06999969482422
BZ=F,2025-11-03,65.06999969482422,65.30999755859375,64.33000183105469,64.88999938964844,0,64.88999938964844
BZ=F,2025-11-04,64.81999969482422,64.839996337890625,63.83000183105469,64.44000244140625,36655,64.44000244140625
BZ=F,2025-11-05,64.26000213623047,64.94000244140625,63.43000030517578,63.52000045776367,42320,63.52000045776367
BZ=F,2025-11-06,63.58000183105469,64.33000183105469,62.83000183105469,63.380001068115234,43138,63.380001068115234
BZ=F,2025-11-07,63.63999938964844,64.37999725341797,63.2400016784668,63.630001068115234,36620,63.630001068115234
BZ=F,2025-11-10,63.689998626708984,64.30999755859375,63.33000183105469,64.05999755859375,30891,64.05999755859375
BZ=F,2025-11-11,63.970001220703125,65.29000091552734,63.61000061035156,65.160003662109375,41959,65.160003662109375
BZ=F,2025-11-12,65.20999908447266,65.20999908447266,62.560001373291016,62.709999084472656,42279,62.709999084472656
BZ=F,2025-11-13,62.66999816894531,63.439998626708984,62.34000015258789,63.0099983215332,36603,63.0099983215332
BZ=F,2025-11-14,63.04999923706055,64.8499984741211,63.04999923706055,64.38999938964844,58912,64.38999938964844
BZ=F,2025-11-17,64.0199966430664,64.720001220703125,63.65999984741211,64.19999694824219,33667,64.19999694824219
BZ=F,2025-11-18,64,65.08000183105469,63.61000061035156,64.88999938964844,36791,64.88999938964844
BZ=F,2025-11-19,64.7300033569336,64.86000061035156,62.869998931884766,63.5099983215332,38776,63.5099983215332
BZ=F,2025-11-20,63.59000015258789,64.38999938964844,62.95000076293945,63.380001068115234,42345,63.380001068115234
BZ=F,2025-11-21,63.130001068115234,63.13999938964844,61.869998931884766,62.560001373291016,43029,62.560001373291016
BZ=F,2025-11-24,62.560001373291016,63.529998779296875,61.93000030517578,63.369998931884766,30888,63.369998931884766
BZ=F,2025-11-25,63.40999984741211,63.40999984741211,61.61000061035156,62.47999954223633,26580,62.47999954223633
BZ=F,2025-11-26,62.599998474121094,63.20000076293945,62.119998931884766,63.130001068115234,21288,63.130001068115234
BZ=F,2025-11-28,63.0099983215332,63.459999084472656,62.810001373291016,63.20000076293945,31795,63.20000076293945
BZ=F,2025-12-01,62.689998626708984,63.810001373291016,62.689998626708984,63.16999816894531,31203,63.16999816894531
BZ=F,2025-12-02,63.29999923706055,63.43000030517578,62.16999816894531,62.45000076293945,39539,62.45000076293945
BZ=F,2025-12-03,62.43000030517578,63.349998474121094,62.16999816894531,62.66999816894531,40622,62.66999816894531
BZ=F,2025-12-04,62.7599983215332,63.61000061035156,62.529998779296875,63.2599983215332,32164,63.2599983215332
BZ=F,2025-12-05,63.29999923706055,64.08000183105469,63.06999969482422,63.75,26349,63.75
BZ=F,2025-12-08,63.900001525878906,63.959999084472656,62.349998474121094,62.4900016784668,38815,62.4900016784668
BZ=F,2025-12-09,62.5,62.779998779296875,61.83000183105469,61.939998626708984,32575,61.939998626708984
BZ=F,2025-12-10,62.13999938964844,62.72999954223633,61.349998474121094,62.209999084472656,45191,62.209999084472656
BZ=F,2025-12-11,62.619998931884766,62.619998931884766,60.75,61.279998779296875,48635,61.279998779296875
BZ=F,2025-12-12,61.599998474121094,61.849998474121094,60.810001373291016,61.119998931884766,42931,61.119998931884766
BZ=F,2025-12-15,61.15999984741211,61.5,60.130001068115234,60.560001373291016,42976,60.560001373291016
BZ=F,2025-12-16,60.33000183105469,60.40999984741211,58.720001220703125,58.91999816894531,48212,58.91999816894531
BZ=F,2025-12-17,58.939998626708984,60.65999984741211,58.90999984741211,59.68000030517578,50078,59.68000030517578
BZ=F,2025-12-18,60.63999938964844,60.720001220703125,59.54999923706055,59.81999969482422,31064,59.81999969482422
BZ=F,2025-12-19,59.77000045776367,60.63999938964844,59.40999984741211,60.470001220703125,36104,60.470001220703125
BZ=F,2025-12-22,60.56999969482422,62.15999984741211,60.560001373291016,62.06999969482422,35138,62.06999969482422
BZ=F,2025-12-23,61.9900016784668,62.54999923706055,61.72999954223633,62.380001068115234,26231,62.380001068115234
BZ=F,2025-12-24,62.43000030517578,62.720001220703125,62.02000045776367,62.2400016784668,14966,62.2400016784668
BZ=F,2025-12-26,62.349998474121094,62.689998626708984,60.59000015258789,60.63999938964844,9687,60.63999938964844
BZ=F,2025-12-29,61.040000915527344,62.150001525878906,60.95000076293945,61.939998626708984,9170,61.939998626708984
BZ=F,2025-12-30,61.70000076293945,62.33000183105469,61.5099983215332,61.91999816894531,30567,61.91999816894531
BZ=F,2025-12-31,61.27000045776367,61.90999984741211,60.619998931884766,60.849998474121094,30919,60.849998474121094
BZ=F,2026-01-02,60.91999816894531,61.36000061035156,60,60.75,33381,60.75
BZ=F,2026-01-05,60.88999938964844,61.880001068115234,59.7599983215332,61.7599983215332,45681,61.7599983215332
BZ=F,2026-01-06,61.790000915527344,62.31999969482422,60.400001525878906,60.70000076293945,48263,60.70000076293945
BZ=F,2026-01-07,60.61000061035156,60.90999984741211,59.45000076293945,59.959999084472656,71788,59.959999084472656
BZ=F,2026-01-08,60.349998474121094,63.0099983215332,59.95000076293945,61.9900016784668,64136,61.9900016784668
BZ=F,2026-01-09,62.66999816894531,63.90999984741211,61.84000015258789,63.34000015258789,56568,63.34000015258789
BZ=F,2026-01-12,63.40999984741211,64.279998779296875,62.7599983215332,63.869998931884766,56900,63.869998931884766
BZ=F,2026-01-13,64.16999816894531,65.910003662109375,63.849998474121094,65.470001220703125,80180,65.470001220703125
BZ=F,2026-01-14,65.44000244140625,66.80999755859375,63.470001220703125,66.5199966430664,96568,66.5199966430664
BZ=F,2026-01-15,65.69000244140625,65.69000244140625,63.279998779296875,63.7599983215332,54944,63.7599983215332
BZ=F,2026-01-16,63.79999923706055,64.7699966430664,63.45000076293945,64.12999725341797,35235,64.12999725341797
BZ=F,2026-01-20,63.560001373291016,65.12000274658203,63.2599983215332,64.91999816894531,78657,64.91999816894531
BZ=F,2026-01-21,64.01000213623047,65.410003662109375,63.630001068115234,65.23999786376953,52906,65.23999786376953
BZ=F,2026-01-22,65.13999938964844,65.37000274658203,63.560001373291016,64.05999755859375,49453,64.05999755859375
BZ=F,2026-01-23,64.279998779296875,66.20999908447266,64.23999786376953,65.87999725341797,34015,65.87999725341797
BZ=F,2026-01-26,66.06999969482422,66.51000213623047,65.279998779296875,65.589996337890625,25795,65.589996337890625
BZ=F,2026-01-27,65.7300033569336,67.779998779296875,65,67.56999969482422,34327,67.56999969482422
BZ=F,2026-01-28,67.7699966430664,68.69999694824219,67.12999725341797,68.4000015258789,23555,68.4000015258789
BZ=F,2026-01-29,68.66999816894531,71.87999725341797,68.61000061035156,70.70999908447266,26980,70.70999908447266
BZ=F,2026-01-30,70.160003662109375,70.91999816894531,69.11000061035156,70.69000244140625,85305,70.69000244140625
BZ=F,2026-02-02,68.720001220703125,68.80999755859375,65.45999908447266,66.30000305175781,80104,66.30000305175781
BZ=F,2026-02-03,66.30000305175781,68.2699966430664,65.19000244140625,67.33000183105469,83736,67.33000183105469
BZ=F,2026-02-04,67.94000244140625,69.75,66.98999786376953,69.45999908447266,98236,69.45999908447266
BZ=F,2026-02-05,68.83000183105469,68.94000244140625,66.91999816894531,67.55000305175781,65248,67.55000305175781
BZ=F,2026-02-06,67.410003662109375,68.81999969482422,66.58000183105469,68.05000305175781,79538,68.05000305175781
BZ=F,2026-02-09,67.51000213623047,69.44000244140625,67.029998779296875,69.04000091552734,51346,69.04000091552734
BZ=F,2026-02-10,69.1500015258789,69.5,68.48999786376953,68.80000305175781,45779,68.80000305175781
BZ=F,2026-02-11,69.11000061035156,70.720001220703125,69.01000213623047,69.4000015258789,49482,69.4000015258789
BZ=F,2026-02-12,69.63999938964844,69.839996337890625,67.089996337890625,67.5199966430664,48058,67.5199966430664
BZ=F,2026-02-13,67.589996337890625,68.05000305175781,66.88999938964844,67.75,42167,67.75
BZ=F,2026-02-17,68.05999755859375,69.029998779296875,66.83000183105469,67.41999816894531,74745,67.41999816894531
BZ=F,2026-02-18,67.51000213623047,70.68000030517578,67.339996337890625,70.3499984741211,56115,70.3499984741211
BZ=F,2026-02-19,70.05000305175781,72.12999725341797,70.05000305175781,71.660003662109375,73081,71.660003662109375
BZ=F,2026-02-20,71.73999786376953,72.31999969482422,71.08000183105469,71.76000213623047,40579,71.76000213623047
BZ=F,2026-02-23,71.23999786376953,72.4800033569336,70.73999786376953,71.48999786376953,28933,71.48999786376953
BZ=F,2026-02-24,71.470001220703125,72.23999786376953,70.70999908447266,70.7699966430664,37988,70.7699966430664
BZ=F,2026-02-25,71.220001220703125,71.76000213623047,70.44999694824219,70.8499984741211,18491,70.8499984741211
BZ=F,2026-02-26,71.11000061035156,72.589996337890625,69.31999969482422,70.75,17725,70.75
BZ=F,2026-02-27,70.5,72.98999786376953,70.44000244140625,72.4800033569336,79435,72.4800033569336
BZ=F,2026-03-02,77,82.11000061035156,75.79000091552734,77.73999786376953,143671,77.73999786376953
BZ=F,2026-03-03,78.05000305175781,85.05000305175781,77.37000274658203,81.4000015258789,229556,81.4000015258789
BZ=F,2026-03-04,81.9000015258789,84.44999694824219,80.30000305175781,81.4000015258789,152390,81.4000015258789
BZ=F,2026-03-05,82.43000030517578,86.279998779296875,81.5199966430664,85.410003662109375,146018,85.410003662109375
BZ=F,2026-03-06,84.839996337890625,94.55000305175781,83.16999816894531,92.69000244140625,146018,92.69000244140625
