"Date","Dernier","Ouv."," Plus Haut","Plus Bas","Vol.","Variation %"
"09/06/2006","70,48","69,18","70,63","68,68","50,06K","2,07%"
"08/06/2006","69,05","69,05","69,20","67,73","70,71K","-0,20%"
"07/06/2006","69,19","70,86","70,99","68,88","86,25K","-2,29%"
"06/06/2006","70,81","71,30","71,66","69,88","88,11K","-0,78%"
"05/06/2006","71,37","72,20","72,67","70,87","80,48K","0,48%"
"02/06/2006","71,03","69,73","71,60","69,53","78,93K","2,36%"
"01/06/2006","69,39","70,25","70,95","69,01","104,00K","-1,45%"
"31/05/2006","70,41","71,00","71,15","69,07","100,52K","-0,90%"
"30/05/2006","71,05","70,80","71,99","70,45","71,76K","0,65%"
"26/05/2006","70,59","70,78","71,21","70,19","56,62K","-0,17%"
"25/05/2006","70,71","69,02","70,86","69,02","58,34K","2,15%"
"24/05/2006","69,22","70,50","70,85","68,81","92,87K","-2,51%"
"23/05/2006","71,00","69,65","71,35","69,57","88,60K","2,38%"
"22/05/2006","69,35","68,95","69,58","67,63","72,46K","0,98%"
"19/05/2006","68,68","70,13","70,26","68,25","77,18K","-1,42%"
"18/05/2006","69,67","68,80","70,08","68,32","82,42K","0,91%"
"17/05/2006","69,04","70,14","70,69","68,64","83,74K","-1,71%"
"16/05/2006","70,24","69,01","70,36","68,58","12,11K","0,04%"
"15/05/2006","70,21","71,50","71,50","68,65","62,40K","-2,73%"
"12/05/2006","72,18","73,04","73,53","71,83","56,11K","-0,46%"
"11/05/2006","72,51","72,34","73,88","72,29","69,70K","2,39%"
"10/05/2006","70,82","70,98","72,58","70,16","68,85K","-0,56%"
"09/05/2006","71,22","70,64","71,78","70,17","82,97K","2,73%"
"08/05/2006","69,33","71,10","71,25","69,06","71,75K","-2,19%"
"05/05/2006","70,88","70,82","71,46","70,14","61,92K","0,70%"
"04/05/2006","70,39","72,55","72,61","69,79","89,52K","-4,00%"
"03/05/2006","73,32","74,90","74,97","72,46","84,49K","-2,07%"
"02/05/2006","74,87","74,00","74,97","73,53","86,72K","2,00%"
"01/05/2006","73,40","71,98","74,07","71,98","33,06K","1,24%"
"28/04/2006","72,50","70,75","72,65","70,45","85,32K","2,08%"
"27/04/2006","71,02","71,95","72,11","70,67","78,48K","-1,96%"
"26/04/2006","72,44","73,10","73,63","71,73","83,05K","-0,03%"
"25/04/2006","72,46","72,66","74,02","72,04","100,35K","-1,90%"
"24/04/2006","73,86","74,63","74,76","72,70","80,97K","-0,42%"
"21/04/2006","74,17","72,65","74,79","72,20","75,55K","1,78%"
"20/04/2006","72,87","73,44","74,22","72,37","90,08K","-0,11%"
"19/04/2006","72,95","72,35","74,00","72,22","92,70K","1,53%"
"18/04/2006","71,85","71,50","72,64","71,22","69,98K","0,77%"
"17/04/2006","71,30","70,99","71,62","70,52","38,78K","1,65%"
"13/04/2006","70,14","69,45","70,99","69,08","74,61K","1,04%"
"12/04/2006","69,42","69,15","69,97","69,13","21,10K","0,07%"
"11/04/2006","69,37","68,80","69,70","68,35","34,04K","0,90%"
"10/04/2006","68,75","67,30","68,99","67,30","54,50K","2,17%"
"07/04/2006","67,29","67,62","67,70","66,62","53,86K","-0,81%"
"06/04/2006","67,84","67,50","68,24","67,38","63,93K","1,10%"
"05/04/2006","67,10","66,39","67,40","65,84","72,51K","1,07%"
"04/04/2006","66,39","66,70","66,87","65,73","67,21K","-0,67%"
"03/04/2006","66,84","66,30","67,93","66,26","68,25K","1,41%"
"31/03/2006","65,91","66,75","66,81","65,52","63,55K","-0,83%"
"30/03/2006","66,46","65,60","67,05","65,27","67,96K","1,39%"
"29/03/2006","65,55","64,97","65,87","64,69","77,01K","0,89%"
"28/03/2006","64,97","63,62","65,27","63,44","77,64K","2,14%"
"27/03/2006","63,61","63,50","63,80","62,80","59,55K","0,16%"
"24/03/2006","63,51","63,27","63,90","62,76","61,91K","0,38%"
"23/03/2006","63,27","61,81","63,61","61,42","66,92K","2,88%"
"22/03/2006","61,50","61,99","62,80","61,40","78,38K","-1,01%"
"21/03/2006","62,13","61,32","62,41","60,98","80,10K","1,29%"
"20/03/2006","61,34","63,29","63,56","61,09","62,54K","-3,04%"
"17/03/2006","63,26","64,14","64,35","63,18","49,56K","0,56%"
"16/03/2006","62,91","62,80","63,10","62,15","8,55K","-0,05%"
"15/03/2006","62,94","63,56","64,10","62,51","31,60K","-1,61%"
"14/03/2006","63,97","62,36","64,09","61,83","28,00K","2,85%"
"13/03/2006","62,20","60,80","62,51","60,60","50,38K","2,25%"
"10/03/2006","60,83","61,15","61,60","60,60","52,81K","-0,38%"
"09/03/2006","61,06","59,86","61,55","59,85","69,45K","1,72%"
"08/03/2006","60,03","61,35","61,42","59,26","73,66K","-1,86%"
"07/03/2006","61,17","62,30","62,84","60,78","65,93K","-1,88%"
"06/03/2006","62,34","64,18","64,18","62,11","69,95K","-2,87%"
"03/03/2006","64,18","64,40","64,64","63,57","62,04K","0,17%"
"02/03/2006","64,07","62,55","64,35","62,55","77,28K","2,59%"
"01/03/2006","62,45","61,95","62,76","61,65","73,24K","1,12%"
"28/02/2006","61,76","60,36","62,10","60,36","67,17K","1,26%"
"27/02/2006","60,99","62,20","62,28","60,73","63,38K","-2,57%"
"24/02/2006","62,60","60,85","62,87","60,80","83,11K","3,40%"
"23/02/2006","60,54","60,17","61,11","59,81","73,04K","0,17%"
"22/02/2006","60,44","61,33","61,42","60,00","63,19K","-1,88%"
"21/02/2006","61,60","61,51","61,75","60,90","68,19K","0,10%"
"20/02/2006","61,54","60,00","61,74","60,00","41,73K","2,76%"
"17/02/2006","59,89","59,45","60,32","59,10","59,44K","1,87%"
"16/02/2006","58,79","58,15","59,50","58,05","60,51K","1,10%"
"15/02/2006","58,15","59,52","59,92","57,90","70,70K","-2,30%"
"14/02/2006","59,52","60,51","60,97","59,30","59,53K","0,24%"
"13/02/2006","59,38","59,26","60,03","58,94","16,03K","-0,44%"
"10/02/2006","59,64","61,23","61,23","59,41","39,06K","-1,83%"
"09/02/2006","60,75","61,23","62,05","60,57","49,28K","-0,51%"
"08/02/2006","61,06","61,51","61,89","60,75","56,10K","-0,81%"
"07/02/2006","61,56","63,21","63,23","61,23","62,52K","-2,79%"
"06/02/2006","63,33","63,85","64,50","63,10","50,55K","-0,09%"
"03/02/2006","63,39","62,75","63,60","62,15","60,82K","0,81%"
"02/02/2006","62,88","64,90","65,52","62,53","79,21K","-3,31%"
"01/02/2006","65,03","65,76","67,27","64,19","80,82K","-1,45%"
"31/01/2006","65,99","66,40","66,94","65,44","72,36K","-0,90%"
"30/01/2006","66,59","66,50","66,80","65,60","59,88K","0,53%"
"27/01/2006","66,24","65,31","66,43","65,25","58,57K","2,03%"
"26/01/2006","64,92","63,95","65,51","63,95","82,60K","1,07%"
"25/01/2006","64,23","65,03","65,17","63,87","84,81K","-1,70%"
"24/01/2006","65,34","65,90","66,35","65,05","76,65K","-1,24%"
"23/01/2006","66,16","67,05","67,11","65,63","72,89K","-0,41%"
"20/01/2006","66,43","65,36","67,32","65,35","79,49K","1,84%"
"19/01/2006","65,23","64,44","65,50","63,80","70,57K","1,62%"
"18/01/2006","64,19","65,24","65,52","63,84","87,53K","-1,09%"
"17/01/2006","64,90","63,55","65,32","63,35","88,29K","3,13%"
"16/01/2006","62,93","62,40","63,18","62,40","7,42K","1,08%"
"13/01/2006","62,26","62,42","63,25","61,77","32,89K","-0,57%"
"12/01/2006","62,62","62,60","63,28","62,48","43,01K","0,72%"
"11/01/2006","62,17","61,95","62,94","61,04","68,57K","0,40%"
"10/01/2006","61,92","61,81","62,61","61,53","56,72K","-0,15%"
"09/01/2006","62,01","62,75","63,21","61,41","55,43K","-1,13%"
"06/01/2006","62,72","61,15","63,09","61,15","69,38K","2,60%"
"05/01/2006","61,13","61,68","62,09","61,05","74,87K","-0,89%"
"04/01/2006","61,68","61,35","61,84","60,36","66,43K","0,54%"
"03/01/2006","61,35","59,35","62,05","59,08","70,86K","4,02%"
"30/12/2005","58,98","57,97","59,23","57,56","28,08K","1,57%"
"29/12/2005","58,07","57,69","58,52","57,20","33,88K","0,75%"
"28/12/2005","57,64","56,05","58,08","55,70","46,43K","2,40%"
"27/12/2005","56,29","56,10","56,46","55,52","20,99K","-0,71%"
"23/12/2005","56,69","57,00","57,00","56,04","26,41K","0,25%"
"22/12/2005","56,55","56,24","57,73","56,04","46,22K","-0,30%"
"21/12/2005","56,72","56,17","56,99","55,81","51,47K","0,98%"
"20/12/2005","56,17","56,28","56,66","55,87","48,07K","0,11%"
"19/12/2005","56,11","57,12","57,68","55,91","53,49K","-1,79%"
"16/12/2005","57,13","59,36","59,36","57,06","61,05K","-4,54%"
"15/12/2005","59,85","59,60","60,40","59,20","13,82K","0,42%"
"14/12/2005","59,60","59,56","60,31","59,20","41,80K","0,13%"
"13/12/2005","59,52","59,22","59,98","58,66","60,50K","0,13%"
"12/12/2005","59,44","58,03","59,54","57,60","64,07K","3,72%"
"09/12/2005","57,31","58,90","59,58","57,02","66,13K","-2,32%"
"08/12/2005","58,67","57,15","59,05","56,92","67,76K","2,97%"
"07/12/2005","56,98","58,10","58,44","56,85","74,75K","-1,09%"
"06/12/2005","57,61","57,60","58,16","57,33","57,02K","-0,21%"
"05/12/2005","57,73","57,22","58,57","57,22","75,07K","1,19%"
"02/12/2005","57,05","56,30","57,21","55,71","66,67K","1,60%"
"01/12/2005","56,15","55,00","56,43","54,63","67,88K","2,00%"
"30/11/2005","55,05","54,01","55,22","53,75","67,32K","1,34%"
"29/11/2005","54,32","54,65","55,39","53,92","61,38K","-1,02%"
"28/11/2005","54,88","55,30","55,75","54,20","59,05K","-0,24%"
"25/11/2005","55,01","55,41","55,66","54,89","29,19K","-0,52%"
"24/11/2005","55,30","56,25","56,45","55,20","30,82K","-1,62%"
"23/11/2005","56,21","56,50","56,60","55,50","58,63K","-0,35%"
"22/11/2005","56,41","55,52","56,66","55,52","56,97K","1,93%"
"21/11/2005","55,34","55,25","56,05","54,75","51,19K","0,84%"
"18/11/2005","54,88","54,92","55,23","54,33","57,04K","0,05%"
"17/11/2005","54,85","55,88","56,78","54,74","68,92K","-2,05%"
"16/11/2005","56,00","55,11","56,30","54,75","68,87K","3,61%"
"15/11/2005","54,05","54,75","54,75","53,90","7,99K","-1,24%"
"14/11/2005","54,73","55,25","55,72","54,50","34,91K","-0,47%"
"11/11/2005","54,99","55,57","55,82","54,74","41,02K","-1,24%"
"10/11/2005","55,68","56,51","56,75","55,21","53,20K","-2,11%"
"09/11/2005","56,88","57,81","58,44","56,50","70,01K","-1,61%"
"08/11/2005","57,81","58,20","58,28","57,24","58,26K","-0,40%"
"07/11/2005","58,04","58,90","59,25","57,18","63,56K","-2,04%"
"04/11/2005","59,25","60,55","60,55","58,98","48,05K","-2,10%"
"03/11/2005","60,52","58,36","60,65","58,16","63,55K","3,67%"
"02/11/2005","58,38","58,22","58,82","57,44","68,12K","0,02%"
"01/11/2005","58,37","58,07","58,81","57,58","53,00K","0,46%"
"31/10/2005","58,10","59,24","59,45","57,69","56,15K","-2,22%"
"28/10/2005","59,42","59,20","59,60","58,83","50,57K","0,47%"
"27/10/2005","59,14","58,88","59,62","58,50","62,50K","0,46%"
"26/10/2005","58,87","59,92","60,78","58,80","68,41K","-2,27%"
"25/10/2005","60,24","58,18","60,35","57,83","71,37K","3,43%"
"24/10/2005","58,24","58,01","58,47","57,36","50,42K","-0,41%"
"21/10/2005","58,48","57,70","58,55","57,05","59,49K","0,98%"
"20/10/2005","57,91","58,27","58,88","57,12","65,39K","-1,18%"
"19/10/2005","58,60","58,93","59,65","57,67","74,79K","-1,15%"
"18/10/2005","59,28","60,60","60,60","58,99","67,52K","-2,13%"
"17/10/2005","60,57","60,28","61,12","59,76","72,42K","2,06%"
"14/10/2005","59,35","59,90","60,27","58,90","11,23K","-1,31%"
"13/10/2005","60,14","60,52","60,92","59,47","24,10K","-0,71%"
"12/10/2005","60,57","60,30","61,31","59,92","59,53K","0,82%"
"11/10/2005","60,08","59,08","60,29","58,81","63,48K","2,21%"
"10/10/2005","58,78","59,20","59,66","57,43","47,33K","-0,73%"
"07/10/2005","59,21","59,30","59,30","58,40","47,60K","1,44%"
"06/10/2005","58,37","59,65","59,95","58,24","55,43K","-2,91%"
"05/10/2005","60,12","61,23","62,18","59,73","60,90K","-1,80%"
"04/10/2005","61,22","62,80","62,80","60,31","59,64K","-2,52%"
"03/10/2005","62,80","63,63","63,96","62,39","49,00K","-1,07%"
"30/09/2005","63,48","63,43","63,95","62,37","57,96K","-0,56%"
"29/09/2005","63,84","63,95","64,28","62,08","69,31K","-0,14%"
"28/09/2005","63,93","62,85","64,72","62,54","66,46K","1,52%"
"27/09/2005","62,97","64,04","64,09","62,70","53,93K","-1,50%"
"26/09/2005","63,93","62,16","64,10","61,00","61,14K","2,39%"
"23/09/2005","62,44","64,20","64,45","62,01","68,84K","-3,34%"
"22/09/2005","64,60","65,38","65,78","64,20","70,05K","-0,20%"
"21/09/2005","64,73","64,99","65,80","64,53","74,48K","0,83%"
"20/09/2005","64,20","65,50","65,72","63,18","78,19K","-2,15%"
"19/09/2005","65,61","62,35","65,80","62,11","78,08K","6,15%"
"16/09/2005","61,81","63,31","63,61","61,63","59,03K","-2,14%"
"15/09/2005","63,16","63,41","63,96","62,90","12,85K","-0,33%"
"14/09/2005","63,37","61,80","63,59","61,58","37,78K","2,86%"
"13/09/2005","61,61","61,75","62,33","61,15","51,85K","-0,31%"
"12/09/2005","61,80","62,83","63,10","61,14","51,06K","-1,65%"
"09/09/2005","62,84","63,53","64,16","62,39","56,77K","-0,38%"
"08/09/2005","63,08","63,23","63,74","61,59","63,02K","0,30%"
"07/09/2005","62,89","64,15","65,00","62,58","60,28K","-2,75%"
"06/09/2005","64,67","64,85","66,08","64,20","53,79K","-0,28%"
"05/09/2005","64,85","66,00","66,00","64,43","28,81K","-1,83%"
"02/09/2005","66,06","67,39","67,88","64,83","48,21K","-2,45%"
"01/09/2005","67,72","66,70","67,84","66,65","57,37K","1,04%"
"31/08/2005","67,02","68,05","68,24","65,64","77,96K","-0,81%"
"30/08/2005","67,57","66,65","68,89","66,07","98,47K","4,16%"
"26/08/2005","64,87","65,98","66,65","64,59","52,82K","-2,11%"
"25/08/2005","66,27","66,56","66,56","65,25","62,05K","0,39%"
"24/08/2005","66,01","65,00","66,65","64,29","75,68K","2,10%"
"23/08/2005","64,65","64,39","64,96","63,59","71,12K","0,23%"
"22/08/2005","64,50","64,40","65,38","64,02","55,77K","0,22%"
"19/08/2005","64,36","62,70","64,69","62,50","58,01K","3,14%"
"18/08/2005","62,40","62,45","63,11","61,45","69,25K","-0,26%"
"17/08/2005","62,56","65,00","65,50","62,38","95,11K","-4,36%"
"16/08/2005","65,41","64,90","65,92","64,90","8,70K","-0,26%"
"15/08/2005","65,58","65,73","66,85","64,79","41,11K","-1,31%"
"12/08/2005","66,45","65,55","66,77","65,10","42,20K","1,64%"
"11/08/2005","65,38","64,15","65,66","63,50","71,04K","2,17%"
"10/08/2005","63,99","62,13","64,24","61,94","83,09K","3,24%"
"09/08/2005","61,98","62,75","63,06","61,87","50,59K","-1,15%"
"08/08/2005","62,70","61,30","62,76","61,24","61,18K","2,67%"
"05/08/2005","61,07","60,50","61,24","60,35","52,11K","1,58%"
"04/08/2005","60,12","59,56","60,86","59,56","47,66K","0,79%"
"03/08/2005","59,65","60,72","61,26","59,37","64,12K","-1,60%"
"02/08/2005","60,62","60,45","60,74","59,65","65,48K","0,30%"
"01/08/2005","60,44","59,85","60,98","59,58","60,88K","1,80%"
"29/07/2005","59,37","59,00","59,84","58,95","52,11K","1,04%"
"28/07/2005","58,76","58,01","58,97","57,75","56,89K","1,29%"
"27/07/2005","58,01","57,73","58,50","57,55","68,53K","-0,03%"
"26/07/2005","58,03","57,69","58,65","57,35","58,41K","0,29%"
"25/07/2005","57,86","57,55","58,00","56,56","64,77K","0,49%"
"22/07/2005","57,58","56,10","57,75","55,82","50,98K","3,34%"
"21/07/2005","55,72","56,30","56,68","55,25","64,77K","-1,64%"
"20/07/2005","56,65","57,50","58,30","56,15","72,96K","-1,24%"
"19/07/2005","57,36","57,04","57,53","56,60","59,80K","0,65%"
"18/07/2005","56,99","57,80","58,54","56,49","58,80K","-1,08%"
"15/07/2005","57,61","57,30","58,16","56,50","52,56K","0,52%"
"14/07/2005","57,31","57,95","58,50","56,90","18,23K","-1,65%"
"13/07/2005","58,27","59,01","59,58","57,90","57,59K","-0,94%"
"12/07/2005","58,82","57,65","59,46","57,35","62,30K","2,40%"
"11/07/2005","57,44","57,60","57,79","56,62","52,59K","-1,31%"
"08/07/2005","58,20","59,22","60,36","57,97","58,10K","-1,82%"
"07/07/2005","59,28","60,04","60,70","55,55","79,33K","-0,95%"
"06/07/2005","59,85","58,40","60,01","58,38","61,14K","2,68%"
"05/07/2005","58,29","57,90","58,72","57,85","54,86K","0,60%"
"04/07/2005","57,94","57,65","58,10","57,40","15,50K","0,70%"
"01/07/2005","57,54","55,70","57,92","55,46","45,85K","3,53%"
"30/06/2005","55,58","56,15","56,71","55,04","73,47K","-1,02%"
"29/06/2005","56,15","57,33","57,33","55,86","67,54K","-1,80%"
"28/06/2005","57,18","59,10","59,14","56,85","60,67K","-3,58%"
"27/06/2005","59,30","58,85","59,59","58,70","46,94K","1,61%"
"24/06/2005","58,36","58,32","58,51","57,65","48,64K","0,69%"
"23/06/2005","57,96","56,88","58,55","56,66","63,12K","2,44%"
"22/06/2005","56,58","57,26","58,00","56,38","61,88K","-1,60%"
"21/06/2005","57,50","57,95","58,48","57,30","69,00K","-1,41%"
"20/06/2005","58,32","57,80","58,58","57,30","53,72K","0,97%"
"17/06/2005","57,76","56,40","57,95","56,15","53,28K","2,74%"
"16/06/2005","56,22","55,24","56,39","55,08","57,59K","3,16%"
"15/06/2005","54,50","54,10","55,07","54,02","16,95K","1,43%"
"14/06/2005","53,73","54,61","54,71","53,65","33,66K","-1,92%"
"13/06/2005","54,78","52,55","54,86","52,55","34,73K","4,01%"
"10/06/2005","52,67","53,90","54,30","52,56","40,40K","-2,14%"
"09/06/2005","53,82","51,95","53,95","51,61","47,61K","3,28%"
"08/06/2005","52,11","53,05","54,50","51,95","59,69K","-1,92%"
"07/06/2005","53,13","53,65","53,90","52,72","58,50K","-1,01%"
"06/06/2005","53,67","54,30","54,62","53,12","47,08K","-0,92%"
"03/06/2005","54,17","52,39","54,24","52,39","49,01K","3,38%"
"02/06/2005","52,40","53,05","53,97","52,26","60,69K","-1,63%"
"01/06/2005","53,27","50,85","53,46","50,85","59,03K","5,01%"
"31/05/2005","50,73","50,47","50,86","49,87","56,29K","0,06%"
"27/05/2005","50,70","49,96","50,80","49,82","38,62K","1,08%"
"26/05/2005","50,16","50,08","50,79","49,76","55,35K","0,18%"
"25/05/2005","50,07","48,75","50,58","48,62","72,97K","2,56%"
"24/05/2005","48,82","48,51","49,04","48,05","60,45K","0,93%"
"23/05/2005","48,37","47,91","48,80","47,47","54,67K","0,71%"
"20/05/2005","48,03","48,10","48,51","47,60","60,55K","0,31%"
"19/05/2005","47,88","47,90","48,82","47,80","52,81K","-0,56%"
"18/05/2005","48,15","49,60","49,80","47,95","59,55K","-2,41%"
"17/05/2005","49,34","49,40","49,67","48,60","54,51K","2,68%"
"16/05/2005","48,05","48,36","48,36","47,65","16,96K","-1,25%"
"13/05/2005","48,66","48,25","49,07","47,71","40,56K","0,66%"
"12/05/2005","48,34","49,78","49,78","48,18","46,40K","-3,46%"
"11/05/2005","50,07","51,20","51,38","49,82","54,50K","-2,64%"
"10/05/2005","51,43","51,75","52,43","51,01","51,80K","0,27%"
"09/05/2005","51,29","51,40","51,60","50,41","39,58K","1,02%"
"06/05/2005","50,77","51,65","51,98","50,41","43,58K","-0,70%"
"05/05/2005","51,13","51,22","51,91","50,11","49,78K","0,31%"
"04/05/2005","50,97","50,46","51,49","49,66","56,72K","0,89%"
"03/05/2005","50,52","51,78","51,80","50,45","45,36K","-1,12%"
"29/04/2005","51,09","52,59","53,07","50,35","36,47K","-2,65%"
"28/04/2005","52,48","51,85","52,85","50,96","63,04K","0,36%"
"27/04/2005","52,29","54,15","54,35","51,72","43,93K","-3,42%"
"26/04/2005","54,14","54,25","54,38","53,33","46,71K","-0,48%"
"25/04/2005","54,40","55,54","55,74","54,07","42,94K","-1,04%"
"22/04/2005","54,97","54,25","55,40","54,23","38,05K","1,78%"
"21/04/2005","54,01","53,30","54,30","52,90","38,52K","0,43%"
"20/04/2005","53,78","53,30","54,10","53,02","56,44K","1,59%"
"19/04/2005","52,94","51,00","53,00","50,95","41,69K","4,25%"
"18/04/2005","50,78","51,15","51,73","50,44","42,31K","-1,61%"
"15/04/2005","51,61","52,35","52,35","51,21","43,08K","1,37%"
"14/04/2005","50,91","50,60","51,14","50,40","12,05K","0,85%"
"13/04/2005","50,48","51,35","51,65","50,41","18,15K","-2,89%"
"12/04/2005","51,98","53,30","53,60","51,60","15,49K","-2,31%"
"11/04/2005","53,21","52,80","53,40","51,52","23,79K","0,61%"
"08/04/2005","52,89","53,40","53,90","52,58","25,39K","-2,13%"
"07/04/2005","54,04","55,40","56,48","53,60","26,94K","-2,23%"
"06/04/2005","55,27","55,38","55,92","54,60","33,72K","-0,31%"
"05/04/2005","55,44","56,20","56,65","55,40","37,22K","-1,40%"
"04/04/2005","56,23","56,80","57,65","55,90","39,78K","-0,50%"
"01/04/2005","56,51","54,52","56,60","54,37","34,44K","4,09%"
"31/03/2005","54,29","53,30","54,95","52,84","44,50K","4,22%"
"30/03/2005","52,09","53,23","53,26","51,80","43,82K","-1,77%"
"29/03/2005","53,03","53,00","53,50","52,50","43,17K","-1,67%"
"24/03/2005","53,93","53,00","53,97","53,00","41,00K","1,68%"
"23/03/2005","53,04","54,35","54,40","52,65","56,05K","-2,84%"
"22/03/2005","54,59","55,75","55,75","54,40","33,31K","-1,90%"
"21/03/2005","55,65","55,59","55,87","55,05","38,08K","0,11%"
"18/03/2005","55,59","55,03","55,70","54,80","25,12K","0,96%"
"17/03/2005","55,06","55,05","56,15","54,91","44,10K","0,47%"
"16/03/2005","54,80","53,25","54,95","53,17","11,17K","1,76%"
"15/03/2005","53,85","53,68","54,28","53,05","21,86K","0,35%"
"14/03/2005","53,66","53,09","53,70","52,46","19,70K","1,05%"
"11/03/2005","53,10","52,00","53,40","51,40","22,11K","0,84%"
"10/03/2005","52,66","53,10","53,42","52,10","27,11K","-1,35%"
"09/03/2005","53,38","52,80","54,30","52,67","30,09K","1,02%"
"08/03/2005","52,84","51,75","53,30","51,34","34,62K","1,44%"
"07/03/2005","52,09","51,74","52,20","50,95","31,21K","0,56%"
"04/03/2005","51,80","51,72","52,12","51,30","31,03K","-0,29%"
"03/03/2005","51,95","51,50","53,00","51,12","47,50K","1,43%"
"02/03/2005","51,22","50,10","51,39","49,85","38,18K","2,22%"
"01/03/2005","50,11","50,08","50,32","49,05","73,06K","0,10%"
"28/02/2005","50,06","50,00","50,34","49,45","40,76K","0,91%"
"25/02/2005","49,61","49,39","49,90","48,86","49,67K","0,34%"
"24/02/2005","49,44","48,68","49,75","48,45","54,90K","1,92%"
"23/02/2005","48,51","48,62","48,95","48,10","53,77K","-0,23%"
"22/02/2005","48,62","46,73","48,90","46,55","66,35K","4,04%"
"21/02/2005","46,73","46,45","47,08","46,39","31,56K","0,84%"
"18/02/2005","46,34","45,92","46,50","45,80","35,04K","1,13%"
"17/02/2005","45,82","46,55","46,64","45,50","41,34K","-0,72%"
"16/02/2005","46,15","45,40","46,55","44,95","48,32K","1,67%"
"15/02/2005","45,39","45,47","45,70","45,28","25,93K","-0,31%"
"14/02/2005","45,53","45,07","45,85","44,65","36,94K","1,63%"
"11/02/2005","44,80","44,49","44,92","44,35","18,12K","0,72%"
"10/02/2005","44,48","43,25","44,70","43,17","33,22K","3,13%"
"09/02/2005","43,13","42,70","44,12","42,57","33,77K","0,14%"
"08/02/2005","43,07","42,94","43,38","42,46","31,36K","0,07%"
"07/02/2005","43,04","43,70","43,87","42,76","38,51K","-1,94%"
"04/02/2005","43,89","44,03","44,48","43,66","29,40K","0,09%"
"03/02/2005","43,85","44,13","44,13","43,15","34,15K","-0,36%"
"02/02/2005","44,01","44,70","45,00","43,93","42,84K","-1,81%"
"01/02/2005","44,82","45,48","45,85","44,65","35,04K","-2,40%"
"31/01/2005","45,92","44,50","45,95","43,58","46,08K","2,16%"
"28/01/2005","44,95","46,45","46,48","44,50","40,08K","-3,21%"
"27/01/2005","46,44","46,55","47,35","46,35","38,03K","-0,15%"
"26/01/2005","46,51","46,70","47,00","45,60","44,28K","-0,96%"
"25/01/2005","46,96","45,79","46,99","45,63","41,53K","2,06%"
"24/01/2005","46,01","46,20","46,44","45,05","38,32K","0,61%"
"21/01/2005","45,73","44,33","46,10","44,30","40,67K","3,18%"
"20/01/2005","44,32","44,20","44,67","43,73","41,47K","-0,87%"
"19/01/2005","44,71","45,07","45,37","44,66","39,36K","-1,50%"
"18/01/2005","45,39","45,83","46,35","44,60","58,32K","0,80%"
"17/01/2005","45,03","45,35","45,40","44,77","18,11K","-0,27%"
"14/01/2005","45,15","45,22","45,30","44,86","8,49K","-0,13%"
"13/01/2005","45,21","43,97","45,47","43,79","22,01K","3,50%"
"12/01/2005","43,68","43,40","43,90","42,50","19,56K","1,30%"
"11/01/2005","43,12","42,95","43,65","42,55","29,36K","0,47%"
"10/01/2005","42,92","43,20","44,85","42,90","27,65K","-0,60%"
"07/01/2005","43,18","42,75","43,75","42,20","29,64K","0,77%"
"06/01/2005","42,85","40,43","43,20","39,82","51,63K","5,78%"
"05/01/2005","40,51","40,80","41,00","39,90","42,23K","-1,29%"
"04/01/2005","41,04","39,40","41,25","38,81","40,10K","1,43%"
"31/12/2004","40,46","40,37","40,59","40,20","11,10K","0,22%"
"30/12/2004","40,37","40,08","40,45","39,30","28,08K","3,06%"
"29/12/2004","39,17","38,70","39,60","38,40","40,78K","-2,25%"
"24/12/2004","40,07","40,70","40,80","39,95","10,21K","-1,57%"
"23/12/2004","40,71","40,60","40,85","40,12","22,28K","0,17%"
"22/12/2004","40,64","42,17","42,42","40,50","34,94K","-4,08%"
"21/12/2004","42,37","42,43","42,63","41,80","32,59K","-0,19%"
"20/12/2004","42,45","43,10","43,40","41,90","38,07K","-2,17%"
"17/12/2004","43,39","41,70","43,45","41,21","37,30K","4,68%"
"16/12/2004","41,45","42,11","42,15","41,15","6,72K","-1,82%"
"15/12/2004","42,22","39,45","42,30","39,45","18,37K","7,57%"
"14/12/2004","39,25","38,24","39,30","37,73","23,62K","3,73%"
"13/12/2004","37,84","37,80","38,55","37,00","33,25K","1,23%"
"10/12/2004","37,38","39,85","40,52","37,30","33,30K","-5,77%"
"09/12/2004","39,67","39,03","40,03","38,90","28,95K","2,53%"
"08/12/2004","38,69","38,42","39,25","37,30","44,63K","1,10%"
"07/12/2004","38,27","39,78","39,90","38,05","38,12K","-3,48%"
"06/12/2004","39,65","39,50","40,45","39,30","35,40K","0,74%"
"03/12/2004","39,36","40,10","40,65","38,85","42,90K","-1,97%"
"02/12/2004","40,15","42,40","42,75","39,50","53,89K","-5,11%"
"01/12/2004","42,31","45,35","45,43","42,15","48,75K","-7,03%"
"30/11/2004","45,51","45,62","46,70","44,92","42,57K","-0,52%"
"29/11/2004","45,75","44,70","45,88","44,70","44,38K","2,65%"
"26/11/2004","44,57","44,91","45,05","44,52","19,96K","-0,20%"
"25/11/2004","44,66","45,07","45,51","44,60","21,48K","-0,36%"
"24/11/2004","44,82","44,50","44,95","43,50","39,90K","0,83%"
"23/11/2004","44,45","44,04","45,95","43,84","48,04K","0,16%"
"22/11/2004","44,38","44,95","45,74","44,15","48,57K","-1,14%"
"19/11/2004","44,89","42,78","44,90","42,60","55,48K","5,08%"
"18/11/2004","42,72","42,76","43,40","42,10","51,72K","-0,09%"
"17/11/2004","42,76","42,29","43,12","41,30","55,28K","1,11%"
"16/11/2004","42,29","43,04","43,65","42,20","51,08K","4,83%"
"15/11/2004","40,34","42,19","42,19","40,05","7,31K","-4,66%"
"12/11/2004","42,31","43,40","43,47","42,20","23,27K","-1,65%"
"11/11/2004","43,02","44,55","44,70","42,95","15,77K","-3,87%"
"10/11/2004","44,75","43,46","44,80","43,30","33,62K","2,38%"
"09/11/2004","43,71","46,00","46,28","43,60","38,14K","-4,81%"
"08/11/2004","45,92","46,30","46,30","45,40","28,84K","-1,08%"
"05/11/2004","46,42","45,80","46,62","45,50","34,18K","0,89%"
"04/11/2004","46,01","47,05","47,65","45,90","44,52K","-3,26%"
"03/11/2004","47,56","46,30","47,85","45,45","44,70K","2,17%"
"02/11/2004","46,55","47,06","47,35","46,40","41,92K","-1,08%"
"01/11/2004","47,06","49,20","49,60","46,21","53,72K","-3,92%"
"29/10/2004","48,98","48,00","49,00","47,68","43,93K","1,26%"
"28/10/2004","48,37","48,75","49,75","48,30","64,34K","-2,18%"
"27/10/2004","49,45","51,40","51,94","49,25","65,01K","-4,09%"
"26/10/2004","51,56","50,47","51,60","50,15","43,57K","1,54%"
"25/10/2004","50,78","51,30","51,90","50,45","41,32K","-0,86%"
"22/10/2004","51,22","50,90","51,65","50,90","36,31K","0,99%"
"21/10/2004","50,72","50,55","51,14","50,38","41,28K","0,40%"
"20/10/2004","50,52","48,70","50,62","48,70","56,54K","3,59%"
"19/10/2004","48,77","48,85","48,86","47,90","57,39K","-0,29%"
"18/10/2004","48,91","50,30","50,40","48,37","48,76K","-2,04%"
"15/10/2004","49,93","49,95","50,15","49,44","37,68K","-1,79%"
"14/10/2004","50,84","50,25","50,90","50,00","11,02K","1,58%"
"13/10/2004","50,05","49,62","50,35","48,50","32,02K","0,91%"
"12/10/2004","49,60","50,55","51,50","49,60","27,95K","-2,09%"
"11/10/2004","50,66","49,60","50,70","49,40","33,19K","1,91%"
"08/10/2004","49,71","48,69","49,75","48,15","43,87K","1,66%"
"07/10/2004","48,90","48,10","49,20","48,10","35,35K","1,90%"
"06/10/2004","47,99","47,10","48,10","46,85","43,71K","1,82%"
"05/10/2004","47,13","45,80","47,41","45,80","43,89K","2,04%"
"04/10/2004","46,19","46,25","46,35","45,85","27,82K","-0,92%"
"01/10/2004","46,62","46,20","46,73","45,90","33,04K","0,52%"
"30/09/2004","46,38","46,02","46,72","45,65","34,75K","0,65%"
"29/09/2004","46,08","46,57","46,70","45,05","40,84K","-0,80%"
"28/09/2004","46,45","46,80","46,80","45,95","41,42K","1,13%"
"27/09/2004","45,93","45,70","46,25","45,50","30,36K","1,32%"
"24/09/2004","45,33","44,91","45,35","44,56","34,01K","0,44%"
"23/09/2004","45,13","44,93","45,75","44,35","43,55K","0,45%"
"22/09/2004","44,93","43,45","45,15","43,20","49,05K","3,55%"
"21/09/2004","43,39","43,10","43,78","42,60","38,16K","1,12%"
"20/09/2004","42,91","42,55","43,17","42,10","36,44K","1,08%"
"17/09/2004","42,45","41,00","42,52","40,91","56,32K","4,17%"
"16/09/2004","40,75","40,70","41,15","40,00","56,74K","-2,63%"
"15/09/2004","41,85","41,93","42,30","41,60","10,18K","0,29%"
"14/09/2004","41,73","41,06","42,02","41,06","54,33K","1,63%"
"13/09/2004","41,06","41,05","41,50","40,30","32,00K","2,14%"
"10/09/2004","40,20","42,20","42,60","40,00","42,76K","-4,78%"
"09/09/2004","42,22","40,25","42,30","40,10","50,33K","4,53%"
"08/09/2004","40,39","40,64","41,10","40,06","39,61K","-0,91%"
"07/09/2004","40,76","40,62","40,90","40,25","45,87K","0,34%"
"06/09/2004","40,62","41,30","41,40","40,54","22,68K","-1,48%"
"03/09/2004","41,23","41,70","41,80","41,10","33,31K","-0,82%"
"02/09/2004","41,57","41,40","43,04","41,30","55,54K","0,24%"
"01/09/2004","41,47","39,90","41,85","39,70","44,09K","4,70%"
"31/08/2004","39,61","39,75","39,95","39,20","49,06K","-2,53%"
"27/08/2004","40,64","40,87","40,88","40,20","38,00K","0,77%"
"26/08/2004","40,33","40,80","41,25","39,67","61,69K","-0,86%"
"25/08/2004","40,68","42,55","42,74","40,42","56,25K","-3,88%"
"24/08/2004","42,32","42,80","42,99","42,00","55,31K","-1,65%"
"23/08/2004","43,03","43,88","44,05","42,96","41,89K","-1,17%"
"20/08/2004","43,54","44,50","45,15","43,30","40,92K","-1,78%"
"19/08/2004","44,33","43,25","44,35","43,18","45,20K","3,02%"
"18/08/2004","43,03","42,83","43,40","42,55","50,02K","0,09%"
"17/08/2004","42,99","42,58","43,17","42,15","46,45K","-1,56%"
"16/08/2004","43,67","43,85","44,11","43,30","11,28K","-0,48%"
"13/08/2004","43,88","42,29","43,92","42,00","39,55K","3,76%"
"12/08/2004","42,29","41,50","42,56","41,50","27,96K","1,73%"
"11/08/2004","41,57","41,20","41,70","40,40","40,45K","0,70%"
"10/08/2004","41,28","41,41","41,69","41,11","38,57K","-0,67%"
"09/08/2004","41,56","40,40","41,66","40,27","33,09K","2,29%"
"06/08/2004","40,63","41,35","41,50","40,46","38,13K","-1,19%"
"05/08/2004","41,12","39,85","41,30","39,85","37,74K","3,58%"
"04/08/2004","39,70","40,60","40,99","39,70","49,32K","-2,31%"
"03/08/2004","40,64","40,18","40,75","39,92","40,90K","1,68%"
"02/08/2004","39,97","39,70","40,04","39,54","37,04K","-0,15%"
"30/07/2004","40,03","39,55","40,05","39,45","34,62K","1,99%"
"29/07/2004","39,25","39,25","39,38","38,70","47,28K","-0,71%"
"28/07/2004","39,53","38,40","39,68","38,25","57,13K","2,57%"
"27/07/2004","38,54","38,20","38,73","38,00","36,54K","1,13%"
"26/07/2004","38,11","38,50","38,50","37,75","33,58K","-0,42%"
"23/07/2004","38,27","38,10","38,40","37,85","33,67K","0,68%"
"22/07/2004","38,01","37,20","38,15","37,05","49,92K","2,29%"
"21/07/2004","37,16","37,06","37,66","36,99","36,11K","0,41%"
"20/07/2004","37,01","38,00","38,15","36,96","46,97K","-2,35%"
"19/07/2004","37,90","37,50","38,23","37,50","35,79K","-0,26%"
"16/07/2004","38,00","37,56","38,50","37,25","49,53K","-0,29%"
"15/07/2004","38,11","38,18","38,39","37,86","10,55K","-1,12%"
"14/07/2004","38,54","36,90","38,58","36,60","33,33K","5,04%"
"13/07/2004","36,69","36,40","36,88","36,11","29,35K","0,16%"
"12/07/2004","36,63","36,95","37,70","36,60","33,49K","-1,13%"
"09/07/2004","37,05","37,60","37,80","37,00","33,55K","-1,91%"
"08/07/2004","37,77","36,83","37,80","36,41","54,67K","3,17%"
"07/07/2004","36,61","37,20","37,20","36,26","45,24K","-1,53%"
"06/07/2004","37,18","36,46","37,30","36,46","44,43K","2,42%"
"05/07/2004","36,30","36,10","36,65","36,10","22,36K","1,06%"
"02/07/2004","35,92","35,82","36,35","35,75","35,29K","-0,42%"
"01/07/2004","36,07","34,25","36,45","34,18","57,28K","4,55%"
"30/06/2004","34,50","33,31","34,55","33,26","48,36K","4,20%"
"29/06/2004","33,11","33,48","33,88","33,08","43,97K","-1,75%"
"28/06/2004","33,70","34,60","34,64","33,57","48,62K","-3,63%"
"25/06/2004","34,97","35,20","35,25","34,60","42,54K","-0,93%"
"24/06/2004","35,30","35,12","35,53","35,00","48,14K","0,77%"
"23/06/2004","35,03","35,60","36,00","34,85","70,79K","-1,63%"
"22/06/2004","35,61","35,20","35,70","35,00","48,58K","1,37%"
"21/06/2004","35,13","36,04","36,59","35,05","55,01K","-2,98%"
"18/06/2004","36,21","36,21","36,70","35,81","43,49K","0,00%"
"17/06/2004","36,21","35,34","36,45","35,25","61,84K","2,87%"
"16/06/2004","35,20","35,05","35,48","34,85","49,26K","-0,26%"
"15/06/2004","35,29","35,05","35,90","34,73","8,86K","-0,56%"
"14/06/2004","35,49","35,75","35,90","35,19","34,42K","0,14%"
"11/06/2004","35,44","35,82","35,84","35,42","22,95K","-0,84%"
"10/06/2004","35,74","35,30","35,88","35,30","38,13K","1,28%"
"09/06/2004","35,29","34,75","35,44","34,43","48,81K","0,68%"
"08/06/2004","35,05","35,97","36,55","35,00","56,26K","-2,53%"
"07/06/2004","35,96","35,67","36,05","34,80","43,61K","0,81%"
"04/06/2004","35,67","36,28","36,28","35,65","43,38K","-2,01%"
"03/06/2004","36,40","36,90","37,77","35,50","57,91K","-1,25%"
"02/06/2004","36,86","38,85","38,95","36,82","51,82K","-5,68%"
"01/06/2004","39,08","37,15","39,12","37,15","48,57K","6,83%"
"28/05/2004","36,58","35,96","36,67","35,96","32,68K","0,91%"
"27/05/2004","36,25","36,96","37,07","35,95","60,87K","-2,24%"
"26/05/2004","37,08","37,50","37,90","37,05","49,11K","-0,96%"
"25/05/2004","37,44","37,92","38,19","37,25","48,43K","-1,91%"
"24/05/2004","38,17","36,10","38,20","36,00","64,13K","4,55%"
"21/05/2004","36,51","37,26","37,35","36,35","46,09K","-2,01%"
"20/05/2004","37,26","38,15","38,16","37,25","46,70K","-1,69%"
"19/05/2004","37,90","36,60","37,91","36,40","51,08K","2,57%"
"18/05/2004","36,95","37,45","37,72","36,81","53,90K","-2,53%"
"17/05/2004","37,91","38,25","38,50","37,28","41,99K","-2,19%"
"14/05/2004","38,76","38,30","38,90","38,19","12,19K","0,70%"
"13/05/2004","38,49","37,86","38,53","37,50","44,45K","1,42%"
"12/05/2004","37,95","37,46","38,28","36,96","49,22K","1,58%"
"11/05/2004","37,36","35,80","37,40","35,56","46,30K","3,86%"
"10/05/2004","35,97","36,74","37,00","35,33","58,30K","-2,78%"
"07/05/2004","37,00","36,75","37,18","36,70","35,27K","1,29%"
"06/05/2004","36,53","36,79","37,20","36,40","49,51K","-0,52%"
"05/05/2004","36,72","35,75","36,90","35,50","55,78K","2,20%"
"04/05/2004","35,93","35,22","36,00","34,95","41,19K","4,21%"
"30/04/2004","34,48","34,62","35,00","34,35","38,98K","0,29%"
"29/04/2004","34,38","34,03","34,45","33,65","46,15K","0,20%"
"28/04/2004","34,31","34,12","34,90","33,60","59,39K","0,09%"
"27/04/2004","34,28","33,60","34,45","33,55","56,89K","2,08%"
"26/04/2004","33,58","33,35","33,85","33,25","39,69K","1,48%"
"23/04/2004","33,09","33,30","33,54","32,90","38,21K","-0,90%"
"22/04/2004","33,39","32,58","33,70","32,58","52,23K","2,87%"
"21/04/2004","32,46","32,87","33,08","32,31","57,85K","-1,96%"
"20/04/2004","33,11","33,45","33,45","32,90","51,63K","-1,05%"
"19/04/2004","33,46","33,58","34,20","33,35","42,58K","-0,54%"
"16/04/2004","33,64","33,87","34,05","33,30","44,28K","1,57%"
"15/04/2004","33,12","33,10","33,43","32,78","14,68K","-0,99%"
"14/04/2004","33,45","33,00","33,55","32,42","33,81K","0,78%"
"13/04/2004","33,19","33,70","33,70","33,08","33,80K","-0,45%"
"08/04/2004","33,34","32,50","33,40","32,50","48,35K","2,74%"
"07/04/2004","32,45","31,35","32,74","31,05","46,90K","3,51%"
"06/04/2004","31,35","30,69","31,35","30,30","43,25K","2,15%"
"05/04/2004","30,69","30,80","30,92","30,15","33,64K","1,59%"
"02/04/2004","30,21","30,89","31,17","29,95","56,88K","-4,25%"
"01/04/2004","31,55","32,23","32,23","30,52","45,32K","0,13%"
"31/03/2004","31,51","32,55","33,00","31,15","62,65K","-2,90%"
"30/03/2004","32,45","31,60","32,70","31,52","37,89K","2,24%"
"29/03/2004","31,74","31,66","31,76","31,40","26,07K","-0,78%"
"26/03/2004","31,99","31,90","32,25","31,20","39,99K","0,50%"
"25/03/2004","31,83","32,76","32,83","31,70","56,29K","-3,57%"
"24/03/2004","33,01","33,45","33,60","32,60","42,83K","-0,90%"
"23/03/2004","33,31","32,85","33,45","32,53","41,47K","1,55%"
"22/03/2004","32,80","33,04","33,04","32,43","33,43K","-1,38%"
"19/03/2004","33,26","32,90","33,37","32,81","27,02K","0,39%"
"18/03/2004","33,13","33,40","33,40","32,65","43,83K","-1,19%"
"17/03/2004","33,53","32,60","33,58","32,50","63,17K","0,24%"
"16/03/2004","33,45","33,50","33,55","33,20","19,18K","-1,04%"
"15/03/2004","33,80","32,50","33,82","32,34","39,55K","4,84%"
"12/03/2004","32,24","32,88","33,25","31,65","40,69K","-1,80%"
"11/03/2004","32,83","32,27","32,85","32,13","37,50K","2,63%"
"10/03/2004","31,99","32,45","32,57","31,62","47,06K","-0,74%"
"09/03/2004","32,23","32,95","33,14","32,15","44,13K","-1,65%"
"08/03/2004","32,77","33,51","33,57","32,56","31,11K","-1,74%"
"05/03/2004","33,35","33,07","33,58","33,07","36,07K","1,40%"
"04/03/2004","32,89","32,18","33,05","31,81","31,06K","2,05%"
"03/03/2004","32,23","32,95","33,10","32,00","44,10K","-2,78%"
"02/03/2004","33,15","33,30","33,42","32,90","39,44K","-0,57%"
"01/03/2004","33,34","32,33","33,38","32,15","48,10K","3,44%"
"27/02/2004","32,23","31,59","32,35","31,38","42,78K","2,09%"
"26/02/2004","31,57","31,63","32,00","31,30","43,49K","0,00%"
"25/02/2004","31,57","30,90","31,79","30,70","64,55K","2,47%"
"24/02/2004","30,81","30,95","31,27","30,68","45,82K","0,00%"
"23/02/2004","30,81","30,55","31,08","30,45","40,92K","0,39%"
"20/02/2004","30,69","31,10","31,20","30,00","44,04K","-0,42%"
"19/02/2004","30,82","30,96","31,18","30,75","34,15K","-0,55%"
"18/02/2004","30,99","31,14","31,37","30,85","53,78K","0,98%"
"17/02/2004","30,69","30,55","31,10","30,37","35,44K","1,22%"
"16/02/2004","30,32","30,55","30,63","30,30","18,85K","-0,82%"
"13/02/2004","30,57","29,99","30,78","29,90","51,22K","1,66%"
"12/02/2004","30,07","29,65","30,15","29,57","14,62K","0,67%"
"11/02/2004","29,87","30,00","30,29","29,55","50,23K","-0,57%"
"10/02/2004","30,04","29,29","30,47","29,15","38,52K","3,19%"
"09/02/2004","29,11","29,05","29,18","28,77","30,22K","0,97%"
"06/02/2004","28,83","29,30","29,61","28,61","29,77K","-1,50%"
"05/02/2004","29,27","29,00","29,37","28,44","44,12K","1,35%"
"04/02/2004","28,88","29,55","29,80","28,85","51,40K","-2,10%"
"03/02/2004","29,50","29,91","30,15","29,43","45,60K","-2,41%"
"02/02/2004","30,23","29,00","30,38","28,60","40,98K","3,60%"
"30/01/2004","29,18","29,20","29,55","28,95","44,86K","0,17%"
"29/01/2004","29,13","29,80","29,97","28,81","65,45K","-2,15%"
"28/01/2004","29,77","30,00","30,72","29,47","61,23K","-1,52%"
"27/01/2004","30,23","30,48","30,83","30,05","48,95K","-0,72%"
"26/01/2004","30,45","30,76","30,76","30,10","37,77K","-1,65%"
"23/01/2004","30,96","31,21","31,25","30,75","43,90K","-0,48%"
"22/01/2004","31,11","31,08","31,19","30,20","50,44K","0,81%"
"21/01/2004","30,86","31,13","31,32","30,61","41,07K","-1,18%"
"20/01/2004","31,23","30,80","31,32","30,73","55,24K","2,16%"
"19/01/2004","30,57","30,65","30,70","30,30","22,26K","0,33%"
"16/01/2004","30,47","29,67","30,50","29,45","53,11K","-3,45%"
"15/01/2004","31,56","31,25","31,77","31,25","11,87K","1,71%"
"14/01/2004","31,03","31,42","31,45","30,89","42,70K","-1,08%"
"13/01/2004","31,37","32,02","32,12","31,32","38,53K","-1,23%"
"12/01/2004","31,76","31,43","31,78","30,88","36,78K","1,24%"
"09/01/2004","31,37","31,29","31,80","31,29","36,39K","0,93%"
"08/01/2004","31,08","30,72","31,24","30,55","39,20K","1,04%"
"07/01/2004","30,76","30,64","30,97","30,25","45,10K","-0,19%"
"06/01/2004","30,82","30,72","31,40","30,55","52,35K","-0,23%"
"05/01/2004","30,89","29,65","31,00","29,65","50,06K","5,35%"
"02/01/2004","29,32","29,57","30,01","29,30","13,21K","-2,82%"
"31/12/2003","30,17","29,85","30,20","29,79","13,73K","1,45%"
"30/12/2003","29,74","29,38","30,00","29,38","27,66K","1,47%"
"29/12/2003","29,31","29,50","29,53","29,15","23,57K","0,86%"
"24/12/2003","29,06","29,43","29,55","29,00","13,35K","0,07%"
"23/12/2003","29,04","28,94","29,20","28,47","40,27K","0,17%"
"22/12/2003","28,99","30,00","30,11","28,90","46,38K","-3,53%"
"19/12/2003","30,05","30,80","31,15","30,02","33,05K","-2,44%"
"18/12/2003","30,80","30,80","30,98","30,10","43,71K","0,69%"
"17/12/2003","30,59","30,08","30,90","30,05","44,04K","0,69%"
"16/12/2003","30,38","30,32","30,60","30,00","12,08K","0,20%"
"15/12/2003","30,32","29,61","30,42","29,60","35,88K","-0,16%"
"12/12/2003","30,37","29,70","30,50","29,68","38,08K","2,71%"
"11/12/2003","29,57","29,62","29,72","29,13","32,28K","-0,30%"
"10/12/2003","29,66","29,63","30,30","29,43","45,82K","0,10%"
"09/12/2003","29,63","29,90","29,95","29,49","41,65K","-1,17%"
"08/12/2003","29,98","28,91","30,25","28,89","37,02K","4,31%"
"05/12/2003","28,74","29,15","29,24","28,70","30,75K","-1,68%"
"04/12/2003","29,23","29,37","29,65","28,40","60,86K","0,31%"
"03/12/2003","29,14","28,85","29,20","28,59","40,57K","0,69%"
"02/12/2003","28,94","28,25","29,20","28,11","48,18K","2,44%"
"01/12/2003","28,25","28,43","28,43","27,76","52,24K","-0,70%"
"28/11/2003","28,45","28,66","28,77","28,44","19,37K","-0,87%"
"27/11/2003","28,70","28,50","28,75","28,37","21,67K","0,81%"
"26/11/2003","28,47","28,05","28,52","28,05","44,12K","1,90%"
"25/11/2003","27,94","28,00","28,25","27,40","57,86K","0,29%"
"24/11/2003","27,86","29,01","29,15","27,68","54,29K","-5,11%"
"21/11/2003","29,36","29,75","30,00","29,20","40,90K","-0,68%"
"20/11/2003","29,56","29,58","30,40","29,40","54,20K","-0,74%"
"19/11/2003","29,78","30,22","30,43","29,60","68,19K","-2,26%"
"18/11/2003","30,47","29,00","30,52","28,65","62,58K","4,89%"
"17/11/2003","29,05","29,56","29,56","28,94","35,81K","-1,73%"
"14/11/2003","29,56","29,35","29,75","29,22","46,86K","1,20%"
"13/11/2003","29,21","29,20","29,37","28,95","15,83K","0,03%"
"12/11/2003","29,20","29,05","29,29","28,72","33,38K","0,38%"
"11/11/2003","29,09","29,08","29,18","28,65","50,55K","0,34%"
"10/11/2003","28,99","29,26","29,44","28,82","40,99K","0,28%"
"07/11/2003","28,91","28,48","29,20","28,46","36,28K","1,76%"
"06/11/2003","28,41","28,60","28,92","28,20","50,13K","-0,66%"
"05/11/2003","28,60","27,18","28,70","27,12","48,78K","5,30%"
"04/11/2003","27,16","27,36","27,38","26,97","39,68K","-0,73%"
"03/11/2003","27,36","27,98","28,14","27,30","35,27K","-1,23%"
"31/10/2003","27,70","27,30","27,72","27,23","33,62K","2,21%"
"30/10/2003","27,10","27,40","27,46","26,75","57,27K","-1,24%"
"29/10/2003","27,44","28,10","28,54","27,41","62,11K","-2,14%"
"28/10/2003","28,04","28,28","28,40","28,02","47,18K","-1,23%"
"27/10/2003","28,39","28,66","28,80","28,20","35,47K","-0,66%"
"24/10/2003","28,58","28,80","29,25","28,40","41,94K","-0,17%"
"23/10/2003","28,63","28,40","28,70","27,85","49,92K","1,24%"
"22/10/2003","28,28","28,65","29,00","28,25","56,45K","-1,22%"
"21/10/2003","28,63","28,60","28,99","28,50","41,64K","0,03%"
"20/10/2003","28,62","28,75","28,90","28,05","55,86K","-1,41%"
"17/10/2003","29,03","29,80","30,00","28,55","61,19K","-6,69%"
"16/10/2003","31,11","30,87","31,20","30,80","9,91K","0,78%"
"15/10/2003","30,87","30,40","31,00","30,40","33,16K","0,59%"
"14/10/2003","30,69","30,54","31,20","30,39","27,26K","0,07%"
"13/10/2003","30,67","30,71","30,85","30,42","22,48K","-0,74%"
"10/10/2003","30,90","29,70","31,50","29,70","28,25K","2,52%"
"09/10/2003","30,14","28,60","30,22","28,32","32,75K","4,91%"
"08/10/2003","28,73","28,82","28,99","28,35","35,47K","-1,03%"
"07/10/2003","29,03","28,89","29,13","28,50","29,91K","0,48%"
"06/10/2003","28,89","28,94","29,27","28,77","27,13K","0,63%"
"03/10/2003","28,71","28,23","28,77","27,90","29,90K","1,56%"
"02/10/2003","28,27","27,80","28,78","27,80","44,42K","1,40%"
"01/10/2003","27,88","27,58","27,90","27,33","37,80K","0,98%"
"30/09/2003","27,61","26,83","27,80","26,81","46,14K","2,91%"
"29/09/2003","26,83","26,78","27,05","26,74","29,99K","0,71%"
"26/09/2003","26,64","26,70","26,77","26,40","30,81K","-0,63%"
"25/09/2003","26,81","26,85","27,20","26,74","40,45K","0,52%"
"24/09/2003","26,67","25,50","26,95","25,27","52,08K","4,51%"
"23/09/2003","25,52","25,66","26,00","25,49","39,59K","-0,04%"
"22/09/2003","25,53","25,20","25,70","25,05","34,45K","0,83%"
"19/09/2003","25,32","25,63","25,75","25,10","43,14K","-1,06%"
"18/09/2003","25,59","25,65","25,72","25,25","45,07K","-0,31%"
"17/09/2003","25,67","26,11","26,17","25,50","43,70K","-1,23%"
"16/09/2003","25,99","26,55","26,65","25,87","49,15K","-2,66%"
"15/09/2003","26,70","26,77","26,85","26,50","12,15K","-0,26%"
"12/09/2003","26,77","27,15","27,50","26,25","37,93K","-0,93%"
"11/09/2003","27,02","27,58","27,72","26,92","27,30K","-1,82%"
"10/09/2003","27,52","27,37","27,56","26,92","42,22K","0,55%"
"09/09/2003","27,37","27,13","27,40","27,06","36,51K","0,74%"
"08/09/2003","27,17","27,37","27,37","26,87","40,46K","-0,15%"
"05/09/2003","27,21","27,20","27,45","26,95","35,24K","-0,37%"
"04/09/2003","27,31","27,70","27,87","26,81","51,90K","-1,55%"
"03/09/2003","27,74","27,80","28,00","27,38","57,19K","0,80%"
"02/09/2003","27,52","29,32","29,32","27,43","72,27K","-5,91%"
"01/09/2003","29,25","29,45","29,55","29,06","22,15K","-0,81%"
"29/08/2003","29,49","29,60","29,89","29,46","31,78K","0,17%"
"28/08/2003","29,44","29,38","29,57","29,17","36,08K","0,89%"
"27/08/2003","29,18","29,75","29,77","29,10","41,62K","-1,98%"
"26/08/2003","29,77","29,40","29,84","29,40","40,21K","0,24%"
"22/08/2003","29,70","29,59","29,91","29,55","27,85K","-0,03%"
"21/08/2003","29,71","28,85","30,15","28,85","50,77K","3,02%"
"20/08/2003","28,84","28,46","28,94","28,02","34,80K","1,30%"
"19/08/2003","28,47","28,68","28,90","28,18","33,97K","-0,66%"
"18/08/2003","28,66","29,20","29,30","28,63","29,61K","-0,52%"
"15/08/2003","28,81","29,15","29,38","28,60","30,94K","-0,07%"
"14/08/2003","28,83","28,92","29,25","28,38","13,97K","-0,62%"
"13/08/2003","29,01","29,97","30,11","28,84","58,45K","-2,88%"
"12/08/2003","29,87","29,85","30,20","29,35","43,88K","-0,13%"
"11/08/2003","29,91","29,85","30,05","29,67","36,57K","-0,27%"
"08/08/2003","29,99","30,10","30,58","29,70","43,75K","-0,86%"
"07/08/2003","30,25","29,56","30,30","29,56","35,25K","2,61%"
"06/08/2003","29,48","30,20","30,59","29,30","42,24K","-1,50%"
"05/08/2003","29,93","29,52","30,16","29,38","39,70K","1,35%"
"04/08/2003","29,53","29,63","30,11","29,52","33,45K","-1,53%"
"01/08/2003","29,99","28,45","30,05","28,40","47,49K","5,71%"
"31/07/2003","28,37","28,55","28,87","28,23","38,83K","-0,46%"
"30/07/2003","28,50","28,05","28,58","27,86","42,62K","1,42%"
"29/07/2003","28,10","27,90","28,23","27,76","30,78K","0,25%"
"28/07/2003","28,03","28,00","28,25","27,61","29,35K","-0,53%"
"25/07/2003","28,18","28,05","28,25","27,80","35,45K","0,07%"
"24/07/2003","28,16","27,75","28,25","27,45","41,24K","1,37%"
"23/07/2003","27,78","27,75","27,86","27,29","50,96K","1,05%"
"22/07/2003","27,49","28,50","28,59","27,40","50,83K","-4,18%"
"21/07/2003","28,69","29,00","29,00","28,26","40,75K","-0,83%"
"18/07/2003","28,93","28,70","28,97","28,36","34,81K","1,08%"
"17/07/2003","28,62","28,55","28,74","28,33","42,11K","-0,35%"
"16/07/2003","28,72","29,09","29,22","28,45","11,84K","-1,54%"
"15/07/2003","29,17","29,10","29,20","28,68","31,55K","0,73%"
"14/07/2003","28,96","28,95","29,30","28,65","42,48K","-0,79%"
"11/07/2003","29,19","28,98","29,60","28,65","37,03K","1,07%"
"10/07/2003","28,88","28,71","29,40","28,62","38,01K","0,59%"
"09/07/2003","28,71","27,85","28,80","27,85","37,44K","2,65%"
"08/07/2003","27,97","27,60","28,04","27,21","38,14K","0,54%"
"07/07/2003","27,82","27,85","27,99","27,55","26,83K","0,69%"
"04/07/2003","27,63","28,22","28,50","27,59","27,51K","-2,02%"
"03/07/2003","28,20","28,13","28,76","27,99","42,25K","0,82%"
"02/07/2003","27,97","28,15","28,55","27,92","33,65K","-1,20%"
"01/07/2003","28,31","28,20","28,36","27,65","42,60K","-0,07%"
"30/06/2003","28,33","27,55","28,35","27,10","38,75K","3,77%"
"27/06/2003","27,30","27,15","27,62","27,01","30,35K","0,96%"
"26/06/2003","27,04","27,60","27,65","27,01","38,90K","-2,21%"
"25/06/2003","27,65","26,80","27,75","26,51","51,09K","3,87%"
"24/06/2003","26,62","26,95","26,95","26,55","27,59K","-1,15%"
"23/06/2003","26,93","27,15","27,53","26,67","35,41K","-0,33%"
"20/06/2003","27,02","26,29","27,16","26,29","47,26K","2,78%"
"19/06/2003","26,29","26,15","26,45","25,80","45,69K","0,11%"
"18/06/2003","26,26","26,47","26,51","25,80","61,39K","-1,54%"
"17/06/2003","26,67","26,68","27,10","26,30","36,91K","0,08%"
"16/06/2003","26,65","26,65","26,75","26,11","45,25K","-2,95%"
"13/06/2003","27,46","27,83","28,37","27,10","17,03K","-1,33%"
"12/06/2003","27,83","28,40","28,43","27,68","32,26K","-1,97%"
"11/06/2003","28,39","27,90","28,52","27,78","32,39K","1,10%"
"10/06/2003","28,08","28,17","28,17","27,44","35,60K","0,83%"
"09/06/2003","27,85","27,78","28,20","27,30","34,59K","0,25%"
"06/06/2003","27,78","27,60","27,87","27,30","32,22K","1,24%"
"05/06/2003","27,44","26,60","27,70","26,35","36,34K","2,35%"
"04/06/2003","26,81","27,10","27,57","26,58","38,30K","-1,72%"
"03/06/2003","27,28","27,70","27,70","27,06","41,11K","-0,37%"
"02/06/2003","27,38","26,70","27,54","26,50","47,83K","4,03%"
"30/05/2003","26,32","26,19","26,72","26,00","35,05K","1,11%"
"29/05/2003","26,03","25,65","26,25","25,27","46,92K","1,72%"
"28/05/2003","25,59","26,20","26,35","25,50","37,74K","-2,85%"
"27/05/2003","26,34","26,28","26,71","25,70","41,80K","0,38%"
"23/05/2003","26,24","26,04","26,48","26,02","30,10K","1,04%"
"22/05/2003","25,97","26,15","26,18","25,62","47,03K","-0,92%"
"21/05/2003","26,21","25,75","26,70","25,73","57,08K","2,18%"
"20/05/2003","25,65","25,70","25,85","25,32","48,14K","0,16%"
"19/05/2003","25,61","26,30","26,50","25,41","45,98K","-1,88%"
"16/05/2003","26,10","25,61","26,19","25,30","48,46K","-2,36%"
"15/05/2003","26,73","26,65","27,01","26,53","12,21K","-0,07%"
"14/05/2003","26,75","25,89","26,95","25,73","45,39K","3,28%"
"13/05/2003","25,90","25,39","25,93","25,10","29,67K","4,06%"
"12/05/2003","24,89","25,58","25,90","24,84","51,07K","-0,84%"
"09/05/2003","25,10","24,80","25,47","24,54","46,11K","1,83%"
"08/05/2003","24,65","24,15","24,90","23,94","48,55K","2,24%"
"07/05/2003","24,11","23,85","24,16","23,37","45,78K","2,29%"
"06/05/2003","23,57","24,25","24,29","23,45","41,85K","0,21%"
"02/05/2003","23,52","24,00","24,39","23,34","36,48K","-1,26%"
"01/05/2003","23,82","24,00","24,10","23,71","28,62K","0,59%"
"30/04/2003","23,68","23,35","24,24","23,30","52,36K","1,81%"
"29/04/2003","23,26","23,20","23,40","23,05","41,44K","-1,02%"
"28/04/2003","23,50","23,75","23,93","23,30","39,23K","-2,45%"
"25/04/2003","24,09","24,55","24,65","23,90","51,57K","-0,99%"
"24/04/2003","24,33","24,60","24,66","23,50","61,44K","0,29%"
"23/04/2003","24,26","25,60","25,84","24,16","53,49K","-4,71%"
"22/04/2003","25,46","25,95","26,11","25,40","49,34K","-1,62%"
"17/04/2003","25,88","25,10","25,90","25,10","35,77K","3,44%"
"16/04/2003","25,02","25,22","25,45","24,80","35,68K","-0,71%"
"15/04/2003","25,20","24,90","25,37","24,50","20,13K","0,84%"
"14/04/2003","24,99","24,65","25,08","24,20","34,18K","0,97%"
"11/04/2003","24,75","24,75","24,82","24,03","28,47K","1,14%"
"10/04/2003","24,47","25,10","25,34","24,30","26,54K","-3,09%"
"09/04/2003","25,25","24,80","25,40","24,47","31,31K","2,64%"
"08/04/2003","24,60","24,10","24,88","23,86","30,46K","0,08%"
"07/04/2003","24,58","24,30","24,90","23,40","34,85K","-0,41%"
"04/04/2003","24,68","25,38","25,38","24,30","40,13K","-3,22%"
"03/04/2003","25,50","25,04","25,87","24,53","39,49K","1,15%"
"02/04/2003","25,21","26,18","26,30","25,05","37,61K","-4,36%"
"01/04/2003","26,36","27,56","27,56","26,25","36,96K","-3,02%"
"31/03/2003","27,18","26,36","27,50","26,36","31,66K","3,15%"
"28/03/2003","26,35","27,15","27,74","26,30","35,04K","-1,75%"
"27/03/2003","26,82","25,58","27,00","25,58","48,27K","6,05%"
"26/03/2003","25,29","25,80","25,80","25,05","39,08K","1,93%"
"25/03/2003","24,81","26,40","26,92","24,60","41,17K","-4,91%"
"24/03/2003","26,09","24,50","26,35","24,50","43,66K","7,15%"
"21/03/2003","24,35","25,95","26,00","24,00","56,65K","-4,51%"
"20/03/2003","25,50","26,11","27,50","25,30","57,73K","-4,67%"
"19/03/2003","26,75","27,75","28,00","26,70","52,99K","-1,83%"
"18/03/2003","27,25","28,70","28,80","26,40","57,59K","-7,56%"
"17/03/2003","29,48","30,35","31,65","29,00","41,19K","-6,05%"
"14/03/2003","31,38","32,20","33,33","30,55","11,39K","-3,24%"
"13/03/2003","32,43","33,85","34,06","32,25","29,65K","-4,36%"
"12/03/2003","33,91","32,98","34,01","32,78","29,13K","1,86%"
"11/03/2003","33,29","33,94","34,00","33,05","30,45K","-1,19%"
"10/03/2003","33,69","34,55","34,55","33,63","27,89K","-1,20%"
"07/03/2003","34,10","33,68","34,20","33,41","41,84K","1,70%"
"06/03/2003","33,53","33,30","33,71","33,30","36,81K","1,61%"
"05/03/2003","33,00","33,32","33,80","32,55","36,57K","-0,27%"
"04/03/2003","33,09","32,48","33,50","32,45","38,31K","1,88%"
"03/03/2003","32,48","32,45","32,52","32,01","34,95K","-0,95%"
"28/02/2003","32,79","33,10","33,45","32,75","38,50K","-0,76%"
"27/02/2003","33,04","33,70","33,80","32,80","53,57K","-0,09%"
"26/02/2003","33,07","32,65","33,38","32,45","46,30K","2,32%"
"25/02/2003","32,32","33,55","33,94","32,20","50,12K","-2,50%"
"24/02/2003","33,15","32,55","33,20","32,40","37,25K","2,73%"
"21/02/2003","32,27","31,99","32,50","31,80","37,85K","2,25%"
"20/02/2003","31,56","32,32","32,40","31,54","45,55K","-2,38%"
"19/02/2003","32,33","32,10","32,60","32,05","29,58K","-0,65%"
"18/02/2003","32,54","31,92","32,55","31,68","28,89K","1,94%"
"17/02/2003","31,92","32,66","32,66","31,80","21,39K","-1,78%"
"14/02/2003","32,50","32,60","32,76","32,15","51,68K","-1,69%"
"13/02/2003","33,06","32,68","33,10","32,68","14,02K","1,88%"
"12/02/2003","32,45","32,50","32,83","32,10","34,30K","0,25%"
"11/02/2003","32,37","31,70","32,48","31,58","40,81K","2,11%"
"10/02/2003","31,70","32,60","32,70","31,64","45,88K","-1,98%"
"07/02/2003","32,34","31,75","32,50","31,68","33,26K","2,86%"
"06/02/2003","31,44","31,21","32,00","31,20","41,68K","0,26%"
"05/02/2003","31,36","31,15","31,80","30,70","45,28K","0,87%"
"04/02/2003","31,09","30,46","31,20","30,10","38,64K","2,78%"
"03/02/2003","30,25","30,89","30,92","30,22","30,68K","-2,73%"
"31/01/2003","31,10","31,20","31,39","30,92","32,71K","-0,35%"
"30/01/2003","31,21","30,82","31,28","30,74","34,60K","0,61%"
"29/01/2003","31,02","30,25","31,26","29,84","53,42K","2,48%"
"28/01/2003","30,27","30,30","30,33","30,05","33,68K","1,37%"
"27/01/2003","29,86","30,75","30,75","29,83","39,22K","-2,07%"
"24/01/2003","30,49","29,90","30,53","29,60","49,03K","2,59%"
"23/01/2003","29,72","30,30","30,50","29,61","48,80K","-2,04%"
"22/01/2003","30,34","30,60","30,80","30,15","43,49K","-1,30%"
"21/01/2003","30,74","30,82","31,21","30,00","56,63K","0,29%"
"20/01/2003","30,65","30,75","30,83","30,53","20,67K","0,36%"
"17/01/2003","30,54","30,11","30,70","30,00","43,54K","-3,54%"
"16/01/2003","31,66","31,30","31,80","31,10","13,41K","1,41%"
"15/01/2003","31,22","30,54","31,25","30,51","22,56K","1,99%"
"14/01/2003","30,61","29,95","31,25","29,90","39,53K","1,36%"
"13/01/2003","30,20","29,30","30,45","29,20","25,39K","1,79%"
"10/01/2003","29,67","29,60","30,00","29,10","38,45K","0,10%"
"09/01/2003","29,64","29,27","29,72","28,85","37,75K","2,95%"
"08/01/2003","28,79","29,32","29,32","27,85","49,88K","-1,84%"
"07/01/2003","29,33","29,90","29,95","29,10","44,22K","-2,88%"
"06/01/2003","30,20","30,69","30,88","29,90","49,12K","-1,85%"
"03/01/2003","30,77","29,65","30,80","29,64","35,93K","4,55%"
"02/01/2003","29,43","29,30","29,58","29,00","25,75K","2,69%"
"31/12/2002","28,66","29,00","29,44","28,64","15,23K","-3,37%"
"30/12/2002","29,66","30,60","31,02","29,59","30,47K","-1,66%"
"27/12/2002","30,16","30,30","30,39","29,85","27,94K","1,86%"
"24/12/2002","29,61","29,80","29,82","29,40","13,50K","-0,37%"
"23/12/2002","29,72","28,90","29,85","28,82","29,87K","4,87%"
"20/12/2002","28,34","28,15","28,51","28,08","33,40K","0,43%"
"19/12/2002","28,22","28,85","29,40","28,20","50,95K","-0,95%"
"18/12/2002","28,49","27,81","29,00","27,55","58,04K","2,04%"
"17/12/2002","27,92","28,17","28,17","27,75","31,10K","-1,62%"
"16/12/2002","28,38","27,71","28,40","27,65","17,47K","4,30%"
"13/12/2002","27,21","27,20","27,74","26,94","38,30K","1,27%"
"12/12/2002","26,87","26,35","26,94","26,24","33,54K","2,36%"
"11/12/2002","26,25","26,35","26,72","26,10","37,26K","-0,64%"
"10/12/2002","26,42","25,67","26,48","25,47","37,33K","2,56%"
"09/12/2002","25,76","25,90","25,92","25,61","27,08K","1,18%"
"06/12/2002","25,46","25,90","26,00","25,38","24,74K","-1,32%"
"05/12/2002","25,80","25,32","25,90","25,20","35,29K","2,46%"
"04/12/2002","25,18","25,78","26,00","25,12","38,64K","-2,59%"
"03/12/2002","25,85","25,80","26,10","25,61","51,17K","0,90%"
"02/12/2002","25,62","25,35","25,75","25,17","44,34K","1,83%"
"29/11/2002","25,16","25,08","25,25","24,95","21,47K","0,60%"
"28/11/2002","25,01","25,35","25,37","24,95","15,38K","-0,95%"
"27/11/2002","25,25","25,04","25,42","25,04","41,92K","1,61%"
"26/11/2002","24,85","24,78","25,00","24,67","46,67K","0,73%"
"25/11/2002","24,67","25,51","25,71","24,65","43,91K","-2,14%"
"22/11/2002","25,21","24,85","25,33","24,75","45,93K","1,53%"
"21/11/2002","24,83","24,65","25,06","24,65","46,27K","1,22%"
"20/11/2002","24,53","24,15","24,65","24,07","42,79K","1,87%"
"19/11/2002","24,08","24,60","24,78","24,05","42,91K","-0,82%"
"18/11/2002","24,28","23,59","24,38","23,52","44,17K","3,98%"
"15/11/2002","23,35","23,10","23,39","22,98","34,49K","2,37%"
"14/11/2002","22,81","22,85","23,02","22,56","15,75K","0,48%"
"13/11/2002","22,70","24,00","24,04","22,60","57,26K","-4,30%"
"12/11/2002","23,72","23,84","24,10","23,60","36,13K","-0,29%"
"11/11/2002","23,79","23,75","24,30","23,65","41,56K","0,89%"
"08/11/2002","23,58","23,66","23,92","23,32","49,16K","0,43%"
"07/11/2002","23,48","23,86","24,60","23,25","64,12K","-0,93%"
"06/11/2002","23,70","24,03","24,39","23,60","52,09K","-1,74%"
"05/11/2002","24,12","25,05","25,13","24,10","45,83K","-3,60%"
"04/11/2002","25,02","25,25","25,54","25,00","45,69K","-1,53%"
"01/11/2002","25,41","25,77","26,05","25,40","40,69K","-1,21%"
"31/10/2002","25,72","25,41","25,85","25,38","36,59K","1,66%"
"30/10/2002","25,30","25,36","25,70","25,05","45,66K","-0,04%"
"29/10/2002","25,31","25,68","25,78","25,30","23,48K","-1,44%"
"28/10/2002","25,68","25,60","25,80","25,12","41,50K","0,86%"
"25/10/2002","25,46","26,50","26,62","25,35","52,42K","-3,78%"
"24/10/2002","26,46","26,56","26,81","26,36","34,12K","-0,19%"
"23/10/2002","26,51","26,40","26,75","26,30","39,79K","0,30%"
"22/10/2002","26,43","26,49","26,76","26,15","49,32K","-0,60%"
"21/10/2002","26,59","27,72","27,75","26,52","58,03K","-4,49%"
"18/10/2002","27,84","27,74","27,95","27,65","32,58K","-0,46%"
"17/10/2002","27,97","27,68","28,09","27,55","41,70K","-2,13%"
"16/10/2002","28,58","28,50","28,70","28,34","10,03K","0,28%"
"15/10/2002","28,50","28,36","28,78","28,30","26,06K","0,00%"
"14/10/2002","28,50","28,06","28,54","27,88","21,10K","1,82%"
"11/10/2002","27,99","27,90","28,10","27,85","24,17K","0,90%"
"10/10/2002","27,74","28,00","28,00","27,35","27,11K","-1,39%"
"09/10/2002","28,13","28,09","28,40","27,87","31,44K","0,14%"
"08/10/2002","28,09","28,20","28,20","27,60","32,75K","-0,50%"
"07/10/2002","28,23","28,50","28,60","28,02","29,98K","0,39%"
"04/10/2002","28,12","28,34","28,48","27,90","34,69K","-0,50%"
"03/10/2002","28,26","28,92","29,05","28,15","43,11K","-1,94%"
"02/10/2002","28,82","28,98","29,24","28,73","36,73K","-0,65%"
"01/10/2002","29,01","28,85","29,39","28,70","37,89K","0,90%"
"30/09/2002","28,75","29,30","29,30","28,69","33,37K","-0,45%"
"27/09/2002","28,88","28,91","29,15","28,66","33,71K","-0,03%"
"26/09/2002","28,89","29,10","29,20","28,66","25,38K","-0,58%"
"25/09/2002","29,06","29,02","29,23","28,83","28,92K","-0,17%"
"24/09/2002","29,11","29,45","29,88","28,99","34,28K","-0,07%"
"23/09/2002","29,13","28,86","29,37","28,72","37,42K","2,46%"
"20/09/2002","28,43","28,40","28,70","28,35","27,65K","0,18%"
"19/09/2002","28,38","28,42","28,65","28,09","35,96K","0,21%"
"18/09/2002","28,32","28,17","28,54","28,06","41,31K","1,25%"
"17/09/2002","27,97","27,27","28,08","27,27","45,48K","-1,93%"
"16/09/2002","28,52","28,68","28,68","28,21","31,99K","0,74%"
"13/09/2002","28,31","27,78","28,43","27,62","14,83K","2,09%"
"12/09/2002","27,73","28,51","28,59","27,48","26,76K","-2,32%"
"11/09/2002","28,39","28,38","28,75","28,36","22,49K","-0,66%"
"10/09/2002","28,58","28,57","29,02","28,52","29,05K","0,32%"
"09/09/2002","28,49","28,61","28,65","28,05","22,80K","0,71%"
"06/09/2002","28,29","28,10","28,95","28,07","40,08K","2,28%"
"05/09/2002","27,66","27,48","27,70","27,13","42,41K","2,07%"
"04/09/2002","27,10","26,54","27,35","26,54","38,65K","1,99%"
"03/09/2002","26,57","27,30","27,35","26,45","50,55K","-3,52%"
"02/09/2002","27,54","27,40","27,56","27,25","15,78K","0,25%"
"30/08/2002","27,47","27,35","27,64","27,29","24,03K","-0,18%"
"29/08/2002","27,52","26,85","27,57","26,77","30,82K","2,12%"
"28/08/2002","26,95","27,29","27,29","26,81","40,01K","-0,99%"
"27/08/2002","27,22","27,68","27,92","27,17","46,69K","0,85%"
"23/08/2002","26,99","26,96","27,10","26,79","37,20K","-0,11%"
"22/08/2002","27,02","27,40","27,59","27,00","33,66K","-1,42%"
"21/08/2002","27,41","26,80","27,68","26,77","57,48K","1,14%"
"20/08/2002","27,10","27,30","27,45","27,04","36,66K","-0,59%"
"19/08/2002","27,26","26,80","27,50","26,75","37,52K","0,96%"
"16/08/2002","27,00","26,69","27,20","26,53","37,50K","0,75%"
"15/08/2002","26,80","26,40","26,92","26,32","9,58K","1,59%"
"14/08/2002","26,38","26,59","26,60","26,34","23,11K","0,88%"
"13/08/2002","26,15","25,97","26,28","25,82","27,56K","0,42%"
"12/08/2002","26,04","25,30","26,05","25,00","34,25K","2,76%"
"09/08/2002","25,34","25,19","25,37","24,92","21,89K","0,92%"
"08/08/2002","25,11","24,95","25,20","24,75","26,31K","0,64%"
"07/08/2002","24,95","25,32","25,49","24,76","31,06K","-2,27%"
"06/08/2002","25,53","24,89","25,56","24,84","36,00K","2,57%"
"05/08/2002","24,89","25,35","25,45","24,73","31,61K","-1,66%"
"02/08/2002","25,31","24,90","25,33","24,65","40,28K","1,20%"
"01/08/2002","25,01","25,35","25,63","24,99","34,79K","-1,69%"
"31/07/2002","25,44","25,82","26,01","25,40","38,70K","-0,93%"
"30/07/2002","25,68","25,03","25,82","25,03","39,90K","2,72%"
"29/07/2002","25,00","25,03","25,08","24,80","25,76K","-0,12%"
"26/07/2002","25,03","25,15","25,16","24,80","27,50K","-0,91%"
"25/07/2002","25,26","25,42","25,47","25,05","27,61K","-0,28%"
"24/07/2002","25,33","25,35","25,54","24,65","61,43K","1,16%"
"23/07/2002","25,04","25,46","25,57","24,98","42,26K","-1,49%"
"22/07/2002","25,42","25,23","26,15","25,15","48,52K","-3,82%"
"19/07/2002","26,43","26,11","26,52","25,85","48,10K","0,57%"
"18/07/2002","26,28","26,30","26,40","26,16","27,40K","-0,61%"
"17/07/2002","26,44","26,35","26,50","26,05","38,02K","0,61%"
"16/07/2002","26,28","26,14","26,41","25,90","15,60K","0,84%"
"15/07/2002","26,06","26,50","26,66","26,05","41,23K","-0,99%"
"12/07/2002","26,32","26,10","26,44","26,05","26,39K","1,39%"
"11/07/2002","25,96","25,72","26,07","25,70","19,69K","0,12%"
"10/07/2002","25,93","25,38","26,02","25,31","37,08K","3,02%"
"09/07/2002","25,17","25,10","25,20","24,75","33,27K","0,36%"
"08/07/2002","25,08","25,70","25,75","24,96","30,32K","-2,53%"
"05/07/2002","25,73","25,65","25,75","25,42","10,77K","0,70%"
"04/07/2002","25,55","25,88","25,94","25,50","12,35K","-1,12%"
"03/07/2002","25,84","25,73","25,96","25,52","32,96K","0,35%"
"02/07/2002","25,75","25,61","25,97","25,60","37,00K","0,43%"
"01/07/2002","25,64","25,50","25,72","25,39","29,58K","0,23%"
"28/06/2002","25,58","25,50","25,68","25,18","28,65K","0,51%"
"27/06/2002","25,45","25,24","25,59","25,24","35,48K","0,83%"
"26/06/2002","25,24","25,30","25,35","24,66","40,15K","0,16%"
"25/06/2002","25,20","25,45","25,85","25,15","45,59K","-0,28%"
"24/06/2002","25,27","24,89","25,32","24,76","38,42K","2,10%"
"21/06/2002","24,75","25,15","25,40","24,35","39,44K","-1,28%"
"20/06/2002","25,07","24,72","25,10","24,52","42,93K","2,12%"
"19/06/2002","24,55","24,90","25,20","24,50","45,01K","-0,97%"
"18/06/2002","24,79","25,05","25,10","24,75","26,34K","-1,78%"
"17/06/2002","25,24","25,28","25,64","25,05","37,23K","1,00%"
"14/06/2002","24,99","24,85","25,10","24,35","39,11K","3,87%"
"13/06/2002","24,06","23,75","24,23","23,75","22,40K","2,34%"
"12/06/2002","23,51","23,40","23,70","23,24","35,15K","0,90%"
"11/06/2002","23,30","23,65","23,74","23,22","38,95K","-1,52%"
"10/06/2002","23,66","23,94","24,07","23,62","31,05K","-1,38%"
"07/06/2002","23,99","24,05","24,25","23,90","23,17K","-0,95%"
"06/06/2002","24,22","24,40","24,55","23,63","41,67K","0,17%"
"05/06/2002","24,18","24,10","24,30","24,00","33,05K","-1,10%"
"31/05/2002","24,45","24,30","24,80","24,10","26,66K","1,66%"
"30/05/2002","24,05","24,68","24,68","23,93","45,46K","-4,26%"
"29/05/2002","25,12","24,50","25,18","24,40","38,37K","1,45%"
"28/05/2002","24,76","24,95","25,30","24,75","47,94K","-0,72%"
"27/05/2002","24,94","25,27","25,27","24,91","20,61K","-0,95%"
"24/05/2002","25,18","25,43","25,55","24,98","45,88K","-0,83%"
"23/05/2002","25,39","25,75","25,98","25,35","44,56K","-0,43%"
"22/05/2002","25,50","25,80","25,85","25,35","55,43K","-0,39%"
"21/05/2002","25,60","26,28","26,30","25,50","54,49K","-2,96%"
"20/05/2002","26,38","26,36","26,67","26,15","34,93K","0,08%"
"17/05/2002","26,36","26,64","26,64","25,75","43,21K","0,53%"
"16/05/2002","26,22","26,30","26,61","26,09","17,60K","0,19%"
"15/05/2002","26,17","27,10","27,10","26,15","26,39K","-4,17%"
"14/05/2002","27,31","26,80","27,35","26,80","28,29K","2,75%"
"13/05/2002","26,58","25,90","26,60","25,90","26,29K","0,76%"
"10/05/2002","26,38","25,95","26,56","25,95","22,26K","1,70%"
"09/05/2002","25,94","25,90","26,20","25,58","29,18K","-0,35%"
"08/05/2002","26,03","25,74","26,10","25,40","34,56K","2,44%"
"07/05/2002","25,41","25,40","25,53","24,78","47,75K","-1,32%"
"03/05/2002","25,75","25,54","25,78","24,98","42,23K","1,26%"
"02/05/2002","25,43","25,62","25,65","24,79","52,15K","-1,70%"
"01/05/2002","25,87","26,00","26,20","25,77","39,93K","-2,27%"
"30/04/2002","26,47","26,55","26,71","26,26","39,14K","-0,79%"
"29/04/2002","26,68","25,95","26,73","25,85","26,90K","1,87%"
"26/04/2002","26,19","25,75","26,22","25,63","27,98K","1,00%"
"25/04/2002","25,93","25,65","26,25","25,37","53,92K","0,66%"
"24/04/2002","25,76","25,56","25,78","25,37","36,52K","-0,92%"
"23/04/2002","26,00","26,05","26,15","25,70","47,37K","0,42%"
"22/04/2002","25,89","26,30","26,39","25,32","47,12K","0,15%"
"19/04/2002","25,85","25,40","25,90","25,16","37,85K","0,31%"
"18/04/2002","25,77","25,45","26,05","25,45","50,30K","1,54%"
"17/04/2002","25,38","25,08","25,43","24,82","57,27K","3,25%"
"16/04/2002","24,58","24,10","24,91","24,08","59,81K","-0,49%"
"15/04/2002","24,70","24,62","24,80","24,35","16,33K","1,69%"
"12/04/2002","24,29","24,60","25,00","23,81","33,46K","-3,00%"
"11/04/2002","25,04","25,91","25,91","25,00","25,85K","-3,73%"
"10/04/2002","26,01","25,95","26,30","25,73","26,33K","-0,27%"
"09/04/2002","26,08","26,60","26,70","26,05","27,13K","-3,48%"
"08/04/2002","27,02","26,78","27,43","26,40","34,39K","3,96%"
"05/04/2002","25,99","26,75","27,30","25,30","37,42K","-4,83%"
"04/04/2002","27,31","27,28","28,15","26,80","59,02K","0,15%"
"03/04/2002","27,27","26,98","27,40","26,80","28,56K","-1,41%"
"02/04/2002","27,66","26,36","27,68","26,35","44,78K","6,71%"
"28/03/2002","25,92","25,62","25,95","25,30","36,82K","1,89%"
"27/03/2002","25,44","25,65","25,72","25,32","31,90K","0,51%"
"26/03/2002","25,31","25,14","25,35","24,75","39,74K","0,72%"
"25/03/2002","25,13","25,15","25,17","24,65","25,43K","-0,91%"
"22/03/2002","25,36","25,26","25,68","25,10","35,43K","-0,24%"
"21/03/2002","25,42","24,55","25,58","24,40","35,14K","3,08%"
"20/03/2002","24,66","25,17","25,60","24,60","46,58K","-1,00%"
"19/03/2002","24,91","25,12","25,23","24,73","38,02K","-0,64%"
"18/03/2002","25,07","24,40","25,20","24,16","35,86K","2,12%"
"15/03/2002","24,55","24,15","24,85","24,15","42,93K","2,04%"
"14/03/2002","24,06","23,80","24,23","23,46","16,75K","0,71%"
"13/03/2002","23,89","24,20","24,25","23,60","21,80K","0,80%"
"12/03/2002","23,70","23,67","23,90","23,37","19,95K","-0,80%"
"11/03/2002","23,89","23,80","24,05","23,53","23,14K","2,40%"
"08/03/2002","23,33","23,05","23,35","22,65","32,56K","0,13%"
"07/03/2002","23,30","23,10","24,15","22,90","48,93K","2,55%"
"06/03/2002","22,72","22,91","23,00","22,18","36,55K","-0,31%"
"05/03/2002","22,79","22,15","22,92","22,10","44,43K","3,87%"
"04/03/2002","21,94","21,85","22,02","21,62","31,24K","0,23%"
"01/03/2002","21,89","21,35","22,25","21,20","51,92K","2,63%"
"28/02/2002","21,33","20,90","21,40","20,85","44,56K","2,30%"
"27/02/2002","20,85","20,80","21,32","20,63","51,02K","-0,05%"
"26/02/2002","20,86","19,85","21,06","19,85","47,06K","4,40%"
"25/02/2002","19,98","20,30","20,34","19,96","34,86K","-1,91%"
"22/02/2002","20,37","20,37","20,57","20,20","26,09K","0,00%"
"21/02/2002","20,37","20,30","20,66","20,03","37,78K","2,57%"
"20/02/2002","19,86","20,30","20,30","19,80","29,17K","-3,22%"
"19/02/2002","20,52","20,35","20,70","20,31","28,17K","0,93%"
"18/02/2002","20,33","20,87","20,89","20,30","16,27K","-2,59%"
"15/02/2002","20,87","21,00","21,08","20,65","29,77K","0,24%"
"14/02/2002","20,82","21,05","21,40","20,80","43,26K","0,58%"
"13/02/2002","20,70","20,35","21,00","20,28","22,64K","1,17%"
"12/02/2002","20,46","21,30","21,38","20,40","34,17K","-4,57%"
"11/02/2002","21,44","19,65","21,71","19,50","51,03K","8,72%"
"08/02/2002","19,72","19,35","19,80","19,28","28,06K","2,65%"
"07/02/2002","19,21","19,25","19,27","18,85","30,87K","-0,52%"
"06/02/2002","19,31","19,60","19,77","19,25","39,37K","-1,28%"
"05/02/2002","19,56","19,77","19,77","19,30","30,74K","-1,26%"
"04/02/2002","19,81","19,80","19,92","19,60","33,80K","-0,85%"
"01/02/2002","19,98","19,36","20,03","18,80","55,58K","4,17%"
"31/01/2002","19,18","19,00","19,22","18,75","34,51K","2,08%"
"30/01/2002","18,79","18,92","19,05","18,38","48,27K","-2,34%"
"29/01/2002","19,24","19,50","19,53","19,08","33,17K","-2,09%"
"28/01/2002","19,65","19,60","19,75","19,40","30,63K","1,45%"
"25/01/2002","19,37","19,35","19,60","18,77","32,97K","1,25%"
"24/01/2002","19,13","19,19","19,25","18,70","37,01K","-0,31%"
"23/01/2002","19,19","18,86","19,29","18,86","35,12K","2,35%"
"22/01/2002","18,75","18,60","19,25","18,56","48,16K","0,97%"
"21/01/2002","18,57","18,52","18,66","18,41","14,83K","0,65%"
"18/01/2002","18,45","18,60","18,80","18,30","28,18K","0,22%"
"17/01/2002","18,41","19,15","19,38","18,23","53,49K","-4,91%"
"16/01/2002","19,36","19,32","19,44","18,94","18,66K","-1,73%"
"15/01/2002","19,70","19,88","20,10","19,67","14,40K","-0,40%"
"14/01/2002","19,78","20,60","20,68","19,60","18,97K","-5,18%"
"11/01/2002","20,86","21,22","21,25","20,60","16,78K","-2,02%"
"10/01/2002","21,29","20,90","21,30","20,45","19,22K","1,91%"
"09/01/2002","20,89","21,40","21,55","20,85","23,98K","-5,13%"
"08/01/2002","22,02","21,94","22,15","21,55","27,08K","-0,05%"
"07/01/2002","22,03","22,00","22,40","21,65","70,39K","-0,68%"
"04/01/2002","22,18","20,90","22,20","20,90","35,50K","7,36%"
"03/01/2002","20,66","21,00","21,10","20,62","33,34K","-1,62%"
"02/01/2002","21,00","19,46","21,00","19,46","31,01K","5,53%"
"31/12/2001","19,90","20,20","20,23","19,85","7,50K","-1,97%"
"28/12/2001","20,30","20,78","20,90","20,25","25,67K","-0,20%"
"27/12/2001","20,34","20,88","20,88","19,98","26,85K","5,17%"
"24/12/2001","19,34","19,58","19,68","19,32","7,54K","-0,10%"
"21/12/2001","19,36","19,25","19,55","19,20","25,82K","1,20%"
"20/12/2001","19,13","19,40","19,86","19,04","36,81K","-1,75%"
"19/12/2001","19,47","19,25","19,76","19,25","35,39K","1,51%"
"18/12/2001","19,18","19,05","19,39","18,86","27,83K","0,63%"
"17/12/2001","19,06","19,05","19,38","18,65","33,70K","3,70%"
"14/12/2001","18,38","18,03","18,50","17,97","22,61K","3,26%"
"13/12/2001","17,80","18,09","18,38","17,73","23,73K","-2,20%"
"12/12/2001","18,20","17,85","18,55","17,70","28,73K","1,62%"
"11/12/2001","17,91","18,20","18,21","17,80","32,85K","-1,43%"
"10/12/2001","18,17","18,70","18,70","18,10","21,18K","-4,52%"
"07/12/2001","19,03","18,47","19,20","17,75","32,53K","3,48%"
"06/12/2001","18,39","19,33","19,75","18,12","32,16K","-4,32%"
"05/12/2001","19,22","19,20","20,25","19,15","35,64K","-0,36%"
"04/12/2001","19,29","19,85","20,04","19,26","38,89K","-2,13%"
"03/12/2001","19,71","18,92","19,98","18,65","38,08K","2,98%"
"30/11/2001","19,14","18,45","19,18","17,98","29,79K","3,97%"
"29/11/2001","18,41","18,90","18,90","18,20","35,43K","-1,50%"
"28/11/2001","18,69","18,84","19,05","18,50","34,23K","-1,74%"
"27/11/2001","19,02","18,48","19,22","18,15","42,33K","3,59%"
"26/11/2001","18,36","18,60","18,90","18,10","32,17K","-4,77%"
"23/11/2001","19,28","19,90","20,02","18,60","26,76K","-3,12%"
"22/11/2001","19,90","18,80","20,08","18,70","41,56K","6,25%"
"21/11/2001","18,73","19,00","19,20","18,55","38,02K","-0,11%"
"20/11/2001","18,75","17,79","19,12","17,79","51,77K","4,11%"
"19/11/2001","18,01","17,40","18,05","16,65","38,00K","1,46%"
"16/11/2001","17,75","17,63","18,10","17,25","44,71K","0,40%"
"15/11/2001","17,68","17,99","18,80","16,80","13,77K","-5,71%"
"14/11/2001","18,75","20,32","20,32","18,65","41,84K","-9,90%"
"13/11/2001","20,81","20,40","21,05","20,00","28,25K","2,06%"
"12/11/2001","20,39","21,63","21,63","19,85","30,75K","-4,63%"
"09/11/2001","21,38","20,35","21,65","20,35","38,25K","5,42%"
"08/11/2001","20,28","19,50","20,37","19,50","46,50K","4,91%"
"07/11/2001","19,33","19,05","19,52","18,85","27,30K","1,36%"
"06/11/2001","19,07","19,45","19,46","18,81","23,51K","-1,90%"
"05/11/2001","19,44","19,72","19,95","19,16","26,33K","-1,67%"
"02/11/2001","19,77","19,80","19,85","19,04","41,07K","0,76%"
"01/11/2001","19,62","20,35","20,50","19,55","37,03K","-3,68%"
"31/10/2001","20,37","21,00","21,00","20,05","38,99K","-2,58%"
"30/10/2001","20,91","21,11","21,21","20,86","32,76K","-0,90%"
"29/10/2001","21,10","21,25","21,52","20,95","29,61K","0,38%"
"26/10/2001","21,02","21,15","21,25","20,92","25,27K","0,05%"
"25/10/2001","21,01","21,32","21,55","21,00","40,63K","-1,18%"
"24/10/2001","21,26","20,75","21,51","20,53","51,18K","1,53%"
"23/10/2001","20,94","21,16","21,57","20,93","37,96K","-0,52%"
"22/10/2001","21,05","21,33","21,59","20,95","25,96K","-1,41%"
"19/10/2001","21,35","20,80","21,55","20,48","31,33K","3,54%"
"18/10/2001","20,62","21,00","21,02","20,32","37,22K","-1,76%"
"17/10/2001","20,99","21,70","21,70","20,84","34,36K","-3,27%"
"16/10/2001","21,70","21,63","21,93","21,45","8,20K","0,09%"
"15/10/2001","21,68","21,70","21,90","21,44","18,49K","-0,23%"
"12/10/2001","21,73","22,95","23,02","21,22","30,14K","-3,25%"
"11/10/2001","22,46","22,25","22,70","22,15","25,51K","2,04%"
"10/10/2001","22,01","21,80","22,45","21,77","20,92K","0,59%"
"09/10/2001","21,88","21,77","22,00","21,60","19,61K","1,44%"
"08/10/2001","21,57","21,80","22,10","21,53","24,59K","-0,28%"
"05/10/2001","21,63","22,32","22,82","21,60","33,76K","-2,35%"
"04/10/2001","22,15","21,65","22,38","21,53","37,83K","2,93%"
"03/10/2001","21,52","21,82","21,94","21,29","32,65K","-2,40%"
"02/10/2001","22,05","22,79","22,79","22,02","30,57K","-3,67%"
"01/10/2001","22,89","23,20","23,25","22,25","27,38K","-1,59%"
"28/09/2001","23,26","23,13","23,33","22,92","33,15K","2,06%"
"27/09/2001","22,79","22,80","23,12","22,15","38,45K","-0,91%"
"26/09/2001","23,00","22,00","23,05","20,70","59,05K","2,77%"
"25/09/2001","22,38","22,50","23,15","21,35","54,48K","1,63%"
"24/09/2001","22,02","25,10","25,16","21,70","77,07K","-13,44%"
"21/09/2001","25,44","26,00","26,48","25,29","45,35K","-1,85%"
"20/09/2001","25,92","26,40","26,86","25,83","50,07K","-1,52%"
"19/09/2001","26,32","27,38","27,60","25,65","64,69K","-3,48%"
"18/09/2001","27,27","28,50","28,52","27,20","56,46K","-3,91%"
"17/09/2001","28,38","29,43","29,80","28,35","65,67K","-3,57%"
"14/09/2001","29,43","28,45","29,82","28,45","44,31K","4,73%"
"13/09/2001","28,10","27,74","28,18","27,55","15,67K","0,29%"
"12/09/2001","28,02","29,10","29,50","28,00","34,93K","-3,58%"
"11/09/2001","29,06","27,39","31,05","27,25","49,53K","5,87%"
"10/09/2001","27,45","27,60","27,75","27,40","29,51K","-0,87%"
"07/09/2001","27,69","26,95","27,80","26,90","47,58K","2,71%"
"06/09/2001","26,96","26,33","27,00","26,32","40,71K","2,43%"
"05/09/2001","26,32","26,24","26,60","26,06","27,41K","0,23%"
"04/09/2001","26,26","26,52","26,60","26,13","32,17K","-1,06%"
"03/09/2001","26,54","26,50","26,68","26,50","12,84K","0,49%"
"31/08/2001","26,41","26,15","26,47","26,15","18,82K","1,23%"
"30/08/2001","26,09","26,40","26,42","26,03","30,14K","-1,66%"
"29/08/2001","26,53","26,57","26,79","26,20","39,59K","0,23%"
"28/08/2001","26,47","25,85","26,55","25,80","30,99K","2,00%"
"24/08/2001","25,95","25,84","26,20","25,62","38,93K","1,37%"
"23/08/2001","25,60","25,30","25,70","25,26","31,53K","1,03%"
"22/08/2001","25,34","25,90","25,94","25,33","35,42K","-0,59%"
"21/08/2001","25,49","25,24","25,55","25,02","30,15K","1,76%"
"20/08/2001","25,05","24,68","25,15","24,50","28,96K","1,29%"
"17/08/2001","24,73","25,74","25,85","24,65","45,43K","-3,21%"
"16/08/2001","25,55","25,55","25,75","25,45","9,16K","0,00%"
"15/08/2001","25,55","26,10","26,33","25,51","29,21K","-1,69%"
"14/08/2001","25,99","25,95","26,04","25,75","19,18K","0,43%"
"13/08/2001","25,88","26,15","26,28","25,80","25,76K","-0,38%"
"10/08/2001","25,98","25,89","26,40","25,86","24,75K","1,17%"
"09/08/2001","25,68","25,70","25,92","25,51","14,17K","-0,08%"
"08/08/2001","25,70","26,28","26,41","25,57","28,48K","-1,46%"
"07/08/2001","26,08","25,80","26,55","25,80","26,40K","0,97%"
"06/08/2001","25,83","25,62","25,88","25,60","16,89K","0,54%"
"03/08/2001","25,69","26,09","26,09","25,60","23,98K","-1,68%"
"02/08/2001","26,13","24,97","26,18","24,97","36,22K","4,69%"
"01/08/2001","24,96","25,09","25,20","24,70","26,06K","1,09%"
"31/07/2001","24,69","24,87","25,10","24,67","18,93K","-1,08%"
"30/07/2001","24,96","25,19","25,19","24,90","15,99K","-0,91%"
"27/07/2001","25,19","25,20","25,36","24,70","32,08K","0,20%"
"26/07/2001","25,14","25,32","25,51","25,10","27,23K","-0,44%"
"25/07/2001","25,25","25,00","25,45","24,95","39,40K","1,41%"
"24/07/2001","24,90","25,00","25,08","24,85","23,87K","-0,08%"
"23/07/2001","24,92","25,10","25,18","24,75","26,94K","1,14%"
"20/07/2001","24,64","24,35","24,80","24,15","31,42K","2,45%"
"19/07/2001","24,05","24,22","24,92","23,97","51,31K","-0,70%"
"18/07/2001","24,22","24,65","24,90","24,20","43,51K","-2,69%"
"17/07/2001","24,89","24,95","25,54","24,87","37,18K","0,44%"
"16/07/2001","24,78","24,95","25,00","24,56","9,73K","-0,76%"
"13/07/2001","24,97","25,30","25,30","24,94","33,03K","-0,68%"
"12/07/2001","25,14","25,25","25,28","24,53","33,73K","-1,49%"
"11/07/2001","25,52","25,62","25,92","25,25","32,00K","-1,58%"
"10/07/2001","25,93","26,18","26,26","25,75","29,78K","-0,84%"
"09/07/2001","26,15","26,70","26,76","26,15","28,19K","-2,46%"
"06/07/2001","26,81","25,84","26,90","25,81","34,20K","3,75%"
"05/07/2001","25,84","25,90","25,95","25,30","26,33K","0,16%"
"04/07/2001","25,80","25,50","25,85","25,50","10,66K","1,74%"
"03/07/2001","25,36","25,55","25,61","25,07","29,64K","-1,09%"
"02/07/2001","25,64","26,30","26,42","25,10","31,89K","-1,69%"
"29/06/2001","26,08","25,60","26,10","25,42","32,96K","2,68%"
"28/06/2001","25,40","25,68","25,77","24,91","50,51K","-1,01%"
"27/06/2001","25,66","26,55","26,68","25,24","51,64K","-4,93%"
"26/06/2001","26,99","27,25","27,31","26,70","30,34K","-0,30%"
"25/06/2001","27,07","26,65","27,08","26,65","24,26K","1,81%"
"22/06/2001","26,59","26,48","26,94","26,22","30,43K","1,10%"
"21/06/2001","26,30","26,24","26,47","25,87","44,28K","0,80%"
"20/06/2001","26,09","26,88","27,15","26,05","49,74K","-3,30%"
"19/06/2001","26,98","27,10","27,34","26,72","41,24K","-0,11%"
"18/06/2001","27,01","28,08","28,08","26,97","40,11K","-3,95%"
"15/06/2001","28,12","28,57","28,57","27,98","36,10K","-4,97%"
"14/06/2001","29,59","29,13","29,82","29,04","11,80K","0,85%"
"13/06/2001","29,34","29,79","29,83","29,25","16,72K","-0,41%"
"12/06/2001","29,46","29,60","29,62","29,03","20,05K","-0,37%"
"11/06/2001","29,57","29,72","30,00","29,44","19,74K","0,44%"
"08/06/2001","29,44","28,45","29,50","28,45","19,39K","3,30%"
"07/06/2001","28,50","28,84","28,84","28,43","27,60K","-1,59%"
"06/06/2001","28,96","29,18","29,25","28,70","22,17K","-2,43%"
"05/06/2001","29,68","29,32","29,69","28,93","29,04K","1,44%"
"04/06/2001","29,26","29,43","29,71","29,03","33,08K","0,65%"
"01/06/2001","29,07","29,27","29,27","28,70","28,28K","-0,92%"
"31/05/2001","29,34","28,89","29,35","28,38","30,99K","0,69%"
"30/05/2001","29,14","29,28","29,30","28,88","34,74K","-0,10%"
"29/05/2001","29,17","28,47","29,23","28,42","33,98K","2,42%"
"25/05/2001","28,48","28,43","28,65","28,38","27,67K","-0,18%"
"24/05/2001","28,53","29,17","29,48","28,20","54,77K","-2,43%"
"23/05/2001","29,24","29,28","29,40","29,05","30,24K","-0,41%"
"22/05/2001","29,36","29,50","29,60","29,31","29,74K","-0,20%"
"21/05/2001","29,42","29,68","29,68","29,22","33,97K","0,10%"
"18/05/2001","29,39","28,60","29,45","28,58","35,10K","3,27%"
"17/05/2001","28,46","28,30","28,55","28,16","25,53K","0,35%"
"16/05/2001","28,36","28,16","28,88","27,95","9,44K","0,71%"
"15/05/2001","28,16","28,35","28,40","27,96","18,33K","-0,42%"
"14/05/2001","28,28","28,19","28,36","27,78","15,43K","0,32%"
"11/05/2001","28,19","28,40","28,45","28,12","13,91K","-1,02%"
"10/05/2001","28,48","28,50","28,80","28,00","20,26K","1,17%"
"09/05/2001","28,15","28,09","28,18","27,50","21,97K","0,90%"
"08/05/2001","27,90","27,60","28,05","27,60","23,11K","-1,03%"
"04/05/2001","28,19","28,25","28,37","27,90","25,08K","0,43%"
"03/05/2001","28,07","27,70","28,15","27,01","40,74K","1,74%"
"02/05/2001","27,59","27,80","27,89","27,51","34,38K","-2,61%"
"01/05/2001","28,33","27,62","28,40","27,62","26,00K","1,58%"
"30/04/2001","27,89","27,90","28,48","27,52","34,56K","0,36%"
"27/04/2001","27,79","27,70","28,00","27,57","28,47K","0,69%"
"26/04/2001","27,60","26,98","27,95","26,90","39,95K","2,91%"
"25/04/2001","26,82","26,22","26,90","26,20","32,37K","1,90%"
"24/04/2001","26,32","26,75","26,92","26,30","36,15K","-0,87%"
"23/04/2001","26,55","26,35","26,83","26,35","28,43K","0,61%"
"20/04/2001","26,39","26,90","26,95","26,35","30,51K","-1,64%"
"19/04/2001","26,83","27,30","27,42","26,68","32,51K","-1,69%"
"18/04/2001","27,29","27,20","27,40","26,80","41,67K","-1,23%"
"17/04/2001","27,63","27,95","28,25","27,51","40,31K","0,95%"
"12/04/2001","27,37","27,07","27,87","27,05","50,96K","3,17%"
"11/04/2001","26,53","26,25","26,75","26,19","6,18K","-0,04%"
"10/04/2001","26,54","25,57","26,77","25,46","30,75K","4,98%"
"09/04/2001","25,28","25,15","25,58","25,08","21,65K","0,44%"
"06/04/2001","25,17","25,28","25,37","25,04","18,84K","-0,59%"
"05/04/2001","25,32","25,26","25,95","25,09","31,96K","0,00%"
"04/04/2001","25,32","25,17","25,48","25,06","42,62K","2,22%"
"03/04/2001","24,77","24,25","24,80","24,16","30,81K","2,74%"
"02/04/2001","24,11","24,85","24,90","24,10","24,04K","-2,55%"
"30/03/2001","24,74","25,00","25,05","24,55","23,25K","0,98%"
"29/03/2001","24,50","24,80","25,20","24,33","44,61K","-3,05%"
"28/03/2001","25,27","25,65","25,95","25,25","32,46K","-2,39%"
"27/03/2001","25,89","25,55","25,97","25,54","28,47K","1,93%"
"26/03/2001","25,40","25,54","25,80","25,36","26,79K","0,08%"
"23/03/2001","25,38","24,90","25,58","24,80","38,60K","3,05%"
"22/03/2001","24,63","25,10","25,28","24,60","32,85K","-1,48%"
"21/03/2001","25,00","24,55","25,20","24,50","38,34K","1,54%"
"20/03/2001","24,62","24,81","25,19","24,60","32,92K","-0,77%"
"19/03/2001","24,81","25,30","25,40","24,73","32,38K","-0,96%"
"16/03/2001","25,05","25,09","25,95","25,00","43,60K","3,56%"
"15/03/2001","24,19","24,15","24,54","23,90","12,86K","1,09%"
"14/03/2001","23,93","25,15","25,56","23,75","26,14K","-5,34%"
"13/03/2001","25,28","25,95","25,95","25,25","20,28K","-2,39%"
"12/03/2001","25,90","26,10","26,25","25,88","23,21K","-1,63%"
"09/03/2001","26,33","26,59","26,68","26,25","18,66K","-1,31%"
"08/03/2001","26,68","27,10","27,25","26,65","25,47K","-2,02%"
"07/03/2001","27,23","26,63","27,25","26,42","28,81K","2,83%"
"06/03/2001","26,48","26,79","26,81","26,32","21,45K","-0,86%"
"05/03/2001","26,71","26,18","26,90","26,18","22,00K","2,73%"
"02/03/2001","26,00","26,01","26,32","25,90","22,80K","0,58%"
"01/03/2001","25,85","25,70","25,95","25,40","24,35K","1,10%"
"28/02/2001","25,57","25,95","26,42","25,50","34,01K","-1,73%"
"27/02/2001","26,02","25,95","26,32","25,70","30,55K","-0,34%"
"26/02/2001","26,11","26,50","26,67","26,05","34,72K","-1,55%"
"23/02/2001","26,52","26,45","27,05","26,28","35,41K","0,23%"
"22/02/2001","26,46","26,70","26,80","26,05","30,65K","0,34%"
"21/02/2001","26,37","26,74","26,85","26,25","23,02K","-0,94%"
"20/02/2001","26,62","27,34","27,46","26,60","27,62K","-2,53%"
"19/02/2001","27,31","27,40","27,62","27,07","16,18K","1,56%"
"16/02/2001","26,89","26,85","27,05","26,82","19,64K","0,94%"
"15/02/2001","26,64","27,00","27,18","26,35","41,05K","-2,35%"
"14/02/2001","27,28","27,56","28,26","27,22","39,53K","-4,15%"
"13/02/2001","28,46","28,85","29,00","28,35","15,55K","-1,86%"
"12/02/2001","29,00","29,30","29,39","28,75","19,27K","-0,85%"
"09/02/2001","29,25","30,00","30,00","29,23","15,81K","-1,98%"
"08/02/2001","29,84","29,70","30,36","28,99","20,88K","-0,23%"
"07/02/2001","29,91","28,60","29,95","28,60","22,61K","4,22%"
"06/02/2001","28,70","28,25","28,89","28,25","15,12K","0,88%"
"05/02/2001","28,45","29,20","29,20","28,08","21,10K","-2,54%"
"02/02/2001","29,19","27,90","29,30","27,70","27,33K","3,88%"
"01/02/2001","28,10","26,55","28,25","26,35","37,55K","5,40%"
"31/01/2001","26,66","27,10","27,22","26,31","36,55K","-0,86%"
"30/01/2001","26,89","26,58","27,08","26,30","30,97K","1,09%"
"29/01/2001","26,60","26,85","27,48","26,25","39,54K","-1,41%"
"26/01/2001","26,98","26,50","27,00","26,20","22,35K","1,97%"
"25/01/2001","26,46","26,30","26,52","25,94","25,80K","0,76%"
"24/01/2001","26,26","26,50","26,79","25,83","36,41K","-1,54%"
"23/01/2001","26,67","26,40","26,72","26,20","36,74K","0,53%"
"22/01/2001","26,53","26,90","27,28","26,50","30,92K","-1,89%"
"19/01/2001","27,04","25,50","27,16","25,38","39,38K","5,54%"
"18/01/2001","25,62","24,90","25,70","24,55","36,14K","3,35%"
"17/01/2001","24,79","25,69","25,75","24,33","48,77K","-5,38%"
"16/01/2001","26,20","26,18","26,50","26,03","10,60K","0,08%"
"15/01/2001","26,18","25,98","26,28","25,75","13,48K","1,67%"
"12/01/2001","25,75","25,80","25,85","25,59","15,52K","0,55%"
"11/01/2001","25,61","25,55","25,90","25,20","24,68K","1,07%"
"10/01/2001","25,34","24,78","25,40","24,42","29,65K","3,05%"
"09/01/2001","24,59","24,50","24,83","24,12","33,45K","0,65%"
"08/01/2001","24,43","25,33","25,63","24,40","27,82K","-2,98%"
"05/01/2001","25,18","25,40","26,02","25,15","34,99K","-0,67%"
"04/01/2001","25,35","25,09","25,85","24,77","32,81K","1,28%"
"03/01/2001","25,03","24,50","25,30","24,20","36,40K","3,00%"
"02/01/2001","24,30","24,40","24,90","24,20","25,21K","1,80%"
"29/12/2000","23,87","23,15","24,15","23,02","16,64K","0,67%"
"28/12/2000","23,71","23,65","23,93","23,63","23,31K","-1,37%"
"27/12/2000","24,04","24,30","24,54","23,94","24,79K","1,61%"
"22/12/2000","23,66","23,85","23,87","23,51","13,15K","0,21%"
"21/12/2000","23,61","23,56","24,08","23,40","36,43K","2,79%"
"20/12/2000","22,97","25,20","25,23","22,90","35,70K","-8,12%"
"19/12/2000","25,00","26,25","26,25","24,95","34,40K","-4,73%"
"18/12/2000","26,24","26,14","26,84","25,98","29,92K","1,35%"
"15/12/2000","25,89","25,65","26,10","25,33","24,30K","2,09%"
"14/12/2000","25,36","25,60","25,92","25,20","5,18K","0,88%"
"13/12/2000","25,14","27,40","27,40","25,00","15,44K","-7,10%"
"12/12/2000","27,06","27,60","27,82","26,80","19,91K","-1,74%"
"11/12/2000","27,54","26,98","27,60","26,77","20,97K","3,69%"
"08/12/2000","26,56","27,30","27,30","26,13","22,89K","-3,31%"
"07/12/2000","27,47","28,36","28,45","27,20","26,64K","-1,93%"
"06/12/2000","28,01","27,84","28,43","26,70","37,08K","0,79%"
"05/12/2000","27,79","29,55","29,65","27,65","46,74K","-5,28%"
"04/12/2000","29,34","30,50","30,81","29,20","38,63K","-2,75%"
"01/12/2000","30,17","31,88","32,32","30,10","33,04K","-5,36%"
"30/11/2000","31,88","32,64","33,15","31,80","36,86K","-2,45%"
"29/11/2000","32,68","32,00","32,75","31,95","35,46K","1,52%"
"28/11/2000","32,19","33,00","33,00","32,10","29,19K","-2,63%"
"27/11/2000","33,06","33,00","33,45","32,91","25,55K","-0,18%"
"24/11/2000","33,12","33,25","33,41","33,10","10,71K","-0,48%"
"23/11/2000","33,28","33,24","33,65","32,90","12,51K","0,12%"
"22/11/2000","33,24","32,73","33,32","32,65","21,07K","0,42%"
"21/11/2000","33,10","33,00","33,48","32,85","23,52K","0,09%"
"20/11/2000","33,07","33,38","33,95","32,80","35,11K","-0,03%"
"17/11/2000","33,08","32,30","33,10","32,20","25,16K","0,95%"
"16/11/2000","32,77","32,80","33,12","32,70","29,24K","-3,33%"
"15/11/2000","33,90","32,80","34,00","32,80","8,63K","3,70%"
"14/11/2000","32,69","32,98","33,55","32,25","17,94K","-0,76%"
"13/11/2000","32,94","32,30","32,98","31,95","26,93K","2,87%"
"10/11/2000","32,02","32,10","32,20","31,80","22,67K","-0,44%"
"09/11/2000","32,16","31,32","32,20","31,31","31,02K","2,68%"
"08/11/2000","31,32","31,68","31,74","30,88","25,26K","-1,14%"
"07/11/2000","31,68","31,27","31,70","31,12","21,89K","1,25%"
"06/11/2000","31,29","30,63","31,30","30,40","24,20K","1,43%"
"03/11/2000","30,85","30,50","31,00","30,32","21,51K","0,23%"
"02/11/2000","30,78","30,85","31,13","30,45","31,61K","-1,69%"
"01/11/2000","31,31","31,10","31,71","31,05","29,11K","1,79%"
"31/10/2000","30,76","31,09","31,10","30,38","32,66K","-1,22%"
"30/10/2000","31,14","30,74","31,38","30,74","16,15K","0,61%"
"27/10/2000","30,95","31,85","32,08","30,75","29,98K","-3,16%"
"26/10/2000","31,96","31,40","32,16","31,27","35,54K","1,91%"
"25/10/2000","31,36","31,80","32,15","31,30","26,09K","-0,73%"
"24/10/2000","31,59","32,05","32,29","31,55","26,54K","-1,56%"
"23/10/2000","32,09","32,05","32,18","31,32","29,23K","1,49%"
"20/10/2000","31,62","30,92","31,70","30,68","28,85K","2,86%"
"19/10/2000","30,74","31,10","31,70","30,70","34,94K","-1,16%"
"18/10/2000","31,10","31,60","32,05","30,85","32,33K","-0,10%"
"17/10/2000","31,13","31,45","31,58","30,56","42,69K","-2,41%"
"16/10/2000","31,90","31,95","32,97","31,85","9,88K","-1,91%"
"13/10/2000","32,52","34,85","35,07","32,50","23,41K","-5,98%"
"12/10/2000","34,59","31,58","35,30","31,55","26,50K","8,81%"
"11/10/2000","31,79","32,65","32,65","31,50","21,21K","-0,19%"
"10/10/2000","31,85","31,10","31,90","31,00","20,90K","3,54%"
"09/10/2000","30,76","30,70","30,96","30,24","17,37K","2,19%"
"06/10/2000","30,10","30,10","30,22","29,85","14,36K","0,70%"
"05/10/2000","29,89","29,90","29,95","29,42","28,42K","-2,06%"
"04/10/2000","30,52","30,75","30,75","30,35","22,21K","-1,71%"
"03/10/2000","31,05","31,00","31,19","30,70","21,90K","-0,10%"
"02/10/2000","31,08","30,20","31,27","30,10","23,79K","4,16%"
"29/09/2000","29,84","29,47","30,00","29,35","26,73K","1,98%"
"28/09/2000","29,26","30,35","30,35","29,25","35,64K","-4,19%"
"27/09/2000","30,54","30,60","31,27","30,50","30,67K","0,39%"
"26/09/2000","30,42","30,40","30,75","30,27","34,57K","0,60%"
"25/09/2000","30,24","30,25","30,97","29,90","47,45K","-3,23%"
"22/09/2000","31,25","32,80","33,08","31,20","44,28K","-4,52%"
"21/09/2000","32,73","33,55","34,08","32,70","49,30K","-2,99%"
"20/09/2000","33,74","34,25","34,81","33,70","45,12K","0,33%"
"19/09/2000","33,63","34,38","34,46","33,60","42,97K","-2,41%"
"18/09/2000","34,46","33,80","34,98","33,75","36,74K","1,41%"
"15/09/2000","33,98","32,80","34,05","32,65","37,45K","6,39%"
"14/09/2000","31,94","31,70","32,02","31,40","16,54K","1,30%"
"13/09/2000","31,53","32,01","32,37","31,30","23,41K","-2,92%"
"12/09/2000","32,48","33,90","34,37","32,26","23,67K","-3,39%"
"11/09/2000","33,62","32,20","34,25","32,10","41,22K","2,56%"
"08/09/2000","32,78","33,85","33,85","32,35","40,61K","-5,12%"
"07/09/2000","34,55","34,35","34,60","33,46","39,01K","0,79%"
"06/09/2000","34,28","33,05","34,30","33,03","37,68K","3,94%"
"05/09/2000","32,98","32,80","33,00","32,38","29,72K","0,43%"
"04/09/2000","32,84","31,95","32,85","31,95","13,76K","3,11%"
"01/09/2000","31,85","31,65","31,87","31,46","15,43K","0,41%"
"31/08/2000","31,72","31,75","32,12","31,62","26,86K","-0,81%"
"30/08/2000","31,98","31,36","32,00","30,67","37,30K","1,98%"
"29/08/2000","31,36","31,49","31,49","31,10","13,20K","3,19%"
"25/08/2000","30,39","30,57","30,62","30,17","23,00K","0,13%"
"24/08/2000","30,35","30,81","30,86","30,22","27,12K","-1,11%"
"23/08/2000","30,69","30,90","31,18","30,55","33,75K","2,54%"
"22/08/2000","29,93","30,80","31,24","29,90","43,04K","-2,19%"
"21/08/2000","30,60","30,60","31,15","30,58","27,11K","0,53%"
"18/08/2000","30,44","30,40","30,91","30,30","23,95K","0,93%"
"17/08/2000","30,16","30,00","30,77","30,00","36,03K","-7,29%"
"16/08/2000","32,53","31,60","32,68","31,60","10,10K","1,09%"
"15/08/2000","32,18","31,50","32,80","31,50","23,14K","2,22%"
"14/08/2000","31,48","30,50","31,50","30,50","13,73K","2,98%"
"11/08/2000","30,57","30,65","31,44","30,50","16,67K","-1,00%"
"10/08/2000","30,88","29,80","31,08","29,63","26,34K","3,38%"
"09/08/2000","29,87","29,80","30,15","29,52","30,01K","3,36%"
"08/08/2000","28,90","28,55","28,95","28,37","16,52K","1,33%"
"07/08/2000","28,52","29,45","29,50","28,47","23,13K","-2,89%"
"04/08/2000","29,37","28,45","29,55","28,45","28,66K","3,74%"
"03/08/2000","28,31","27,60","28,35","27,60","29,26K","2,61%"
"02/08/2000","27,59","27,60","27,87","27,50","33,78K","1,66%"
"01/08/2000","27,14","26,80","27,45","26,73","25,00K","0,78%"
"31/07/2000","26,93","27,35","27,45","26,65","23,70K","-1,57%"
"28/07/2000","27,36","27,35","27,62","27,25","26,27K","0,77%"
"27/07/2000","27,15","27,00","27,25","26,90","26,70K","1,19%"
"26/07/2000","26,83","26,90","27,45","26,78","35,04K","-0,41%"
"25/07/2000","26,94","26,90","27,27","26,81","36,00K","0,07%"
"24/07/2000","26,92","27,50","27,67","26,90","31,78K","-2,18%"
"21/07/2000","27,52","28,30","28,30","27,47","48,23K","-2,65%"
"20/07/2000","28,27","28,75","29,06","28,25","39,67K","-2,11%"
"19/07/2000","28,88","29,35","29,45","28,72","38,83K","-1,50%"
"18/07/2000","29,32","28,50","29,80","28,40","44,16K","2,66%"
"17/07/2000","28,56","28,90","28,90","28,52","29,78K","-4,42%"
"14/07/2000","29,88","30,05","30,05","29,70","11,29K","-1,26%"
"13/07/2000","30,26","29,65","30,30","29,40","26,41K","1,99%"
"12/07/2000","29,67","28,95","29,80","28,81","19,26K","1,54%"
"11/07/2000","29,22","28,65","29,29","28,51","32,33K","1,28%"
"10/07/2000","28,85","29,35","29,63","28,75","31,94K","-2,86%"
"07/07/2000","29,70","29,65","29,75","29,10","32,94K","0,10%"
"06/07/2000","29,67","29,40","29,95","28,92","41,35K","0,99%"
"05/07/2000","29,38","29,22","29,40","28,55","44,58K","-0,68%"
"04/07/2000","29,58","30,40","30,59","29,50","28,79K","-4,89%"
"03/07/2000","31,10","30,65","31,25","30,62","9,65K","1,73%"
"30/06/2000","30,57","30,67","31,15","30,45","23,08K","-0,75%"
"29/06/2000","30,80","30,01","30,95","29,96","28,75K","2,29%"
"28/06/2000","30,11","30,03","30,57","29,97","25,26K","-0,43%"
"27/06/2000","30,24","29,65","30,55","29,36","36,47K","1,65%"
"26/06/2000","29,75","30,65","30,80","29,73","28,26K","-2,11%"
"23/06/2000","30,39","30,40","30,60","29,80","32,24K","0,80%"
"22/06/2000","30,15","29,20","30,25","29,00","39,01K","2,80%"
"21/06/2000","29,33","29,10","30,11","28,58","47,09K","1,07%"
"20/06/2000","29,02","27,86","29,10","27,85","30,89K","3,72%"
"19/06/2000","27,98","27,95","28,15","27,58","31,39K","-1,31%"
"16/06/2000","28,35","29,15","29,15","27,69","48,02K","-9,31%"
"15/06/2000","31,26","30,65","31,38","30,56","14,72K","0,77%"
"14/06/2000","31,02","31,41","31,41","30,87","27,27K","-1,49%"
"13/06/2000","31,49","30,90","31,70","30,90","31,18K","0,90%"
"12/06/2000","31,21","29,85","31,27","29,80","26,92K","5,51%"
"09/06/2000","29,58","28,90","29,63","28,84","21,41K","1,75%"
"08/06/2000","29,07","29,15","29,48","28,70","25,56K","-0,51%"
"07/06/2000","29,22","28,55","29,28","27,90","36,01K","2,20%"
"06/06/2000","28,59","28,45","28,80","28,31","25,44K","0,78%"
"05/06/2000","28,37","29,40","29,41","28,26","32,14K","-2,34%"
"02/06/2000","29,05","29,20","29,42","28,75","20,95K","-0,48%"
"01/06/2000","29,19","28,40","29,20","28,40","28,67K","3,11%"
"31/05/2000","28,31","29,10","29,52","28,20","38,34K","-2,24%"
"30/05/2000","28,96","28,65","29,13","28,65","24,23K","-0,89%"
"26/05/2000","29,22","29,40","29,47","29,00","19,72K","0,10%"
"25/05/2000","29,19","28,61","29,20","28,37","33,00K","2,03%"
"24/05/2000","28,61","27,70","28,65","27,70","28,90K","4,04%"
"23/05/2000","27,50","27,50","27,60","27,10","29,94K","0,26%"
"22/05/2000","27,43","28,55","28,60","27,19","40,60K","-4,06%"
"19/05/2000","28,59","28,70","29,20","28,15","39,91K","-1,14%"
"18/05/2000","28,92","28,00","28,95","28,00","38,70K","3,69%"
"17/05/2000","27,89","27,95","28,12","27,62","33,21K","-3,09%"
"16/05/2000","28,78","28,36","28,85","28,35","8,05K","1,59%"
"15/05/2000","28,33","27,64","28,52","27,48","19,85K","1,00%"
"12/05/2000","28,05","27,55","28,38","27,30","18,15K","2,19%"
"11/05/2000","27,45","26,45","27,60","26,32","27,99K","3,90%"
"10/05/2000","26,42","26,60","26,74","26,32","26,10K","-1,49%"
"09/05/2000","26,82","25,71","26,95","25,71","27,93K","2,84%"
"08/05/2000","26,08","25,30","26,15","25,25","23,07K","3,12%"
"05/05/2000","25,29","25,16","25,40","24,95","17,92K","0,56%"
"04/05/2000","25,15","24,90","25,50","24,73","27,63K","0,60%"
"03/05/2000","25,00","25,15","25,70","24,90","41,79K","-0,32%"
"02/05/2000","25,08","24,10","25,37","24,05","40,26K","4,98%"
"28/04/2000","23,89","23,95","24,35","23,85","39,06K","0,55%"
"27/04/2000","23,76","23,05","23,85","23,05","35,87K","3,39%"
"26/04/2000","22,98","23,30","23,35","22,95","26,61K","-1,50%"
"25/04/2000","23,33","23,85","23,85","23,30","26,92K","-2,10%"
"20/04/2000","23,83","23,75","23,97","23,55","22,81K","0,25%"
"19/04/2000","23,77","23,00","24,00","23,00","39,18K","3,12%"
"18/04/2000","23,05","23,15","23,20","22,67","29,79K","1,36%"
"17/04/2000","22,74","22,15","22,93","21,90","35,67K","1,47%"
"14/04/2000","22,41","22,95","23,15","22,35","32,23K","-1,10%"
"13/04/2000","22,66","23,09","23,15","22,60","12,95K","-1,99%"
"12/04/2000","23,12","21,90","23,20","21,90","24,42K","6,69%"
"11/04/2000","21,67","21,80","22,02","21,40","29,27K","1,74%"
"10/04/2000","21,30","22,40","22,40","21,30","31,55K","-5,67%"
"07/04/2000","22,58","23,35","23,55","22,50","22,60K","-3,71%"
"06/04/2000","23,45","23,90","24,13","23,42","24,65K","-1,26%"
"05/04/2000","23,75","23,40","23,91","23,35","31,76K","0,42%"
"04/04/2000","23,65","24,35","24,44","23,62","33,49K","-3,51%"
"03/04/2000","24,51","25,00","25,22","24,50","21,51K","-1,05%"
"31/03/2000","24,77","24,80","25,27","24,58","28,67K","0,57%"
"30/03/2000","24,63","24,40","24,76","24,37","31,03K","0,94%"
"29/03/2000","24,40","25,24","25,27","24,25","48,30K","-4,35%"
"28/03/2000","25,51","25,55","25,96","25,30","29,36K","-0,66%"
"27/03/2000","25,68","25,65","25,90","25,38","20,91K","-0,89%"
"24/03/2000","25,91","25,75","26,34","25,75","26,39K","1,69%"
"23/03/2000","25,48","25,35","25,79","25,32","27,84K","0,31%"
"22/03/2000","25,40","25,45","26,18","25,26","36,45K","-1,24%"
"21/03/2000","25,72","25,20","25,85","25,14","34,77K","2,02%"
"20/03/2000","25,21","26,40","26,43","25,20","37,89K","-5,08%"
"17/03/2000","26,56","26,90","27,14","26,45","34,13K","-3,10%"
"16/03/2000","27,41","27,20","27,77","26,90","9,26K","-0,44%"
"15/03/2000","27,53","28,35","28,47","27,35","24,35K","-2,86%"
"14/03/2000","28,34","29,00","29,13","28,20","27,37K","-1,90%"
"13/03/2000","28,89","28,90","29,13","28,55","20,73K","-0,17%"
"10/03/2000","28,94","29,05","29,40","28,63","20,33K","-1,19%"
"09/03/2000","29,29","29,35","29,90","28,39","32,88K","1,70%"
"08/03/2000","28,80","31,40","31,40","28,30","34,80K","-9,72%"
"07/03/2000","31,90","30,10","31,95","30,10","30,29K","7,66%"
"06/03/2000","29,63","28,95","29,69","28,95","21,03K","2,21%"
"03/03/2000","28,99","28,95","29,28","28,70","21,04K","-0,79%"
"02/03/2000","29,22","28,70","29,47","28,55","32,68K","0,55%"
"01/03/2000","29,06","28,00","29,14","28,00","42,11K","3,45%"
"29/02/2000","28,09","27,35","28,12","27,35","26,42K","2,48%"
"28/02/2000","27,41","27,20","27,78","27,20","21,13K","-0,25%"
"25/02/2000","27,48","27,25","28,00","27,12","29,82K","0,40%"
"24/02/2000","27,37","27,00","27,50","27,00","32,29K","1,15%"
"23/02/2000","27,06","26,50","27,14","26,44","34,47K","1,81%"
"22/02/2000","26,58","25,85","26,75","25,73","32,88K","2,51%"
"21/02/2000","25,93","26,35","26,40","25,78","18,43K","-1,11%"
"18/02/2000","26,22","26,65","26,77","26,20","21,42K","-1,69%"
"17/02/2000","26,67","27,15","27,16","26,55","30,10K","-2,56%"
"16/02/2000","27,37","27,15","27,47","26,90","28,33K","0,88%"
"15/02/2000","27,13","27,20","27,48","26,98","32,35K","-5,67%"
"14/02/2000","28,76","27,85","28,78","27,82","13,06K","3,38%"
"11/02/2000","27,82","27,50","28,20","27,45","32,91K","1,24%"
"10/02/2000","27,48","26,75","27,62","26,75","34,47K","2,08%"
"09/02/2000","26,92","26,45","26,99","26,06","32,44K","2,09%"
"08/02/2000","26,37","26,73","26,86","26,32","29,00K","-1,90%"
"07/02/2000","26,88","26,85","27,05","26,67","20,02K","-0,70%"
"04/02/2000","27,07","26,65","27,10","26,20","30,38K","1,54%"
"03/02/2000","26,66","26,12","26,69","26,07","30,38K","2,82%"
"02/02/2000","25,93","26,62","26,82","25,82","45,90K","-1,74%"
"01/02/2000","26,39","26,10","26,60","26,08","40,36K","1,62%"
"31/01/2000","25,97","25,40","26,19","25,21","38,61K","1,13%"
"28/01/2000","25,68","25,45","25,92","25,38","22,23K","0,23%"
"27/01/2000","25,62","25,90","26,38","25,45","34,84K","-1,95%"
"26/01/2000","26,13","26,90","26,95","26,05","37,18K","-1,54%"
"25/01/2000","26,54","25,88","26,65","25,58","39,69K","1,84%"
"24/01/2000","26,06","26,68","26,85","25,88","37,45K","-1,10%"
"21/01/2000","26,35","26,55","27,11","25,90","46,27K","0,96%"
"20/01/2000","26,10","25,98","26,43","25,63","47,96K","1,01%"
"19/01/2000","25,84","26,30","26,30","25,65","38,02K","-0,81%"
"18/01/2000","26,05","25,95","26,13","25,62","39,95K","1,56%"
"17/01/2000","25,65","25,55","25,75","25,42","16,29K","0,71%"
"14/01/2000","25,47","24,98","25,56","24,98","8,82K","1,96%"
"13/01/2000","24,98","24,84","25,25","24,70","22,31K","0,69%"
"12/01/2000","24,81","24,35","25,10","23,97","28,46K","0,77%"
"11/01/2000","24,62","23,90","24,67","23,83","17,41K","3,75%"
"10/01/2000","23,73","23,04","23,78","23,04","26,39K","2,77%"
"07/01/2000","23,09","23,57","23,98","23,05","34,83K","-2,24%"
"06/01/2000","23,62","23,55","24,22","23,35","44,66K","-0,46%"
"05/01/2000","23,73","24,25","24,37","23,70","30,31K","-2,71%"
"04/01/2000","24,39","23,90","24,70","23,89","32,51K","-2,75%"
"30/12/1999","25,08","25,28","25,33","25,05","18,14K","-1,45%"
"29/12/1999","25,45","25,90","25,90","25,25","24,46K","0,95%"
"24/12/1999","25,21","25,18","25,25","25,03","7,23K","0,08%"
"23/12/1999","25,19","24,55","25,25","24,54","18,45K","2,19%"
"22/12/1999","24,65","25,31","25,32","24,56","19,13K","-2,53%"
"21/12/1999","25,29","25,37","25,37","25,10","14,57K","-0,04%"
"20/12/1999","25,30","25,45","25,48","25,20","17,29K","-0,86%"
"17/12/1999","25,52","25,40","25,68","25,02","28,23K","-2,18%"
"16/12/1999","26,09","25,37","26,15","25,36","9,97K","2,60%"
"15/12/1999","25,43","25,45","25,69","25,34","23,37K","1,64%"
"14/12/1999","25,02","24,47","25,15","24,43","22,61K","1,79%"
"13/12/1999","24,58","24,70","24,71","24,13","24,49K","0,49%"
"10/12/1999","24,46","24,90","24,91","23,73","27,41K","-2,36%"
"09/12/1999","25,05","25,70","25,73","24,87","27,19K","-2,49%"
"08/12/1999","25,69","24,95","25,72","24,54","40,02K","1,14%"
"07/12/1999","25,40","25,70","25,70","25,10","31,35K","-1,51%"
"06/12/1999","25,79","25,24","25,80","25,12","29,01K","3,37%"
"03/12/1999","24,95","24,90","25,27","24,85","25,47K","-0,04%"
"02/12/1999","24,96","24,35","25,05","24,13","33,71K","3,87%"
"01/12/1999","24,03","24,25","24,30","23,20","46,51K","1,65%"
"30/11/1999","23,64","24,75","24,75","23,58","43,50K","-4,87%"
"29/11/1999","24,85","25,20","25,25","24,82","29,73K","-2,01%"
"26/11/1999","25,36","25,52","25,52","25,17","14,46K","-0,63%"
"25/11/1999","25,52","25,88","25,88","25,45","16,57K","-0,35%"
"24/11/1999","25,61","25,45","25,85","25,45","27,85K","1,83%"
"23/11/1999","25,15","25,58","25,71","25,10","41,34K","-2,44%"
"22/11/1999","25,78","25,90","25,90","25,50","33,09K","2,83%"
"19/11/1999","25,07","24,40","25,21","24,38","41,21K","2,91%"
"18/11/1999","24,36","24,72","25,01","24,30","32,54K","-2,25%"
"17/11/1999","24,92","24,90","25,09","24,75","42,08K","1,55%"
"16/11/1999","24,54","24,40","24,55","24,16","26,22K","-1,84%"
"15/11/1999","25,00","24,85","25,02","24,65","7,95K","1,67%"
"12/11/1999","24,59","24,14","24,60","23,82","13,36K","1,28%"
"11/11/1999","24,28","24,34","24,36","23,76","20,72K","-0,86%"
"10/11/1999","24,49","24,30","24,81","24,15","37,94K","1,49%"
"09/11/1999","24,13","23,45","24,15","23,44","25,16K","3,65%"
"08/11/1999","23,28","22,63","23,30","22,63","19,18K","1,97%"
"05/11/1999","22,83","22,98","23,10","22,65","18,58K","-0,09%"
"04/11/1999","22,85","22,70","22,88","22,50","32,00K","1,24%"
"03/11/1999","22,57","22,10","22,72","22,06","39,75K","2,22%"
"02/11/1999","22,08","22,30","22,45","22,07","29,12K","-1,21%"
"01/11/1999","22,35","21,85","22,36","21,74","16,14K","3,04%"
"29/10/1999","21,69","21,48","21,80","21,42","34,34K","1,26%"
"28/10/1999","21,42","22,45","22,45","21,40","42,79K","-5,18%"
"27/10/1999","22,59","22,77","22,86","22,57","32,04K","-0,48%"
"26/10/1999","22,70","22,70","22,97","22,65","28,84K","-0,53%"
"25/10/1999","22,82","23,25","23,40","22,75","30,60K","-0,48%"
"22/10/1999","22,93","22,30","23,05","22,28","42,41K","3,71%"
"21/10/1999","22,11","22,03","22,35","21,97","32,99K","1,10%"
"20/10/1999","21,87","21,99","22,20","21,55","36,89K","0,51%"
"19/10/1999","21,76","21,92","22,25","21,70","40,23K","-1,18%"
"18/10/1999","22,02","22,65","22,65","22,00","29,21K","-2,13%"
"15/10/1999","22,50","21,52","22,54","21,45","30,52K","1,90%"
"14/10/1999","22,08","22,17","22,23","21,97","9,83K","-0,63%"
"13/10/1999","22,22","22,60","22,60","22,06","17,32K","0,77%"
"12/10/1999","22,05","21,35","22,08","21,35","23,96K","3,86%"
"11/10/1999","21,23","20,70","21,25","20,35","27,78K","2,56%"
"08/10/1999","20,70","21,31","21,39","20,20","49,03K","-6,25%"
"07/10/1999","22,08","22,46","22,46","21,97","37,44K","-2,99%"
"06/10/1999","22,76","22,75","23,03","22,65","32,09K","-0,74%"
"05/10/1999","22,93","22,87","22,96","22,35","44,34K","-0,22%"
"04/10/1999","22,98","23,55","23,58","22,89","30,08K","-2,92%"
"01/10/1999","23,67","23,72","23,85","23,55","15,92K","0,38%"
"30/09/1999","23,58","23,60","23,75","23,48","27,85K","-0,97%"
"29/09/1999","23,81","24,05","24,30","23,79","28,42K","0,21%"
"28/09/1999","23,76","23,95","23,98","23,64","23,94K","-1,29%"
"27/09/1999","24,07","23,80","24,18","23,76","24,79K","0,71%"
"24/09/1999","23,90","23,70","24,06","23,64","19,29K","0,34%"
"23/09/1999","23,82","23,10","23,89","23,10","31,84K","3,88%"
"22/09/1999","22,93","22,78","23,00","22,71","18,47K","1,10%"
"21/09/1999","22,68","22,60","22,95","22,32","34,89K","0,09%"
"20/09/1999","22,66","22,85","22,92","22,65","20,14K","-0,61%"
"17/09/1999","22,80","22,80","23,01","22,60","27,57K","0,35%"
"16/09/1999","22,72","22,80","23,24","22,70","30,48K","-3,69%"
"15/09/1999","23,59","23,70","23,77","23,00","6,73K","-0,51%"
"14/09/1999","23,71","23,41","23,80","23,41","21,02K","0,98%"
"13/09/1999","23,48","23,35","23,72","23,15","32,95K","0,17%"
"10/09/1999","23,44","22,94","23,50","22,80","33,21K","1,74%"
"09/09/1999","23,04","22,40","23,19","22,40","45,80K","3,46%"
"08/09/1999","22,27","21,90","22,35","21,86","25,17K","1,32%"
"07/09/1999","21,98","21,46","22,04","21,34","32,56K","2,90%"
"06/09/1999","21,36","21,25","21,41","21,20","10,13K","1,57%"
"03/09/1999","21,03","20,80","21,06","20,80","23,09K","1,11%"
"02/09/1999","20,80","20,95","21,05","20,74","27,04K","-1,47%"
"01/09/1999","21,11","21,20","21,45","20,95","30,40K","-1,03%"
"31/08/1999","21,33","21,22","21,42","21,11","33,72K","2,75%"
"27/08/1999","20,76","20,58","20,77","20,36","29,59K","0,92%"
"26/08/1999","20,57","19,94","20,58","19,83","32,06K","3,99%"
"25/08/1999","19,78","20,50","20,55","19,67","44,80K","-4,12%"
"24/08/1999","20,63","20,95","21,00","20,57","30,27K","-1,67%"
"23/08/1999","20,98","21,11","21,27","20,84","30,19K","-0,05%"
"20/08/1999","20,99","20,95","21,24","20,95","29,97K","0,43%"
"19/08/1999","20,90","20,50","20,97","20,49","24,64K","1,60%"
"18/08/1999","20,57","20,75","20,77","20,52","23,25K","-0,82%"
"17/08/1999","20,74","20,34","20,87","20,26","31,14K","-0,48%"
"16/08/1999","20,84","20,58","20,93","20,58","8,14K","0,72%"
"13/08/1999","20,69","20,42","21,00","20,41","25,38K","0,98%"
"12/08/1999","20,49","20,64","20,64","20,38","21,19K","-0,68%"
"11/08/1999","20,63","20,50","20,85","20,31","22,22K","0,68%"
"10/08/1999","20,49","20,40","20,57","20,25","26,06K","-0,05%"
"09/08/1999","20,50","20,10","20,51","19,98","19,22K","2,19%"
"06/08/1999","20,06","19,89","20,07","19,67","22,33K","1,31%"
"05/08/1999","19,80","19,55","19,85","19,55","20,27K","0,87%"
"04/08/1999","19,63","19,25","19,90","19,25","34,99K","1,19%"
"03/08/1999","19,40","19,51","19,57","19,27","23,54K","-0,05%"
"02/08/1999","19,41","19,28","19,49","19,20","28,81K","0,21%"
"30/07/1999","19,37","19,91","19,95","19,30","26,37K","-2,17%"
"29/07/1999","19,80","19,48","19,88","19,37","30,61K","2,38%"
"28/07/1999","19,34","19,01","19,50","19,01","29,69K","1,10%"
"27/07/1999","19,13","19,20","19,27","18,90","32,68K","-1,19%"
"26/07/1999","19,36","19,50","19,54","19,20","21,04K","-0,87%"
"23/07/1999","19,53","18,90","19,55","18,88","30,57K","3,61%"
"22/07/1999","18,85","18,58","18,86","18,45","27,13K","1,45%"
"21/07/1999","18,58","18,35","18,70","18,15","36,08K","0,16%"
"20/07/1999","18,55","19,02","19,06","18,36","37,57K","-3,39%"
"19/07/1999","19,20","19,20","19,36","19,04","22,14K","-0,78%"
"16/07/1999","19,35","19,18","19,40","18,85","25,15K","1,68%"
"15/07/1999","19,03","18,79","19,12","18,66","9,08K","0,48%"
"14/07/1999","18,94","19,25","19,43","18,80","20,27K","-0,47%"
"13/07/1999","19,03","18,55","19,09","18,55","28,42K","2,37%"
"12/07/1999","18,59","18,55","18,65","18,31","20,44K","0,43%"
"09/07/1999","18,51","18,10","18,60","17,92","19,66K","1,48%"
"08/07/1999","18,24","18,37","18,64","18,17","32,74K","0,50%"
"07/07/1999","18,15","18,02","18,17","17,88","25,65K","0,28%"
"06/07/1999","18,10","18,15","18,28","17,86","37,57K","-0,44%"
"05/07/1999","18,18","17,85","18,20","17,82","17,10K","2,94%"
"02/07/1999","17,66","17,60","17,70","17,42","14,01K","0,23%"
"01/07/1999","17,62","17,55","17,76","17,49","29,69K","0,63%"
"30/06/1999","17,51","16,90","17,52","16,88","35,64K","4,29%"
"29/06/1999","16,79","16,55","16,80","16,50","23,11K","1,57%"
"28/06/1999","16,53","16,64","16,67","16,52","11,99K","-0,54%"
"25/06/1999","16,62","16,55","16,72","16,48","16,16K","0,42%"
"24/06/1999","16,55","16,68","16,86","16,50","27,13K","-0,48%"
"23/06/1999","16,63","16,33","16,78","16,27","28,91K","3,29%"
"22/06/1999","16,10","16,25","16,38","16,08","20,22K","-1,65%"
"21/06/1999","16,37","16,45","16,48","16,15","27,97K","-0,79%"
"18/06/1999","16,50","16,85","16,90","16,48","18,41K","-1,55%"
"17/06/1999","16,76","16,55","16,78","16,43","28,97K","1,76%"
"16/06/1999","16,47","16,95","17,20","16,42","36,63K","0,06%"
"15/06/1999","16,46","16,30","16,49","16,28","14,48K","0,30%"
"14/06/1999","16,41","16,55","16,80","16,38","31,37K","-1,91%"
"11/06/1999","16,73","16,00","16,75","15,97","25,54K","4,11%"
"10/06/1999","16,07","16,12","16,39","16,00","21,12K","-0,68%"
"09/06/1999","16,18","15,75","16,18","15,59","25,54K","2,15%"
"08/06/1999","15,84","15,99","16,20","15,81","23,90K","-1,61%"
"07/06/1999","16,10","15,64","16,24","15,51","31,64K","3,34%"
"04/06/1999","15,58","14,98","15,60","14,94","28,80K","4,21%"
"03/06/1999","14,95","14,80","15,04","14,73","27,47K","0,47%"
"02/06/1999","14,88","14,60","14,94","14,60","23,00K","2,27%"
"01/06/1999","14,55","14,95","15,00","14,53","38,51K","-4,28%"
"28/05/1999","15,20","15,40","15,42","15,11","16,36K","-1,04%"
"27/05/1999","15,36","15,30","15,59","15,30","19,66K","-0,71%"
"26/05/1999","15,47","15,50","15,66","15,42","26,96K","0,26%"
"25/05/1999","15,43","15,10","15,45","15,01","23,84K","0,98%"
"24/05/1999","15,28","15,50","15,60","15,25","22,87K","-1,93%"
"21/05/1999","15,58","15,35","15,58","15,27","25,53K","2,30%"
"20/05/1999","15,23","14,95","15,52","14,91","35,97K","1,40%"
"19/05/1999","15,02","15,18","15,35","15,01","35,29K","-0,79%"
"18/05/1999","15,14","15,67","15,67","15,03","57,80K","-4,24%"
"17/05/1999","15,81","15,85","15,94","15,65","33,15K","-2,47%"
"14/05/1999","16,21","16,25","16,52","16,10","10,88K","0,68%"
"13/05/1999","16,10","15,60","16,13","15,58","24,28K","3,21%"
"12/05/1999","15,60","15,56","15,65","15,45","37,25K","-2,26%"
"11/05/1999","15,96","16,45","16,45","15,84","45,76K","-2,98%"
"10/05/1999","16,45","16,38","16,50","16,18","29,95K","0,24%"
"07/05/1999","16,41","16,42","16,42","16,07","39,13K","-0,91%"
"06/05/1999","16,56","16,88","16,92","16,50","33,24K","-2,87%"
"05/05/1999","17,05","16,78","17,09","16,52","40,81K","0,71%"
"04/05/1999","16,93","16,70","16,94","16,65","35,50K","2,17%"
"30/04/1999","16,57","16,38","16,68","16,05","33,31K","0,73%"
"29/04/1999","16,45","16,35","16,47","16,17","26,79K","0,30%"
"28/04/1999","16,40","15,90","16,42","15,90","33,49K","3,80%"
"27/04/1999","15,80","15,70","15,80","15,56","30,21K","0,64%"
"26/04/1999","15,70","15,82","15,85","15,47","28,52K","-1,20%"
"23/04/1999","15,89","16,13","16,13","15,80","29,82K","-1,49%"
"22/04/1999","16,13","15,83","16,20","15,76","27,06K","1,51%"
"21/04/1999","15,89","15,65","16,06","15,60","31,99K","1,21%"
"20/04/1999","15,70","15,85","15,96","15,64","27,83K","-1,38%"
"19/04/1999","15,92","15,72","16,10","15,61","24,40K","1,47%"
"16/04/1999","15,69","15,17","15,75","15,02","32,95K","3,22%"
"15/04/1999","15,20","14,95","15,24","14,95","8,51K","1,88%"
"14/04/1999","14,92","15,00","15,10","14,75","25,83K","-1,84%"
"13/04/1999","15,20","14,79","15,23","14,74","27,07K","2,63%"
"12/04/1999","14,81","14,87","14,93","14,74","18,10K","-0,34%"
"09/04/1999","14,86","14,22","15,15","14,22","31,31K","4,57%"
"08/04/1999","14,21","14,30","14,52","14,00","29,29K","-0,98%"
"07/04/1999","14,35","14,73","14,79","14,33","33,88K","-3,88%"
"06/04/1999","14,93","15,07","15,10","14,90","32,46K","1,43%"
"01/04/1999","14,72","14,70","14,84","14,57","21,85K","-3,41%"
"31/03/1999","15,24","14,81","15,28","14,59","33,20K","2,90%"
"30/03/1999","14,81","14,85","14,85","14,46","19,20K","1,58%"
"29/03/1999","14,58","14,40","14,65","14,30","24,30K","1,18%"
"26/03/1999","14,41","14,05","14,43","13,99","29,95K","3,37%"
"25/03/1999","13,94","13,55","13,98","13,44","30,52K","1,90%"
"24/03/1999","13,68","13,90","14,02","13,42","36,94K","-0,36%"
"23/03/1999","13,73","13,84","13,90","13,62","34,78K","-1,08%"
"22/03/1999","13,88","13,70","13,97","13,39","26,75K","3,20%"
"19/03/1999","13,45","13,48","13,62","13,20","25,82K","0,60%"
"18/03/1999","13,37","13,53","13,97","13,13","46,34K","0,75%"
"17/03/1999","13,27","12,85","13,35","12,80","38,40K","4,74%"
"16/03/1999","12,67","12,58","12,70","12,51","12,90K","0,88%"
"15/03/1999","12,56","12,63","12,79","12,43","21,86K","0,00%"
"12/03/1999","12,56","12,50","13,19","12,47","32,85K","3,12%"
"11/03/1999","12,18","12,47","12,70","12,15","30,92K","-2,25%"
"10/03/1999","12,46","11,58","12,63","11,52","35,77K","7,79%"
"09/03/1999","11,56","11,67","11,99","11,49","29,26K","-1,70%"
"08/03/1999","11,76","11,85","12,14","11,75","28,49K","1,73%"
"05/03/1999","11,56","11,53","11,74","11,46","28,36K","0,26%"
"04/03/1999","11,53","11,24","11,76","11,09","35,70K","2,49%"
"03/03/1999","11,25","11,05","11,38","11,02","32,67K","2,27%"
"02/03/1999","11,00","10,65","11,02","10,63","23,80K","2,52%"
"01/03/1999","10,73","10,93","11,00","10,71","20,63K","-1,38%"
"26/02/1999","10,88","11,05","11,10","10,74","30,59K","-1,98%"
"25/02/1999","11,10","11,08","11,22","10,86","28,70K","0,18%"
"24/02/1999","11,08","10,90","11,16","10,71","38,17K","1,28%"
"23/02/1999","10,94","10,63","11,03","10,61","31,00K","3,40%"
"22/02/1999","10,58","10,45","10,59","10,35","22,35K","1,73%"
"19/02/1999","10,40","10,45","10,64","10,36","22,19K","-1,98%"
"18/02/1999","10,61","10,10","10,78","10,06","20,76K","4,74%"
"17/02/1999","10,13","9,95","10,21","9,90","17,57K","0,80%"
"16/02/1999","10,05","10,45","10,49","10,02","19,10K","-3,09%"
"15/02/1999","10,37","10,45","10,49","10,33","7,60K","-0,58%"
"12/02/1999","10,43","10,39","10,52","10,36","17,65K","3,27%"
"11/02/1999","10,10","10,17","10,27","10,07","7,49K","-0,69%"
"10/02/1999","10,17","10,28","10,35","10,13","23,44K","0,79%"
"09/02/1999","10,09","10,17","10,24","10,03","21,62K","-0,69%"
"08/02/1999","10,16","10,43","10,49","10,10","20,07K","-2,40%"
"05/02/1999","10,41","10,55","10,65","10,33","27,37K","-1,51%"
"04/02/1999","10,57","10,89","10,92","10,56","23,49K","-2,94%"
"03/02/1999","10,89","10,75","11,22","10,74","26,99K","0,37%"
"02/02/1999","10,85","10,87","10,94","10,73","31,61K","-0,28%"
"01/02/1999","10,88","11,41","11,45","10,86","31,61K","-4,14%"
"29/01/1999","11,35","10,94","11,37","10,92","27,85K","3,18%"
"28/01/1999","11,00","10,95","11,00","10,72","24,72K","1,10%"
"27/01/1999","10,88","10,52","10,95","10,49","31,72K","2,26%"
"26/01/1999","10,64","10,85","10,85","10,46","34,39K","-1,94%"
"25/01/1999","10,85","11,03","11,03","10,78","20,40K","-2,25%"
"22/01/1999","11,10","11,10","11,25","10,63","29,79K","1,09%"
"21/01/1999","10,98","10,65","11,02","10,53","30,10K","4,47%"
"20/01/1999","10,51","10,85","10,85","10,42","30,01K","-2,78%"
"19/01/1999","10,81","10,67","11,14","10,63","32,84K","0,93%"
"18/01/1999","10,71","10,85","10,90","10,57","12,00K","-0,74%"
"15/01/1999","10,79","10,94","10,97","10,78","18,66K","-3,49%"
"14/01/1999","11,18","11,23","11,47","11,15","9,25K","1,08%"
"13/01/1999","11,06","11,40","11,46","10,84","19,08K","-3,83%"
"12/01/1999","11,50","12,00","12,03","11,49","15,52K","-4,49%"
"11/01/1999","12,04","11,90","12,33","11,80","20,67K","2,64%"
"08/01/1999","11,73","11,45","11,89","11,45","25,45K","1,73%"
"07/01/1999","11,53","11,30","11,79","11,23","36,64K","0,61%"
"06/01/1999","11,46","10,75","11,50","10,65","47,43K","8,83%"
"05/01/1999","10,53","11,05","11,05","10,51","27,98K","-3,92%"
"04/01/1999","10,96","10,93","11,03","10,88","27,67K","4,08%"
"31/12/1998","10,53","10,45","10,56","10,40","6,39K","0,00%"
"30/12/1998","10,53","10,55","10,60","10,31","23,41K","-0,75%"
"29/12/1998","10,61","10,42","10,63","10,31","27,63K","4,95%"
"24/12/1998","10,11","10,14","10,20","10,09","8,24K","-0,59%"
"23/12/1998","10,17","10,10","10,28","10,05","21,03K","1,60%"
"22/12/1998","10,01","9,80","10,05","9,80","21,30K","2,67%"
"21/12/1998","9,75","9,95","10,19","9,55","28,47K","-2,30%"
"18/12/1998","9,98","10,35","10,35","9,90","29,50K","-1,09%"
"17/12/1998","10,09","11,00","11,30","10,08","41,87K","-8,27%"
"16/12/1998","11,00","10,75","11,20","10,71","10,41K","7,53%"
"15/12/1998","10,23","10,20","10,50","10,10","25,67K","0,99%"
"14/12/1998","10,13","9,97","10,19","9,82","28,10K","3,16%"
"11/12/1998","9,82","9,70","9,95","9,67","19,52K","1,87%"
"10/12/1998","9,64","9,91","10,05","9,60","27,82K","-3,41%"
"09/12/1998","9,98","10,08","10,33","9,96","25,11K","-1,29%"
"08/12/1998","10,11","10,38","10,64","10,05","38,51K","-1,46%"
"07/12/1998","10,26","10,39","10,39","9,90","29,49K","0,69%"
"04/12/1998","10,19","10,26","10,35","10,13","16,32K","0,10%"
"03/12/1998","10,18","10,41","10,62","10,16","24,92K","-1,74%"
"02/12/1998","10,36","10,24","10,43","10,09","23,77K","1,37%"
"01/12/1998","10,22","10,44","10,51","10,06","24,61K","-2,29%"
"30/11/1998","10,46","11,00","11,00","10,08","28,84K","-6,10%"
"27/11/1998","11,14","10,95","11,20","10,95","15,43K","1,27%"
"26/11/1998","11,00","10,85","11,05","10,81","16,84K","0,92%"
"25/11/1998","10,90","11,20","11,36","10,65","35,33K","-2,59%"
"24/11/1998","11,19","11,32","11,43","11,13","28,82K","-0,97%"
"23/11/1998","11,30","11,84","11,87","11,27","26,44K","-3,25%"
"20/11/1998","11,68","11,58","11,75","11,40","21,96K","1,65%"
"19/11/1998","11,49","11,65","11,73","11,42","22,21K","-0,52%"
"18/11/1998","11,55","11,40","11,70","11,15","33,41K","1,05%"
"17/11/1998","11,43","11,77","11,85","11,43","35,17K","-2,56%"
"16/11/1998","11,73","12,03","12,32","11,72","37,93K","-5,71%"
"13/11/1998","12,44","12,63","12,67","12,43","21,38K","0,24%"
"12/11/1998","12,41","12,36","12,51","12,24","24,78K","2,48%"
"11/11/1998","12,11","12,20","12,45","12,10","24,31K","0,58%"
"10/11/1998","12,04","12,00","12,20","11,87","31,54K","1,18%"
"09/11/1998","11,90","12,45","12,48","11,85","26,74K","-3,64%"
"06/11/1998","12,35","12,54","12,70","12,33","31,17K","-1,20%"
"05/11/1998","12,50","12,78","12,79","12,49","26,01K","-2,50%"
"04/11/1998","12,82","12,62","12,95","12,57","31,40K","-0,16%"
"03/11/1998","12,84","13,06","13,08","12,78","30,19K","-1,68%"
"02/11/1998","13,06","13,32","13,44","13,06","31,06K","-1,21%"
"30/10/1998","13,22","13,06","13,23","12,72","29,25K","1,07%"
"29/10/1998","13,08","13,16","13,24","12,90","24,45K","-0,83%"
"28/10/1998","13,19","12,94","13,20","12,78","33,17K","1,77%"
"27/10/1998","12,96","13,16","13,38","12,72","39,47K","-0,61%"
"26/10/1998","13,04","13,00","13,20","12,93","25,65K","2,19%"
"23/10/1998","12,76","12,75","13,11","12,75","25,85K","0,00%"
"22/10/1998","12,76","12,85","12,95","12,64","28,96K","-0,70%"
"21/10/1998","12,85","12,51","13,17","12,45","41,03K","3,96%"
"20/10/1998","12,36","12,44","12,52","12,22","38,01K","-0,24%"
"19/10/1998","12,39","13,25","13,36","12,38","41,67K","-5,64%"
"16/10/1998","13,13","13,10","13,27","13,10","21,87K","4,37%"
"15/10/1998","12,58","12,65","12,73","12,50","11,24K","-0,87%"
"14/10/1998","12,69","13,10","13,13","12,65","23,31K","-2,61%"
"13/10/1998","13,03","13,13","13,30","12,87","23,76K","-0,53%"
"12/10/1998","13,10","13,29","13,40","13,10","23,90K","-1,28%"
"09/10/1998","13,27","13,30","13,42","12,95","19,20K","0,68%"
"08/10/1998","13,18","13,71","13,79","13,15","30,93K","-4,35%"
"07/10/1998","13,78","14,02","14,10","13,75","23,13K","-2,41%"
"06/10/1998","14,12","14,00","14,14","13,81","28,78K","0,36%"
"05/10/1998","14,07","14,13","14,29","13,89","26,77K","-2,02%"
"02/10/1998","14,36","14,15","14,39","13,93","21,45K","1,77%"
"01/10/1998","14,11","14,68","14,90","13,95","33,77K","-3,88%"
"30/09/1998","14,68","14,47","14,73","14,38","20,96K","0,48%"
"29/09/1998","14,61","14,34","14,63","14,14","27,50K","1,81%"
"28/09/1998","14,35","14,53","14,55","14,21","19,05K","-0,55%"
"25/09/1998","14,43","14,78","14,80","14,34","21,90K","-1,70%"
"24/09/1998","14,68","14,35","14,90","14,31","29,71K","1,10%"
"23/09/1998","14,52","14,59","14,73","14,43","26,82K","0,21%"
"22/09/1998","14,49","14,21","14,58","14,13","30,50K","0,76%"
"21/09/1998","14,38","14,33","14,45","14,10","26,40K","1,48%"
"18/09/1998","14,17","13,70","14,31","13,59","39,16K","4,65%"
"17/09/1998","13,54","13,45","13,61","13,37","24,38K","2,11%"
"16/09/1998","13,26","13,40","13,60","13,25","25,48K","1,84%"
"15/09/1998","13,02","12,87","13,10","12,86","11,54K","1,32%"
"14/09/1998","12,85","13,09","13,24","12,83","41,45K","-0,62%"
"11/09/1998","12,93","13,60","13,74","12,92","32,19K","-2,56%"
"10/09/1998","13,27","12,94","13,47","12,89","29,63K","4,00%"
"09/09/1998","12,76","13,05","13,10","12,75","29,62K","-1,77%"
"08/09/1998","12,99","13,08","13,24","12,91","24,30K","-0,54%"
"07/09/1998","13,06","13,40","13,45","13,03","11,38K","-1,88%"
"04/09/1998","13,31","13,30","13,72","13,13","28,25K","-0,97%"
"03/09/1998","13,44","12,47","13,47","12,47","40,27K","7,87%"
"02/09/1998","12,46","12,50","12,66","12,44","22,97K","-1,03%"
"01/09/1998","12,59","12,30","12,61","12,19","28,77K","0,24%"
"28/08/1998","12,56","12,15","12,58","12,13","24,94K","2,28%"
"27/08/1998","12,28","12,41","12,46","11,98","36,05K","-1,76%"
"26/08/1998","12,50","12,55","12,70","12,31","26,38K","-1,42%"
"25/08/1998","12,68","12,49","12,70","12,48","28,68K","1,04%"
"24/08/1998","12,55","12,30","12,56","12,17","20,82K","2,28%"
"21/08/1998","12,27","12,55","12,57","12,10","23,93K","-2,93%"
"20/08/1998","12,64","12,20","12,68","12,15","29,84K","2,85%"
"19/08/1998","12,29","12,30","12,34","12,15","20,92K","1,65%"
"18/08/1998","12,09","12,25","12,37","12,02","22,72K","-1,55%"
"17/08/1998","12,28","12,55","12,56","12,25","17,09K","1,91%"
"14/08/1998","12,05","12,15","12,18","11,93","16,42K","-0,33%"
"13/08/1998","12,09","11,90","12,36","11,90","33,07K","2,72%"
"12/08/1998","11,77","11,75","11,90","11,68","20,94K","1,12%"
"11/08/1998","11,64","11,95","12,02","11,55","24,65K","-2,27%"
"10/08/1998","11,91","12,60","12,69","11,90","28,82K","-5,40%"
"07/08/1998","12,59","12,76","12,80","12,57","14,83K","-0,16%"
"06/08/1998","12,61","12,60","12,82","12,51","18,38K","0,32%"
"05/08/1998","12,57","12,58","12,98","12,42","27,10K","-1,02%"
"04/08/1998","12,70","12,72","12,79","12,56","23,51K","1,11%"
"03/08/1998","12,56","13,06","13,06","12,55","25,47K","-4,05%"
"31/07/1998","13,09","13,05","13,14","12,96","17,73K","0,08%"
"30/07/1998","13,08","13,13","13,24","12,87","24,46K","0,15%"
"29/07/1998","13,06","13,00","13,11","12,88","21,65K","-0,99%"
"28/07/1998","13,19","13,13","13,25","13,02","28,97K","0,53%"
"27/07/1998","13,12","12,90","13,15","12,82","25,76K","2,26%"
"24/07/1998","12,83","12,68","12,85","12,56","22,02K","1,02%"
"23/07/1998","12,70","12,94","13,01","12,50","26,90K","-1,32%"
"22/07/1998","12,87","12,62","12,91","12,41","23,34K","-0,23%"
"21/07/1998","12,90","12,45","12,90","12,38","21,55K","4,37%"
"20/07/1998","12,36","12,85","12,88","12,25","24,44K","-3,44%"
"17/07/1998","12,80","13,07","13,14","12,75","24,31K","0,16%"
"16/07/1998","12,78","12,82","12,90","12,74","19,47K","-1,16%"
"15/07/1998","12,93","13,30","13,36","12,89","28,03K","-0,69%"
"14/07/1998","13,02","12,85","13,16","12,82","20,30K","2,44%"
"13/07/1998","12,71","12,68","12,90","12,60","14,77K","-1,17%"
"10/07/1998","12,86","13,13","13,16","12,84","13,76K","-1,30%"
"09/07/1998","13,03","13,25","13,32","13,00","19,41K","-0,69%"
"08/07/1998","13,12","12,76","13,25","12,76","26,66K","2,90%"
"07/07/1998","12,75","12,95","13,02","12,70","23,24K","-1,54%"
"06/07/1998","12,95","13,46","13,54","12,93","19,04K","-4,43%"
"03/07/1998","13,55","13,62","13,62","13,48","10,50K","-0,15%"
"02/07/1998","13,57","13,54","13,70","13,50","26,90K","1,12%"
"01/07/1998","13,42","13,42","13,47","13,32","17,76K","0,30%"
"30/06/1998","13,38","13,28","13,65","13,27","24,02K","1,44%"
"29/06/1998","13,19","13,15","13,26","13,07","18,77K","-0,15%"
"26/06/1998","13,21","12,99","13,41","12,95","26,43K","0,76%"
"25/06/1998","13,11","13,58","13,58","12,99","42,36K","-3,67%"
"24/06/1998","13,61","14,08","14,39","13,50","52,04K","-2,23%"
"23/06/1998","13,92","13,60","14,00","13,55","35,63K","5,14%"
"22/06/1998","13,24","13,00","13,49","13,00","26,63K","3,04%"
"19/06/1998","12,85","12,90","13,14","12,85","25,00K","0,55%"
"18/06/1998","12,78","13,03","13,13","12,72","31,15K","-2,14%"
"17/06/1998","13,06","13,05","13,49","13,00","42,03K","2,67%"
"16/06/1998","12,72","12,69","13,15","12,58","39,46K","4,52%"
"15/06/1998","12,17","12,55","12,55","12,15","13,06K","-1,93%"
"12/06/1998","12,41","13,05","13,15","12,40","28,55K","-3,57%"
"11/06/1998","12,87","13,50","13,63","12,85","26,47K","-3,45%"
"10/06/1998","13,33","13,45","13,74","13,13","25,50K","-1,19%"
"09/06/1998","13,49","14,05","14,24","13,47","30,00K","-5,13%"
"08/06/1998","14,22","14,53","14,57","14,20","25,28K","-2,60%"
"05/06/1998","14,60","14,50","14,74","14,47","16,20K","0,83%"
"04/06/1998","14,48","14,40","14,76","14,30","33,44K","3,13%"
"03/06/1998","14,04","14,00","14,22","13,76","25,62K","-0,71%"
"02/06/1998","14,14","14,10","14,36","14,10","21,65K","-0,63%"
"01/06/1998","14,23","14,21","14,34","14,02","23,93K","-0,97%"
"29/05/1998","14,37","14,00","14,44","13,96","34,54K","1,70%"
"28/05/1998","14,13","14,05","14,14","13,90","27,05K","-0,70%"
"27/05/1998","14,23","14,10","14,25","13,99","25,69K","0,64%"
"26/05/1998","14,14","14,07","14,15","13,65","30,99K","0,57%"
"22/05/1998","14,06","14,10","14,16","13,79","25,99K","0,57%"
"21/05/1998","13,98","13,85","14,00","13,72","27,82K","1,90%"
"20/05/1998","13,72","14,20","14,32","13,65","32,87K","-4,59%"
"19/05/1998","14,38","14,38","14,52","14,28","26,63K","-0,55%"
"18/05/1998","14,46","14,28","14,49","14,24","27,57K","0,42%"
"15/05/1998","14,40","14,79","14,79","14,31","22,48K","-1,91%"
"14/05/1998","14,68","14,90","14,90","14,43","8,67K","0,00%"
"13/05/1998","14,68","15,29","15,29","14,65","18,65K","-2,85%"
"12/05/1998","15,11","14,85","15,25","14,85","32,53K","1,82%"
"11/05/1998","14,84","14,70","15,08","14,59","28,32K","1,02%"
"08/05/1998","14,69","14,54","14,95","14,52","36,29K","1,52%"
"07/05/1998","14,47","14,47","14,80","14,44","26,21K","-0,14%"
"06/05/1998","14,49","14,53","14,79","14,45","29,98K","-1,02%"
"05/05/1998","14,64","14,85","14,90","14,58","30,18K","-3,24%"
"01/05/1998","15,13","14,56","15,26","14,45","24,95K","4,63%"
"30/04/1998","14,46","14,35","14,50","14,13","21,07K","1,47%"
"29/04/1998","14,25","14,63","14,67","14,18","26,52K","-2,40%"
"28/04/1998","14,60","14,34","14,62","14,26","36,05K","2,74%"
"27/04/1998","14,21","13,98","14,25","13,75","27,56K","2,23%"
"24/04/1998","13,90","14,10","14,14","13,81","24,14K","-0,57%"
"23/04/1998","13,98","14,21","14,30","13,84","40,91K","-0,85%"
"22/04/1998","14,10","14,38","14,49","14,07","28,56K","-2,83%"
"21/04/1998","14,51","14,40","14,68","14,32","31,94K","0,83%"
"20/04/1998","14,39","14,35","14,54","14,35","21,70K","0,21%"
"17/04/1998","14,36","14,64","14,95","14,35","35,34K","-1,91%"
"16/04/1998","14,64","14,40","14,78","14,33","36,44K","8,61%"
"15/04/1998","13,48","13,45","13,55","13,32","16,12K","0,22%"
"14/04/1998","13,45","13,70","13,78","13,41","27,50K","-3,93%"
"09/04/1998","14,00","14,15","14,21","14,00","24,77K","0,14%"
"08/04/1998","13,98","13,80","14,12","13,67","26,95K","2,19%"
"07/04/1998","13,68","13,70","13,77","13,57","22,99K","-1,37%"
"06/04/1998","13,87","14,35","14,35","13,82","26,55K","-3,75%"
"03/04/1998","14,41","14,55","14,70","14,39","20,80K","1,69%"
"02/04/1998","14,17","14,18","14,34","14,04","20,78K","1,72%"
"01/04/1998","13,93","14,20","14,42","13,91","24,30K","-2,31%"
"31/03/1998","14,26","14,45","14,47","14,14","28,09K","-3,45%"
"30/03/1998","14,77","15,45","15,52","14,76","23,70K","-4,09%"
"27/03/1998","15,40","15,40","15,60","15,28","27,80K","-0,26%"
"26/03/1998","15,44","15,10","15,82","14,95","38,63K","1,98%"
"25/03/1998","15,14","14,15","15,15","14,15","32,67K","4,20%"
"24/03/1998","14,53","14,75","14,88","14,45","29,32K","-3,39%"
"23/03/1998","15,04","14,90","15,63","14,78","66,70K","13,77%"
"20/03/1998","13,22","13,21","13,42","12,99","33,49K","0,84%"
"19/03/1998","13,11","13,20","13,52","13,10","43,76K","0,00%"
"18/03/1998","13,11","12,47","13,40","12,40","40,44K","6,93%"
"17/03/1998","12,26","12,25","12,46","11,90","32,44K","-0,41%"
"16/03/1998","12,31","12,65","12,68","12,26","7,59K","-3,53%"
"13/03/1998","12,76","13,02","13,19","12,75","21,59K","-1,62%"
"12/03/1998","12,97","12,92","13,05","12,70","30,47K","0,08%"
"11/03/1998","12,96","13,19","13,27","12,95","29,36K","-0,31%"
"10/03/1998","13,00","13,08","13,21","12,94","30,81K","0,15%"
"09/03/1998","12,98","13,45","13,45","12,85","28,39K","-4,49%"
"06/03/1998","13,59","14,00","14,07","13,57","21,06K","-2,93%"
"05/03/1998","14,00","13,92","14,20","13,92","25,08K","0,57%"
"04/03/1998","13,92","14,04","14,15","13,80","30,17K","0,00%"
"03/03/1998","13,92","14,00","14,22","13,85","21,91K","-0,93%"
"02/03/1998","14,05","14,30","14,30","14,03","20,44K","-0,85%"
"27/02/1998","14,17","14,07","14,38","13,94","28,45K","1,00%"
"26/02/1998","14,03","14,12","14,53","13,92","33,64K","0,86%"
"25/02/1998","13,91","13,78","14,15","13,78","24,61K","0,58%"
"24/02/1998","13,83","13,93","14,10","13,73","30,80K","0,00%"
"23/02/1998","13,83","14,12","14,44","13,80","33,17K","-5,73%"
"20/02/1998","14,67","14,87","15,06","14,64","23,88K","-1,21%"
"19/02/1998","14,85","14,92","15,30","14,82","27,17K","-0,60%"
"18/02/1998","14,94","14,42","15,10","14,22","31,62K","3,68%"
"17/02/1998","14,41","14,62","14,65","14,37","20,98K","-0,48%"
"16/02/1998","14,48","14,85","14,86","14,45","12,38K","-2,49%"
"13/02/1998","14,85","14,85","15,01","14,80","23,69K","2,06%"
"12/02/1998","14,55","14,60","14,67","14,50","11,68K","-0,27%"
"11/02/1998","14,59","15,12","15,20","14,55","32,92K","-2,93%"
"10/02/1998","15,03","15,25","15,28","15,02","23,40K","-1,38%"
"09/02/1998","15,24","15,30","15,37","15,20","19,90K","-0,39%"
"06/02/1998","15,30","15,28","15,60","15,21","17,85K","0,53%"
"05/02/1998","15,22","15,15","15,48","15,05","19,42K","1,13%"
"04/02/1998","15,05","15,25","15,29","14,96","26,51K","-0,79%"
"03/02/1998","15,17","15,76","15,78","15,16","22,09K","-3,25%"
"02/02/1998","15,68","15,95","15,95","15,45","26,26K","-1,75%"
"30/01/1998","15,96","16,59","16,60","15,80","27,52K","-3,80%"
"29/01/1998","16,59","16,18","16,73","16,14","32,07K","3,17%"
"28/01/1998","16,08","15,90","16,15","15,85","23,52K","1,84%"
"27/01/1998","15,79","15,85","16,15","15,60","32,27K","0,13%"
"26/01/1998","15,77","14,90","16,20","14,86","35,80K","6,99%"
"23/01/1998","14,74","15,01","15,14","14,70","28,92K","-1,73%"
"22/01/1998","15,00","15,02","15,04","14,78","34,44K","-1,70%"
"21/01/1998","15,26","15,38","15,44","15,18","17,73K","-0,91%"
"20/01/1998","15,40","15,83","15,89","15,36","22,29K","-2,72%"
"19/01/1998","15,83","15,69","15,88","15,69","15,70K","2,33%"
"16/01/1998","15,47","15,38","15,56","15,31","21,01K","0,19%"
"15/01/1998","15,44","15,37","15,67","15,37","10,17K","0,59%"
"14/01/1998","15,35","15,40","15,57","15,33","16,16K","-0,20%"
"13/01/1998","15,38","15,45","15,72","15,36","28,01K","0,33%"
"12/01/1998","15,33","15,10","15,50","15,10","26,66K","-1,10%"
"09/01/1998","15,50","15,82","15,90","15,45","23,64K","-1,40%"
"08/01/1998","15,72","15,85","15,94","15,70","28,98K","0,70%"
"07/01/1998","15,61","15,50","15,85","15,49","24,52K","-0,38%"
"06/01/1998","15,67","15,81","16,24","15,55","41,23K","-0,76%"
"05/01/1998","15,79","16,25","16,29","15,78","28,71K","-3,84%"
"02/01/1998","16,42","16,80","16,80","16,40","14,58K","-0,61%"
"31/12/1997","16,52","16,60","16,62","16,50","8,80K","-0,90%"
"30/12/1997","16,67","16,80","16,80","16,56","16,53K","0,42%"
"29/12/1997","16,60","17,13","17,18","16,56","24,22K","-4,21%"
"24/12/1997","17,33","17,40","17,40","17,30","4,18K","0,00%"
"23/12/1997","17,33","17,20","17,44","17,15","13,45K","0,29%"
"22/12/1997","17,28","17,35","17,49","17,28","13,17K","-1,43%"
"19/12/1997","17,53","17,75","18,01","17,44","23,66K","-1,52%"
"18/12/1997","17,80","17,47","17,88","17,46","21,48K","2,30%"
"17/12/1997","17,40","17,20","17,55","17,20","24,83K","1,05%"
"16/12/1997","17,22","17,15","17,30","17,10","9,20K","-0,23%"
"15/12/1997","17,26","17,25","17,49","17,25","19,37K","-0,29%"
"12/12/1997","17,31","17,55","17,64","17,30","16,66K","-0,57%"
"11/12/1997","17,41","17,36","17,59","17,20","19,60K","-0,06%"
"10/12/1997","17,42","17,99","18,00","17,38","21,57K","-2,79%"
"09/12/1997","17,92","18,15","18,18","17,90","12,58K","-1,27%"
"08/12/1997","18,15","18,27","18,34","18,14","13,19K","0,11%"
"05/12/1997","18,13","17,92","18,31","17,90","16,70K","0,72%"
"04/12/1997","18,00","18,20","18,27","17,93","16,60K","-0,94%"
"03/12/1997","18,17","18,05","18,20","17,87","24,40K","-0,11%"
"02/12/1997","18,19","18,23","18,30","18,08","21,66K","0,17%"
"01/12/1997","18,16","18,44","18,48","17,95","29,90K","-4,12%"
"28/11/1997","18,94","18,77","18,95","18,68","12,97K","0,96%"
"27/11/1997","18,76","18,60","18,79","18,55","12,11K","1,08%"
"26/11/1997","18,56","18,87","18,87","18,36","29,92K","-2,78%"
"25/11/1997","19,09","19,12","19,13","18,98","22,17K","0,00%"
"24/11/1997","19,09","18,84","19,10","18,81","17,32K","1,11%"
"21/11/1997","18,88","18,83","18,90","18,54","26,76K","1,07%"
"20/11/1997","18,68","18,90","19,04","18,56","31,35K","-2,61%"
"19/11/1997","19,18","19,22","19,30","19,03","19,10K","-0,21%"
"18/11/1997","19,22","19,44","19,56","19,15","20,92K","-0,83%"
"17/11/1997","19,38","19,71","19,78","19,25","33,83K","-3,34%"
"14/11/1997","20,05","19,90","20,15","19,85","24,93K","1,37%"
"13/11/1997","19,78","19,56","19,84","19,51","12,41K","1,33%"
"12/11/1997","19,52","19,65","19,68","19,50","25,43K","-0,41%"
"11/11/1997","19,60","19,57","19,65","19,50","22,11K","0,77%"
"10/11/1997","19,45","20,08","20,08","19,44","20,85K","-1,72%"
"07/11/1997","19,79","19,53","19,95","19,52","20,21K","1,64%"
"06/11/1997","19,47","19,60","19,66","19,39","15,79K","0,46%"
"05/11/1997","19,38","19,61","19,73","19,35","19,96K","-1,17%"
"04/11/1997","19,61","19,94","20,04","19,60","18,18K","-1,70%"
"03/11/1997","19,95","20,45","20,45","19,90","17,35K","-0,35%"
"31/10/1997","20,02","20,19","20,31","20,01","19,23K","-0,40%"
"30/10/1997","20,10","19,85","20,23","19,78","26,71K","2,34%"
"29/10/1997","19,64","19,55","19,93","19,50","26,56K","1,08%"
"28/10/1997","19,43","19,94","19,97","19,30","42,23K","-2,80%"
"27/10/1997","19,99","20,10","20,32","19,97","24,77K","0,50%"
"24/10/1997","19,89","20,11","20,31","19,82","18,61K","-0,65%"
"23/10/1997","20,02","20,35","20,37","20,00","22,72K","-1,57%"
"22/10/1997","20,34","19,94","20,39","19,91","23,49K","2,99%"
"21/10/1997","19,75","19,80","19,90","19,73","15,68K","-0,10%"
"20/10/1997","19,77","19,85","19,88","19,63","21,66K","0,10%"
"17/10/1997","19,75","20,10","20,56","19,50","26,99K","-0,20%"
"16/10/1997","19,79","19,67","19,82","19,63","10,07K","1,44%"
"15/10/1997","19,51","19,70","19,84","19,49","14,39K","-0,36%"
"14/10/1997","19,58","20,14","20,30","19,50","27,79K","-2,78%"
"13/10/1997","20,14","20,42","20,62","20,00","25,40K","-2,85%"
"10/10/1997","20,73","20,75","20,90","20,62","15,54K","-0,29%"
"09/10/1997","20,79","20,90","21,03","20,57","19,70K","-0,14%"
"08/10/1997","20,82","20,55","21,00","20,45","24,61K","0,63%"
"07/10/1997","20,69","20,55","20,85","20,50","23,39K","0,24%"
"06/10/1997","20,64","21,63","21,75","20,50","27,74K","-4,49%"
"03/10/1997","21,61","20,50","21,67","20,45","40,04K","5,52%"
"02/10/1997","20,48","19,76","20,51","19,62","29,37K","3,33%"
"01/10/1997","19,82","19,82","19,95","19,75","17,82K","-0,40%"
"30/09/1997","19,90","19,85","20,13","19,80","24,24K","-0,25%"
"29/09/1997","19,95","19,54","19,97","19,43","25,42K","1,99%"
"26/09/1997","19,56","19,12","19,60","19,05","27,38K","2,19%"
"25/09/1997","19,14","18,84","19,24","18,84","32,87K","1,81%"
"24/09/1997","18,80","18,55","18,84","18,53","19,08K","0,86%"
"23/09/1997","18,64","18,70","18,82","18,63","23,31K","0,05%"
"22/09/1997","18,63","18,53","18,74","18,48","24,45K","1,25%"
"19/09/1997","18,40","18,40","18,50","18,39","12,82K","-0,05%"
"18/09/1997","18,41","18,44","18,60","18,33","18,28K","0,00%"
"17/09/1997","18,41","18,59","18,67","18,40","18,26K","-0,91%"
"16/09/1997","18,58","18,35","18,80","18,31","32,55K","1,92%"
"15/09/1997","18,23","18,20","18,30","18,16","13,90K","-0,16%"
"12/09/1997","18,26","18,31","18,38","18,20","15,47K","-0,22%"
"11/09/1997","18,30","18,35","18,53","18,27","28,67K","0,00%"
"10/09/1997","18,30","18,43","18,48","18,28","20,95K","0,11%"
"09/09/1997","18,28","18,30","18,45","18,25","18,00K","-0,27%"
"08/09/1997","18,33","18,55","18,56","18,32","15,95K","-0,76%"
"05/09/1997","18,47","18,35","18,75","18,15","24,12K","1,15%"
"04/09/1997","18,26","18,45","18,49","18,24","19,38K","-0,60%"
"03/09/1997","18,37","18,60","18,60","18,34","20,21K","-0,38%"
"02/09/1997","18,44","18,38","18,63","18,21","23,24K","0,05%"
"01/09/1997","18,43","18,50","18,55","18,40","7,58K","-0,43%"
"29/08/1997","18,51","18,40","18,58","18,39","11,72K","0,60%"
"28/08/1997","18,40","18,55","18,61","18,38","16,25K","-0,86%"
"27/08/1997","18,56","18,11","18,75","18,10","26,95K","1,98%"
"26/08/1997","18,20","18,25","18,32","18,17","32,77K","-1,83%"
"22/08/1997","18,54","18,60","18,67","18,50","21,73K","0,16%"
"21/08/1997","18,51","18,90","18,98","18,45","32,53K","-2,37%"
"20/08/1997","18,96","19,18","19,22","18,94","17,77K","-0,58%"
"19/08/1997","19,07","19,00","19,29","18,92","20,51K","0,74%"
"18/08/1997","18,93","18,85","18,94","18,71","12,40K","-0,32%"
"15/08/1997","18,99","19,04","19,07","18,83","16,11K","-1,04%"
"14/08/1997","19,19","19,00","19,29","18,95","12,39K","1,05%"
"13/08/1997","18,99","18,80","19,15","18,62","25,45K","0,74%"
"12/08/1997","18,85","18,56","18,86","18,55","19,91K","1,45%"
"11/08/1997","18,58","18,40","18,59","18,35","15,01K","0,54%"
"08/08/1997","18,48","18,82","18,88","18,28","19,60K","-2,22%"
"07/08/1997","18,90","19,12","19,23","18,80","22,30K","-1,56%"
"06/08/1997","19,20","19,50","19,50","19,10","20,36K","-1,64%"
"05/08/1997","19,52","19,35","19,58","19,30","22,89K","0,31%"
"04/08/1997","19,46","18,90","19,64","18,80","26,44K","2,69%"
"01/08/1997","18,95","18,76","19,00","18,63","17,08K","0,05%"
"31/07/1997","18,94","19,02","19,09","18,45","31,65K","-0,16%"
"30/07/1997","18,97","18,80","19,00","18,68","32,39K","2,04%"
"29/07/1997","18,59","18,51","18,65","18,45","17,02K","0,98%"
"28/07/1997","18,41","18,63","18,70","18,35","26,06K","-0,65%"
"25/07/1997","18,53","18,36","18,59","18,30","15,44K","0,49%"
"24/07/1997","18,44","18,42","18,50","18,34","21,44K","0,27%"
"23/07/1997","18,39","18,22","18,43","18,20","20,96K","0,93%"
"22/07/1997","18,22","18,14","18,31","18,12","13,80K","0,72%"
"21/07/1997","18,09","18,12","18,20","17,98","13,72K","-0,17%"
"18/07/1997","18,12","18,60","18,68","18,11","28,20K","-3,05%"
"17/07/1997","18,69","18,30","18,79","18,26","30,89K","1,58%"
"16/07/1997","18,40","18,41","18,45","18,31","10,11K","0,05%"
"15/07/1997","18,39","17,81","18,48","17,80","24,89K","3,20%"
"14/07/1997","17,82","18,21","18,45","17,80","25,84K","-1,49%"
"11/07/1997","18,09","17,90","18,15","17,90","13,43K","0,72%"
"10/07/1997","17,96","18,23","18,23","17,85","21,32K","-1,43%"
"09/07/1997","18,22","18,15","18,40","18,08","21,38K","-0,87%"
"08/07/1997","18,38","18,21","18,39","18,08","16,63K","1,04%"
"07/07/1997","18,19","18,08","18,28","17,97","15,83K","0,72%"
"04/07/1997","18,06","18,25","18,27","18,04","8,92K","-0,82%"
"03/07/1997","18,21","18,85","18,85","18,17","22,30K","-3,75%"
"02/07/1997","18,92","18,69","18,96","18,50","25,81K","0,64%"
"01/07/1997","18,80","18,54","18,85","18,54","33,93K","1,57%"
"30/06/1997","18,51","18,35","18,57","18,27","21,50K","1,82%"
"27/06/1997","18,18","17,94","18,24","17,94","24,97K","1,85%"
"26/06/1997","17,85","18,16","18,17","17,82","18,55K","-2,03%"
"25/06/1997","18,22","17,80","18,45","17,70","26,53K","1,96%"
"24/06/1997","17,87","18,04","18,14","17,73","18,47K","-0,61%"
"23/06/1997","17,98","17,86","18,00","17,71","17,27K","1,75%"
"20/06/1997","17,67","17,87","17,91","17,48","23,61K","-0,62%"
"19/06/1997","17,78","17,75","17,97","17,68","20,59K","0,06%"
"18/06/1997","17,77","17,96","17,98","17,68","32,09K","-1,71%"
"17/06/1997","18,08","18,07","18,32","18,02","25,48K","1,23%"
"16/06/1997","17,86","17,85","17,98","17,72","16,86K","0,96%"
"13/06/1997","17,69","17,66","17,85","17,65","14,84K","1,43%"
"12/06/1997","17,44","17,50","17,60","17,38","17,98K","0,52%"
"11/06/1997","17,35","17,63","17,90","17,32","18,21K","-0,86%"
"10/06/1997","17,50","17,60","17,85","17,45","21,01K","-0,34%"
"09/06/1997","17,56","17,75","17,78","17,54","14,00K","-0,79%"
"06/06/1997","17,70","18,48","18,51","17,59","27,95K","-3,38%"
"05/06/1997","18,32","18,75","18,78","18,25","25,17K","-2,14%"
"04/06/1997","18,72","18,78","18,97","18,70","17,71K","-0,95%"
"03/06/1997","18,90","19,43","19,48","18,88","27,27K","-3,18%"
"02/06/1997","19,52","19,31","19,62","19,31","14,75K","0,62%"
"30/05/1997","19,40","19,45","19,46","19,25","15,83K","-0,41%"
"29/05/1997","19,48","19,17","19,63","19,10","22,55K","1,25%"
"28/05/1997","19,24","19,30","19,34","19,09","21,07K","0,10%"
"27/05/1997","19,22","19,84","19,88","19,12","25,88K","-3,90%"
"23/05/1997","20,00","20,10","20,22","19,93","17,73K","-0,89%"
"22/05/1997","20,18","20,13","20,35","20,08","17,52K","0,25%"
"21/05/1997","20,13","20,08","20,16","19,75","24,49K","0,65%"
"20/05/1997","20,00","20,06","20,36","19,84","19,79K","-0,79%"
"19/05/1997","20,16","20,10","20,34","20,06","18,60K","-0,93%"
"16/05/1997","20,35","19,45","20,60","19,43","25,65K","4,68%"
"15/05/1997","19,44","19,60","19,60","19,33","6,22K","-0,36%"
"14/05/1997","19,51","19,35","19,65","19,20","16,30K","-0,56%"
"13/05/1997","19,62","19,75","19,78","19,44","16,38K","-0,51%"
"12/05/1997","19,72","19,00","19,89","19,00","21,03K","4,17%"
"09/05/1997","18,93","18,71","18,94","18,63","19,43K","1,28%"
"08/05/1997","18,69","18,12","18,78","18,11","26,43K","2,92%"
"07/05/1997","18,16","18,17","18,28","18,09","13,70K","0,50%"
"06/05/1997","18,07","17,97","18,19","17,87","16,43K","0,56%"
"02/05/1997","17,97","18,27","18,39","17,88","26,94K","-1,75%"
"01/05/1997","18,29","18,42","18,61","18,26","14,70K","-1,24%"
"30/04/1997","18,52","18,61","18,75","18,43","22,00K","-0,48%"
"29/04/1997","18,61","18,28","18,70","18,20","23,55K","1,92%"
"28/04/1997","18,26","18,23","18,34","18,18","13,03K","-0,05%"
"25/04/1997","18,27","18,45","18,55","18,25","18,39K","-0,76%"
"24/04/1997","18,41","18,19","18,43","18,03","18,41K","1,94%"
"23/04/1997","18,06","18,15","18,19","17,81","21,07K","0,39%"
"22/04/1997","17,99","18,38","18,64","17,95","33,32K","-1,91%"
"21/04/1997","18,34","18,05","18,48","18,03","23,48K","2,34%"
"18/04/1997","17,92","17,85","18,13","17,81","20,84K","1,30%"
"17/04/1997","17,69","17,82","17,95","17,61","31,01K","-0,67%"
"16/04/1997","17,81","17,93","18,05","17,78","24,68K","-0,84%"
"15/04/1997","17,96","18,16","18,16","17,84","14,13K","-1,26%"
"14/04/1997","18,19","18,05","18,30","18,04","12,61K","1,73%"
"11/04/1997","17,88","18,05","18,20","17,86","17,69K","-0,28%"
"10/04/1997","17,93","17,80","18,30","17,54","18,68K","1,01%"
"09/04/1997","17,75","18,03","18,34","17,72","24,05K","-1,00%"
"08/04/1997","17,93","17,85","18,09","17,80","15,85K","0,96%"
"07/04/1997","17,76","17,90","18,11","17,74","19,64K","0,45%"
"04/04/1997","17,68","18,18","18,36","17,65","21,39K","-2,75%"
"03/04/1997","18,18","18,30","18,40","18,07","22,06K","-1,78%"
"02/04/1997","18,51","19,04","19,09","18,50","28,40K","-3,14%"
"01/04/1997","19,11","19,06","19,27","19,01","25,86K","-1,39%"
"27/03/1997","19,38","19,20","19,45","19,20","29,69K","0,47%"
"26/03/1997","19,29","19,64","19,90","19,23","34,67K","-1,28%"
"25/03/1997","19,54","19,50","19,77","19,46","25,01K","-0,26%"
"24/03/1997","19,59","19,92","19,92","19,58","26,35K","-2,00%"
"21/03/1997","19,99","20,33","20,34","19,96","28,31K","-0,94%"
"20/03/1997","20,18","20,20","20,55","20,06","24,02K","-0,69%"
"19/03/1997","20,32","20,39","20,84","20,21","27,92K","0,35%"
"18/03/1997","20,25","19,53","20,50","19,38","32,90K","3,85%"
"17/03/1997","19,50","19,80","19,97","19,48","17,10K","-3,18%"
"14/03/1997","20,14","20,10","20,35","20,07","8,39K","1,26%"
"13/03/1997","19,89","19,76","20,02","19,76","16,85K","1,43%"
"12/03/1997","19,61","19,24","19,70","18,90","32,29K","1,92%"
"11/03/1997","19,24","19,24","19,28","18,93","26,46K","-0,21%"
"10/03/1997","19,28","19,85","19,95","19,23","19,33K","-2,92%"
"07/03/1997","19,86","19,91","20,07","19,55","24,43K","0,81%"
"06/03/1997","19,70","19,19","19,78","19,16","21,92K","1,55%"
"05/03/1997","19,40","19,66","19,73","19,15","21,68K","-0,51%"
"04/03/1997","19,50","19,05","19,63","18,95","28,48K","3,07%"
"03/03/1997","18,92","18,95","19,12","18,68","23,11K","0,37%"
"28/02/1997","18,85","19,23","19,26","18,80","24,45K","-2,58%"
"27/02/1997","19,35","19,66","19,71","19,32","21,04K","-1,17%"
"26/02/1997","19,58","19,65","19,84","19,30","24,97K","0,67%"
"25/02/1997","19,45","19,09","19,76","19,09","30,02K","1,73%"
"24/02/1997","19,12","19,75","19,87","19,10","25,11K","-3,39%"
"21/02/1997","19,79","19,95","20,00","19,76","23,16K","-1,44%"
"20/02/1997","20,08","20,51","20,62","20,07","18,83K","-2,67%"
"19/02/1997","20,63","20,55","20,74","20,47","17,75K","1,18%"
"18/02/1997","20,39","20,34","20,62","20,10","14,04K","0,25%"
"17/02/1997","20,34","20,40","20,51","20,33","5,18K","-0,73%"
"14/02/1997","20,49","20,55","20,67","20,34","16,81K","0,00%"
"13/02/1997","20,49","20,50","20,70","20,30","13,00K","-0,15%"
"12/02/1997","20,52","21,05","21,25","20,50","19,63K","-2,93%"
"11/02/1997","21,14","21,20","21,38","21,05","18,40K","0,05%"
"10/02/1997","21,13","21,17","21,23","20,55","21,71K","0,86%"
"07/02/1997","20,95","21,70","21,85","20,89","26,17K","-3,41%"
"06/02/1997","21,69","22,37","22,40","21,57","34,67K","-3,47%"
"05/02/1997","22,47","22,40","22,63","22,34","17,59K","0,18%"
"04/02/1997","22,43","22,63","22,77","22,30","20,28K","-0,49%"
"03/02/1997","22,54","22,45","22,65","22,35","19,89K","0,09%"
"31/01/1997","22,52","23,13","23,21","22,50","24,27K","-2,85%"
"30/01/1997","23,18","22,81","23,25","22,75","22,85K","1,80%"
"29/01/1997","22,77","22,35","22,80","22,32","21,61K","2,34%"
"28/01/1997","22,25","22,20","22,39","22,18","22,04K","0,91%"
"27/01/1997","22,05","22,25","22,44","22,00","26,44K","-0,94%"
"24/01/1997","22,26","22,33","22,58","22,25","21,62K","-0,71%"
"23/01/1997","22,42","22,78","22,90","22,40","22,97K","-0,27%"
"22/01/1997","22,48","22,50","22,80","22,31","25,90K","0,54%"
"21/01/1997","22,36","22,46","22,77","22,32","23,77K","-0,97%"
"20/01/1997","22,58","22,40","22,91","22,29","22,46K","0,18%"
"17/01/1997","22,54","22,85","22,94","22,53","25,33K","-4,45%"
"16/01/1997","23,59","23,65","23,71","23,44","7,09K","-1,05%"
"15/01/1997","23,84","23,50","24,10","23,08","20,33K","2,05%"
"14/01/1997","23,36","23,46","23,55","23,20","18,39K","-0,51%"
"13/01/1997","23,48","24,46","24,60","23,47","21,38K","-3,53%"
"10/01/1997","24,34","24,50","24,51","24,18","21,88K","-0,94%"
"09/01/1997","24,57","24,78","24,91","24,53","16,54K","-0,93%"
"08/01/1997","24,80","24,47","24,80","24,22","18,24K","0,85%"
"07/01/1997","24,59","24,50","24,70","24,42","19,54K","0,12%"
"06/01/1997","24,56","24,16","24,73","24,15","22,63K","1,82%"
"03/01/1997","24,12","24,15","24,15","23,80","14,56K","-0,41%"
"02/01/1997","24,22","24,50","24,61","24,04","15,40K","1,72%"
"31/12/1996","23,81","23,68","23,82","23,68","7,11K","0,51%"
"30/12/1996","23,69","23,60","23,97","23,55","13,61K","1,15%"
"27/12/1996","23,42","23,50","23,67","23,35","10,93K","0,13%"
"24/12/1996","23,39","23,31","23,55","23,30","4,79K","0,86%"
"23/12/1996","23,19","23,40","23,55","23,16","16,76K","-1,15%"
"20/12/1996","23,46","23,73","23,94","23,46","13,81K","-2,17%"
"19/12/1996","23,98","23,80","24,00","23,62","17,39K","0,25%"
"18/12/1996","23,92","23,76","23,95","23,21","15,21K","0,93%"
"17/12/1996","23,70","23,80","23,85","23,51","16,54K","-1,66%"
"16/12/1996","24,10","23,55","24,25","23,44","9,72K","2,42%"
"13/12/1996","23,53","22,77","23,55","22,65","19,69K","4,48%"
"12/12/1996","22,52","22,49","22,68","22,27","15,13K","1,67%"
"11/12/1996","22,15","23,05","23,07","22,00","26,22K","-4,89%"
"10/12/1996","23,29","23,92","24,00","23,24","20,94K","-3,36%"
"09/12/1996","24,10","24,25","24,25","23,77","19,27K","-1,79%"
"06/12/1996","24,54","24,50","24,60","23,92","22,48K","-0,37%"
"05/12/1996","24,63","24,02","24,65","23,96","22,58K","3,57%"
"04/12/1996","23,78","23,63","23,96","23,46","16,63K","0,04%"
"03/12/1996","23,77","23,51","23,81","23,34","24,34K","0,64%"
"02/12/1996","23,62","22,85","23,65","22,68","21,25K","3,73%"
"29/11/1996","22,77","22,62","22,82","22,49","9,78K","0,75%"
"28/11/1996","22,60","22,83","22,89","22,55","9,85K","-0,53%"
"27/11/1996","22,72","22,90","23,02","22,56","16,57K","-0,09%"
"26/11/1996","22,74","22,60","22,93","22,49","18,63K","0,53%"
"25/11/1996","22,62","23,15","23,18","22,60","20,40K","-1,78%"
"22/11/1996","23,03","23,31","23,54","22,80","20,62K","-0,43%"
"21/11/1996","23,13","22,80","23,16","22,68","26,23K","2,62%"
"20/11/1996","22,54","23,50","23,70","22,38","38,06K","-3,59%"
"19/11/1996","23,38","23,00","23,48","22,93","17,26K","2,23%"
"18/11/1996","22,87","23,18","23,18","22,85","17,61K","-1,85%"
"15/11/1996","23,30","23,48","23,58","23,28","15,92K","-2,14%"
"14/11/1996","23,81","23,97","23,99","23,77","15,70K","-0,33%"
"13/11/1996","23,89","23,00","23,92","22,98","33,64K","4,64%"
"12/11/1996","22,83","22,95","22,98","22,75","21,37K","-0,78%"
"11/11/1996","23,01","23,15","23,31","22,87","17,26K","0,13%"
"08/11/1996","22,98","22,40","23,00","22,27","19,38K","3,47%"
"07/11/1996","22,21","22,45","22,48","22,12","22,39K","0,27%"
"06/11/1996","22,15","22,25","22,62","22,11","19,65K","-0,18%"
"05/11/1996","22,19","22,30","22,50","22,15","22,45K","-0,40%"
"04/11/1996","22,28","22,59","22,70","22,20","19,50K","-0,98%"
"01/11/1996","22,50","22,65","22,84","22,45","20,68K","-0,75%"
"31/10/1996","22,67","23,65","23,92","22,62","29,95K","-3,82%"
"30/10/1996","23,57","23,53","23,65","23,35","18,27K","-0,72%"
"29/10/1996","23,74","24,05","24,12","23,62","19,23K","-1,82%"
"28/10/1996","24,18","24,23","24,56","24,02","18,32K","-0,17%"
"25/10/1996","24,22","23,90","24,25","23,78","11,94K","1,98%"
"24/10/1996","23,75","23,78","24,07","23,65","23,73K","-1,33%"
"23/10/1996","24,07","24,43","24,52","24,01","24,73K","-2,39%"
"22/10/1996","24,66","24,50","24,84","24,17","22,45K","0,08%"
"21/10/1996","24,64","24,65","24,80","24,38","16,94K","0,45%"
"18/10/1996","24,53","24,30","24,59","24,30","14,54K","1,41%"
"17/10/1996","24,19","24,00","24,35","23,72","16,58K","-2,58%"
"16/10/1996","24,83","25,00","25,04","24,80","7,82K","0,40%"
"15/10/1996","24,73","24,80","25,06","24,61","20,24K","-0,52%"
"14/10/1996","24,86","24,15","24,92","24,13","13,74K","3,67%"
"11/10/1996","23,98","23,70","24,00","23,65","14,67K","1,65%"
"10/10/1996","23,59","24,12","24,18","23,54","17,73K","-2,80%"
"09/10/1996","24,27","24,41","24,64","24,23","12,91K","-1,26%"
"08/10/1996","24,58","24,30","24,70","24,07","22,36K","0,37%"
"07/10/1996","24,49","23,80","24,50","23,78","15,03K","2,68%"
"04/10/1996","23,85","23,72","23,88","23,48","19,82K","0,46%"
"03/10/1996","23,74","23,02","23,76","23,00","21,69K","2,77%"
"02/10/1996","23,10","23,30","23,45","22,94","22,59K","0,13%"
"01/10/1996","23,07","22,90","23,32","22,67","25,13K","-0,60%"
"30/09/1996","23,21","23,52","23,63","23,09","22,48K","-1,11%"
"27/09/1996","23,47","22,89","23,49","22,67","13,76K","2,35%"
"26/09/1996","22,93","23,20","23,40","22,92","20,02K","-1,16%"
"25/09/1996","23,20","23,05","23,32","22,63","23,16K","1,05%"
"24/09/1996","22,96","22,32","22,97","22,32","22,22K","3,14%"
"23/09/1996","22,26","22,03","22,29","21,83","15,80K","1,23%"
"20/09/1996","21,99","21,89","22,07","21,76","16,85K","0,37%"
"19/09/1996","21,91","22,28","22,28","21,75","16,58K","-1,79%"
"18/09/1996","22,31","22,12","22,35","21,99","18,34K","2,76%"
"17/09/1996","21,71","21,85","22,13","21,50","21,81K","0,51%"
"16/09/1996","21,60","22,52","22,55","21,55","22,15K","-10,45%"
"13/09/1996","24,12","24,15","24,27","24,00","11,87K","1,05%"
"12/09/1996","23,87","23,76","24,39","23,35","22,00K","1,23%"
"11/09/1996","23,58","23,08","23,82","23,04","20,09K","3,06%"
"10/09/1996","22,88","22,57","22,96","22,32","24,66K","1,19%"
"09/09/1996","22,61","22,54","22,73","22,31","21,30K","0,31%"
"06/09/1996","22,54","22,27","22,60","22,21","18,52K","1,71%"
"05/09/1996","22,16","21,90","22,22","21,79","15,37K","0,23%"
"04/09/1996","22,11","22,07","22,27","21,65","23,66K","-0,45%"
"03/09/1996","22,21","22,50","22,85","21,57","36,63K","1,00%"
"02/09/1996","21,99","21,48","22,00","21,45","21,98K","5,82%"
"30/08/1996","20,78","20,87","21,00","20,64","14,26K","0,14%"
"29/08/1996","20,75","20,46","20,88","20,38","21,96K","2,37%"
"28/08/1996","20,27","19,98","20,51","19,95","24,77K","1,20%"
"27/08/1996","20,03","20,12","20,37","20,02","26,32K","-1,86%"
"23/08/1996","20,41","20,74","20,80","20,40","16,16K","-1,50%"
"22/08/1996","20,72","20,29","20,80","20,29","21,58K","2,57%"
"21/08/1996","20,20","20,32","20,44","20,16","20,11K","-1,32%"
"20/08/1996","20,47","20,80","20,80","20,43","19,16K","-1,82%"
"19/08/1996","20,85","20,60","20,98","20,47","18,04K","1,56%"
"16/08/1996","20,53","19,98","20,60","19,87","","-0,19%"
"15/08/1996","20,57","20,52","20,61","20,48","11,68K","-0,53%"
"14/08/1996","20,68","20,80","20,80","20,55","25,59K","-0,24%"
"13/08/1996","20,73","20,55","20,81","20,35","26,03K","0,34%"
"12/08/1996","20,66","20,01","20,67","20,01","21,43K","3,66%"
"09/08/1996","19,93","19,80","20,00","19,76","14,40K","-0,20%"
"08/08/1996","19,97","19,76","20,05","19,70","20,74K","1,06%"
"07/08/1996","19,76","19,63","19,80","19,21","26,21K","0,71%"
"06/08/1996","19,62","19,63","19,65","19,35","19,31K","-0,05%"
"05/08/1996","19,63","19,90","20,05","19,47","22,43K","0,20%"
"02/08/1996","19,59","19,19","19,78","19,12","21,22K","0,98%"
"01/08/1996","19,40","19,00","19,44","18,79","26,46K","2,65%"
"31/07/1996","18,90","18,80","19,08","18,80","23,09K","0,69%"
"30/07/1996","18,77","18,91","18,91","18,67","19,47K","-0,64%"
"29/07/1996","18,89","18,84","18,95","18,67","23,63K","0,91%"
"26/07/1996","18,72","19,20","19,20","18,67","23,59K","-2,60%"
"25/07/1996","19,22","19,06","19,31","19,04","14,11K","0,79%"
"24/07/1996","19,07","19,47","19,57","19,03","19,59K","-1,75%"
"23/07/1996","19,41","19,19","19,46","19,10","16,85K","1,25%"
"22/07/1996","19,17","19,15","19,34","18,90","21,68K","-0,26%"
"19/07/1996","19,22","19,47","19,62","19,06","21,51K","-1,08%"
"18/07/1996","19,43","19,44","19,68","19,32","21,88K","0,15%"
"17/07/1996","19,40","20,00","20,00","19,13","23,71K","-5,18%"
"16/07/1996","20,46","20,32","20,55","20,30","7,84K","0,05%"
"15/07/1996","20,45","19,93","20,54","19,72","20,47K","2,20%"
"12/07/1996","20,01","20,00","20,05","19,75","19,65K","-0,15%"
"11/07/1996","20,04","19,71","20,05","19,64","19,67K","2,04%"
"10/07/1996","19,64","19,60","19,75","19,54","20,08K","0,56%"
"09/07/1996","19,53","19,36","19,56","19,20","18,35K","0,93%"
"08/07/1996","19,35","19,65","19,80","19,11","21,13K","-1,98%"
"05/07/1996","19,74","19,60","19,80","19,59","12,63K","1,13%"
"04/07/1996","19,52","19,36","19,55","19,36","12,64K","1,09%"
"03/07/1996","19,31","19,00","19,40","18,94","17,92K","1,36%"
"02/07/1996","19,05","19,35","19,40","19,03","19,22K","-2,16%"
"01/07/1996","19,47","18,93","19,53","18,91","21,24K","2,96%"
"28/06/1996","18,91","18,90","19,20","18,80","21,33K","0,21%"
"27/06/1996","18,87","18,63","19,24","18,46","30,78K","0,86%"
"26/06/1996","18,71","18,22","18,85","18,16","19,01K","3,43%"
"25/06/1996","18,09","18,10","18,23","18,01","16,11K","-0,06%"
"24/06/1996","18,10","18,00","18,21","17,95","12,84K","0,22%"
"21/06/1996","18,06","18,15","18,35","18,01","16,67K","-0,11%"
"20/06/1996","18,08","18,06","18,23","17,92","21,66K","0,44%"
"19/06/1996","18,00","18,23","18,50","17,97","18,96K","-1,10%"
"18/06/1996","18,20","18,55","18,65","18,15","21,79K","-2,41%"
"17/06/1996","18,65","17,93","18,80","17,89","29,02K","4,48%"
"14/06/1996","17,85","17,50","17,87","17,48","15,84K","-0,89%"
"13/06/1996","18,01","18,00","18,16","17,92","11,23K","-0,28%"
"12/06/1996","18,06","18,06","18,25","18,00","26,25K","0,17%"
"11/06/1996","18,03","18,17","18,28","17,98","22,11K","-1,37%"
"10/06/1996","18,28","18,33","18,43","18,14","21,34K","0,00%"