"Date","Dernier","Ouv."," Plus Haut","Plus Bas","Vol.","Variation %"
"10/06/2016","50,54","51,91","52,10","50,33","210,06K","-2,71%"
"09/06/2016","51,95","52,74","52,86","51,53","213,12K","-1,07%"
"08/06/2016","52,51","51,41","52,80","51,32","260,75K","2,08%"
"07/06/2016","51,44","50,46","51,54","50,28","208,82K","1,76%"
"06/06/2016","50,55","49,83","50,83","49,72","223,76K","1,83%"
"03/06/2016","49,64","49,95","50,33","49,30","227,82K","-0,80%"
"02/06/2016","50,04","49,63","50,30","48,84","270,12K","0,64%"
"01/06/2016","49,72","49,65","50,00","48,65","266,00K","0,06%"
"31/05/2016","49,69","49,70","50,05","49,23","28,69K","-0,14%"
"30/05/2016","49,76","49,43","49,83","48,92","23,09K","0,89%"
"27/05/2016","49,32","49,42","49,55","48,69","130,18K","-0,54%"
"26/05/2016","49,59","49,76","50,51","49,25","221,26K","-0,30%"
"25/05/2016","49,74","49,16","49,96","48,91","237,79K","2,32%"
"24/05/2016","48,61","48,35","49,24","47,80","211,58K","0,54%"
"23/05/2016","48,35","48,72","48,84","47,58","225,09K","-0,76%"
"20/05/2016","48,72","48,90","49,39","48,07","255,58K","-0,18%"
"19/05/2016","48,81","48,67","48,88","47,38","302,10K","-0,25%"
"18/05/2016","48,93","49,36","49,85","48,45","319,81K","-0,71%"
"17/05/2016","49,28","49,03","49,75","48,57","262,32K","0,63%"
"16/05/2016","48,97","47,80","49,47","47,77","294,38K","2,38%"
"13/05/2016","47,83","47,85","48,12","47,26","239,05K","-0,52%"
"12/05/2016","48,08","47,32","48,19","46,80","353,85K","1,01%"
"11/05/2016","47,60","45,59","47,75","44,80","381,74K","4,57%"
"10/05/2016","45,52","43,49","45,70","43,33","343,21K","4,33%"
"09/05/2016","43,63","45,75","46,48","43,43","364,58K","-3,84%"
"06/05/2016","45,37","45,16","46,12","44,19","283,65K","0,80%"
"05/05/2016","45,01","45,08","46,77","44,65","280,79K","0,87%"
"04/05/2016","44,62","45,21","46,01","44,19","293,82K","-0,78%"
"03/05/2016","44,97","45,80","46,40","44,62","276,40K","-1,88%"
"02/05/2016","45,83","47,37","47,40","45,72","168,09K","-4,78%"
"29/04/2016","48,13","47,90","48,50","47,41","29,52K","-0,02%"
"28/04/2016","48,14","47,10","48,19","46,74","113,08K","2,03%"
"27/04/2016","47,18","46,26","47,45","45,63","150,79K","3,15%"
"26/04/2016","45,74","44,69","46,49","44,36","199,24K","2,83%"
"25/04/2016","44,48","45,13","45,59","44,26","211,68K","-1,40%"
"22/04/2016","45,11","44,75","45,90","44,30","272,85K","1,30%"
"21/04/2016","44,53","45,54","46,18","44,44","312,60K","-2,77%"
"20/04/2016","45,80","43,52","45,88","42,81","297,26K","4,02%"
"19/04/2016","44,03","43,14","44,50","42,60","355,95K","2,61%"
"18/04/2016","42,91","41,80","43,43","40,10","383,37K","-0,44%"
"15/04/2016","43,10","43,80","44,05","42,28","285,17K","-1,69%"
"14/04/2016","43,84","44,01","44,62","43,29","234,37K","-0,77%"
"13/04/2016","44,18","44,44","44,94","43,76","348,59K","-1,14%"
"12/04/2016","44,69","42,70","44,81","42,56","357,35K","4,34%"
"11/04/2016","42,83","42,00","43,06","41,41","279,92K","2,12%"
"08/04/2016","41,94","39,68","42,01","39,62","340,22K","6,37%"
"07/04/2016","39,43","39,90","40,29","38,70","308,72K","-1,03%"
"06/04/2016","39,84","38,40","39,94","38,34","323,37K","5,20%"
"05/04/2016","37,87","37,50","38,44","37,27","296,45K","0,48%"
"04/04/2016","37,69","38,69","38,92","37,50","286,65K","-2,53%"
"01/04/2016","38,67","40,14","40,43","38,55","286,17K","-2,35%"
"31/03/2016","39,60","39,12","40,00","38,74","27,80K","0,87%"
"30/03/2016","39,26","39,42","40,61","39,09","103,12K","0,31%"
"29/03/2016","39,14","40,19","40,25","38,76","149,53K","-2,81%"
"28/03/2016","40,27","40,58","41,00","39,64","78,63K","-0,42%"
"24/03/2016","40,44","40,40","40,64","39,22","203,28K","-0,07%"
"23/03/2016","40,47","41,56","41,82","40,42","240,91K","-3,16%"
"22/03/2016","41,79","41,47","42,08","40,97","268,21K","0,60%"
"21/03/2016","41,54","41,31","41,88","40,48","234,10K","0,83%"
"18/03/2016","41,20","41,38","42,54","41,07","286,65K","-0,82%"
"17/03/2016","41,54","40,45","41,60","40,41","249,23K","3,00%"
"16/03/2016","40,33","39,14","40,44","38,83","263,87K","4,10%"
"15/03/2016","38,74","39,67","39,74","38,32","224,36K","-2,00%"
"14/03/2016","39,53","40,25","40,65","38,82","264,71K","-2,13%"
"11/03/2016","40,39","40,33","41,03","40,02","276,65K","0,85%"
"10/03/2016","40,05","40,89","41,01","39,63","287,78K","-2,48%"
"09/03/2016","41,07","39,65","41,18","39,39","333,49K","3,58%"
"08/03/2016","39,65","40,71","41,48","39,31","352,25K","-2,91%"
"07/03/2016","40,84","38,88","41,04","38,87","341,91K","5,48%"
"04/03/2016","38,72","37,04","38,95","36,82","295,79K","4,45%"
"03/03/2016","37,07","37,05","37,37","36,35","256,49K","0,38%"
"02/03/2016","36,93","36,62","37,40","36,10","278,17K","0,33%"
"01/03/2016","36,81","36,60","37,25","35,95","276,26K","2,34%"
"29/02/2016","35,97","35,10","36,23","34,83","30,24K","2,48%"
"26/02/2016","35,10","35,10","37,00","34,73","126,42K","-0,54%"
"25/02/2016","35,29","34,39","35,74","33,29","210,57K","2,56%"
"24/02/2016","34,41","32,98","34,67","32,37","344,00K","3,43%"
"23/02/2016","33,27","34,54","35,11","32,90","348,08K","-4,09%"
"22/02/2016","34,69","33,25","34,97","32,85","233,33K","5,09%"
"19/02/2016","33,01","33,88","34,46","32,68","287,09K","-3,70%"
"18/02/2016","34,28","34,91","35,73","33,79","324,10K","-0,64%"
"17/02/2016","34,50","32,54","34,99","31,82","355,92K","7,21%"
"16/02/2016","32,18","34,51","35,55","31,92","398,49K","-3,62%"
"15/02/2016","33,39","32,77","34,09","32,67","160,51K","0,09%"
"12/02/2016","33,36","31,31","33,44","30,85","394,48K","10,98%"
"11/02/2016","30,06","30,83","31,35","29,92","347,59K","-2,53%"
"10/02/2016","30,84","30,95","31,90","30,35","332,99K","1,72%"
"09/02/2016","30,32","33,17","33,56","30,28","305,77K","-7,79%"
"08/02/2016","32,88","33,99","34,68","32,77","211,55K","-3,46%"
"05/02/2016","34,06","34,39","35,14","33,81","296,57K","-1,16%"
"04/02/2016","34,46","35,32","35,84","34,15","323,93K","-1,66%"
"03/02/2016","35,04","32,41","35,53","32,30","396,58K","7,09%"
"02/02/2016","32,72","34,18","34,18","32,23","346,89K","-4,44%"
"01/02/2016","34,24","35,85","36,25","33,92","331,87K","-1,44%"
"29/01/2016","34,74","34,08","35,00","33,59","29,66K","2,51%"
"28/01/2016","33,89","32,84","35,84","32,56","195,14K","2,39%"
"27/01/2016","33,10","31,20","33,49","30,83","257,11K","4,09%"
"26/01/2016","31,80","30,01","32,72","29,27","335,09K","4,26%"
"25/01/2016","30,50","32,10","32,81","30,00","310,14K","-5,22%"
"22/01/2016","32,18","29,62","32,30","29,29","407,78K","10,02%"
"21/01/2016","29,25","27,99","29,84","27,29","394,26K","4,91%"
"20/01/2016","27,88","28,66","28,75","27,10","375,40K","-3,06%"
"19/01/2016","28,76","28,70","30,24","28,60","419,48K","0,74%"
"18/01/2016","28,55","28,73","29,58","27,67","211,26K","-1,35%"
"15/01/2016","28,94","31,00","31,02","28,82","344,46K","-6,74%"
"14/01/2016","31,03","30,26","31,23","29,73","16,39K","2,38%"
"13/01/2016","30,31","30,82","31,92","29,96","91,96K","-1,78%"
"12/01/2016","30,86","31,54","32,38","30,34","142,53K","-2,19%"
"11/01/2016","31,55","33,34","33,38","31,17","202,06K","-5,96%"
"08/01/2016","33,55","34,02","34,72","32,78","206,97K","-0,59%"
"07/01/2016","33,75","34,52","34,74","32,16","291,51K","-1,40%"
"06/01/2016","34,23","36,64","36,67","34,13","296,86K","-6,01%"
"05/01/2016","36,42","37,27","37,57","36,24","275,47K","-2,15%"
"04/01/2016","37,22","37,85","38,99","36,77","321,84K","-0,16%"
"31/12/2015","37,28","36,57","37,95","36,10","149,60K","2,25%"
"30/12/2015","36,46","37,29","37,55","36,35","173,51K","-3,52%"
"29/12/2015","37,79","36,59","37,98","36,56","171,68K","3,19%"
"28/12/2015","36,62","37,84","37,95","36,41","84,34K","-3,35%"
"24/12/2015","37,89","37,77","38,10","36,91","111,02K","1,42%"
"23/12/2015","37,36","36,37","37,88","36,28","196,98K","3,46%"
"22/12/2015","36,11","36,36","36,72","35,98","166,30K","-0,66%"
"21/12/2015","36,35","36,55","36,75","36,04","175,12K","-1,44%"
"18/12/2015","36,88","36,81","37,73","36,41","218,04K","-0,49%"
"17/12/2015","37,06","37,60","37,93","36,75","200,85K","-0,35%"
"16/12/2015","37,19","38,09","38,45","37,11","18,23K","-3,28%"
"15/12/2015","38,45","37,89","39,41","37,55","73,70K","1,40%"
"14/12/2015","37,92","37,85","38,43","36,33","115,12K","-0,03%"
"11/12/2015","37,93","39,55","39,74","37,36","167,31K","-4,53%"
"10/12/2015","39,73","40,44","40,70","39,46","188,99K","-0,95%"
"09/12/2015","40,11","40,63","41,59","39,57","284,65K","-0,37%"
"08/12/2015","40,26","40,82","41,45","39,81","328,38K","-1,15%"
"07/12/2015","40,73","43,26","43,26","40,60","272,44K","-5,28%"
"04/12/2015","43,00","43,98","44,82","42,67","345,83K","-1,92%"
"03/12/2015","43,84","42,77","44,69","42,61","271,48K","3,18%"
"02/12/2015","42,49","44,32","44,64","42,43","324,06K","-4,39%"
"01/12/2015","44,44","44,62","45,18","44,03","301,20K","-0,38%"
"30/11/2015","44,61","44,86","45,75","44,44","235,94K","-0,56%"
"27/11/2015","44,86","45,57","45,63","44,79","165,31K","-1,32%"
"26/11/2015","45,46","46,23","46,32","45,00","97,32K","-1,54%"
"25/11/2015","46,17","46,04","46,50","45,03","229,11K","0,11%"
"24/11/2015","46,12","45,11","46,50","44,92","271,93K","2,88%"
"23/11/2015","44,83","44,46","45,73","43,57","291,00K","0,38%"
"20/11/2015","44,66","44,38","45,50","44,06","245,34K","1,09%"
"19/11/2015","44,18","44,30","44,76","43,70","201,03K","0,09%"
"18/11/2015","44,14","43,97","44,74","43,34","255,68K","1,31%"
"17/11/2015","43,57","44,70","45,10","43,50","260,70K","-2,22%"
"16/11/2015","44,56","44,70","45,18","43,15","310,12K","2,18%"
"13/11/2015","43,61","44,08","44,85","43,57","28,63K","-1,02%"
"12/11/2015","44,06","45,92","46,27","43,89","132,49K","-3,82%"
"11/11/2015","45,81","47,08","47,73","45,62","193,34K","-3,44%"
"10/11/2015","47,44","47,32","47,86","46,96","206,34K","0,53%"
"09/11/2015","47,19","47,46","48,41","47,01","202,18K","-0,49%"
"06/11/2015","47,42","48,05","48,58","47,27","245,49K","-1,17%"
"05/11/2015","47,98","48,84","49,00","47,93","228,00K","-1,24%"
"04/11/2015","48,58","50,25","50,87","48,49","328,14K","-3,88%"
"03/11/2015","50,54","48,90","50,91","48,46","283,36K","3,59%"
"02/11/2015","48,79","49,50","49,69","48,61","224,28K","-1,55%"
"30/10/2015","49,56","48,66","50,00","48,28","238,59K","1,56%"
"29/10/2015","48,80","49,15","49,38","48,17","213,93K","-0,51%"
"28/10/2015","49,05","46,91","49,23","46,61","306,60K","4,79%"
"27/10/2015","46,81","47,43","47,57","46,41","243,11K","-1,54%"
"26/10/2015","47,54","48,00","48,33","47,30","193,98K","-0,94%"
"23/10/2015","47,99","48,32","48,65","47,45","242,06K","-0,19%"
"22/10/2015","48,08","47,96","48,73","47,65","201,59K","0,48%"
"21/10/2015","47,85","48,58","48,65","47,50","244,64K","-1,77%"
"20/10/2015","48,71","48,83","49,20","48,22","253,32K","0,21%"
"19/10/2015","48,61","50,38","50,68","48,57","223,31K","-3,67%"
"16/10/2015","50,46","50,21","50,70","49,31","225,96K","3,59%"
"15/10/2015","48,71","49,01","49,38","48,21","16,79K","-0,90%"
"14/10/2015","49,15","49,22","49,52","48,71","63,28K","-0,18%"
"13/10/2015","49,24","50,27","50,70","48,88","108,37K","-1,24%"
"12/10/2015","49,86","52,64","53,31","49,77","166,79K","-5,30%"
"09/10/2015","52,65","53,35","54,05","52,21","174,34K","-0,75%"
"08/10/2015","53,05","51,76","53,52","51,28","219,94K","3,35%"
"07/10/2015","51,33","52,15","53,15","51,21","299,91K","-1,14%"
"06/10/2015","51,92","49,35","52,26","48,86","303,58K","5,42%"
"05/10/2015","49,25","48,08","49,87","47,84","215,45K","2,33%"
"02/10/2015","48,13","47,99","48,50","46,93","201,59K","0,92%"
"01/10/2015","47,69","48,40","49,84","47,62","239,32K","-1,41%"
"30/09/2015","48,37","47,96","49,00","47,79","219,89K","0,29%"
"29/09/2015","48,23","47,45","48,65","47,25","181,41K","1,88%"
"28/09/2015","47,34","48,34","48,44","47,25","188,28K","-2,59%"
"25/09/2015","48,60","48,17","49,10","47,86","189,40K","0,89%"
"24/09/2015","48,17","47,88","48,47","47,40","198,04K","0,88%"
"23/09/2015","47,75","49,08","50,25","47,68","232,26K","-2,71%"
"22/09/2015","49,08","48,50","49,21","47,70","185,41K","0,33%"
"21/09/2015","48,92","47,64","48,99","47,48","179,90K","3,05%"
"18/09/2015","47,47","49,26","49,75","47,16","225,72K","-3,28%"
"17/09/2015","49,08","49,98","50,14","48,32","228,86K","-1,35%"
"16/09/2015","49,75","48,06","50,34","47,71","288,33K","6,69%"
"15/09/2015","46,63","46,65","46,90","45,98","18,46K","0,56%"
"14/09/2015","46,37","48,08","48,35","46,26","104,06K","-3,68%"
"11/09/2015","48,14","48,64","48,98","47,16","143,41K","-1,53%"
"10/09/2015","48,89","47,46","48,95","46,76","192,42K","2,75%"
"09/09/2015","47,58","49,39","50,04","47,32","173,22K","-3,92%"
"08/09/2015","49,52","47,76","49,85","47,64","253,29K","3,97%"
"07/09/2015","47,63","49,27","49,44","47,50","94,80K","-3,99%"
"04/09/2015","49,61","50,69","51,05","49,25","221,22K","-2,11%"
"03/09/2015","50,68","50,58","52,46","49,82","270,54K","0,36%"
"02/09/2015","50,50","48,62","51,00","47,74","324,84K","1,90%"
"01/09/2015","49,56","52,92","53,47","48,47","373,64K","-8,48%"
"31/08/2015","54,15","50,05","54,32","48,25","321,32K","8,19%"
"28/08/2015","50,05","47,40","50,98","46,61","418,78K","5,24%"
"27/08/2015","47,56","43,75","47,75","43,70","333,70K","10,25%"
"26/08/2015","43,14","43,32","43,76","42,81","267,56K","-0,16%"
"25/08/2015","43,21","42,79","44,50","42,68","292,10K","1,22%"
"24/08/2015","42,69","45,35","45,46","42,23","305,73K","-6,09%"
"21/08/2015","45,46","46,34","46,51","45,07","231,80K","-2,49%"
"20/08/2015","46,62","47,03","47,38","46,03","221,54K","-1,15%"
"19/08/2015","47,16","48,50","49,11","46,78","250,81K","-3,38%"
"18/08/2015","48,81","48,55","49,04","48,25","191,53K","0,14%"
"17/08/2015","48,74","48,76","49,44","48,35","195,61K","-0,59%"
"14/08/2015","49,03","49,11","49,52","48,80","21,37K","-0,39%"
"13/08/2015","49,22","49,82","50,39","48,85","115,92K","-0,89%"
"12/08/2015","49,66","49,38","50,01","48,72","153,81K","0,98%"
"11/08/2015","49,18","50,22","51,10","48,61","223,21K","-2,44%"
"10/08/2015","50,41","48,43","50,49","48,24","208,26K","3,70%"
"07/08/2015","48,61","49,62","50,06","48,42","245,82K","-1,84%"
"06/08/2015","49,52","49,72","49,83","48,88","236,36K","-0,14%"
"05/08/2015","49,59","50,14","50,99","49,02","280,76K","-0,80%"
"04/08/2015","49,99","49,70","50,45","49,58","221,65K","0,95%"
"03/08/2015","49,52","51,55","52,01","49,36","306,50K","-5,15%"
"31/07/2015","52,21","53,43","53,47","51,63","212,82K","-2,06%"
"30/07/2015","53,31","53,60","54,38","53,02","217,29K","-0,13%"
"29/07/2015","53,38","52,99","54,33","52,51","290,43K","0,15%"
"28/07/2015","53,30","53,08","54,08","52,28","290,60K","-0,32%"
"27/07/2015","53,47","54,45","54,89","52,83","226,37K","-2,11%"
"24/07/2015","54,62","55,39","55,60","54,30","195,04K","-1,18%"
"23/07/2015","55,27","56,04","56,53","55,10","207,13K","-1,53%"
"22/07/2015","56,13","56,88","56,90","55,92","221,46K","-1,60%"
"21/07/2015","57,04","56,55","57,44","56,33","188,88K","0,69%"
"20/07/2015","56,65","57,12","57,44","56,33","161,06K","-0,79%"
"17/07/2015","57,10","56,93","57,35","56,40","157,13K","-0,71%"
"16/07/2015","57,51","57,31","58,21","56,95","14,29K","0,81%"
"15/07/2015","57,05","58,63","58,81","56,86","79,69K","-2,50%"
"14/07/2015","58,51","57,71","58,82","56,43","143,12K","1,14%"
"13/07/2015","57,85","58,35","58,83","56,84","176,81K","-1,50%"
"10/07/2015","58,73","58,49","59,66","57,86","154,37K","0,20%"
"09/07/2015","58,61","57,10","59,27","57,01","277,59K","2,73%"
"08/07/2015","57,05","57,25","57,75","55,87","301,11K","0,35%"
"07/07/2015","56,85","56,85","57,83","55,10","331,59K","0,55%"
"06/07/2015","56,54","60,00","60,00","56,38","294,89K","-6,27%"
"03/07/2015","60,32","61,73","62,06","60,12","107,25K","-2,82%"
"02/07/2015","62,07","61,92","63,20","61,75","206,00K","0,10%"
"01/07/2015","62,01","63,02","63,35","61,84","266,62K","-2,48%"
"30/06/2015","63,59","61,77","63,83","61,71","256,88K","2,55%"
"29/06/2015","62,01","62,85","62,96","61,35","266,55K","-1,98%"
"26/06/2015","63,26","63,34","63,62","62,50","212,12K","0,09%"
"25/06/2015","63,20","63,50","63,95","62,72","213,75K","-0,46%"
"24/06/2015","63,49","64,66","65,05","63,01","256,39K","-1,49%"
"23/06/2015","64,45","63,21","64,89","62,76","266,02K","1,75%"
"22/06/2015","63,34","62,57","63,74","62,10","216,39K","0,51%"
"19/06/2015","63,02","64,20","64,56","62,34","216,17K","-1,93%"
"18/06/2015","64,26","63,74","64,96","63,44","217,21K","0,61%"
"17/06/2015","63,87","63,60","65,47","62,60","331,88K","0,27%"
"16/06/2015","63,70","63,80","64,41","63,42","279,74K","1,74%"
"15/06/2015","62,61","63,62","63,96","62,24","26,68K","-1,97%"
"12/06/2015","63,87","64,87","64,95","63,68","101,41K","-1,90%"
"11/06/2015","65,11","65,57","66,06","64,50","113,46K","-0,90%"
"10/06/2015","65,70","65,04","66,36","64,88","210,40K","1,26%"
"09/06/2015","64,88","62,81","65,23","62,72","223,36K","3,49%"
"08/06/2015","62,69","63,06","63,38","62,47","205,40K","-0,98%"
"05/06/2015","63,31","62,08","63,43","60,94","248,87K","2,06%"
"04/06/2015","62,03","63,81","64,08","61,78","235,21K","-2,77%"
"03/06/2015","63,80","65,38","65,40","63,50","262,66K","-2,58%"
"02/06/2015","65,49","64,90","65,88","64,58","245,91K","0,94%"
"01/06/2015","64,88","65,59","65,80","64,25","217,98K","-1,04%"
"29/05/2015","65,56","62,89","65,83","62,68","278,46K","4,76%"
"28/05/2015","62,58","62,20","62,95","61,24","238,59K","0,84%"
"27/05/2015","62,06","63,89","64,67","61,96","257,06K","-2,61%"
"26/05/2015","63,72","65,70","65,70","63,29","224,13K","-2,75%"
"25/05/2015","65,52","65,56","66,22","64,72","41,14K","0,23%"
"22/05/2015","65,37","66,59","66,64","65,10","184,55K","-1,76%"
"21/05/2015","66,54","64,89","66,88","64,83","250,91K","2,32%"
"20/05/2015","65,03","64,49","65,18","64,10","210,40K","1,58%"
"19/05/2015","64,02","66,19","66,39","63,95","253,35K","-3,40%"
"18/05/2015","66,27","66,91","67,88","65,92","198,22K","-0,81%"
"15/05/2015","66,81","66,75","67,00","65,37","206,14K","0,33%"
"14/05/2015","66,59","66,54","67,29","66,25","23,19K","-0,33%"
"13/05/2015","66,81","67,32","68,17","66,41","120,83K","-0,07%"
"12/05/2015","66,86","64,77","67,46","64,68","183,27K","3,00%"
"11/05/2015","64,91","65,37","65,75","64,25","202,51K","-0,73%"
"08/05/2015","65,39","65,64","66,12","64,23","248,59K","-0,23%"
"07/05/2015","65,54","67,37","68,49","65,17","292,89K","-3,29%"
"06/05/2015","67,77","67,71","69,63","67,35","296,74K","0,37%"
"05/05/2015","67,52","66,33","68,40","66,14","255,64K","1,61%"
"04/05/2015","66,45","66,40","67,10","65,95","120,21K","-0,02%"
"01/05/2015","66,46","66,78","66,93","65,52","189,32K","-0,48%"
"30/04/2015","66,78","65,63","66,93","65,37","223,48K","1,43%"
"29/04/2015","65,84","64,64","66,72","64,13","238,44K","1,86%"
"28/04/2015","64,64","64,74","65,49","63,90","196,46K","-0,29%"
"27/04/2015","64,83","65,47","65,61","64,40","189,77K","-0,69%"
"24/04/2015","65,28","64,75","65,80","64,48","259,49K","0,66%"
"23/04/2015","64,85","62,88","65,58","62,22","326,74K","3,38%"
"22/04/2015","62,73","61,90","63,33","61,39","230,06K","1,05%"
"21/04/2015","62,08","63,52","63,52","61,65","218,31K","-2,16%"
"20/04/2015","63,45","63,85","64,40","62,10","239,80K","0,00%"
"17/04/2015","63,45","64,02","64,50","62,95","220,12K","-0,83%"
"16/04/2015","63,98","62,90","64,95","62,00","293,49K","6,07%"
"15/04/2015","60,32","58,74","60,45","58,74","21,18K","3,23%"
"14/04/2015","58,43","58,17","59,24","57,76","106,80K","0,86%"
"13/04/2015","57,93","58,02","59,54","57,46","119,32K","0,10%"
"10/04/2015","57,87","56,84","58,12","56,25","137,66K","2,30%"
"09/04/2015","56,57","56,10","58,02","55,97","174,81K","1,84%"
"08/04/2015","55,55","58,30","58,72","55,45","250,56K","-6,01%"
"07/04/2015","59,10","57,80","59,27","57,02","236,71K","1,69%"
"06/04/2015","58,12","55,18","58,24","55,08","126,80K","5,77%"
"02/04/2015","54,95","56,72","57,28","54,00","288,97K","-3,77%"
"01/04/2015","57,10","55,18","57,69","54,70","256,90K","3,61%"
"31/03/2015","55,11","56,31","56,33","54,72","238,49K","-2,10%"
"30/03/2015","56,29","55,96","56,65","55,20","220,11K","-0,21%"
"27/03/2015","56,41","58,97","59,04","55,95","223,86K","-4,70%"
"26/03/2015","59,19","56,35","59,78","56,30","334,87K","4,80%"
"25/03/2015","56,48","55,09","57,17","54,70","256,04K","2,49%"
"24/03/2015","55,11","55,83","56,79","54,85","197,48K","-1,45%"
"23/03/2015","55,92","55,24","56,19","54,12","191,64K","1,08%"
"20/03/2015","55,32","54,46","55,67","53,55","186,67K","1,64%"
"19/03/2015","54,43","56,18","56,20","53,91","209,65K","-2,65%"
"18/03/2015","55,91","53,28","56,84","52,68","262,44K","4,49%"
"17/03/2015","53,51","54,10","54,38","52,57","240,29K","0,13%"
"16/03/2015","53,44","54,41","54,64","52,50","15,64K","-2,25%"
"13/03/2015","54,67","57,03","57,40","54,43","84,09K","-4,22%"
"12/03/2015","57,08","57,92","58,81","56,51","129,73K","-0,80%"
"11/03/2015","57,54","56,45","57,95","55,92","176,06K","2,04%"
"10/03/2015","56,39","58,37","58,72","56,12","191,78K","-3,66%"
"09/03/2015","58,53","59,62","60,02","58,38","194,78K","-2,01%"
"06/03/2015","59,73","60,75","61,30","59,17","181,48K","-1,24%"
"05/03/2015","60,48","60,60","61,57","60,08","215,12K","-0,12%"
"04/03/2015","60,55","60,85","60,94","59,47","260,54K","-0,77%"
"03/03/2015","61,02","60,00","61,81","59,84","281,78K","2,49%"
"02/03/2015","59,54","62,50","62,50","59,34","286,07K","-4,86%"
"27/02/2015","62,58","60,75","62,83","60,51","255,02K","4,21%"
"26/02/2015","60,05","61,85","62,63","59,66","261,45K","-2,56%"
"25/02/2015","61,63","58,75","62,20","58,41","279,65K","5,06%"
"24/02/2015","58,66","59,09","60,30","58,10","245,52K","-0,41%"
"23/02/2015","58,90","60,30","60,67","58,37","268,64K","-2,19%"
"20/02/2015","60,22","60,20","61,15","59,82","221,76K","0,02%"
"19/02/2015","60,21","59,54","60,99","57,80","303,86K","-0,53%"
"18/02/2015","60,53","62,30","62,46","59,25","224,10K","-3,20%"
"17/02/2015","62,53","61,68","63,00","60,27","277,97K","1,84%"
"16/02/2015","61,40","61,49","62,57","60,71","171,27K","-0,20%"
"13/02/2015","61,52","59,27","61,77","59,08","348,80K","7,84%"
"12/02/2015","57,05","55,12","57,50","54,72","16,21K","4,37%"
"11/02/2015","54,66","56,81","57,00","53,91","116,81K","-3,14%"
"10/02/2015","56,43","57,79","58,57","56,11","157,17K","-3,27%"
"09/02/2015","58,34","57,93","59,61","57,30","213,52K","0,93%"
"06/02/2015","57,80","56,74","59,06","56,71","253,31K","2,17%"
"05/02/2015","56,57","54,80","57,87","53,07","338,82K","4,45%"
"04/02/2015","54,16","57,19","58,06","53,50","359,74K","-6,48%"
"03/02/2015","57,91","55,00","59,00","54,84","414,59K","5,77%"
"02/02/2015","54,75","52,68","55,62","51,41","402,07K","3,32%"
"30/01/2015","52,99","49,15","53,08","48,76","335,02K","7,86%"
"29/01/2015","49,13","48,69","49,25","48,37","236,63K","1,36%"
"28/01/2015","48,47","49,10","49,72","48,29","275,15K","-2,28%"
"27/01/2015","49,60","48,25","49,99","47,67","249,57K","2,99%"
"26/01/2015","48,16","48,56","49,29","47,57","241,38K","-1,29%"
"23/01/2015","48,79","49,11","49,80","48,55","245,34K","0,56%"
"22/01/2015","48,52","48,60","50,45","48,02","321,47K","-1,04%"
"21/01/2015","49,03","48,29","49,59","48,21","268,65K","2,17%"
"20/01/2015","47,99","48,91","49,48","47,78","259,58K","-1,74%"
"19/01/2015","48,84","50,10","50,35","48,68","106,77K","-2,65%"
"16/01/2015","50,17","48,25","50,41","48,07","293,49K","5,24%"
"15/01/2015","47,67","48,68","50,62","47,00","17,93K","-2,09%"
"14/01/2015","48,69","46,84","49,21","45,59","122,34K","4,51%"
"13/01/2015","46,59","47,06","47,29","45,19","208,06K","-1,77%"
"12/01/2015","47,43","49,93","49,98","47,16","223,92K","-5,35%"
"09/01/2015","50,11","51,25","51,44","48,90","285,72K","-1,67%"
"08/01/2015","50,96","51,06","51,91","49,81","243,42K","-0,37%"
"07/01/2015","51,15","51,15","51,84","49,66","318,28K","0,10%"
"06/01/2015","51,10","53,20","53,60","50,52","338,88K","-3,78%"
"05/01/2015","53,11","56,25","56,30","52,66","289,89K","-5,87%"
"02/01/2015","56,42","58,02","58,54","55,48","177,98K","-1,59%"
"31/12/2014","57,33","57,35","57,68","55,81","148,14K","-0,98%"
"30/12/2014","57,90","57,93","58,39","56,74","154,11K","0,03%"
"29/12/2014","57,88","59,65","60,43","57,37","155,11K","-2,64%"
"26/12/2014","59,45","60,19","60,97","59,21","48,78K","-1,31%"
"24/12/2014","60,24","61,63","61,71","59,37","108,67K","-2,35%"
"23/12/2014","61,69","60,24","62,14","59,84","159,86K","2,63%"
"22/12/2014","60,11","61,99","62,97","59,84","195,79K","-2,07%"
"19/12/2014","61,38","59,85","62,66","59,05","222,07K","3,56%"
"18/12/2014","59,27","60,94","63,70","59,17","294,89K","-3,12%"
"17/12/2014","61,18","59,90","63,40","58,71","304,05K","2,21%"
"16/12/2014","59,86","60,65","61,01","58,50","19,70K","-1,97%"
"15/12/2014","61,06","61,20","63,25","60,20","107,89K","-1,28%"
"12/12/2014","61,85","63,01","63,66","61,35","153,89K","-2,87%"
"11/12/2014","63,68","64,47","65,13","63,05","185,63K","-0,87%"
"10/12/2014","64,24","66,25","66,36","63,56","249,64K","-3,89%"
"09/12/2014","66,84","66,00","67,04","65,29","190,52K","0,98%"
"08/12/2014","66,19","68,79","68,79","65,93","191,67K","-4,17%"
"05/12/2014","69,07","69,53","69,82","68,10","196,04K","-0,82%"
"04/12/2014","69,64","70,15","70,60","68,81","190,55K","-0,40%"
"03/12/2014","69,92","70,95","71,46","69,50","244,86K","-0,88%"
"02/12/2014","70,54","72,51","73,03","70,40","252,52K","-2,76%"
"01/12/2014","72,54","70,15","73,02","67,53","369,85K","3,41%"
"28/11/2014","70,15","72,58","73,41","69,78","262,03K","-3,35%"
"27/11/2014","72,58","77,40","77,46","71,25","244,65K","-6,65%"
"26/11/2014","77,75","78,28","78,86","77,30","202,19K","-0,74%"
"25/11/2014","78,33","79,45","80,44","78,05","256,83K","-1,69%"
"24/11/2014","79,68","80,50","80,85","79,40","151,15K","-0,85%"
"21/11/2014","80,36","79,95","81,61","79,07","264,61K","1,30%"
"20/11/2014","79,33","78,16","79,95","77,56","206,38K","1,57%"
"19/11/2014","78,10","78,41","79,45","78,04","247,15K","-0,47%"
"18/11/2014","78,47","79,01","79,95","78,21","209,55K","-1,06%"
"17/11/2014","79,31","79,50","79,60","77,94","189,08K","-0,13%"
"14/11/2014","79,41","77,67","79,75","76,76","267,61K","1,91%"
"13/11/2014","77,92","79,97","80,20","77,83","21,79K","-3,06%"
"12/11/2014","80,38","81,25","81,65","79,72","116,12K","-1,58%"
"11/11/2014","81,67","82,13","82,38","80,46","213,42K","-0,81%"
"10/11/2014","82,34","83,26","84,97","81,88","219,91K","-1,26%"
"07/11/2014","83,39","82,67","83,86","82,16","195,44K","0,64%"
"06/11/2014","82,86","83,10","83,27","82,05","224,78K","-0,11%"
"05/11/2014","82,95","82,78","84,45","81,63","364,45K","0,16%"
"04/11/2014","82,82","84,21","84,43","82,08","313,67K","-2,31%"
"03/11/2014","84,78","85,85","86,40","84,01","248,17K","-1,26%"
"31/10/2014","85,86","86,02","86,25","84,60","225,37K","-0,44%"
"30/10/2014","86,24","86,93","87,10","85,71","191,88K","-1,01%"
"29/10/2014","87,12","86,10","87,94","86,06","243,84K","1,27%"
"28/10/2014","86,03","85,50","86,38","85,08","198,86K","0,23%"
"27/10/2014","85,83","86,08","86,25","84,55","228,44K","-0,35%"
"24/10/2014","86,13","86,78","86,78","85,29","208,22K","-0,81%"
"23/10/2014","86,83","84,71","87,19","84,12","306,98K","2,50%"
"22/10/2014","84,71","86,46","87,07","84,47","264,81K","-1,75%"
"21/10/2014","86,22","85,13","86,49","85,10","258,39K","0,96%"
"20/10/2014","85,40","86,35","86,70","84,41","247,60K","-0,88%"
"17/10/2014","86,16","86,50","87,34","85,49","280,47K","2,00%"
"16/10/2014","84,47","83,45","85,00","82,60","14,94K","0,82%"
"15/10/2014","83,78","85,54","85,62","83,02","86,48K","-1,48%"
"14/10/2014","85,04","88,23","88,74","84,48","141,66K","-4,33%"
"13/10/2014","88,89","89,89","90,18","87,74","146,53K","-1,46%"
"10/10/2014","90,21","89,10","90,49","88,11","197,68K","0,18%"
"09/10/2014","90,05","91,62","91,85","88,42","216,47K","-1,46%"
"08/10/2014","91,38","91,89","91,89","90,57","207,63K","-0,79%"
"07/10/2014","92,11","92,81","92,99","91,40","222,63K","-0,73%"
"06/10/2014","92,79","91,90","93,21","91,25","203,60K","0,52%"
"03/10/2014","92,31","93,75","94,06","91,48","239,60K","-1,19%"
"02/10/2014","93,42","94,30","94,37","91,55","285,90K","-0,79%"
"01/10/2014","94,16","94,77","96,23","93,78","247,99K","-0,54%"
"30/09/2014","94,67","97,15","97,80","94,24","261,95K","-2,60%"
"29/09/2014","97,20","96,81","97,34","96,27","170,23K","0,21%"
"26/09/2014","97,00","97,11","97,50","96,46","165,60K","0,00%"
"25/09/2014","97,00","97,03","97,56","96,22","190,33K","0,05%"
"24/09/2014","96,95","96,89","97,33","95,60","216,74K","0,10%"
"23/09/2014","96,85","96,91","97,59","96,55","192,36K","-0,12%"
"22/09/2014","96,97","98,50","98,50","96,38","171,14K","-1,44%"
"19/09/2014","98,39","97,65","98,49","97,18","158,39K","0,71%"
"18/09/2014","97,70","98,69","99,14","97,42","193,58K","-1,28%"
"17/09/2014","98,97","98,95","99,61","98,51","190,17K","-0,08%"
"16/09/2014","99,05","97,96","99,45","97,44","199,77K","2,48%"
"15/09/2014","96,65","96,90","97,33","96,21","19,95K","-0,47%"
"12/09/2014","97,11","98,25","98,80","96,83","103,49K","-0,99%"
"11/09/2014","98,08","98,12","98,49","96,72","144,79K","0,04%"
"10/09/2014","98,04","99,35","99,47","97,60","203,28K","-1,13%"
"09/09/2014","99,16","100,20","100,62","99,03","172,50K","-1,04%"
"08/09/2014","100,20","100,80","101,00","99,36","197,61K","-0,61%"
"05/09/2014","100,82","101,87","102,44","100,35","202,14K","-0,99%"
"04/09/2014","101,83","102,41","102,95","101,70","218,44K","-0,91%"
"03/09/2014","102,77","100,40","103,13","100,40","233,64K","2,42%"
"02/09/2014","100,34","102,64","102,86","100,17","243,85K","-2,38%"
"01/09/2014","102,79","102,95","103,30","102,56","73,33K","-0,39%"
"29/08/2014","103,19","102,51","103,30","102,49","169,33K","0,71%"
"28/08/2014","102,46","102,54","103,20","102,25","184,78K","-0,25%"
"27/08/2014","102,72","102,42","103,07","102,05","146,23K","0,21%"
"26/08/2014","102,50","102,71","103,40","102,35","149,83K","-0,15%"
"25/08/2014","102,65","102,10","102,82","101,65","82,94K","0,35%"
"22/08/2014","102,29","102,67","102,83","102,00","132,51K","-0,33%"
"21/08/2014","102,63","102,14","102,79","101,21","179,61K","0,34%"
"20/08/2014","102,28","101,50","102,37","101,44","166,19K","0,71%"
"19/08/2014","101,56","101,62","102,07","101,07","177,10K","-0,04%"
"18/08/2014","101,60","103,21","103,30","101,11","181,10K","-1,86%"
"15/08/2014","103,53","102,05","103,76","102,05","199,63K","1,49%"
"14/08/2014","102,01","104,06","104,33","101,92","18,57K","-2,18%"
"13/08/2014","104,28","102,84","104,35","102,37","99,10K","1,22%"
"12/08/2014","103,02","104,50","104,61","102,65","139,91K","-1,59%"
"11/08/2014","104,68","105,00","105,43","104,35","143,61K","-0,32%"
"08/08/2014","105,02","105,67","106,85","104,67","203,74K","-0,40%"
"07/08/2014","105,44","104,64","105,92","104,16","189,82K","0,81%"
"06/08/2014","104,59","104,88","105,44","104,54","204,92K","-0,02%"
"05/08/2014","104,61","105,50","105,65","104,07","209,18K","-0,76%"
"04/08/2014","105,41","104,82","105,71","104,52","207,79K","0,54%"
"01/08/2014","104,84","105,60","106,12","104,39","216,36K","-1,11%"
"31/07/2014","106,02","106,06","106,59","105,41","234,55K","-0,46%"
"30/07/2014","106,51","107,50","107,86","105,84","218,39K","-1,12%"
"29/07/2014","107,72","107,46","108,05","107,13","176,64K","0,14%"
"28/07/2014","107,57","108,30","108,38","107,01","139,52K","-0,76%"
"25/07/2014","108,39","107,20","108,46","106,73","253,17K","1,23%"
"24/07/2014","107,07","108,15","108,21","106,83","179,57K","-0,89%"
"23/07/2014","108,03","106,87","108,25","106,87","207,15K","0,65%"
"22/07/2014","107,33","107,80","108,40","106,83","183,10K","-0,33%"
"21/07/2014","107,68","107,15","107,87","106,79","211,70K","0,41%"
"18/07/2014","107,24","108,50","108,62","106,94","210,88K","-0,60%"
"17/07/2014","107,89","107,13","108,60","106,80","296,51K","1,93%"
"16/07/2014","105,85","105,90","106,58","105,72","11,52K","-0,16%"
"15/07/2014","106,02","106,81","106,90","104,39","63,86K","-0,90%"
"14/07/2014","106,98","106,42","107,50","106,21","99,20K","0,30%"
"11/07/2014","106,66","108,58","108,74","106,27","171,04K","-1,85%"
"10/07/2014","108,67","108,15","108,88","107,76","152,47K","0,36%"
"09/07/2014","108,28","108,97","109,00","108,12","173,18K","-0,61%"
"08/07/2014","108,94","110,00","110,16","108,69","232,73K","-1,18%"
"07/07/2014","110,24","110,65","110,92","109,88","152,51K","-0,36%"
"04/07/2014","110,64","111,05","111,29","110,56","71,85K","-0,32%"
"03/07/2014","111,00","111,00","111,17","110,53","218,98K","-0,22%"
"02/07/2014","111,24","112,19","112,42","110,92","269,76K","-0,94%"
"01/07/2014","112,29","112,50","112,83","111,85","229,19K","-0,06%"
"30/06/2014","112,36","113,30","113,30","112,16","221,84K","-0,83%"
"27/06/2014","113,30","113,07","113,71","112,90","135,71K","0,08%"
"26/06/2014","113,21","114,24","114,29","113,00","180,86K","-0,69%"
"25/06/2014","114,00","114,31","114,65","113,23","211,91K","-0,40%"
"24/06/2014","114,46","113,90","114,83","113,55","230,49K","0,30%"
"23/06/2014","114,12","114,99","115,66","113,86","220,72K","-0,60%"
"20/06/2014","114,81","114,92","115,11","114,43","198,84K","-0,22%"
"19/06/2014","115,06","114,22","115,71","114,15","250,24K","0,70%"
"18/06/2014","114,26","113,46","114,54","113,05","240,75K","0,71%"
"17/06/2014","113,45","112,97","113,80","112,16","240,52K","0,45%"
"16/06/2014","112,94","112,73","113,28","112,33","175,90K","-0,41%"
"13/06/2014","113,41","113,75","114,69","112,75","16,05K","0,35%"
"12/06/2014","113,02","110,09","113,34","110,00","133,07K","2,79%"
"11/06/2014","109,95","109,61","110,25","109,44","131,57K","0,39%"
"10/06/2014","109,52","109,95","110,32","109,10","214,92K","-0,43%"
"09/06/2014","109,99","108,68","110,16","108,55","189,21K","1,27%"
"06/06/2014","108,61","108,85","109,31","108,46","155,00K","-0,17%"
"05/06/2014","108,79","108,13","108,96","107,77","193,33K","0,36%"
"04/06/2014","108,40","108,89","109,50","108,07","211,09K","-0,39%"
"03/06/2014","108,82","108,80","108,98","108,32","177,67K","-0,01%"
"02/06/2014","108,83","109,70","109,87","108,62","194,25K","-0,53%"
"30/05/2014","109,41","110,02","110,13","109,22","175,05K","-0,51%"
"29/05/2014","109,97","109,89","110,46","109,72","174,68K","0,15%"
"28/05/2014","109,81","110,22","110,40","109,41","175,31K","-0,19%"
"27/05/2014","110,02","110,35","110,80","109,71","173,41K","-0,27%"
"26/05/2014","110,32","110,40","110,55","109,75","29,31K","-0,20%"
"23/05/2014","110,54","110,38","110,70","110,25","143,66K","0,16%"
"22/05/2014","110,36","110,49","111,04","110,17","200,09K","-0,17%"
"21/05/2014","110,55","109,76","110,73","109,70","220,00K","0,78%"
"20/05/2014","109,69","109,33","110,00","109,10","172,79K","0,29%"
"19/05/2014","109,37","109,82","110,33","109,30","171,71K","-0,35%"
"16/05/2014","109,75","108,96","110,05","108,88","229,93K","-0,62%"
"15/05/2014","110,44","110,21","110,60","109,75","20,37K","0,23%"
"14/05/2014","110,19","109,39","110,41","109,32","115,26K","0,87%"
"13/05/2014","109,24","108,37","109,46","108,05","130,64K","0,77%"
"12/05/2014","108,41","107,94","108,77","107,94","145,65K","0,48%"
"09/05/2014","107,89","108,08","109,02","107,64","179,23K","-0,14%"
"08/05/2014","108,04","108,07","108,15","107,38","163,88K","-0,08%"
"07/05/2014","108,13","107,17","108,25","106,96","217,14K","1,00%"
"06/05/2014","107,06","107,53","108,21","106,97","194,54K","-0,61%"
"05/05/2014","107,72","108,92","108,92","107,05","139,53K","-0,80%"
"02/05/2014","108,59","107,72","108,99","107,60","215,15K","0,77%"
"01/05/2014","107,76","108,08","108,12","106,85","186,88K","-0,29%"
"30/04/2014","108,07","108,80","108,80","107,55","213,56K","-0,84%"
"29/04/2014","108,98","108,13","109,37","108,00","206,50K","0,80%"
"28/04/2014","108,12","109,50","110,20","107,86","246,47K","-1,33%"
"25/04/2014","109,58","110,33","110,63","109,25","216,21K","-0,68%"
"24/04/2014","110,33","109,22","110,65","109,07","215,43K","1,12%"
"23/04/2014","109,11","109,50","109,54","108,60","181,74K","-0,15%"
"22/04/2014","109,27","109,94","109,99","108,53","201,11K","-0,62%"
"21/04/2014","109,95","109,76","110,05","108,89","71,87K","0,38%"
"17/04/2014","109,53","109,60","110,19","109,08","163,99K","-0,06%"
"16/04/2014","109,60","109,43","110,36","109,00","229,36K","0,79%"
"15/04/2014","108,74","108,92","109,11","108,27","19,55K","-0,30%"
"14/04/2014","109,07","107,42","109,12","107,26","95,83K","1,62%"
"11/04/2014","107,33","107,35","107,87","106,98","105,40K","-0,12%"
"10/04/2014","107,46","107,90","107,92","107,26","124,82K","-0,48%"
"09/04/2014","107,98","107,50","108,14","107,12","144,72K","0,29%"
"08/04/2014","107,67","105,97","107,85","105,78","193,36K","1,75%"
"07/04/2014","105,82","106,35","106,63","105,13","215,20K","-0,84%"
"04/04/2014","106,72","106,17","107,04","106,10","184,07K","0,54%"
"03/04/2014","106,15","104,59","106,32","104,45","220,54K","1,30%"
"02/04/2014","104,79","105,32","105,85","103,95","271,60K","-0,79%"
"01/04/2014","105,62","107,66","107,80","105,10","195,03K","-1,99%"
"31/03/2014","107,76","108,00","108,33","107,05","145,63K","-0,29%"
"28/03/2014","108,07","107,73","108,39","107,62","140,35K","0,22%"
"27/03/2014","107,83","107,00","107,99","106,77","184,83K","0,75%"
"26/03/2014","107,03","106,97","107,35","106,48","166,38K","0,04%"
"25/03/2014","106,99","106,59","107,48","106,44","167,09K","0,17%"
"24/03/2014","106,81","107,01","107,50","106,45","142,79K","-0,10%"
"21/03/2014","106,92","106,22","107,77","106,01","167,80K","0,44%"
"20/03/2014","106,45","105,90","106,75","105,41","205,21K","0,57%"
"19/03/2014","105,85","106,60","106,87","105,71","188,48K","-0,88%"
"18/03/2014","106,79","106,40","106,85","105,85","170,58K","0,52%"
"17/03/2014","106,24","108,55","108,60","106,16","166,23K","-2,15%"
"14/03/2014","108,57","107,25","108,69","107,24","12,88K","1,10%"
"13/03/2014","107,39","108,26","108,51","106,98","86,26K","-0,58%"
"12/03/2014","108,02","108,41","108,55","107,61","159,23K","-0,49%"
"11/03/2014","108,55","107,88","108,70","107,83","146,85K","0,43%"
"10/03/2014","108,08","108,73","108,85","107,75","149,34K","-0,84%"
"07/03/2014","109,00","108,30","109,09","107,82","172,05K","0,83%"
"06/03/2014","108,10","107,66","108,54","107,37","228,72K","0,32%"
"05/03/2014","107,76","109,17","109,36","107,55","220,18K","-1,41%"
"04/03/2014","109,30","111,16","111,32","109,00","218,50K","-1,71%"
"03/03/2014","111,20","109,44","112,39","109,26","291,31K","1,95%"
"28/02/2014","109,07","108,85","109,34","108,40","189,56K","0,10%"
"27/02/2014","108,96","109,41","109,45","108,65","192,91K","-0,51%"
"26/02/2014","109,52","109,56","109,97","109,20","186,71K","0,01%"
"25/02/2014","109,51","110,64","110,64","109,42","198,16K","-1,02%"
"24/02/2014","110,64","109,65","110,77","109,50","202,52K","0,72%"
"21/02/2014","109,85","110,50","110,50","109,35","154,90K","-0,41%"
"20/02/2014","110,30","110,39","110,49","109,58","151,21K","-0,15%"
"19/02/2014","110,47","110,55","110,82","110,02","163,34K","0,01%"
"18/02/2014","110,46","109,07","110,70","108,84","150,35K","1,17%"
"17/02/2014","109,18","109,13","109,40","108,64","56,87K","0,09%"
"14/02/2014","109,08","108,58","109,25","107,85","146,75K","0,32%"
"13/02/2014","108,73","108,68","108,84","108,09","18,08K","-0,06%"
"12/02/2014","108,79","108,78","109,50","108,47","105,89K","0,10%"
"11/02/2014","108,68","108,52","109,24","108,47","137,26K","0,05%"
"10/02/2014","108,63","109,75","109,75","108,40","162,66K","-0,86%"
"07/02/2014","109,57","107,32","109,74","106,88","215,63K","2,22%"
"06/02/2014","107,19","106,28","107,48","106,15","205,08K","0,88%"
"05/02/2014","106,25","106,09","106,44","105,58","193,78K","0,44%"
"04/02/2014","105,78","105,85","106,23","105,49","186,44K","-0,25%"
"03/02/2014","106,04","106,40","106,72","105,40","264,73K","-0,34%"
"31/01/2014","106,40","107,75","107,94","106,30","231,46K","-1,44%"
"30/01/2014","107,95","107,85","108,40","107,65","188,73K","0,09%"
"29/01/2014","107,85","107,36","108,05","106,93","207,31K","0,41%"
"28/01/2014","107,41","106,86","107,79","106,76","188,30K","0,67%"
"27/01/2014","106,69","107,91","108,09","106,45","203,30K","-1,10%"
"24/01/2014","107,88","107,58","108,03","106,23","244,56K","0,28%"
"23/01/2014","107,58","108,14","108,28","107,37","241,80K","-0,64%"
"22/01/2014","108,27","106,90","108,33","106,78","184,00K","1,44%"
"21/01/2014","106,73","106,35","108,00","106,28","254,31K","0,36%"
"20/01/2014","106,35","106,28","106,65","105,81","103,66K","-0,12%"
"17/01/2014","106,48","105,55","106,95","105,44","198,42K","-0,57%"
"16/01/2014","107,09","106,82","107,35","106,44","14,56K","-0,04%"
"15/01/2014","107,13","106,17","107,55","105,80","70,78K","0,70%"
"14/01/2014","106,39","106,62","107,14","106,06","111,28K","-0,34%"
"13/01/2014","106,75","107,25","107,64","106,36","151,80K","-0,47%"
"10/01/2014","107,25","106,44","107,58","106,03","198,57K","0,81%"
"09/01/2014","106,39","107,35","108,20","106,12","175,37K","-0,71%"
"08/01/2014","107,15","107,49","107,95","107,00","185,54K","-0,19%"
"07/01/2014","107,35","107,03","107,72","106,88","188,20K","0,58%"
"06/01/2014","106,73","106,80","107,96","106,58","181,82K","-0,15%"
"03/01/2014","106,89","107,88","108,64","106,79","191,13K","-0,83%"
"02/01/2014","107,78","111,00","111,35","107,65","200,65K","-2,83%"
"01/01/2014","110,92","110,92","110,92","110,92","","0,11%"
"31/12/2013","110,80","111,18","111,52","110,40","84,99K","-0,37%"
"30/12/2013","111,21","112,20","112,64","110,90","111,07K","-0,86%"
"27/12/2013","112,18","111,95","112,80","111,50","126,91K","0,18%"
"26/12/2013","111,98","111,99","112,12","111,46","43,62K","0,07%"
"24/12/2013","111,90","111,61","112,06","111,42","52,16K","0,30%"
"23/12/2013","111,56","111,55","111,93","111,27","103,72K","-0,19%"
"20/12/2013","111,77","110,09","111,89","109,87","169,48K","1,34%"
"19/12/2013","110,29","109,25","110,53","109,14","159,79K","0,60%"
"18/12/2013","109,63","108,33","109,73","107,80","187,96K","1,10%"
"17/12/2013","108,44","109,20","109,41","108,20","149,78K","-1,84%"
"16/12/2013","110,47","109,15","110,80","109,00","23,61K","1,51%"
"13/12/2013","108,83","108,53","109,00","108,02","98,10K","0,15%"
"12/12/2013","108,67","109,52","109,98","108,44","128,31K","-0,94%"
"11/12/2013","109,70","109,45","109,89","108,62","158,72K","0,29%"
"10/12/2013","109,38","109,31","110,45","108,55","230,62K","-0,01%"
"09/12/2013","109,39","111,69","111,79","109,00","202,96K","-1,99%"
"06/12/2013","111,61","111,07","112,06","110,94","155,52K","0,57%"
"05/12/2013","110,98","111,65","112,23","110,76","191,81K","-0,80%"
"04/12/2013","111,88","112,91","113,02","111,46","235,35K","-0,66%"
"03/12/2013","112,62","111,53","112,93","111,04","217,61K","1,05%"
"02/12/2013","111,45","109,60","112,34","109,28","266,98K","1,60%"
"29/11/2013","109,69","111,04","111,50","109,62","126,88K","-1,06%"
"28/11/2013","110,86","111,40","111,55","110,61","61,68K","-0,40%"
"27/11/2013","111,31","111,00","111,65","110,51","193,98K","0,39%"
"26/11/2013","110,88","111,08","111,49","110,41","199,75K","-0,11%"
"25/11/2013","111,00","109,00","111,66","108,05","278,78K","-0,05%"
"22/11/2013","111,05","110,07","111,40","109,65","276,25K","0,88%"
"21/11/2013","110,08","107,76","110,25","107,62","253,96K","1,87%"
"20/11/2013","108,06","107,20","108,38","106,51","220,19K","1,07%"
"19/11/2013","106,92","108,30","108,63","106,81","224,43K","-1,43%"
"18/11/2013","108,47","108,50","108,73","107,53","185,49K","-0,03%"
"15/11/2013","108,50","108,38","108,65","107,69","198,64K","-0,04%"
"14/11/2013","108,54","107,17","108,96","107,15","20,85K","1,33%"
"13/11/2013","107,12","105,93","107,45","105,89","114,00K","1,24%"
"12/11/2013","105,81","106,40","107,38","105,51","156,69K","-0,55%"
"11/11/2013","106,40","105,17","106,56","105,15","172,68K","1,22%"
"08/11/2013","105,12","103,53","105,38","102,98","242,70K","1,60%"
"07/11/2013","103,46","105,00","105,21","103,24","291,12K","-1,69%"
"06/11/2013","105,24","105,64","106,41","104,82","243,84K","-0,09%"
"05/11/2013","105,33","106,25","106,53","105,19","186,82K","-0,85%"
"04/11/2013","106,23","105,78","106,58","105,13","230,57K","0,30%"
"01/11/2013","105,91","109,05","109,41","105,78","298,58K","-2,69%"
"31/10/2013","108,84","109,69","109,87","108,55","238,84K","-0,93%"
"30/10/2013","109,86","108,76","110,16","108,59","234,60K","0,78%"
"29/10/2013","109,01","109,41","109,46","108,45","185,01K","-0,55%"
"28/10/2013","109,61","107,04","109,68","106,85","266,18K","2,51%"
"25/10/2013","106,93","107,09","107,39","106,27","212,28K","-0,06%"
"24/10/2013","106,99","107,65","108,26","106,90","242,32K","-0,75%"
"23/10/2013","107,80","109,99","110,06","107,35","324,61K","-1,97%"
"22/10/2013","109,97","109,76","110,94","109,57","238,66K","0,30%"
"21/10/2013","109,64","109,96","110,19","109,21","190,11K","-0,27%"
"18/10/2013","109,94","109,13","110,24","108,95","181,54K","0,76%"
"17/10/2013","109,11","110,57","110,66","108,71","233,73K","-1,58%"
"16/10/2013","110,86","109,45","111,23","109,45","15,37K","0,82%"
"15/10/2013","109,96","111,08","111,27","109,53","93,75K","-0,97%"
"14/10/2013","111,04","110,87","111,41","109,87","106,79K","-0,22%"
"11/10/2013","111,28","111,65","111,85","110,51","141,37K","-0,47%"
"10/10/2013","111,80","109,04","112,00","108,92","212,36K","2,51%"
"09/10/2013","109,06","110,16","110,25","108,12","171,14K","-1,00%"
"08/10/2013","110,16","109,64","110,80","109,38","163,85K","0,44%"
"07/10/2013","109,68","109,21","110,17","107,89","227,74K","0,20%"
"04/10/2013","109,46","108,69","109,77","108,61","144,47K","0,42%"
"03/10/2013","109,00","108,90","109,85","108,58","212,25K","-0,17%"
"02/10/2013","109,19","107,55","109,48","107,44","177,15K","1,16%"
"01/10/2013","107,94","108,38","108,41","106,81","189,68K","-0,40%"
"30/09/2013","108,37","108,20","108,68","107,22","149,04K","-0,24%"
"27/09/2013","108,63","109,00","109,67","108,10","190,35K","-0,53%"
"26/09/2013","109,21","108,00","109,26","108,00","143,12K","0,82%"
"25/09/2013","108,32","108,73","110,09","107,89","211,60K","-0,29%"
"24/09/2013","108,64","107,96","108,90","107,43","197,99K","0,44%"
"23/09/2013","108,16","109,22","109,45","107,76","169,12K","-0,97%"
"20/09/2013","109,22","108,62","109,67","108,40","160,65K","0,42%"
"19/09/2013","108,76","110,92","111,26","108,52","201,58K","-1,66%"
"18/09/2013","110,60","107,85","111,06","107,64","200,71K","2,23%"
"17/09/2013","108,19","109,50","110,00","107,41","214,35K","-1,71%"
"16/09/2013","110,07","111,25","111,49","108,73","249,44K","-2,40%"
"13/09/2013","112,78","112,87","112,91","111,60","18,64K","0,13%"
"12/09/2013","112,63","111,51","113,05","111,33","93,45K","1,01%"
"11/09/2013","111,50","111,52","112,49","111,02","109,34K","0,22%"
"10/09/2013","111,25","113,00","113,55","110,59","176,16K","-2,17%"
"09/09/2013","113,72","115,93","116,18","113,00","200,57K","-2,07%"
"06/09/2013","116,12","115,35","116,56","115,02","168,83K","0,75%"
"05/09/2013","115,26","114,95","115,55","114,29","151,29K","0,30%"
"04/09/2013","114,91","115,65","116,09","114,40","209,65K","-0,67%"
"03/09/2013","115,68","114,45","116,00","114,06","234,73K","1,18%"
"02/09/2013","114,33","114,00","114,57","112,20","90,95K","0,28%"
"30/08/2013","114,01","114,20","115,53","113,63","245,06K","-1,00%"
"29/08/2013","115,16","115,86","117,04","114,18","248,52K","-1,24%"
"28/08/2013","116,61","115,30","117,34","114,81","286,09K","1,97%"
"27/08/2013","114,36","111,16","115,29","110,73","288,71K","3,28%"
"26/08/2013","110,73","111,15","111,68","110,50","92,72K","-0,28%"
"23/08/2013","111,04","109,90","111,23","109,77","219,41K","1,04%"
"22/08/2013","109,90","109,70","110,15","109,40","154,99K","0,08%"
"21/08/2013","109,81","110,11","110,28","109,23","195,77K","-0,31%"
"20/08/2013","110,15","109,67","110,73","108,61","233,19K","0,23%"
"19/08/2013","109,90","110,53","111,00","109,59","188,06K","-0,45%"
"16/08/2013","110,40","109,42","110,70","109,17","195,85K","-0,64%"
"15/08/2013","111,11","110,35","111,53","110,35","19,27K","0,83%"
"14/08/2013","110,20","109,51","110,36","109,05","97,93K","0,35%"
"13/08/2013","109,82","109,08","110,06","108,95","112,23K","0,78%"
"12/08/2013","108,97","108,13","109,13","107,43","147,83K","0,69%"
"09/08/2013","108,22","106,81","108,32","106,60","148,43K","1,44%"
"08/08/2013","106,68","107,39","107,86","105,85","175,73K","-0,71%"
"07/08/2013","107,44","108,07","108,16","107,07","208,43K","-0,68%"
"06/08/2013","108,18","108,74","109,23","107,46","229,16K","-0,48%"
"05/08/2013","108,70","109,09","109,44","107,55","168,83K","-0,23%"
"02/08/2013","108,95","109,52","110,09","108,38","160,76K","-0,54%"
"01/08/2013","109,54","107,81","109,64","107,52","234,85K","1,71%"
"31/07/2013","107,70","106,84","107,95","105,73","222,57K","0,74%"
"30/07/2013","106,91","107,45","107,56","106,54","160,00K","-0,50%"
"29/07/2013","107,45","107,19","107,89","106,60","178,93K","0,26%"
"26/07/2013","107,17","107,59","107,79","106,53","119,94K","-0,45%"
"25/07/2013","107,65","107,11","107,87","106,54","176,11K","0,43%"
"24/07/2013","107,19","108,44","108,60","106,25","197,80K","-1,13%"
"23/07/2013","108,42","108,30","108,63","107,56","190,20K","0,25%"
"22/07/2013","108,15","108,30","108,68","107,55","198,42K","0,07%"
"19/07/2013","108,07","108,73","109,18","107,01","212,19K","-0,58%"
"18/07/2013","108,70","108,63","108,87","108,03","196,44K","0,08%"
"17/07/2013","108,61","107,90","108,74","107,30","183,57K","-0,72%"
"16/07/2013","109,40","109,05","109,72","108,63","19,97K","0,28%"
"15/07/2013","109,09","108,99","109,26","107,96","100,86K","0,26%"
"12/07/2013","108,81","107,33","109,14","107,28","127,81K","1,00%"
"11/07/2013","107,73","108,24","108,93","107,02","184,69K","-0,72%"
"10/07/2013","108,51","108,12","108,69","107,71","199,70K","0,65%"
"09/07/2013","107,81","107,27","108,26","106,85","163,66K","0,35%"
"08/07/2013","107,43","108,00","108,04","106,79","185,82K","-0,27%"
"05/07/2013","107,72","105,54","107,88","105,38","233,34K","2,07%"
"04/07/2013","105,54","105,85","105,99","104,91","81,37K","-0,21%"
"03/07/2013","105,76","104,18","106,03","104,18","258,39K","1,69%"
"02/07/2013","104,00","102,92","104,12","102,91","186,52K","0,97%"
"01/07/2013","103,00","101,90","103,71","101,63","230,92K","0,82%"
"28/06/2013","102,16","102,76","103,44","101,87","230,25K","-0,64%"
"27/06/2013","102,82","101,66","103,34","101,66","190,61K","1,14%"
"26/06/2013","101,66","101,10","101,89","100,25","195,23K","0,40%"
"25/06/2013","101,26","101,00","102,08","100,70","182,09K","0,10%"
"24/06/2013","101,16","100,61","101,64","99,67","254,19K","0,25%"
"21/06/2013","100,91","102,10","103,09","100,04","263,37K","-1,21%"
"20/06/2013","102,15","105,62","105,62","101,75","301,24K","-3,74%"
"19/06/2013","106,12","106,10","106,59","105,45","164,86K","0,09%"
"18/06/2013","106,02","105,66","106,24","105,11","150,87K","0,52%"
"17/06/2013","105,47","105,77","106,67","105,28","160,18K","-0,43%"
"14/06/2013","105,93","104,95","106,64","104,46","197,14K","1,61%"
"13/06/2013","104,25","103,33","104,26","102,75","21,31K","0,73%"
"12/06/2013","103,49","102,56","104,10","102,23","94,92K","0,51%"
"11/06/2013","102,96","103,89","103,89","101,82","156,14K","-0,95%"
"10/06/2013","103,95","104,56","104,76","103,66","159,65K","-0,58%"
"07/06/2013","104,56","103,65","105,01","102,89","234,18K","0,92%"
"06/06/2013","103,61","102,94","103,95","102,81","173,41K","0,55%"
"05/06/2013","103,04","103,48","104,07","102,85","202,95K","-0,19%"
"04/06/2013","103,24","102,02","103,58","101,47","300,89K","1,16%"
"03/06/2013","102,06","100,15","102,48","99,66","255,71K","1,66%"
"31/05/2013","100,39","102,12","102,38","100,03","215,28K","-1,76%"
"30/05/2013","102,19","102,40","102,85","101,08","232,91K","-0,23%"
"29/05/2013","102,43","104,32","104,37","102,17","209,65K","-1,73%"
"28/05/2013","104,23","102,51","104,69","102,48","195,12K","1,57%"
"27/05/2013","102,62","102,52","102,65","102,10","21,12K","-0,02%"
"24/05/2013","102,64","102,55","102,79","101,65","136,63K","0,20%"
"23/05/2013","102,44","102,25","102,68","100,64","230,37K","-0,16%"
"22/05/2013","102,60","103,52","103,79","102,22","207,42K","-1,26%"
"21/05/2013","103,91","104,78","105,15","103,51","179,06K","-0,85%"
"20/05/2013","104,80","104,75","105,31","103,83","164,96K","0,15%"
"17/05/2013","104,64","103,87","104,87","103,35","193,73K","0,81%"
"16/05/2013","103,80","103,74","104,40","102,95","26,35K","0,12%"
"15/05/2013","103,68","102,70","103,82","101,20","106,54K","1,05%"
"14/05/2013","102,60","102,82","103,10","101,96","160,03K","-0,21%"
"13/05/2013","102,82","103,26","103,86","102,25","173,55K","-1,05%"
"10/05/2013","103,91","104,35","104,45","101,56","215,45K","-0,54%"
"09/05/2013","104,47","104,44","104,60","103,45","197,07K","0,12%"
"08/05/2013","104,34","104,11","104,80","103,53","229,32K","-0,06%"
"07/05/2013","104,40","105,40","105,94","104,00","264,56K","-1,01%"
"06/05/2013","105,46","104,25","105,54","103,89","135,08K","1,22%"
"03/05/2013","104,19","102,80","104,92","102,37","257,17K","1,30%"
"02/05/2013","102,85","99,82","102,98","99,51","287,67K","2,90%"
"01/05/2013","99,95","101,82","102,33","98,76","267,10K","-2,36%"
"30/04/2013","102,37","103,78","104,00","101,48","253,92K","-1,39%"
"29/04/2013","103,81","102,79","103,94","102,57","200,11K","0,63%"
"26/04/2013","103,16","103,20","103,48","102,25","196,48K","-0,24%"
"25/04/2013","103,41","101,80","103,49","101,35","280,40K","1,65%"
"24/04/2013","101,73","100,34","101,99","100,22","204,01K","1,42%"
"23/04/2013","100,31","100,56","100,59","98,78","242,74K","-0,08%"
"22/04/2013","100,39","99,56","101,04","99,20","210,04K","0,74%"
"19/04/2013","99,65","99,54","100,33","99,04","175,36K","0,52%"
"18/04/2013","99,13","97,46","99,85","96,75","306,94K","1,47%"
"17/04/2013","97,69","100,11","100,46","97,26","292,12K","-2,22%"
"16/04/2013","99,91","99,43","100,37","98,00","328,74K","-0,48%"
"15/04/2013","100,39","103,03","103,09","100,02","23,65K","-2,64%"
"12/04/2013","103,11","104,29","104,39","101,09","121,49K","-1,11%"
"11/04/2013","104,27","105,50","105,94","103,70","116,87K","-1,44%"
"10/04/2013","105,79","106,19","106,47","105,16","136,06K","-0,41%"
"09/04/2013","106,23","104,78","106,50","104,27","173,29K","1,50%"
"08/04/2013","104,66","104,28","105,55","103,40","245,68K","0,52%"
"05/04/2013","104,12","106,49","106,65","103,62","273,97K","-2,09%"
"04/04/2013","106,34","107,07","108,06","105,29","284,41K","-0,72%"
"03/04/2013","107,11","110,28","110,43","106,78","304,65K","-3,23%"
"02/04/2013","110,69","111,07","111,79","110,00","205,64K","-0,35%"
"01/04/2013","111,08","110,15","111,33","109,38","102,14K","0,96%"
"28/03/2013","110,02","109,85","110,10","108,98","164,97K","0,30%"
"27/03/2013","109,69","109,40","109,98","108,85","217,52K","0,30%"
"26/03/2013","109,36","108,11","109,59","107,71","207,41K","1,10%"
"25/03/2013","108,17","106,86","109,07","106,80","199,23K","0,47%"
"22/03/2013","107,66","107,31","107,96","106,90","174,36K","0,18%"
"21/03/2013","107,47","108,48","108,75","107,08","190,90K","-1,15%"
"20/03/2013","108,72","107,59","108,92","107,55","169,06K","1,18%"
"19/03/2013","107,45","109,41","109,54","107,25","226,68K","-1,88%"
"18/03/2013","109,51","109,83","109,83","107,78","180,93K","-0,28%"
"15/03/2013","109,82","109,32","110,53","109,02","186,11K","0,37%"
"14/03/2013","109,42","108,36","109,98","108,18","18,27K","0,83%"
"13/03/2013","108,52","109,70","109,89","107,91","106,23K","-1,03%"
"12/03/2013","109,65","110,13","111,20","109,30","146,00K","-0,52%"
"11/03/2013","110,22","110,67","110,72","109,53","164,82K","-0,57%"
"08/03/2013","110,85","110,90","111,33","109,14","228,95K","-0,27%"
"07/03/2013","111,15","111,08","111,40","110,41","213,07K","0,08%"
"06/03/2013","111,06","111,83","112,23","110,46","201,77K","-0,49%"
"05/03/2013","111,61","110,10","111,93","110,10","233,65K","1,38%"
"04/03/2013","110,09","110,58","110,89","109,58","226,78K","-0,28%"
"01/03/2013","110,40","110,90","111,36","109,82","251,90K","-0,88%"
"28/02/2013","111,38","111,95","112,57","110,87","224,45K","-0,44%"
"27/02/2013","111,87","112,80","113,35","111,65","220,01K","-0,75%"
"26/02/2013","112,71","113,64","114,34","112,41","257,23K","-1,51%"
"25/02/2013","114,44","114,19","115,87","113,31","190,54K","0,30%"
"22/02/2013","114,10","113,60","114,79","113,60","173,50K","0,50%"
"21/02/2013","113,53","115,20","115,31","113,32","248,79K","-1,79%"
"20/02/2013","115,60","117,35","117,66","115,02","219,24K","-1,63%"
"19/02/2013","117,52","117,48","117,60","116,55","134,90K","0,12%"
"18/02/2013","117,38","117,81","118,19","116,92","60,36K","-0,24%"
"15/02/2013","117,66","117,96","118,11","116,28","216,48K","-0,29%"
"14/02/2013","118,00","117,90","118,29","117,25","186,86K","-0,61%"
"13/02/2013","118,72","118,66","119,12","118,39","27,82K","0,05%"
"12/02/2013","118,66","118,27","118,90","117,81","98,00K","0,45%"
"11/02/2013","118,13","118,90","119,07","117,54","141,28K","-0,65%"
"08/02/2013","118,90","117,48","119,17","117,31","206,48K","1,42%"
"07/02/2013","117,24","116,90","117,83","116,71","242,30K","0,44%"
"06/02/2013","116,73","116,45","117,05","115,72","207,78K","0,18%"
"05/02/2013","116,52","115,47","117,23","115,01","227,10K","0,80%"
"04/02/2013","115,60","116,50","116,67","115,32","214,96K","-0,99%"
"01/02/2013","116,76","115,77","117,07","115,40","245,85K","1,05%"
"31/01/2013","115,55","114,91","115,76","114,28","195,49K","0,57%"
"30/01/2013","114,90","114,28","115,24","114,07","200,61K","0,47%"
"29/01/2013","114,36","113,48","114,49","113,07","208,91K","0,78%"
"28/01/2013","113,48","113,45","113,80","112,60","172,16K","0,18%"
"25/01/2013","113,28","113,28","113,84","112,83","204,35K","0,00%"
"24/01/2013","113,28","112,76","113,65","112,40","211,58K","0,43%"
"23/01/2013","112,80","112,42","113,15","112,06","239,71K","0,34%"
"22/01/2013","112,42","111,71","112,65","111,35","207,85K","0,64%"
"21/01/2013","111,71","111,67","111,99","111,41","74,58K","-0,16%"
"18/01/2013","111,89","111,10","111,97","110,47","182,51K","0,71%"
"17/01/2013","111,10","109,74","111,38","109,45","206,29K","0,44%"
"16/01/2013","110,61","110,52","110,84","110,24","19,71K","0,28%"
"15/01/2013","110,30","111,93","112,46","110,19","101,26K","-1,41%"
"14/01/2013","111,88","110,62","112,15","110,31","110,23K","1,12%"
"11/01/2013","110,64","111,95","111,95","109,60","168,07K","-1,12%"
"10/01/2013","111,89","111,68","113,29","111,60","196,97K","0,12%"
"09/01/2013","111,76","111,90","112,23","111,11","171,95K","-0,16%"
"08/01/2013","111,94","111,42","112,47","111,12","194,00K","0,48%"
"07/01/2013","111,40","111,42","111,69","110,54","203,50K","0,08%"
"04/01/2013","111,31","111,72","111,78","110,38","191,33K","-0,74%"
"03/01/2013","112,14","112,20","112,42","111,63","190,29K","-0,29%"
"02/01/2013","112,47","111,50","112,90","111,27","183,14K","1,22%"
"31/12/2012","111,11","110,35","111,34","109,38","98,68K","0,44%"
"28/12/2012","110,62","111,24","111,38","109,83","117,89K","-0,16%"
"27/12/2012","110,80","110,78","111,33","110,10","104,80K","-0,24%"
"26/12/2012","111,07","109,15","111,52","109,00","75,29K","2,09%"
"24/12/2012","108,80","109,02","109,22","108,13","49,45K","-0,16%"
"21/12/2012","108,97","110,20","110,28","108,66","132,66K","-1,12%"
"20/12/2012","110,20","110,10","110,66","109,70","136,54K","-0,14%"
"19/12/2012","110,36","108,90","110,48","108,74","162,39K","1,40%"
"18/12/2012","108,84","107,98","108,98","107,93","137,27K","1,11%"
"17/12/2012","107,64","108,30","108,50","107,58","129,07K","-1,38%"
"14/12/2012","109,15","108,20","109,58","108,20","16,50K","1,15%"
"13/12/2012","107,91","109,36","109,52","107,80","77,62K","-1,45%"
"12/12/2012","109,50","108,14","110,50","108,14","169,43K","1,38%"
"11/12/2012","108,01","107,45","108,37","107,09","160,06K","0,63%"
"10/12/2012","107,33","107,30","108,54","107,01","168,70K","0,29%"
"07/12/2012","107,02","107,05","107,89","106,66","181,18K","-0,01%"
"06/12/2012","107,03","108,63","109,16","106,63","215,28K","-1,64%"
"05/12/2012","108,81","109,87","110,57","108,64","184,65K","-0,94%"
"04/12/2012","109,84","110,92","110,92","109,15","213,91K","-0,97%"
"03/12/2012","110,92","110,96","112,33","110,60","195,73K","-0,28%"
"30/11/2012","111,23","110,35","111,34","110,25","162,85K","0,42%"
"29/11/2012","110,76","109,70","111,30","109,45","254,91K","1,14%"
"28/11/2012","109,51","109,95","110,17","108,44","192,92K","-0,33%"
"27/11/2012","109,87","111,00","111,36","109,31","178,24K","-0,95%"
"26/11/2012","110,92","111,16","111,48","110,27","134,49K","-0,41%"
"23/11/2012","111,38","110,47","111,54","110,10","103,82K","0,75%"
"22/11/2012","110,55","110,97","111,17","110,11","55,28K","-0,28%"
"21/11/2012","110,86","110,49","111,46","109,55","192,52K","0,94%"
"20/11/2012","109,83","111,80","111,85","109,01","236,77K","-1,67%"
"19/11/2012","111,70","109,20","112,20","109,19","232,66K","2,52%"
"16/11/2012","108,95","107,69","109,25","107,66","200,90K","-1,83%"
"15/11/2012","110,98","109,68","111,12","109,66","21,03K","1,25%"
"14/11/2012","109,61","108,12","110,35","107,80","113,91K","1,25%"
"13/11/2012","108,26","108,70","108,98","107,38","140,01K","-0,74%"
"12/11/2012","109,07","109,59","110,39","108,56","180,99K","-0,30%"
"09/11/2012","109,40","107,15","109,78","106,25","201,02K","2,00%"
"08/11/2012","107,25","106,92","108,17","106,12","200,13K","0,40%"
"07/11/2012","106,82","110,83","111,64","106,53","265,33K","-3,83%"
"06/11/2012","111,07","107,93","111,31","107,13","259,93K","3,10%"
"05/11/2012","107,73","105,55","108,18","104,76","217,32K","1,94%"
"02/11/2012","105,68","108,07","108,80","105,50","234,75K","-2,30%"
"01/11/2012","108,17","108,49","109,03","107,75","205,33K","-0,49%"
"31/10/2012","108,70","109,14","109,80","108,30","174,27K","-0,35%"
"30/10/2012","109,08","109,36","110,10","108,65","147,69K","-0,33%"
"29/10/2012","109,44","109,65","110,26","108,51","170,60K","-0,10%"
"26/10/2012","109,55","108,49","109,70","107,40","210,56K","0,98%"
"25/10/2012","108,49","107,59","109,28","107,46","216,60K","0,59%"
"24/10/2012","107,85","108,31","109,34","106,80","233,37K","-0,37%"
"23/10/2012","108,25","109,52","109,80","107,31","254,99K","-1,09%"
"22/10/2012","109,44","109,95","110,97","109,12","218,73K","-0,64%"
"19/10/2012","110,14","112,26","113,27","109,90","231,13K","-2,03%"
"18/10/2012","112,42","113,13","113,63","111,57","212,56K","-0,71%"
"17/10/2012","113,22","113,93","114,31","112,80","197,96K","-1,61%"
"16/10/2012","115,07","115,72","116,20","114,50","20,62K","-0,63%"
"15/10/2012","115,80","114,64","115,91","113,58","108,78K","1,03%"
"12/10/2012","114,62","115,96","115,96","113,94","119,85K","-0,94%"
"11/10/2012","115,71","114,56","116,02","114,42","144,68K","1,21%"
"10/10/2012","114,33","114,23","115,59","113,77","180,31K","-0,15%"
"09/10/2012","114,50","112,22","114,72","111,97","213,79K","2,40%"
"08/10/2012","111,82","111,99","112,35","110,54","168,66K","-0,18%"
"05/10/2012","112,02","112,45","113,05","110,54","237,74K","-0,50%"
"04/10/2012","112,58","108,20","112,69","108,02","240,03K","4,08%"
"03/10/2012","108,17","111,36","111,36","107,67","240,50K","-3,05%"
"02/10/2012","111,57","112,28","112,45","111,27","152,72K","-0,55%"
"01/10/2012","112,19","112,34","113,27","111,47","161,82K","-0,18%"
"28/09/2012","112,39","112,53","113,40","111,52","184,80K","0,34%"
"27/09/2012","112,01","110,17","112,50","109,68","226,56K","1,79%"
"26/09/2012","110,04","109,88","110,23","108,45","198,47K","-0,37%"
"25/09/2012","110,45","109,93","111,47","109,44","195,94K","0,58%"
"24/09/2012","109,81","111,50","111,56","108,78","187,25K","-1,44%"
"21/09/2012","111,42","110,50","111,70","110,08","161,97K","1,26%"
"20/09/2012","110,03","108,18","110,65","107,10","250,45K","1,70%"
"19/09/2012","108,19","111,71","112,98","107,40","298,80K","-3,43%"
"18/09/2012","112,03","113,45","114,42","111,61","212,11K","-1,55%"
"17/09/2012","113,79","116,67","117,02","111,50","212,97K","-2,46%"
"14/09/2012","116,66","115,66","117,95","115,58","181,37K","-0,21%"
"13/09/2012","116,90","115,60","117,48","115,45","25,03K","0,81%"
"12/09/2012","115,96","115,00","116,67","115,00","135,26K","0,49%"
"11/09/2012","115,40","114,65","115,46","114,37","151,87K","0,51%"
"10/09/2012","114,81","114,55","115,05","113,92","149,70K","0,49%"
"07/09/2012","114,25","112,80","114,65","112,34","227,68K","0,67%"
"06/09/2012","113,49","113,67","115,15","112,55","234,05K","0,35%"
"05/09/2012","113,09","114,10","114,38","112,73","229,60K","-0,95%"
"04/09/2012","114,18","115,51","116,65","113,93","216,75K","-1,38%"
"03/09/2012","115,78","114,70","115,98","114,03","76,84K","1,06%"
"31/08/2012","114,57","112,48","114,93","112,36","209,50K","1,70%"
"30/08/2012","112,65","112,50","113,44","112,25","157,32K","0,10%"
"29/08/2012","112,54","112,34","113,30","111,50","181,93K","-0,04%"
"28/08/2012","112,58","112,68","113,10","111,71","191,61K","0,29%"
"27/08/2012","112,26","113,80","115,50","111,56","171,39K","-1,17%"
"24/08/2012","113,59","114,59","115,28","113,00","215,53K","-1,23%"
"23/08/2012","115,01","114,84","116,38","114,33","196,03K","0,09%"
"22/08/2012","114,91","114,71","115,27","113,53","203,76K","0,24%"
"21/08/2012","114,64","113,65","115,58","113,65","172,40K","0,83%"
"20/08/2012","113,70","113,83","114,70","112,87","162,57K","-0,01%"
"17/08/2012","113,71","114,48","114,77","112,70","178,79K","-2,73%"
"16/08/2012","116,90","116,55","117,03","115,50","14,43K","0,56%"
"15/08/2012","116,25","113,94","116,72","113,49","83,42K","1,95%"
"14/08/2012","114,03","113,47","114,30","113,22","103,78K","0,38%"
"13/08/2012","113,60","113,40","115,11","113,09","146,51K","0,58%"
"10/08/2012","112,95","113,28","113,54","111,31","139,05K","-0,24%"
"09/08/2012","113,22","111,99","113,53","111,60","141,86K","0,96%"
"08/08/2012","112,14","111,58","113,27","110,85","188,64K","0,12%"
"07/08/2012","112,00","109,43","112,56","109,13","177,35K","2,24%"
"06/08/2012","109,55","108,60","109,77","107,90","149,98K","0,56%"
"03/08/2012","108,94","105,93","109,13","105,80","215,45K","2,87%"
"02/08/2012","105,90","105,80","107,30","104,97","259,59K","-0,06%"
"01/08/2012","105,96","104,40","106,92","104,06","206,85K","0,99%"
"31/07/2012","104,92","106,12","106,52","104,10","210,36K","-1,21%"
"30/07/2012","106,20","106,37","106,99","105,58","128,63K","-0,25%"
"27/07/2012","106,47","105,19","106,73","105,02","185,60K","1,15%"
"26/07/2012","105,26","104,15","106,18","103,47","218,01K","0,84%"
"25/07/2012","104,38","103,16","104,71","102,10","217,39K","0,93%"
"24/07/2012","103,42","103,09","104,48","102,53","221,46K","0,15%"
"23/07/2012","103,26","106,90","106,94","102,42","215,64K","-3,34%"
"20/07/2012","106,83","107,50","107,70","105,60","168,46K","-0,90%"
"19/07/2012","107,80","105,32","108,18","105,28","199,49K","2,51%"
"18/07/2012","105,16","103,58","105,60","103,22","198,74K","1,12%"
"17/07/2012","104,00","103,32","104,75","102,77","186,28K","0,43%"
"16/07/2012","103,55","102,76","103,69","102,07","18,63K","1,12%"
"13/07/2012","102,40","100,53","103,44","100,51","110,86K","1,32%"
"12/07/2012","101,07","100,64","101,36","98,51","175,04K","0,84%"
"11/07/2012","100,23","97,97","100,83","97,83","171,82K","2,31%"
"10/07/2012","97,97","99,50","99,65","97,73","201,85K","-2,34%"
"09/07/2012","100,32","98,15","101,06","97,92","225,17K","2,17%"
"06/07/2012","98,19","100,40","100,40","97,73","223,92K","-2,49%"
"05/07/2012","100,70","99,75","102,34","99,30","314,93K","0,93%"
"04/07/2012","99,77","100,75","100,95","99,26","79,56K","-0,90%"
"03/07/2012","100,68","97,24","101,58","97,12","289,69K","3,43%"
"02/07/2012","97,34","97,60","97,87","95,30","245,47K","-0,47%"
"29/06/2012","97,80","92,06","98,29","91,73","275,79K","7,05%"
"28/06/2012","91,36","93,32","93,85","90,88","235,16K","-2,29%"
"27/06/2012","93,50","92,81","93,95","91,70","231,83K","0,52%"
"26/06/2012","93,02","91,30","93,25","90,70","236,48K","2,21%"
"25/06/2012","91,01","91,65","91,75","89,60","211,66K","0,03%"
"22/06/2012","90,98","89,38","91,70","88,49","238,67K","1,96%"
"21/06/2012","89,23","92,55","92,76","88,90","351,70K","-3,73%"
"20/06/2012","92,69","95,71","96,04","92,38","328,77K","-3,21%"
"19/06/2012","95,76","95,91","96,80","94,44","276,73K","-0,30%"
"18/06/2012","96,05","98,04","99,50","95,38","233,81K","-1,60%"
"15/06/2012","97,61","97,90","98,10","96,97","148,88K","0,60%"
"14/06/2012","97,03","97,20","97,80","96,33","35,17K","-0,10%"
"13/06/2012","97,13","97,24","98,38","96,67","138,29K","-0,01%"
"12/06/2012","97,14","96,81","97,97","96,62","245,70K","-0,88%"
"11/06/2012","98,00","100,24","102,21","96,46","233,78K","-1,48%"
"08/06/2012","99,47","99,30","99,99","97,19","252,95K","-0,46%"
"07/06/2012","99,93","100,91","102,45","99,07","284,01K","-0,71%"
"06/06/2012","100,64","98,90","101,39","98,71","238,42K","1,82%"
"05/06/2012","98,84","99,16","99,63","97,68","145,83K","-0,01%"
"04/06/2012","98,85","98,43","99,15","95,63","174,17K","0,43%"
"01/06/2012","98,43","101,69","101,95","97,54","324,33K","-3,38%"
"31/05/2012","101,87","103,23","104,16","101,27","258,76K","-1,55%"
"30/05/2012","103,47","106,82","106,82","102,85","225,43K","-3,01%"
"29/05/2012","106,68","107,45","107,95","106,06","223,91K","-0,40%"
"28/05/2012","107,11","106,83","108,04","106,80","55,58K","0,26%"
"25/05/2012","106,83","106,55","107,24","106,02","145,99K","0,26%"
"24/05/2012","106,55","106,10","107,25","105,03","191,10K","0,94%"
"23/05/2012","105,56","108,11","108,16","105,39","239,76K","-2,63%"
"22/05/2012","108,41","109,25","109,36","107,79","180,21K","-0,37%"
"21/05/2012","108,81","107,40","109,43","106,75","171,29K","1,56%"
"18/05/2012","107,14","106,75","107,99","106,40","206,50K","-0,33%"
"17/05/2012","107,49","109,43","110,15","106,58","293,24K","-3,78%"
"16/05/2012","111,71","112,02","112,10","110,41","22,42K","-0,47%"
"15/05/2012","112,24","111,17","112,67","110,93","151,54K","0,60%"
"14/05/2012","111,57","112,07","112,07","110,04","199,08K","-0,61%"
"11/05/2012","112,26","112,05","112,80","111,40","189,45K","-0,42%"
"10/05/2012","112,73","112,72","113,64","112,12","198,34K","-0,42%"
"09/05/2012","113,20","113,05","113,27","111,31","239,78K","0,42%"
"08/05/2012","112,73","113,16","113,64","110,53","252,43K","-0,38%"
"07/05/2012","113,16","112,80","113,50","110,34","159,88K","-0,02%"
"04/05/2012","113,18","115,91","116,29","111,76","323,77K","-2,50%"
"03/05/2012","116,08","118,20","118,45","115,92","231,99K","-1,79%"
"02/05/2012","118,20","119,70","119,80","117,64","216,22K","-1,22%"
"01/05/2012","119,66","119,28","120,02","118,80","160,25K","0,16%"
"30/04/2012","119,47","119,70","119,79","118,73","174,06K","-0,30%"
"27/04/2012","119,83","119,60","119,95","119,06","173,89K","-0,08%"
"26/04/2012","119,92","119,05","120,17","118,78","225,24K","0,67%"
"25/04/2012","119,12","118,38","119,25","117,45","242,12K","0,81%"
"24/04/2012","118,16","118,75","118,94","117,85","173,51K","-0,46%"
"23/04/2012","118,71","118,70","118,91","117,21","203,51K","-0,04%"
"20/04/2012","118,76","118,01","119,69","117,87","178,70K","0,64%"
"19/04/2012","118,00","118,15","119,15","117,68","204,71K","0,03%"
"18/04/2012","117,97","118,45","118,85","116,70","251,11K","-0,68%"
"17/04/2012","118,78","118,53","119,34","117,98","248,48K","0,08%"
"16/04/2012","118,68","121,00","121,00","118,20","232,83K","-2,59%"
"13/04/2012","121,83","121,88","122,00","120,77","15,61K","0,10%"
"12/04/2012","121,71","120,14","121,92","119,28","125,98K","1,27%"
"11/04/2012","120,18","119,87","120,80","119,05","178,71K","0,25%"
"10/04/2012","119,88","122,53","122,83","119,49","223,01K","-2,27%"
"09/04/2012","122,67","122,85","122,86","121,02","91,96K","-0,62%"
"05/04/2012","123,43","122,54","123,54","121,80","183,56K","0,89%"
"04/04/2012","122,34","124,88","124,99","122,30","250,19K","-2,02%"
"03/04/2012","124,86","125,30","125,97","124,30","197,65K","-0,45%"
"02/04/2012","125,43","122,94","125,63","121,70","229,53K","2,08%"
"30/03/2012","122,88","122,60","124,07","122,58","185,19K","0,40%"
"29/03/2012","122,39","124,23","124,64","121,37","224,42K","-1,43%"
"28/03/2012","124,16","125,18","125,18","123,53","212,67K","-1,10%"
"27/03/2012","125,54","125,74","126,18","124,91","211,60K","-0,09%"
"26/03/2012","125,65","125,04","125,89","124,58","128,77K","0,42%"
"23/03/2012","125,13","123,30","127,06","123,10","207,43K","1,62%"
"22/03/2012","123,14","124,04","124,25","122,30","189,19K","-0,85%"
"21/03/2012","124,20","124,21","124,80","123,76","152,41K","0,06%"
"20/03/2012","124,12","125,27","125,44","123,20","185,59K","-1,26%"
"19/03/2012","125,71","125,60","126,05","124,82","128,75K","-0,08%"
"16/03/2012","125,81","122,55","126,16","122,45","159,88K","1,83%"
"15/03/2012","123,55","125,12","125,35","120,97","20,33K","-1,14%"
"14/03/2012","124,97","126,12","126,68","124,64","106,67K","-0,99%"
"13/03/2012","126,22","125,50","126,79","125,00","133,81K","0,70%"
"12/03/2012","125,34","125,84","125,98","124,20","151,69K","-0,51%"
"09/03/2012","125,98","125,48","126,37","124,69","140,59K","0,43%"
"08/03/2012","125,44","124,05","126,34","123,80","191,53K","1,06%"
"07/03/2012","124,12","122,19","124,45","121,99","199,25K","1,75%"
"06/03/2012","121,98","124,39","124,39","121,59","233,27K","-1,47%"
"05/03/2012","123,80","123,37","124,66","122,66","166,57K","0,12%"
"02/03/2012","123,65","126,16","126,16","123,12","196,63K","-2,02%"
"01/03/2012","126,20","123,00","128,40","122,49","260,75K","2,89%"
"29/02/2012","122,66","121,61","123,20","120,50","243,68K","0,91%"
"28/02/2012","121,55","123,39","123,95","121,50","195,25K","-2,11%"
"27/02/2012","124,17","125,25","125,51","123,00","177,94K","-1,04%"
"24/02/2012","125,47","124,01","125,55","123,30","146,86K","1,50%"
"23/02/2012","123,62","122,73","124,50","122,10","214,76K","0,59%"
"22/02/2012","122,90","121,50","123,23","121,00","180,94K","1,02%"
"21/02/2012","121,66","120,07","121,88","119,21","156,16K","1,34%"
"20/02/2012","120,05","120,00","121,15","119,80","64,82K","0,39%"
"17/02/2012","119,58","120,13","120,70","118,85","183,83K","-0,44%"
"16/02/2012","120,11","118,90","120,38","118,32","205,13K","0,99%"
"15/02/2012","118,93","117,44","119,99","117,40","223,57K","0,65%"
"14/02/2012","118,16","117,64","118,28","117,00","24,28K","0,20%"
"13/02/2012","117,93","117,69","118,61","117,35","120,61K","0,53%"
"10/02/2012","117,31","118,61","118,61","116,29","169,31K","-1,08%"
"09/02/2012","118,59","117,70","118,79","117,28","189,77K","1,19%"
"08/02/2012","117,20","116,01","117,97","115,90","217,97K","0,83%"
"07/02/2012","116,23","116,64","117,50","115,60","245,84K","0,26%"
"06/02/2012","115,93","114,58","116,68","113,65","212,32K","1,18%"
"03/02/2012","114,58","112,50","114,71","111,93","235,99K","2,24%"
"02/02/2012","112,07","111,51","112,56","111,04","213,05K","0,46%"
"01/02/2012","111,56","111,30","112,82","111,02","210,93K","0,52%"
"31/01/2012","110,98","110,98","113,90","110,50","238,21K","0,21%"
"30/01/2012","110,75","111,50","111,78","110,25","163,79K","-0,64%"
"27/01/2012","111,46","111,00","111,99","110,49","218,69K","0,60%"
"26/01/2012","110,79","110,45","111,89","110,27","195,03K","0,89%"
"25/01/2012","109,81","110,22","110,89","108,91","234,59K","-0,20%"
"24/01/2012","110,03","110,84","111,11","109,70","178,43K","-0,50%"
"23/01/2012","110,58","110,04","111,36","109,23","143,54K","0,66%"
"20/01/2012","109,86","111,53","112,06","109,42","161,67K","-1,52%"
"19/01/2012","111,55","111,10","111,75","110,37","173,95K","0,80%"
"18/01/2012","110,66","111,46","112,20","110,33","213,90K","-0,78%"
"17/01/2012","111,53","111,42","112,76","110,56","189,96K","0,30%"
"16/01/2012","111,20","110,70","111,67","110,49","15,27K","0,69%"
"13/01/2012","110,44","111,21","112,50","109,71","108,35K","-0,74%"
"12/01/2012","111,26","112,84","115,12","110,31","148,85K","-0,87%"
"11/01/2012","112,24","113,12","113,76","112,11","191,80K","-0,92%"
"10/01/2012","113,28","112,50","114,01","112,43","186,77K","0,74%"
"09/01/2012","112,45","113,42","113,88","111,80","203,39K","-0,54%"
"06/01/2012","113,06","112,85","113,68","112,03","190,83K","0,28%"
"05/01/2012","112,74","113,50","114,64","112,10","205,41K","-0,84%"
"04/01/2012","113,70","112,10","113,97","111,27","221,27K","1,40%"
"03/01/2012","112,13","108,35","112,44","108,35","178,62K","4,42%"
"30/12/2011","107,38","108,00","108,25","106,62","93,57K","-0,58%"
"29/12/2011","108,01","107,41","108,10","106,50","108,32K","0,42%"
"28/12/2011","107,56","108,93","109,50","106,77","114,94K","-1,56%"
"27/12/2011","109,27","108,16","109,50","107,85","50,68K","1,21%"
"23/12/2011","107,96","107,77","108,55","107,40","64,61K","0,06%"
"22/12/2011","107,89","107,92","108,50","107,29","111,16K","0,17%"
"21/12/2011","107,71","107,15","108,17","106,16","145,09K","0,92%"
"20/12/2011","106,73","104,30","107,27","103,91","170,24K","2,98%"
"19/12/2011","103,64","103,63","104,57","102,37","147,88K","0,28%"
"16/12/2011","103,35","103,51","104,56","102,46","140,08K","-1,66%"
"15/12/2011","105,09","104,88","106,50","104,88","14,33K","0,07%"
"14/12/2011","105,02","109,47","109,50","104,36","98,85K","-4,09%"
"13/12/2011","109,50","107,23","111,10","107,07","156,39K","2,09%"
"12/12/2011","107,26","108,75","108,75","107,00","141,32K","-1,25%"
"09/12/2011","108,62","107,66","108,99","107,11","159,31K","0,47%"
"08/12/2011","108,11","109,60","110,67","107,28","172,10K","-1,30%"
"07/12/2011","109,53","110,70","111,49","109,00","167,44K","-1,16%"
"06/12/2011","110,81","109,19","110,96","109,04","135,06K","0,91%"
"05/12/2011","109,81","110,36","111,62","109,20","145,85K","-0,12%"
"02/12/2011","109,94","109,09","110,41","108,62","156,65K","0,87%"
"01/12/2011","108,99","110,75","111,24","108,18","187,09K","-1,38%"
"30/11/2011","110,52","110,80","112,03","109,65","231,07K","-0,27%"
"29/11/2011","110,82","108,52","111,00","108,39","223,51K","1,67%"
"28/11/2011","109,00","106,73","109,49","106,63","209,09K","2,44%"
"25/11/2011","106,40","107,50","107,79","105,85","128,59K","-1,28%"
"24/11/2011","107,78","107,20","108,09","107,04","66,69K","0,71%"
"23/11/2011","107,02","108,61","108,85","106,82","193,01K","-1,84%"
"22/11/2011","109,03","106,62","109,45","106,62","215,45K","2,01%"
"21/11/2011","106,88","107,46","107,74","105,65","183,50K","-0,63%"
"18/11/2011","107,56","107,53","109,99","106,97","207,45K","-0,61%"
"17/11/2011","108,22","110,85","111,98","107,56","269,90K","-3,27%"
"16/11/2011","111,88","112,20","112,50","110,14","271,00K","-0,45%"
"15/11/2011","112,39","112,03","113,14","111,62","20,24K","0,45%"
"14/11/2011","111,89","114,63","114,83","111,32","122,95K","-1,99%"
"11/11/2011","114,16","113,07","114,91","113,06","132,50K","0,40%"
"10/11/2011","113,71","112,33","114,13","111,30","223,77K","1,25%"
"09/11/2011","112,31","115,42","115,75","111,78","271,93K","-2,34%"
"08/11/2011","115,00","114,60","116,48","114,20","224,85K","0,38%"
"07/11/2011","114,56","112,41","115,23","111,26","186,13K","2,31%"
"04/11/2011","111,97","110,79","112,48","110,30","178,39K","1,03%"
"03/11/2011","110,83","109,65","111,24","107,83","224,72K","1,36%"
"02/11/2011","109,34","108,87","111,47","108,56","238,27K","-0,18%"
"01/11/2011","109,54","109,09","109,68","106,10","239,03K","-0,02%"
"31/10/2011","109,56","110,13","110,33","108,20","169,59K","-0,32%"
"28/10/2011","109,91","112,13","112,23","109,65","187,75K","-1,94%"
"27/10/2011","112,08","109,50","112,79","109,50","238,41K","2,91%"
"26/10/2011","108,91","110,85","111,78","108,76","205,83K","-1,81%"
"25/10/2011","110,92","111,55","112,15","109,47","256,19K","-0,48%"
"24/10/2011","111,45","109,32","111,60","109,32","188,01K","1,73%"
"21/10/2011","109,56","109,91","111,88","109,25","190,68K","-0,18%"
"20/10/2011","109,76","108,50","110,17","107,31","277,56K","1,26%"
"19/10/2011","108,39","111,07","111,85","108,12","250,46K","-2,48%"
"18/10/2011","111,15","110,16","111,89","108,45","267,36K","0,90%"
"17/10/2011","110,16","112,46","113,86","109,72","203,73K","-3,94%"
"14/10/2011","114,68","111,15","114,80","110,96","19,21K","3,21%"
"13/10/2011","111,11","111,10","111,87","109,07","59,12K","-0,22%"
"12/10/2011","111,36","110,31","113,00","109,89","126,97K","0,57%"
"11/10/2011","110,73","108,85","111,24","107,45","180,79K","1,63%"
"10/10/2011","108,95","106,01","109,50","105,65","162,62K","2,90%"
"07/10/2011","105,88","105,40","106,64","104,37","170,25K","0,14%"
"06/10/2011","105,73","102,65","105,88","101,53","192,57K","2,92%"
"05/10/2011","102,73","101,81","102,84","100,66","215,94K","2,95%"
"04/10/2011","99,79","100,65","102,41","99,11","264,83K","-1,89%"
"03/10/2011","101,71","102,00","102,80","100,59","203,33K","-1,02%"
"30/09/2011","102,76","104,91","104,91","101,78","243,64K","-1,14%"
"29/09/2011","103,95","103,00","105,82","102,35","220,41K","0,13%"
"28/09/2011","103,81","106,75","107,41","103,23","207,77K","-3,11%"
"27/09/2011","107,14","104,77","107,54","104,50","219,79K","3,08%"
"26/09/2011","103,94","103,61","105,34","101,66","200,58K","-0,03%"
"23/09/2011","103,97","105,36","107,00","103,43","244,21K","-1,44%"
"22/09/2011","105,49","109,50","109,50","104,85","305,83K","-4,41%"
"21/09/2011","110,36","110,25","112,44","108,92","207,91K","-0,16%"
"20/09/2011","110,54","109,20","111,59","108,70","183,67K","1,28%"
"19/09/2011","109,14","111,71","112,11","108,70","166,60K","-2,74%"
"16/09/2011","112,22","112,46","114,25","111,51","219,61K","-2,71%"
"15/09/2011","115,34","112,41","116,10","111,75","17,01K","2,62%"
"14/09/2011","112,40","111,93","112,70","110,83","85,04K","0,46%"
"13/09/2011","111,89","112,85","113,30","111,28","133,94K","-0,32%"
"12/09/2011","112,25","112,43","113,76","110,42","159,20K","-0,46%"
"09/09/2011","112,77","114,26","115,17","110,93","202,67K","-1,55%"
"08/09/2011","114,55","116,05","116,60","113,95","190,73K","-1,08%"
"07/09/2011","115,80","113,41","116,50","112,70","193,49K","2,58%"
"06/09/2011","112,89","109,89","113,61","109,85","188,94K","2,55%"
"05/09/2011","110,08","112,50","112,50","109,90","78,91K","-2,00%"
"02/09/2011","112,33","114,18","114,58","111,36","227,68K","-1,71%"
"01/09/2011","114,29","114,85","115,36","113,61","179,42K","-0,49%"
"31/08/2011","114,85","113,85","115,19","113,52","212,63K","0,73%"
"30/08/2011","114,02","112,36","114,25","111,16","184,91K","1,91%"
"29/08/2011","111,88","110,77","112,73","110,53","92,60K","0,47%"
"26/08/2011","111,36","110,57","111,70","109,30","194,49K","0,67%"
"25/08/2011","110,62","110,32","111,45","109,00","220,39K","0,43%"
"24/08/2011","110,15","109,66","111,00","108,71","204,41K","0,77%"
"23/08/2011","109,31","108,10","110,20","107,20","233,27K","0,88%"
"22/08/2011","108,36","108,50","108,75","105,15","245,43K","-0,24%"
"19/08/2011","108,62","106,27","109,40","105,06","253,16K","1,52%"
"18/08/2011","106,99","110,55","110,75","106,27","260,63K","-3,26%"
"17/08/2011","110,60","109,58","111,74","109,09","178,71K","1,03%"
"16/08/2011","109,47","109,48","109,94","108,23","29,20K","-0,40%"
"15/08/2011","109,91","108,10","110,00","107,40","114,74K","1,74%"
"12/08/2011","108,03","107,94","109,16","106,86","176,27K","0,01%"
"11/08/2011","108,02","105,00","108,22","104,43","223,11K","1,26%"
"10/08/2011","106,68","104,20","107,11","103,41","260,96K","4,01%"
"09/08/2011","102,57","103,15","105,95","98,74","307,86K","-1,13%"
"08/08/2011","103,74","108,50","108,50","102,70","243,24K","-5,15%"
"05/08/2011","109,37","107,25","110,26","104,30","290,61K","1,98%"
"04/08/2011","107,25","113,50","113,73","107,00","322,55K","-5,28%"
"03/08/2011","113,23","116,19","116,29","112,84","240,05K","-2,77%"
"02/08/2011","116,46","117,00","118,40","115,53","210,26K","-0,30%"
"01/08/2011","116,81","117,00","120,40","114,78","247,67K","0,06%"
"29/07/2011","116,74","117,17","117,70","115,75","196,46K","-0,53%"
"28/07/2011","117,36","117,30","118,71","117,05","187,59K","-0,06%"
"27/07/2011","117,43","118,15","118,50","117,18","177,13K","-0,72%"
"26/07/2011","118,28","117,65","119,05","116,53","177,47K","0,29%"
"25/07/2011","117,94","118,36","118,45","116,92","129,31K","-0,62%"
"22/07/2011","118,67","118,03","118,80","117,35","119,58K","0,99%"
"21/07/2011","117,51","118,35","119,25","116,62","184,00K","-0,54%"
"20/07/2011","118,15","117,45","118,86","117,06","161,92K","0,93%"
"19/07/2011","117,06","116,50","118,45","116,09","192,54K","0,87%"
"18/07/2011","116,05","117,55","117,80","114,66","152,09K","-1,03%"
"15/07/2011","117,26","116,23","117,75","115,16","143,92K","-0,90%"
"14/07/2011","118,32","118,53","119,40","117,73","17,51K","-0,39%"
"13/07/2011","118,78","116,95","119,86","116,71","107,67K","0,87%"
"12/07/2011","117,75","117,22","117,83","114,95","150,99K","0,44%"
"11/07/2011","117,24","118,27","118,40","115,22","179,64K","-0,92%"
"08/07/2011","118,33","118,51","119,87","116,88","217,55K","-0,22%"
"07/07/2011","118,59","114,40","118,70","113,75","215,11K","4,37%"
"06/07/2011","113,62","113,51","114,32","111,91","183,53K","0,01%"
"05/07/2011","113,61","111,55","114,44","110,45","188,86K","1,99%"
"04/07/2011","111,39","111,30","112,16","111,02","44,89K","-0,34%"
"01/07/2011","111,77","111,80","112,48","109,50","158,45K","-0,63%"
"30/06/2011","112,48","112,30","113,24","110,72","193,59K","0,07%"
"29/06/2011","112,40","108,65","112,67","108,10","230,75K","3,33%"
"28/06/2011","108,78","106,76","109,05","105,35","212,67K","2,63%"
"27/06/2011","105,99","105,36","106,74","102,28","204,81K","0,83%"
"24/06/2011","105,12","108,59","108,70","103,62","264,61K","-2,00%"
"23/06/2011","107,26","113,19","113,40","105,72","463,81K","-6,09%"
"22/06/2011","114,21","110,97","114,48","110,35","220,84K","2,94%"
"21/06/2011","110,95","111,54","113,10","109,92","230,17K","-0,66%"
"20/06/2011","111,69","112,96","113,38","111,23","180,22K","-1,34%"
"17/06/2011","113,21","114,21","114,31","111,05","213,26K","-0,71%"
"16/06/2011","114,02","113,72","114,94","112,55","229,65K","-2,63%"
"15/06/2011","117,10","120,22","121,47","116,80","23,99K","-2,55%"
"14/06/2011","120,16","118,70","120,75","118,56","155,48K","0,89%"
"13/06/2011","119,10","118,46","120,25","117,12","232,15K","0,27%"
"10/06/2011","118,78","119,53","120,07","117,63","186,22K","-0,66%"
"09/06/2011","119,57","117,80","119,86","117,37","233,05K","1,46%"
"08/06/2011","117,85","116,89","118,59","115,75","252,41K","0,92%"
"07/06/2011","116,78","114,30","117,43","113,80","237,25K","2,01%"
"06/06/2011","114,48","115,96","116,14","113,96","154,18K","-1,17%"
"03/06/2011","115,84","115,66","116,25","113,40","194,13K","0,26%"
"02/06/2011","115,54","114,33","115,95","113,74","217,54K","0,88%"
"01/06/2011","114,53","117,07","117,28","113,84","191,59K","-1,88%"
"31/05/2011","116,73","114,52","117,49","114,50","168,24K","1,79%"
"30/05/2011","114,68","114,87","115,00","114,24","18,83K","-0,30%"
"27/05/2011","115,03","114,94","115,68","114,40","136,99K","-0,02%"
"26/05/2011","115,05","114,73","115,47","114,10","193,65K","0,10%"
"25/05/2011","114,93","112,00","115,07","111,14","225,72K","2,13%"
"24/05/2011","112,53","109,54","112,65","109,50","193,63K","2,21%"
"23/05/2011","110,10","112,12","112,23","108,58","191,50K","-2,04%"
"20/05/2011","112,39","111,66","112,88","108,60","214,85K","0,87%"
"19/05/2011","111,42","112,50","113,04","111,16","163,74K","-0,78%"
"18/05/2011","112,30","110,56","113,10","110,42","182,84K","2,10%"
"17/05/2011","109,99","110,42","111,82","108,07","226,25K","-2,43%"
"16/05/2011","112,73","113,56","114,00","112,00","28,09K","-0,97%"
"13/05/2011","113,83","113,10","114,92","111,72","165,42K","0,75%"
"12/05/2011","112,98","113,23","114,56","110,15","247,29K","0,36%"
"11/05/2011","112,57","117,87","118,43","111,95","282,89K","-4,30%"
"10/05/2011","117,63","115,40","117,95","113,58","267,71K","1,49%"
"09/05/2011","115,90","110,20","116,52","109,05","326,04K","6,20%"
"06/05/2011","109,13","111,77","114,24","105,15","427,37K","-1,51%"
"05/05/2011","110,80","120,50","121,96","109,02","403,81K","-8,57%"
"04/05/2011","121,19","122,14","123,06","120,49","221,79K","-1,03%"
"03/05/2011","122,45","124,30","125,02","121,75","194,44K","-2,13%"
"02/05/2011","125,12","126,10","126,54","121,67","131,02K","-0,61%"
"29/04/2011","125,89","124,90","126,10","124,25","78,86K","0,70%"
"28/04/2011","125,02","125,30","126,66","124,07","192,58K","-0,09%"
"27/04/2011","125,13","123,90","125,80","123,25","209,51K","0,80%"
"26/04/2011","124,14","123,45","124,40","122,78","143,81K","0,39%"
"25/04/2011","123,66","123,99","124,75","122,71","71,95K","-0,27%"
"21/04/2011","123,99","123,85","124,81","123,20","133,92K","0,11%"
"20/04/2011","123,85","121,22","124,23","121,10","168,57K","2,08%"
"19/04/2011","121,33","121,77","122,29","119,03","228,89K","-0,23%"
"18/04/2011","121,61","123,15","123,66","121,00","158,61K","-1,49%"
"15/04/2011","123,45","122,40","124,02","121,59","143,88K","0,89%"
"14/04/2011","122,36","123,21","123,40","121,90","28,24K","-0,42%"
"13/04/2011","122,88","120,80","123,26","120,20","118,99K","1,62%"
"12/04/2011","120,92","123,34","125,38","120,00","207,26K","-2,47%"
"11/04/2011","123,98","126,58","127,02","123,00","169,92K","-2,11%"
"08/04/2011","126,65","122,45","126,91","122,28","153,92K","3,24%"
"07/04/2011","122,67","122,35","122,89","121,38","155,32K","0,30%"
"06/04/2011","122,30","121,72","123,37","121,36","154,92K","0,07%"
"05/04/2011","122,22","120,81","122,89","119,95","199,75K","0,96%"
"04/04/2011","121,06","119,05","121,29","118,75","172,88K","1,99%"
"01/04/2011","118,70","117,61","119,14","116,75","184,82K","1,14%"
"31/03/2011","117,36","115,30","117,70","115,11","178,84K","1,94%"
"30/03/2011","115,13","115,11","115,70","114,50","123,19K","-0,03%"
"29/03/2011","115,16","114,68","115,64","113,52","155,80K","0,31%"
"28/03/2011","114,80","115,75","116,00","114,55","138,66K","-0,68%"
"25/03/2011","115,59","115,73","116,13","115,20","114,22K","-0,11%"
"24/03/2011","115,72","115,38","115,92","114,50","165,37K","0,15%"
"23/03/2011","115,55","115,90","116,40","115,07","133,35K","-0,13%"
"22/03/2011","115,70","114,98","116,09","114,15","149,46K","0,64%"
"21/03/2011","114,96","114,75","116,22","114,60","161,34K","0,90%"
"18/03/2011","113,93","115,50","117,29","113,07","235,37K","-0,84%"
"17/03/2011","114,90","110,24","115,50","109,45","184,24K","3,87%"
"16/03/2011","110,62","108,25","111,76","107,35","23,23K","1,94%"
"15/03/2011","108,52","113,82","113,82","107,88","101,15K","-4,53%"
"14/03/2011","113,67","113,60","114,18","111,16","125,65K","-0,15%"
"11/03/2011","113,84","115,01","115,68","112,25","165,97K","-1,38%"
"10/03/2011","115,43","116,12","116,55","113,52","201,42K","-0,44%"
"09/03/2011","115,94","112,95","116,18","112,16","191,32K","2,55%"
"08/03/2011","113,06","114,80","115,29","112,13","227,05K","-1,72%"
"07/03/2011","115,04","116,12","118,50","114,50","205,26K","-0,80%"
"04/03/2011","115,97","114,85","116,49","114,79","167,59K","1,03%"
"03/03/2011","114,79","116,65","116,90","113,09","213,74K","-1,34%"
"02/03/2011","116,35","116,20","117,81","114,53","208,29K","0,81%"
"01/03/2011","115,42","111,90","116,76","111,80","194,43K","3,24%"
"28/02/2011","111,80","112,50","114,50","111,25","172,91K","-0,30%"
"25/02/2011","112,14","111,40","113,91","110,52","178,32K","0,70%"
"24/02/2011","111,36","111,98","119,79","109,60","305,89K","0,10%"
"23/02/2011","111,25","106,10","112,46","105,97","258,62K","5,17%"
"22/02/2011","105,78","107,90","108,57","105,56","248,65K","0,04%"
"21/02/2011","105,74","102,96","108,70","102,93","128,96K","3,14%"
"18/02/2011","102,52","102,97","103,50","100,73","209,58K","-0,07%"
"17/02/2011","102,59","104,16","104,30","102,37","210,88K","-1,15%"
"16/02/2011","103,78","101,75","104,52","101,73","208,42K","2,11%"
"15/02/2011","101,64","103,11","104,04","101,30","184,71K","-1,40%"
"14/02/2011","103,08","101,13","104,30","100,91","191,74K","1,63%"
"11/02/2011","101,43","101,56","102,03","100,43","18,90K","0,56%"
"10/02/2011","100,87","101,95","102,88","100,48","130,45K","-0,93%"
"09/02/2011","101,82","100,34","102,25","100,03","136,43K","1,90%"
"08/02/2011","99,92","99,30","100,42","97,51","202,99K","0,68%"
"07/02/2011","99,25","99,83","100,90","98,77","193,65K","-0,58%"
"04/02/2011","99,83","101,86","102,48","99,48","173,53K","-1,90%"
"03/02/2011","101,76","102,62","103,37","101,41","162,56K","-0,57%"
"02/02/2011","102,34","101,70","102,59","101,29","182,25K","0,59%"
"01/02/2011","101,74","101,01","102,08","100,19","181,78K","0,72%"
"31/01/2011","101,01","99,61","101,73","98,50","197,71K","1,60%"
"28/01/2011","99,42","97,44","99,74","97,14","234,92K","2,08%"
"27/01/2011","97,39","98,15","98,95","97,15","201,58K","-0,53%"
"26/01/2011","97,91","95,39","98,34","95,29","205,11K","2,79%"
"25/01/2011","95,25","96,39","96,68","94,75","229,71K","-1,41%"
"24/01/2011","96,61","97,59","98,17","96,23","193,78K","-1,01%"
"21/01/2011","97,60","96,34","97,86","96,26","161,78K","1,06%"
"20/01/2011","96,58","97,88","98,14","95,43","218,21K","-1,61%"
"19/01/2011","98,16","97,75","98,60","97,55","181,44K","0,37%"
"18/01/2011","97,80","97,40","98,37","96,60","203,40K","0,38%"
"17/01/2011","97,43","98,33","98,75","97,40","85,29K","-1,27%"
"14/01/2011","98,68","98,44","99,20","97,74","20,65K","0,63%"
"13/01/2011","98,06","98,22","98,67","97,30","96,06K","-0,06%"
"12/01/2011","98,12","97,64","98,85","97,28","158,64K","0,52%"
"11/01/2011","97,61","95,63","97,82","95,08","160,42K","2,00%"
"10/01/2011","95,70","93,80","95,88","93,60","165,99K","2,54%"
"07/01/2011","93,33","94,38","94,58","92,59","165,97K","-1,26%"
"06/01/2011","94,52","95,70","96,12","94,01","217,45K","-1,03%"
"05/01/2011","95,50","93,35","95,86","92,37","212,40K","2,11%"
"04/01/2011","93,53","94,92","95,74","92,58","184,63K","-1,38%"
"03/01/2011","94,84","94,75","96,17","94,50","82,67K","0,09%"
"31/12/2010","94,75","92,87","95,20","92,18","71,72K","1,78%"
"30/12/2010","93,09","94,18","94,42","92,34","110,40K","-1,12%"
"29/12/2010","94,14","94,34","94,38","93,62","78,32K","-0,25%"
"28/12/2010","94,38","93,90","94,42","93,66","35,35K","0,56%"
"27/12/2010","93,85","93,76","94,52","93,08","38,03K","0,09%"
"24/12/2010","93,77","94,45","94,74","93,18","23,32K","-0,51%"
"23/12/2010","94,25","93,80","94,54","93,28","96,20K","0,64%"
"22/12/2010","93,65","93,48","93,94","93,25","109,91K","0,48%"
"21/12/2010","93,20","92,70","93,50","92,35","107,66K","0,50%"
"20/12/2010","92,74","91,65","92,90","91,02","106,86K","1,17%"
"17/12/2010","91,67","91,89","92,39","90,90","125,78K","-0,04%"
"16/12/2010","91,71","92,04","92,29","91,66","20,78K","-0,53%"
"15/12/2010","92,20","90,98","92,42","90,34","111,13K","1,09%"
"14/12/2010","91,21","91,05","91,73","90,68","119,10K","0,02%"
"13/12/2010","91,19","90,65","92,30","90,33","128,04K","0,78%"
"10/12/2010","90,48","91,06","91,57","89,86","121,14K","-0,56%"
"09/12/2010","90,99","91,27","91,64","90,27","131,08K","0,24%"
"08/12/2010","90,77","90,85","91,74","90,15","170,41K","-0,68%"
"07/12/2010","91,39","90,97","92,86","90,71","202,01K","-0,07%"
"06/12/2010","91,45","91,46","92,03","90,86","142,25K","0,03%"
"03/12/2010","91,42","90,47","91,85","90,10","195,91K","0,80%"
"02/12/2010","90,69","88,81","90,84","88,41","185,73K","2,05%"
"01/12/2010","88,87","85,71","89,02","85,41","180,27K","3,43%"
"30/11/2010","85,92","87,55","87,55","85,43","172,89K","-1,63%"
"29/11/2010","87,34","85,50","87,55","85,50","176,88K","2,06%"
"26/11/2010","85,58","85,89","85,95","84,75","114,25K","-0,60%"
"25/11/2010","86,10","85,83","86,50","85,40","65,18K","0,30%"
"24/11/2010","85,84","83,30","86,25","83,30","183,97K","3,11%"
"23/11/2010","83,25","83,75","84,00","82,43","181,85K","-0,85%"
"22/11/2010","83,96","84,34","85,45","83,11","148,05K","-0,45%"
"19/11/2010","84,34","85,20","86,15","83,87","207,66K","-0,83%"
"18/11/2010","85,05","83,50","85,50","83,50","183,98K","2,13%"
"17/11/2010","83,28","84,70","85,06","82,96","215,57K","-1,71%"
"16/11/2010","84,73","86,50","86,71","84,50","198,21K","-2,27%"
"15/11/2010","86,70","86,44","87,37","86,35","28,41K","0,42%"
"12/11/2010","86,34","88,69","88,74","85,76","160,87K","-2,78%"
"11/11/2010","88,81","89,16","89,70","88,62","165,06K","-0,17%"
"10/11/2010","88,96","88,05","89,32","87,73","182,37K","0,71%"
"09/11/2010","88,33","88,01","89,02","87,17","200,88K","-0,15%"
"08/11/2010","88,46","88,30","88,72","87,30","127,02K","0,40%"
"05/11/2010","88,11","88,28","88,80","87,31","130,63K","0,13%"
"04/11/2010","88,00","86,75","88,29","86,63","150,41K","1,88%"
"03/11/2010","86,38","85,88","86,89","85,24","195,89K","1,14%"
"02/11/2010","85,41","84,62","85,89","84,53","176,79K","0,93%"
"01/11/2010","84,62","83,13","85,54","82,82","212,00K","1,77%"
"29/10/2010","83,15","83,47","83,59","82,21","197,77K","-0,53%"
"28/10/2010","83,59","83,35","83,85","82,97","167,93K","0,43%"
"27/10/2010","83,23","83,59","83,67","81,85","187,59K","-0,51%"
"26/10/2010","83,66","83,30","83,89","82,96","153,05K","0,14%"
"25/10/2010","83,54","83,15","84,20","82,70","199,14K","0,70%"
"22/10/2010","82,96","82,05","83,25","81,83","141,97K","1,38%"
"21/10/2010","81,83","83,69","83,88","81,45","208,82K","-2,12%"
"20/10/2010","83,60","80,92","83,70","80,75","212,20K","3,08%"
"19/10/2010","81,10","84,36","84,45","80,76","245,99K","-3,88%"
"18/10/2010","84,37","83,05","84,50","81,53","182,88K","2,33%"
"15/10/2010","82,45","84,02","84,50","81,95","222,42K","-2,46%"
"14/10/2010","84,53","84,75","85,46","83,84","27,96K","-0,13%"
"13/10/2010","84,64","83,46","84,98","83,46","107,29K","1,37%"
"12/10/2010","83,50","83,41","84,00","82,48","143,20K","-0,26%"
"11/10/2010","83,72","84,33","84,68","83,30","108,24K","-0,37%"
"08/10/2010","84,03","83,03","84,59","81,86","169,16K","0,72%"
"07/10/2010","83,43","85,30","86,02","82,93","216,16K","-1,92%"
"06/10/2010","85,06","84,78","85,88","84,26","155,27K","0,26%"
"05/10/2010","84,84","83,19","84,93","82,93","153,86K","1,87%"
"04/10/2010","83,28","83,81","84,41","82,90","141,04K","-0,56%"
"01/10/2010","83,75","82,21","83,81","82,21","153,49K","1,75%"
"30/09/2010","82,31","80,79","82,40","80,41","173,95K","1,91%"
"29/09/2010","80,77","78,88","80,93","78,34","187,73K","2,62%"
"28/09/2010","78,71","78,33","79,53","77,74","175,70K","0,18%"
"27/09/2010","78,57","79,01","79,20","77,60","146,39K","-0,38%"
"24/09/2010","78,87","78,00","79,40","77,69","143,20K","0,97%"
"23/09/2010","78,11","77,93","78,48","76,75","169,29K","0,21%"
"22/09/2010","77,95","78,20","78,84","77,50","157,46K","-0,60%"
"21/09/2010","78,42","79,25","80,00","78,00","161,03K","-1,13%"
"20/09/2010","79,32","78,20","79,92","77,63","145,67K","1,42%"
"17/09/2010","78,21","78,46","79,47","77,25","155,05K","-0,34%"
"16/09/2010","78,48","79,13","79,64","77,87","161,82K","-0,54%"
"15/09/2010","78,91","79,12","79,15","78,18","17,66K","-0,32%"
"14/09/2010","79,16","78,93","79,90","78,47","91,97K","0,16%"
"13/09/2010","79,03","78,23","79,41","78,13","113,94K","1,11%"
"10/09/2010","78,16","77,41","78,39","77,05","134,04K","0,89%"
"09/09/2010","77,47","78,33","78,82","77,00","143,97K","-0,90%"
"08/09/2010","78,17","77,70","78,85","76,78","204,52K","0,55%"
"07/09/2010","77,74","76,99","78,32","75,56","205,67K","1,13%"
"06/09/2010","76,87","76,62","77,18","76,18","62,90K","0,26%"
"03/09/2010","76,67","76,71","77,46","75,33","164,46K","-0,34%"
"02/09/2010","76,93","76,18","77,14","75,21","167,83K","0,76%"
"01/09/2010","76,35","74,46","76,76","74,42","159,77K","2,29%"
"31/08/2010","74,64","76,10","76,80","74,24","192,77K","-2,56%"
"30/08/2010","76,60","76,65","77,05","75,91","74,83K","-0,07%"
"27/08/2010","76,65","74,81","76,93","74,39","188,04K","2,17%"
"26/08/2010","75,02","73,73","75,55","73,38","181,36K","2,10%"
"25/08/2010","73,48","72,33","73,90","71,75","189,41K","1,52%"
"24/08/2010","72,38","73,31","73,66","72,10","191,92K","-1,68%"
"23/08/2010","73,62","74,46","74,90","73,25","132,87K","-0,86%"
"20/08/2010","74,26","75,30","75,77","74,00","120,71K","-1,38%"
"19/08/2010","75,30","76,30","77,17","75,00","146,84K","-1,53%"
"18/08/2010","76,47","76,77","76,86","75,30","173,57K","-0,60%"
"17/08/2010","76,93","75,31","77,69","75,31","167,82K","2,78%"
"16/08/2010","74,85","75,12","75,75","74,53","22,08K","-0,35%"
"13/08/2010","75,11","75,68","76,43","74,67","123,24K","-0,54%"
"12/08/2010","75,52","77,10","77,56","75,25","170,68K","-2,73%"
"11/08/2010","77,64","79,49","79,62","76,92","142,00K","-2,46%"
"10/08/2010","79,60","81,00","81,13","78,50","181,38K","-1,72%"
"09/08/2010","80,99","80,49","81,38","80,26","105,32K","1,04%"
"06/08/2010","80,16","81,61","82,17","79,56","145,82K","-1,78%"
"05/08/2010","81,61","82,20","82,28","81,05","119,31K","-0,72%"
"04/08/2010","82,20","82,52","82,86","81,60","163,17K","-0,58%"
"03/08/2010","82,68","81,05","82,80","80,64","197,73K","2,30%"
"02/08/2010","80,82","78,11","81,20","78,10","152,06K","3,38%"
"30/07/2010","78,18","77,42","78,31","76,20","156,38K","0,76%"
"29/07/2010","77,59","75,98","78,16","75,60","209,06K","2,01%"
"28/07/2010","76,06","75,86","76,40","74,80","159,86K","-0,09%"
"27/07/2010","76,13","77,45","78,25","75,48","167,48K","-1,77%"
"26/07/2010","77,50","77,45","77,91","76,54","98,28K","0,06%"
"23/07/2010","77,45","77,66","78,10","76,92","119,51K","-0,48%"
"22/07/2010","77,82","75,44","77,92","74,91","167,71K","3,25%"
"21/07/2010","75,37","76,33","77,20","75,06","150,60K","-1,12%"
"20/07/2010","76,22","75,80","76,50","74,75","150,78K","0,79%"
"19/07/2010","75,62","75,13","77,20","74,77","146,29K","0,33%"
"16/07/2010","75,37","76,38","76,48","74,64","124,97K","-1,08%"
"15/07/2010","76,19","76,24","77,40","75,28","13,60K","-0,76%"
"14/07/2010","76,77","76,96","77,79","76,05","70,92K","0,16%"
"13/07/2010","76,65","74,49","76,98","73,67","124,02K","3,07%"
"12/07/2010","74,37","75,19","75,72","73,85","109,33K","-1,39%"
"09/07/2010","75,42","75,08","75,86","74,41","123,29K","0,95%"
"08/07/2010","74,71","74,20","75,25","73,71","147,17K","1,63%"
"07/07/2010","73,51","71,61","74,32","70,88","148,10K","2,88%"
"06/07/2010","71,45","71,47","73,28","70,77","134,11K","-0,03%"
"05/07/2010","71,47","71,56","72,28","71,06","46,92K","-0,25%"
"02/07/2010","71,65","71,75","72,83","71,21","136,17K","-0,95%"
"01/07/2010","72,34","74,65","74,65","71,50","211,21K","-3,56%"
"30/06/2010","75,01","74,90","76,25","74,02","207,09K","-0,57%"
"29/06/2010","75,44","77,75","77,75","74,82","168,85K","-2,77%"
"28/06/2010","77,59","78,14","78,66","77,06","114,96K","-0,68%"
"25/06/2010","78,12","76,42","78,50","75,72","158,18K","2,16%"
"24/06/2010","76,47","76,03","76,70","75,40","146,53K","0,26%"
"23/06/2010","76,27","77,99","78,18","75,54","164,56K","-2,27%"
"22/06/2010","78,04","78,76","79,12","77,56","123,00K","-0,99%"
"21/06/2010","78,82","78,49","79,86","77,73","149,05K","0,77%"
"18/06/2010","78,22","78,46","78,86","77,25","119,76K","-0,58%"
"17/06/2010","78,68","78,10","79,10","77,64","179,20K","0,69%"
"16/06/2010","78,14","77,19","78,56","76,60","162,55K","2,55%"
"15/06/2010","76,20","75,11","76,34","74,79","24,51K","1,33%"
"14/06/2010","75,20","74,51","76,33","74,44","183,18K","1,14%"
"11/06/2010","74,35","75,38","75,72","73,60","154,98K","-1,25%"
"10/06/2010","75,29","73,92","75,88","73,68","160,43K","1,37%"
"09/06/2010","74,27","72,50","74,75","72,01","142,45K","2,72%"
"08/06/2010","72,30","71,51","72,70","71,26","154,49K","0,25%"
"07/06/2010","72,12","71,55","72,95","70,50","140,83K","0,04%"
"04/06/2010","72,09","75,25","76,55","71,48","177,34K","-4,40%"
"03/06/2010","75,41","74,50","75,58","73,79","171,23K","2,25%"
"02/06/2010","73,75","72,32","74,63","71,97","176,17K","1,43%"
"01/06/2010","72,71","74,82","75,39","71,51","203,03K","-2,60%"
"31/05/2010","74,65","74,02","74,72","74,02","14,78K","0,85%"
"28/05/2010","74,02","74,70","75,74","73,28","142,58K","-0,86%"
"27/05/2010","74,66","71,14","74,95","71,08","169,29K","4,07%"
"26/05/2010","71,74","70,55","72,08","69,69","168,44K","3,15%"
"25/05/2010","69,55","70,92","70,95","68,15","192,34K","-2,28%"
"24/05/2010","71,17","71,80","72,26","70,89","137,70K","-0,71%"
"21/05/2010","71,68","70,83","72,80","70,56","183,16K","-0,22%"
"20/05/2010","71,84","73,75","74,23","70,20","243,99K","-2,51%"
"19/05/2010","73,69","74,05","74,50","72,72","224,49K","-0,99%"
"18/05/2010","74,43","75,77","76,60","74,01","216,55K","-0,89%"
"17/05/2010","75,10","78,05","78,47","74,75","200,85K","-2,70%"
"14/05/2010","77,18","79,73","80,00","76,80","27,81K","-3,66%"
"13/05/2010","80,11","81,18","81,68","79,70","120,46K","-1,34%"
"12/05/2010","81,20","80,20","81,72","79,93","120,96K","0,88%"
"11/05/2010","80,49","80,22","81,00","78,91","153,99K","0,46%"
"10/05/2010","80,12","78,90","81,76","78,89","173,96K","2,36%"
"07/05/2010","78,27","79,87","80,65","77,58","230,38K","-1,95%"
"06/05/2010","79,83","82,65","82,98","77,51","231,81K","-3,37%"
"05/05/2010","82,61","85,20","85,95","82,13","224,32K","-3,57%"
"04/05/2010","85,67","88,76","89,05","85,16","194,51K","-3,68%"
"03/05/2010","88,94","87,44","89,58","87,16","94,35K","1,72%"
"30/04/2010","87,44","87,09","87,72","86,75","162,74K","0,62%"
"29/04/2010","86,90","86,24","87,66","85,88","157,01K","0,86%"
"28/04/2010","86,16","85,29","86,30","84,88","187,87K","0,44%"
"27/04/2010","85,78","86,83","87,15","85,20","189,60K","-1,21%"
"26/04/2010","86,83","87,27","87,75","86,46","125,03K","-0,48%"
"23/04/2010","87,25","85,50","87,33","85,21","150,14K","1,84%"
"22/04/2010","85,67","85,68","86,30","84,15","220,27K","-0,04%"
"21/04/2010","85,70","85,17","86,16","84,59","207,89K","1,06%"
"20/04/2010","84,80","84,51","85,50","84,48","164,02K","0,68%"
"19/04/2010","84,23","85,74","85,74","83,25","200,19K","-2,05%"
"16/04/2010","85,99","87,48","87,57","85,12","200,56K","-1,35%"
"15/04/2010","87,17","86,28","87,58","86,10","18,90K","1,18%"
"14/04/2010","86,15","84,68","86,64","84,49","101,21K","1,69%"
"13/04/2010","84,72","84,66","85,00","83,51","121,59K","-0,06%"
"12/04/2010","84,77","84,87","85,74","84,48","139,42K","-0,07%"
"09/04/2010","84,83","85,18","85,94","83,95","154,82K","0,02%"
"08/04/2010","84,81","85,35","85,55","84,20","157,32K","-0,91%"
"07/04/2010","85,59","85,97","86,47","85,16","152,66K","-0,65%"
"06/04/2010","86,15","85,90","86,63","85,35","119,37K","0,31%"
"05/04/2010","85,88","84,47","86,09","84,05","61,25K","2,23%"
"01/04/2010","84,01","82,44","84,50","82,22","132,42K","1,58%"
"31/03/2010","82,70","81,14","82,82","81,10","152,05K","1,75%"
"30/03/2010","81,28","81,32","81,78","80,71","139,99K","0,14%"
"29/03/2010","81,17","79,48","81,90","79,48","137,93K","2,37%"
"26/03/2010","79,29","79,36","80,68","78,77","159,17K","-0,40%"
"25/03/2010","79,61","79,43","80,46","79,20","167,68K","-0,01%"
"24/03/2010","79,62","80,37","80,37","78,90","174,44K","-1,34%"
"23/03/2010","80,70","80,74","81,17","79,85","147,44K","0,20%"
"22/03/2010","80,54","79,61","80,80","78,00","159,63K","0,83%"
"19/03/2010","79,88","81,42","81,42","79,20","170,94K","-1,96%"
"18/03/2010","81,48","81,90","81,90","80,90","142,55K","-0,59%"
"17/03/2010","81,96","80,92","82,08","80,53","160,97K","3,72%"
"16/03/2010","79,02","77,60","79,86","77,25","17,22K","1,45%"
"15/03/2010","77,89","79,09","79,53","77,27","77,79K","-1,89%"
"12/03/2010","79,39","80,41","81,29","78,70","111,58K","-1,11%"
"11/03/2010","80,28","80,25","80,67","79,65","137,06K","-0,25%"
"10/03/2010","80,48","79,70","81,46","79,22","179,45K","0,71%"
"09/03/2010","79,91","80,26","80,40","78,70","130,85K","-0,70%"
"08/03/2010","80,47","80,21","80,92","79,45","143,12K","0,73%"
"05/03/2010","79,89","78,93","80,53","78,80","153,68K","1,72%"
"04/03/2010","78,54","79,32","79,42","78,15","186,73K","-0,90%"
"03/03/2010","79,25","78,27","79,58","77,88","174,63K","1,37%"
"02/03/2010","78,18","77,05","79,25","76,55","217,31K","1,68%"
"01/03/2010","76,89","77,69","78,47","76,21","136,79K","-0,90%"
"26/02/2010","77,59","76,45","77,99","75,91","145,25K","1,70%"
"25/02/2010","76,29","77,74","78,42","75,29","174,40K","-2,31%"
"24/02/2010","78,09","77,35","78,50","76,63","153,14K","1,09%"
"23/02/2010","77,25","78,40","78,64","76,57","179,35K","-1,73%"
"22/02/2010","78,61","78,44","78,94","77,85","142,73K","0,54%"
"19/02/2010","78,19","76,99","78,45","76,45","165,17K","0,53%"
"18/02/2010","77,78","75,85","78,00","75,27","186,46K","1,98%"
"17/02/2010","76,27","75,75","76,48","75,40","178,80K","0,78%"
"16/02/2010","75,68","72,62","76,00","72,55","149,99K","4,37%"
"15/02/2010","72,51","73,12","73,15","72,29","48,13K","-0,53%"
"12/02/2010","72,90","73,91","74,00","71,65","160,82K","-0,21%"
"11/02/2010","73,05","72,80","73,58","72,02","21,16K","0,70%"
"10/02/2010","72,54","71,89","73,00","70,83","141,05K","0,57%"
"09/02/2010","72,13","69,63","72,47","69,61","178,41K","2,88%"
"08/02/2010","70,11","70,36","70,82","69,21","160,46K","0,75%"
"05/02/2010","69,59","72,13","72,52","67,87","282,11K","-3,52%"
"04/02/2010","72,13","75,90","75,95","71,43","248,42K","-4,99%"
"03/02/2010","75,92","75,80","76,99","75,46","229,63K","-0,18%"
"02/02/2010","76,06","73,60","76,17","73,00","191,91K","4,04%"
"01/02/2010","73,11","71,35","73,65","71,13","150,86K","2,31%"
"29/01/2010","71,46","72,20","73,28","71,02","151,21K","-0,93%"
"28/01/2010","72,13","72,36","73,11","71,51","159,04K","-0,15%"
"27/01/2010","72,24","73,20","73,62","71,28","173,12K","-1,43%"
"26/01/2010","73,29","73,69","73,70","72,45","143,56K","-0,54%"
"25/01/2010","73,69","72,46","73,80","72,46","144,13K","1,18%"
"22/01/2010","72,83","74,40","75,15","72,17","181,08K","-2,35%"
"21/01/2010","74,58","76,06","76,82","74,23","176,44K","-2,28%"
"20/01/2010","76,32","77,50","77,56","75,70","152,77K","-1,69%"
"19/01/2010","77,63","77,23","77,85","75,37","202,06K","0,69%"
"18/01/2010","77,10","76,91","77,59","76,39","67,29K","-0,01%"
"15/01/2010","77,11","78,35","78,35","76,81","144,80K","-0,91%"
"14/01/2010","77,82","78,55","78,98","77,49","22,48K","-0,63%"
"13/01/2010","78,31","78,49","79,09","77,04","105,59K","-1,25%"
"12/01/2010","79,30","80,55","80,86","78,49","149,36K","-2,06%"
"11/01/2010","80,97","81,53","82,45","80,41","137,69K","-0,49%"
"08/01/2010","81,37","81,51","82,05","80,59","157,49K","-0,17%"
"07/01/2010","81,51","82,00","82,05","81,05","131,28K","-0,46%"
"06/01/2010","81,89","80,38","82,21","79,77","157,87K","1,61%"
"05/01/2010","80,59","80,29","80,84","79,75","131,75K","0,59%"
"04/01/2010","80,12","78,49","80,48","78,34","122,64K","2,81%"
"31/12/2009","77,93","78,65","78,94","77,77","56,43K","-0,13%"
"30/12/2009","78,03","77,53","78,65","77,51","75,65K","0,50%"
"29/12/2009","77,64","77,42","78,03","76,80","68,50K","0,41%"
"28/12/2009","77,32","76,30","77,42","76,20","45,92K","1,32%"
"24/12/2009","76,31","75,53","76,50","74,71","61,26K","1,14%"
"23/12/2009","75,45","73,61","75,66","73,24","113,26K","2,71%"
"22/12/2009","73,46","72,99","74,00","71,97","102,34K","0,64%"
"21/12/2009","72,99","73,62","74,64","72,48","83,85K","-1,03%"
"18/12/2009","73,75","73,20","74,84","72,76","156,21K","0,52%"
"17/12/2009","73,37","74,78","74,78","72,35","134,13K","-0,24%"
"16/12/2009","73,55","72,29","73,86","72,03","19,33K","2,08%"
"15/12/2009","72,05","72,04","72,81","71,57","81,09K","0,22%"
"14/12/2009","71,89","71,47","72,37","71,16","90,67K","0,01%"
"11/12/2009","71,88","71,85","72,60","71,02","109,28K","0,03%"
"10/12/2009","71,86","72,75","73,26","71,15","130,72K","-0,73%"
"09/12/2009","72,39","75,47","76,19","72,00","216,40K","-3,72%"
"08/12/2009","75,19","76,78","77,02","75,08","142,07K","-1,62%"
"07/12/2009","76,43","77,83","78,25","76,28","144,24K","-1,41%"
"04/12/2009","77,52","77,59","79,80","76,94","177,56K","-1,07%"
"03/12/2009","78,36","78,09","78,95","77,41","151,56K","0,62%"
"02/12/2009","77,88","79,34","79,67","77,48","150,41K","-1,85%"
"01/12/2009","79,35","78,42","79,91","78,25","147,91K","1,12%"
"30/11/2009","78,47","77,46","79,30","76,40","164,00K","1,67%"
"27/11/2009","77,18","77,18","77,37","73,70","159,39K","0,25%"
"26/11/2009","76,99","78,31","78,31","76,95","63,36K","-1,85%"
"25/11/2009","78,44","76,60","78,63","76,31","164,22K","2,59%"
"24/11/2009","76,46","77,46","77,84","76,01","190,78K","-1,29%"
"23/11/2009","77,46","77,55","79,58","77,12","151,34K","0,34%"
"20/11/2009","77,20","77,93","78,15","76,50","130,14K","-0,57%"
"19/11/2009","77,64","79,40","79,79","77,20","154,69K","-2,30%"
"18/11/2009","79,47","79,45","80,14","78,67","141,24K","0,63%"
"17/11/2009","78,97","78,80","79,56","78,02","125,36K","0,27%"
"16/11/2009","78,76","76,79","79,27","76,57","142,38K","4,25%"
"13/11/2009","75,55","75,73","76,92","75,03","16,46K","-0,62%"
"12/11/2009","76,02","77,95","78,26","75,63","133,14K","-2,48%"
"11/11/2009","77,95","77,70","78,62","77,07","131,12K","0,58%"
"10/11/2009","77,50","77,50","78,92","76,36","144,84K","-0,35%"
"09/11/2009","77,77","76,26","78,52","76,26","133,92K","2,50%"
"06/11/2009","75,87","78,29","78,81","75,25","174,37K","-2,72%"
"05/11/2009","77,99","78,31","78,95","77,80","132,48K","-1,14%"
"04/11/2009","78,89","77,79","79,45","77,67","148,88K","1,00%"
"03/11/2009","78,11","76,55","78,32","75,08","165,68K","2,04%"
"02/11/2009","76,55","75,24","77,08","74,98","153,81K","1,80%"
"30/10/2009","75,20","78,19","78,23","75,09","162,91K","-3,64%"
"29/10/2009","78,04","75,72","78,63","75,57","159,44K","2,87%"
"28/10/2009","75,86","78,00","78,10","75,62","150,38K","-2,64%"
"27/10/2009","77,92","77,23","78,45","76,42","166,28K","0,85%"
"26/10/2009","77,26","78,49","80,10","76,62","146,75K","-2,10%"
"23/10/2009","78,92","79,73","80,15","78,05","131,05K","-0,74%"
"22/10/2009","79,51","79,41","79,93","78,30","130,33K","-0,23%"
"21/10/2009","79,69","76,92","80,26","76,04","179,34K","3,17%"
"20/10/2009","77,24","77,72","78,18","76,45","144,63K","-0,68%"
"19/10/2009","77,77","77,09","77,87","76,51","118,85K","1,01%"
"16/10/2009","76,99","76,60","77,22","75,39","128,57K","3,41%"
"15/10/2009","74,45","73,40","74,65","72,84","15,07K","1,85%"
"14/10/2009","73,10","72,75","73,45","72,32","102,06K","0,97%"
"13/10/2009","72,40","71,13","72,83","70,84","119,86K","1,46%"
"12/10/2009","71,36","70,29","72,02","70,29","112,41K","1,94%"
"09/10/2009","70,00","69,35","70,56","68,85","127,86K","0,33%"
"08/10/2009","69,77","67,40","70,49","67,07","166,60K","3,82%"
"07/10/2009","67,20","69,12","69,45","66,65","141,29K","-1,98%"
"06/10/2009","68,56","68,11","69,74","67,66","122,94K","0,76%"
"05/10/2009","68,04","67,45","68,69","65,90","130,13K","-0,04%"
"02/10/2009","68,07","68,65","68,74","66,74","127,70K","-1,62%"
"01/10/2009","69,19","68,92","69,79","67,61","151,68K","0,17%"
"30/09/2009","69,07","65,35","69,34","65,00","174,47K","5,47%"
"29/09/2009","65,49","65,93","66,00","64,66","111,26K","-0,08%"
"28/09/2009","65,54","65,42","66,29","64,49","98,63K","0,66%"
"25/09/2009","65,11","64,81","65,85","64,08","132,66K","0,45%"
"24/09/2009","64,82","67,56","67,98","64,58","195,59K","-4,66%"
"23/09/2009","67,99","70,39","70,48","67,30","161,41K","-3,60%"
"22/09/2009","70,53","68,84","70,75","68,82","108,24K","2,68%"
"21/09/2009","68,69","71,17","71,45","68,07","140,56K","-3,69%"
"18/09/2009","71,32","71,53","71,79","70,51","102,66K","-0,32%"
"17/09/2009","71,55","71,63","72,20","70,92","130,08K","-0,17%"
"16/09/2009","71,67","69,56","71,72","69,01","143,59K","6,41%"
"15/09/2009","67,35","67,55","67,93","66,68","20,73K","-0,13%"
"14/09/2009","67,44","67,68","68,00","66,66","100,68K","-0,37%"
"11/09/2009","67,69","69,95","70,77","67,05","132,60K","-3,11%"
"10/09/2009","69,86","70,06","70,70","69,11","133,77K","0,04%"
"09/09/2009","69,83","69,45","70,88","69,09","140,77K","0,59%"
"08/09/2009","69,42","66,79","70,10","66,79","150,72K","4,34%"
"07/09/2009","66,53","66,69","68,05","66,38","46,68K","-0,43%"
"04/09/2009","66,82","67,40","67,67","65,96","120,76K","-0,45%"
"03/09/2009","67,12","67,51","68,70","66,95","124,38K","-0,80%"
"02/09/2009","67,66","67,99","68,55","66,76","133,66K","-0,10%"
"01/09/2009","67,73","69,65","71,05","67,61","150,67K","-2,76%"
"31/08/2009","69,65","72,79","72,95","68,85","98,85K","-4,31%"
"28/08/2009","72,79","72,96","73,35","71,90","118,04K","0,39%"
"27/08/2009","72,51","71,55","72,94","70,42","129,52K","1,20%"
"26/08/2009","71,65","71,28","72,48","70,60","131,46K","-0,24%"
"25/08/2009","71,82","73,95","74,23","71,04","132,86K","-3,29%"
"24/08/2009","74,26","74,21","74,75","73,82","87,63K","0,09%"
"21/08/2009","74,19","73,55","74,97","72,65","96,71K","1,17%"
"20/08/2009","73,33","74,74","74,78","73,10","96,09K","-1,69%"
"19/08/2009","74,59","73,13","74,90","71,17","154,56K","3,07%"
"18/08/2009","72,37","70,61","73,20","69,46","123,65K","2,59%"
"17/08/2009","70,54","71,35","71,44","69,21","109,86K","-2,58%"
"14/08/2009","72,41","74,28","74,47","71,86","9,76K","-1,46%"
"13/08/2009","73,48","73,24","74,72","72,96","63,69K","0,81%"
"12/08/2009","72,89","72,49","73,52","71,68","78,30K","0,59%"
"11/08/2009","72,46","73,50","74,19","71,91","86,31K","-1,41%"
"10/08/2009","73,50","73,23","74,26","73,04","77,50K","-0,12%"
"07/08/2009","73,59","74,69","75,55","73,13","103,29K","-1,66%"
"06/08/2009","74,83","75,18","76,00","74,00","126,86K","-0,90%"
"05/08/2009","75,51","74,65","75,62","73,20","117,95K","1,66%"
"04/08/2009","74,28","73,31","74,89","72,24","93,96K","0,99%"
"03/08/2009","73,55","71,98","73,95","71,50","112,16K","2,58%"
"31/07/2009","71,70","69,79","72,12","68,06","146,25K","2,27%"
"30/07/2009","70,11","66,37","70,37","66,36","131,17K","5,38%"
"29/07/2009","66,53","69,42","69,89","66,14","152,82K","-4,79%"
"28/07/2009","69,88","70,57","71,36","69,07","118,35K","-1,31%"
"27/07/2009","70,81","70,06","71,28","69,96","108,50K","0,70%"
"24/07/2009","70,32","68,78","70,46","68,69","88,10K","1,55%"
"23/07/2009","69,25","66,87","69,78","66,70","139,82K","3,04%"
"22/07/2009","67,21","66,37","67,48","65,50","117,20K","0,51%"
"21/07/2009","66,87","66,63","67,92","65,69","108,42K","0,65%"
"20/07/2009","66,44","65,03","66,76","65,03","105,90K","1,62%"
"17/07/2009","65,38","63,80","65,93","62,81","121,08K","4,19%"
"16/07/2009","62,75","63,23","63,30","61,99","8,45K","-0,54%"
"15/07/2009","63,09","61,35","63,83","61,33","51,88K","3,66%"
"14/07/2009","60,86","61,09","62,26","60,48","73,72K","0,28%"
"13/07/2009","60,69","60,66","61,59","59,49","90,25K","0,28%"
"10/07/2009","60,52","61,43","61,44","59,53","83,35K","-0,95%"
"09/07/2009","61,10","60,90","62,17","59,76","111,45K","1,11%"
"08/07/2009","60,43","62,50","63,13","60,30","155,15K","-4,43%"
"07/07/2009","63,23","64,36","64,89","62,59","135,05K","-1,28%"
"06/07/2009","64,05","65,20","65,46","63,26","109,85K","-2,38%"
"03/07/2009","65,61","66,25","67,13","65,25","47,66K","-1,56%"
"02/07/2009","66,65","68,90","69,19","66,21","137,41K","-3,11%"
"01/07/2009","68,79","69,90","71,32","68,08","146,08K","-0,74%"
"30/06/2009","69,30","71,30","73,50","68,40","166,26K","-2,38%"
"29/06/2009","70,99","68,95","71,42","68,10","102,02K","3,00%"
"26/06/2009","68,92","70,00","70,81","68,50","105,71K","-1,23%"
"25/06/2009","69,78","68,11","70,51","68,05","128,02K","2,12%"
"24/06/2009","68,33","68,41","69,31","67,58","121,48K","-0,68%"
"23/06/2009","68,80","66,89","69,25","65,90","137,45K","2,72%"
"22/06/2009","66,98","69,47","69,62","66,12","139,24K","-3,19%"
"19/06/2009","69,19","71,37","71,96","68,63","102,73K","-2,63%"
"18/06/2009","71,06","70,99","71,49","69,80","104,85K","0,30%"
"17/06/2009","70,85","70,00","71,12","69,02","111,36K","0,87%"
"16/06/2009","70,24","69,89","72,40","69,55","108,24K","1,15%"
"15/06/2009","69,44","70,93","70,93","68,56","22,93K","-2,09%"
"12/06/2009","70,92","71,64","71,64","69,99","74,56K","-1,21%"
"11/06/2009","71,79","70,87","72,27","70,63","93,93K","1,40%"
"10/06/2009","70,80","70,00","71,20","69,92","95,63K","1,69%"
"09/06/2009","69,62","68,66","70,06","68,24","100,86K","2,56%"
"08/06/2009","67,88","67,79","68,79","66,88","101,28K","-0,67%"
"05/06/2009","68,34","68,66","69,91","67,35","109,83K","-0,54%"
"04/06/2009","68,71","65,94","69,50","65,84","119,55K","4,30%"
"03/06/2009","65,88","67,75","68,65","64,91","132,92K","-3,36%"
"02/06/2009","68,17","67,44","68,55","67,05","113,24K","0,29%"
"01/06/2009","67,97","65,77","68,03","65,49","100,75K","3,74%"
"29/05/2009","65,52","64,02","65,80","63,96","105,96K","1,75%"
"28/05/2009","64,39","61,86","64,68","61,78","110,87K","3,02%"
"27/05/2009","62,50","61,43","62,75","60,99","102,96K","2,06%"
"26/05/2009","61,24","60,03","61,35","58,41","109,11K","1,71%"
"25/05/2009","60,21","61,00","61,16","59,85","12,30K","-0,94%"
"22/05/2009","60,78","60,12","60,94","59,61","75,69K","1,42%"
"21/05/2009","59,93","60,37","60,68","58,83","97,16K","-1,09%"
"20/05/2009","60,59","58,90","60,80","58,76","111,01K","2,83%"
"19/05/2009","58,92","58,50","59,65","57,69","121,96K","0,77%"
"18/05/2009","58,47","56,17","58,86","55,91","110,78K","4,45%"
"15/05/2009","55,98","58,45","58,91","55,85","113,75K","-1,25%"
"14/05/2009","56,69","57,21","57,28","56,00","19,36K","-1,13%"
"13/05/2009","57,34","58,36","59,05","56,88","73,00K","-1,04%"
"12/05/2009","57,94","57,30","58,91","56,87","107,74K","0,80%"
"11/05/2009","57,48","57,80","58,09","56,31","100,99K","-1,14%"
"08/05/2009","58,14","56,64","58,50","56,64","88,85K","2,96%"
"07/05/2009","56,47","56,30","58,22","55,43","124,38K","0,57%"
"06/05/2009","56,15","54,38","56,30","53,86","117,95K","3,75%"
"05/05/2009","54,12","54,62","54,91","53,64","96,87K","-0,84%"
"04/05/2009","54,58","52,60","54,78","52,36","56,19K","3,27%"
"01/05/2009","52,85","50,70","53,05","49,96","95,99K","4,04%"
"30/04/2009","50,80","51,17","51,39","50,00","118,44K","0,04%"
"29/04/2009","50,78","49,57","51,28","49,25","113,51K","1,58%"
"28/04/2009","49,99","50,08","50,42","48,88","85,77K","-0,66%"
"27/04/2009","50,32","51,04","51,19","48,40","129,74K","-2,61%"
"24/04/2009","51,67","50,13","52,09","49,50","108,07K","3,11%"
"23/04/2009","50,11","49,32","50,51","49,25","92,64K","0,60%"
"22/04/2009","49,81","49,82","50,32","48,85","111,41K","-0,02%"
"21/04/2009","49,82","49,86","50,63","48,31","111,49K","-0,08%"
"20/04/2009","49,86","53,06","53,06","49,60","124,20K","-6,54%"
"17/04/2009","53,35","53,05","53,97","52,63","82,58K","0,55%"
"16/04/2009","53,06","53,25","53,91","52,53","100,24K","2,45%"
"15/04/2009","51,79","51,86","52,87","51,35","14,72K","-0,33%"
"14/04/2009","51,96","52,25","53,56","51,21","64,86K","-0,35%"
"13/04/2009","52,14","53,98","54,12","50,90","29,33K","-3,55%"
"09/04/2009","54,06","52,05","54,27","51,85","79,25K","4,79%"
"08/04/2009","51,59","50,56","53,59","49,80","126,63K","0,72%"
"07/04/2009","51,22","52,44","53,18","50,65","98,28K","-1,95%"
"06/04/2009","52,24","53,50","54,31","51,15","108,00K","-2,30%"
"03/04/2009","53,47","52,34","54,26","51,48","95,95K","1,36%"
"02/04/2009","52,75","48,59","53,06","48,59","129,67K","8,90%"
"01/04/2009","48,44","48,37","48,70","47,26","118,27K","-1,60%"
"31/03/2009","49,23","48,50","49,81","47,47","112,92K","2,58%"
"30/03/2009","47,99","51,50","51,60","47,66","127,39K","-7,68%"
"27/03/2009","51,98","53,31","53,44","51,17","85,10K","-2,77%"
"26/03/2009","53,46","52,39","53,80","52,30","87,88K","3,30%"
"25/03/2009","51,75","53,04","53,48","51,17","110,51K","-3,27%"
"24/03/2009","53,50","53,23","53,61","52,42","87,13K","0,06%"
"23/03/2009","53,47","51,30","53,86","51,10","103,66K","4,39%"
"20/03/2009","51,22","50,38","51,70","49,74","84,98K","1,09%"
"19/03/2009","50,67","48,21","51,64","48,16","113,96K","6,32%"
"18/03/2009","47,66","47,40","48,94","46,05","114,23K","-1,20%"
"17/03/2009","48,24","45,90","48,65","45,22","108,60K","9,69%"
"16/03/2009","43,98","44,25","44,57","42,59","13,50K","-2,11%"
"13/03/2009","44,93","44,80","46,36","44,13","91,94K","-0,35%"
"12/03/2009","45,09","41,83","45,48","41,48","74,01K","8,91%"
"11/03/2009","41,40","43,81","44,44","41,30","89,25K","-5,82%"
"10/03/2009","43,96","44,40","45,77","43,61","93,91K","-0,39%"
"09/03/2009","44,13","45,42","45,74","43,07","130,05K","-1,61%"
"06/03/2009","44,85","44,28","45,24","43,06","100,86K","2,77%"
"05/03/2009","43,64","46,28","46,42","42,85","114,03K","-5,38%"
"04/03/2009","46,12","43,30","46,54","43,10","113,65K","5,54%"
"03/03/2009","43,70","42,16","44,10","41,60","101,14K","3,53%"
"02/03/2009","42,21","45,56","45,65","41,90","116,67K","-8,93%"
"27/02/2009","46,35","46,29","46,48","44,52","108,40K","-0,34%"
"26/02/2009","46,51","44,40","46,63","44,15","112,67K","5,01%"
"25/02/2009","44,29","42,35","44,50","41,85","126,55K","4,21%"
"24/02/2009","42,50","40,63","42,60","40,43","115,31K","3,68%"
"23/02/2009","40,99","41,66","43,45","40,30","110,19K","-2,15%"
"20/02/2009","41,89","41,41","42,10","39,78","104,74K","-0,24%"
"19/02/2009","41,99","39,91","42,19","39,64","110,21K","6,17%"
"18/02/2009","39,55","40,41","41,77","39,35","104,20K","-3,61%"
"17/02/2009","41,03","43,66","44,00","40,23","96,93K","-5,20%"
"16/02/2009","43,28","44,30","45,50","43,15","43,74K","-3,41%"
"13/02/2009","44,81","45,97","46,50","44,32","106,41K","0,36%"
"12/02/2009","44,65","44,65","45,14","43,92","12,52K","0,84%"
"11/02/2009","44,28","45,11","45,68","43,93","86,27K","-0,74%"
"10/02/2009","44,61","46,02","48,22","44,38","114,12K","-3,06%"
"09/02/2009","46,02","46,06","48,42","45,53","101,03K","-0,41%"
"06/02/2009","46,21","47,00","47,48","44,21","106,13K","-0,54%"
"05/02/2009","46,46","44,22","46,60","44,05","93,62K","5,23%"
"04/02/2009","44,15","44,23","45,10","43,70","104,16K","0,16%"
"03/02/2009","44,08","44,51","44,92","43,84","82,59K","0,59%"
"02/02/2009","43,82","46,06","46,56","43,77","89,02K","-4,49%"
"30/01/2009","45,88","45,50","47,75","45,10","106,66K","1,06%"
"29/01/2009","45,40","44,51","46,06","44,00","119,21K","1,11%"
"28/01/2009","44,90","44,20","46,19","43,76","117,88K","2,68%"
"27/01/2009","43,73","46,94","48,40","43,55","133,76K","-6,88%"
"26/01/2009","46,96","47,46","49,65","46,67","107,58K","-2,92%"
"23/01/2009","48,37","44,66","48,61","43,90","105,14K","6,57%"
"22/01/2009","45,39","45,12","46,64","43,40","143,53K","0,82%"
"21/01/2009","45,02","43,89","45,76","42,85","97,81K","3,21%"
"20/01/2009","43,62","44,60","45,64","42,96","148,69K","-1,98%"
"19/01/2009","44,50","46,30","46,50","43,80","69,63K","-4,44%"
"16/01/2009","46,57","48,00","49,12","45,94","139,68K","4,21%"
"15/01/2009","44,69","44,97","47,20","43,80","12,98K","-0,87%"
"14/01/2009","45,08","45,08","46,00","43,74","53,71K","0,56%"
"13/01/2009","44,83","43,10","45,59","41,84","72,20K","4,47%"
"12/01/2009","42,91","44,57","44,70","42,12","74,73K","-3,40%"
"09/01/2009","44,42","45,23","45,67","42,79","90,98K","-0,56%"
"08/01/2009","44,67","46,02","47,36","43,75","118,25K","-2,59%"
"07/01/2009","45,86","50,53","51,40","45,67","130,44K","-9,24%"
"06/01/2009","50,53","48,80","52,21","48,60","119,83K","1,83%"
"05/01/2009","49,62","48,20","50,05","46,31","109,47K","5,78%"
"02/01/2009","46,91","43,85","47,33","41,60","85,07K","2,90%"
"31/12/2008","45,59","40,11","46,31","38,10","72,06K","13,55%"
"30/12/2008","40,15","40,80","40,88","38,58","74,02K","-0,99%"
"29/12/2008","40,55","39,78","43,18","38,15","64,31K","5,68%"
"26/12/2008","38,37","36,58","38,74","36,58","12,38K","4,81%"
"24/12/2008","36,61","40,60","40,60","36,20","55,65K","-9,29%"
"23/12/2008","40,36","41,05","42,02","39,20","79,57K","-2,63%"
"22/12/2008","41,45","44,65","44,77","41,03","75,36K","-5,80%"
"19/12/2008","44,00","43,42","45,15","43,03","92,71K","1,48%"
"18/12/2008","43,36","45,35","46,68","43,20","107,26K","-4,77%"
"17/12/2008","45,53","47,79","48,91","45,30","131,50K","2,18%"
"16/12/2008","44,56","44,76","46,48","43,90","10,26K","-0,09%"
"15/12/2008","44,60","46,00","49,96","44,25","81,01K","-3,90%"
"12/12/2008","46,41","46,63","47,20","43,30","85,98K","-2,07%"
"11/12/2008","47,39","42,60","48,36","42,00","98,17K","11,77%"
"10/12/2008","42,40","42,44","45,27","40,92","115,13K","2,09%"
"09/12/2008","41,53","43,87","44,17","41,25","82,40K","-4,35%"
"08/12/2008","43,42","40,48","44,63","40,48","94,49K","9,26%"
"05/12/2008","39,74","42,35","43,19","39,35","99,20K","-6,01%"
"04/12/2008","42,28","45,10","45,68","41,80","98,34K","-6,95%"
"03/12/2008","45,44","45,90","46,59","44,87","98,71K","0,00%"
"02/12/2008","45,44","47,70","48,97","45,30","121,08K","-5,27%"
"01/12/2008","47,97","53,00","53,00","47,50","118,00K","-10,32%"
"28/11/2008","53,49","53,42","54,90","50,80","74,93K","0,68%"
"27/11/2008","53,13","53,75","53,91","51,98","45,54K","-1,47%"
"26/11/2008","53,92","50,69","54,45","49,81","130,19K","7,09%"
"25/11/2008","50,35","53,70","53,86","50,10","137,80K","-6,64%"
"24/11/2008","53,93","50,00","54,50","48,00","109,65K","9,64%"
"21/11/2008","49,19","47,80","50,14","47,40","101,49K","2,31%"
"20/11/2008","48,08","51,00","51,30","47,46","129,50K","-7,04%"
"19/11/2008","51,72","51,88","52,95","50,61","114,70K","-0,23%"
"18/11/2008","51,84","52,42","53,06","51,25","109,99K","-0,90%"
"17/11/2008","52,31","53,37","56,15","52,04","112,77K","-3,56%"
"14/11/2008","54,24","56,80","56,80","53,42","112,10K","4,33%"
"13/11/2008","51,99","51,96","53,26","50,60","18,63K","-0,73%"
"12/11/2008","52,37","55,62","55,92","51,64","95,87K","-6,00%"
"11/11/2008","55,71","57,53","57,58","54,92","95,23K","-5,70%"
"10/11/2008","59,08","58,38","61,98","56,18","109,30K","3,02%"
"07/11/2008","57,35","56,90","59,43","56,62","89,12K","-0,14%"
"06/11/2008","57,43","61,56","62,00","56,44","118,29K","-7,18%"
"05/11/2008","61,87","65,95","66,00","61,13","138,01K","-6,88%"
"04/11/2008","66,44","60,50","67,76","58,38","157,32K","9,85%"
"03/11/2008","60,48","64,30","66,70","60,18","121,34K","-7,41%"
"31/10/2008","65,32","62,52","66,47","60,62","121,10K","2,53%"
"30/10/2008","63,71","66,18","68,35","61,93","122,03K","-2,69%"
"29/10/2008","65,47","62,88","67,12","61,24","146,68K","8,59%"
"28/10/2008","60,29","60,49","62,95","59,47","112,06K","-1,82%"
"27/10/2008","61,41","61,93","63,59","59,02","103,17K","-1,03%"
"24/10/2008","62,05","67,33","67,33","61,00","119,43K","-5,87%"
"23/10/2008","65,92","65,21","67,70","64,00","128,47K","2,17%"
"22/10/2008","64,52","68,87","68,87","63,96","118,94K","-7,46%"
"21/10/2008","69,72","73,20","73,29","67,91","105,84K","-3,21%"
"20/10/2008","72,03","70,65","73,61","69,41","123,28K","3,49%"
"17/10/2008","69,60","70,32","71,90","67,40","122,22K","4,95%"
"16/10/2008","66,32","69,50","70,15","65,45","15,39K","-6,33%"
"15/10/2008","70,80","74,30","75,04","69,97","63,77K","-5,00%"
"14/10/2008","74,53","78,46","80,74","74,26","72,70K","-3,78%"
"13/10/2008","77,46","77,00","78,42","75,54","74,26K","4,55%"
"10/10/2008","74,09","80,50","80,55","73,14","116,79K","-10,37%"
"09/10/2008","82,66","83,62","85,07","80,40","75,42K","-2,02%"
"08/10/2008","84,36","83,94","85,60","81,00","116,75K","-0,35%"
"07/10/2008","84,66","83,91","87,99","82,84","107,68K","1,17%"
"06/10/2008","83,68","88,30","88,65","83,36","105,24K","-7,28%"
"03/10/2008","90,25","90,48","92,46","88,00","100,64K","-0,34%"
"02/10/2008","90,56","96,10","97,03","90,26","102,21K","-5,00%"
"01/10/2008","95,33","99,45","100,31","92,87","116,72K","-2,89%"
"30/09/2008","98,17","93,30","99,87","91,10","136,13K","4,46%"
"29/09/2008","93,98","103,29","103,29","92,64","124,82K","-9,23%"
"26/09/2008","103,54","103,77","104,00","101,20","79,26K","-1,01%"
"25/09/2008","104,60","102,56","105,27","100,01","115,89K","2,10%"
"24/09/2008","102,45","103,48","105,94","101,63","113,89K","-0,61%"
"23/09/2008","103,08","106,09","106,09","100,57","131,24K","-2,79%"
"22/09/2008","106,04","99,50","107,11","99,50","144,30K","6,46%"
"19/09/2008","99,61","95,00","100,50","94,85","128,50K","4,64%"
"18/09/2008","95,19","94,85","99,69","93,29","128,15K","0,37%"
"17/09/2008","94,84","91,95","95,13","89,03","142,85K","6,30%"
"16/09/2008","89,22","91,57","92,13","88,90","142,74K","-3,42%"
"15/09/2008","92,38","95,99","96,59","91,17","23,33K","-5,33%"
"12/09/2008","97,58","98,01","99,44","96,33","73,12K","-0,06%"
"11/09/2008","97,64","99,20","100,20","96,99","90,89K","-1,34%"
"10/09/2008","98,97","100,00","102,06","98,10","105,33K","-1,37%"
"09/09/2008","100,34","103,58","103,79","98,94","100,89K","-3,00%"
"08/09/2008","103,44","105,74","106,90","102,34","85,37K","-0,62%"
"05/09/2008","104,09","105,97","106,65","103,43","96,97K","-2,08%"
"04/09/2008","106,30","108,39","109,16","105,16","82,23K","-1,63%"
"03/09/2008","108,06","108,33","108,40","106,17","111,31K","-0,26%"
"02/09/2008","108,34","110,45","110,45","104,14","133,18K","-0,98%"
"01/09/2008","109,41","115,50","115,56","109,17","60,99K","-4,07%"
"29/08/2008","114,05","114,97","116,75","113,50","100,53K","-0,11%"
"28/08/2008","114,17","116,42","118,26","112,81","129,23K","-1,76%"
"27/08/2008","116,22","114,32","117,25","114,32","99,54K","1,39%"
"26/08/2008","114,63","114,45","116,52","111,65","138,78K","0,53%"
"25/08/2008","114,03","113,00","115,60","113,00","53,12K","0,10%"
"22/08/2008","113,92","120,16","120,91","113,38","102,59K","-5,19%"
"21/08/2008","120,16","114,75","120,93","114,55","129,45K","5,07%"
"20/08/2008","114,36","113,85","115,59","111,61","108,48K","0,98%"
"19/08/2008","113,25","111,94","115,38","110,70","99,98K","1,17%"
"18/08/2008","111,94","112,30","114,15","110,85","86,28K","-0,54%"
"15/08/2008","112,55","112,78","113,05","110,31","87,53K","-0,08%"
"14/08/2008","112,64","114,41","114,89","111,88","19,16K","-0,73%"
"13/08/2008","113,47","111,55","114,93","111,01","64,64K","2,09%"
"12/08/2008","111,15","112,88","114,31","110,47","77,21K","-1,35%"
"11/08/2008","112,67","113,85","115,32","111,07","82,15K","-0,58%"
"08/08/2008","113,33","117,80","118,10","112,80","88,58K","-3,84%"
"07/08/2008","117,86","117,20","119,75","116,25","112,80K","0,74%"
"06/08/2008","117,00","116,98","118,77","115,60","107,92K","-0,59%"
"05/08/2008","117,70","119,99","120,05","116,91","107,54K","-2,47%"
"04/08/2008","120,68","125,30","125,30","118,80","103,23K","-2,82%"
"01/08/2008","124,18","123,42","127,94","121,94","101,29K","0,16%"
"31/07/2008","123,98","126,90","127,52","122,92","103,41K","-2,45%"
"30/07/2008","127,10","122,59","127,61","121,42","117,27K","3,58%"
"29/07/2008","122,71","126,12","126,79","120,88","116,65K","-2,49%"
"28/07/2008","125,84","124,40","126,49","124,05","92,68K","1,06%"
"25/07/2008","124,52","126,56","127,51","123,39","91,80K","-1,52%"
"24/07/2008","126,44","125,23","127,25","124,10","110,83K","0,92%"
"23/07/2008","125,29","129,40","129,50","124,61","116,75K","-3,29%"
"22/07/2008","129,55","132,69","133,75","127,60","111,92K","-2,31%"
"21/07/2008","132,61","131,04","133,57","130,19","85,10K","1,86%"
"18/07/2008","130,19","131,59","133,69","129,66","106,51K","-0,67%"
"17/07/2008","131,07","136,31","137,85","130,73","122,82K","-3,76%"
"16/07/2008","136,19","138,76","139,26","132,50","18,02K","-1,85%"
"15/07/2008","138,75","143,85","145,55","134,96","71,87K","-3,59%"
"14/07/2008","143,92","144,37","145,45","142,25","65,25K","-0,39%"
"11/07/2008","144,49","142,14","147,50","141,62","113,26K","1,73%"
"10/07/2008","142,03","136,80","142,41","136,18","91,02K","3,99%"
"09/07/2008","136,58","136,02","138,91","135,90","95,67K","0,11%"
"08/07/2008","136,43","141,86","142,96","135,50","120,48K","-3,83%"
"07/07/2008","141,87","144,40","144,86","140,33","97,76K","-1,77%"
"04/07/2008","144,42","146,30","146,62","144,25","32,44K","-1,14%"
"03/07/2008","146,08","144,76","146,69","144,18","76,77K","1,26%"
"02/07/2008","144,26","141,70","144,95","140,40","96,34K","2,55%"
"01/07/2008","140,67","140,44","143,31","140,11","84,34K","0,60%"
"30/06/2008","139,83","141,29","143,91","139,54","109,03K","-0,34%"
"27/06/2008","140,31","139,20","142,97","138,99","115,53K","0,34%"
"26/06/2008","139,83","134,25","140,56","133,52","119,94K","4,09%"
"25/06/2008","134,33","137,00","137,22","132,00","113,46K","-1,56%"
"24/06/2008","136,46","136,38","137,76","135,46","96,12K","0,40%"
"23/06/2008","135,91","134,56","137,34","133,65","99,88K","0,78%"
"20/06/2008","134,86","132,00","136,80","131,48","97,15K","2,17%"
"19/06/2008","132,00","136,22","137,40","131,73","130,19K","-3,25%"
"18/06/2008","136,44","133,00","136,60","132,14","95,40K","2,03%"
"17/06/2008","133,72","134,25","135,28","132,00","102,51K","-0,73%"
"16/06/2008","134,71","134,79","139,32","132,82","112,99K","0,34%"
"13/06/2008","134,25","136,17","136,21","133,09","8,32K","-1,35%"
"12/06/2008","136,09","135,00","136,80","131,35","62,79K","0,79%"
"11/06/2008","135,02","131,75","137,30","131,65","100,52K","3,05%"
"10/06/2008","131,02","134,47","137,74","130,50","112,49K","-2,16%"
"09/06/2008","133,91","137,25","137,51","131,60","94,85K","-2,75%"
"06/06/2008","137,69","127,60","138,12","127,23","132,67K","7,96%"
"05/06/2008","127,54","121,75","127,90","121,32","100,94K","4,46%"
"04/06/2008","122,10","124,18","124,90","121,70","108,25K","-1,99%"
"03/06/2008","124,58","127,88","128,09","124,18","116,83K","-2,69%"
"02/06/2008","128,02","127,22","129,25","125,62","124,20K","0,19%"
"30/05/2008","127,78","127,00","129,00","125,00","117,34K","0,70%"
"29/05/2008","126,89","131,55","132,85","126,09","135,17K","-3,09%"
"28/05/2008","130,93","128,19","131,29","126,04","141,51K","2,04%"
"27/05/2008","128,31","132,97","133,41","127,83","112,66K","-3,07%"
"26/05/2008","132,37","131,25","133,16","131,25","8,09K","0,61%"
"23/05/2008","131,57","130,51","133,74","130,07","95,02K","0,81%"
"22/05/2008","130,51","133,67","135,14","130,00","152,45K","-1,65%"
"21/05/2008","132,70","127,80","133,67","127,80","140,06K","3,80%"
"20/05/2008","127,84","125,20","128,07","124,50","122,45K","2,22%"
"19/05/2008","125,06","125,28","126,00","123,59","98,56K","0,06%"
"16/05/2008","124,99","123,05","126,34","122,71","124,13K","3,08%"
"15/05/2008","121,25","120,10","124,10","120,10","11,50K","-0,50%"
"14/05/2008","121,86","123,85","124,29","121,45","82,53K","-1,80%"
"13/05/2008","124,10","122,85","124,99","121,95","94,50K","0,97%"
"12/05/2008","122,91","125,63","125,63","122,47","101,93K","-1,99%"
"09/05/2008","125,40","123,50","125,90","123,30","137,56K","2,08%"
"08/05/2008","122,84","122,39","123,93","120,89","137,01K","0,43%"
"07/05/2008","122,32","120,15","122,78","119,34","119,57K","1,67%"
"06/05/2008","120,31","118,13","120,99","117,69","111,12K","1,97%"
"05/05/2008","117,99","114,54","118,58","114,21","63,41K","2,99%"
"02/05/2008","114,56","110,36","114,80","109,80","111,59K","3,67%"
"01/05/2008","110,50","112,74","112,74","108,42","125,55K","-0,77%"
"30/04/2008","111,36","113,50","114,66","111,17","142,25K","-1,82%"
"29/04/2008","113,43","116,74","116,74","113,01","142,96K","-2,84%"
"28/04/2008","116,74","117,32","117,51","116,07","101,96K","0,34%"
"25/04/2008","116,34","113,80","117,56","112,49","148,78K","1,75%"
"24/04/2008","114,34","116,05","116,87","112,57","159,37K","-1,82%"
"23/04/2008","116,46","115,90","116,63","114,58","104,59K","0,44%"
"22/04/2008","115,95","114,35","116,75","113,94","104,72K","1,33%"
"21/04/2008","114,43","113,85","114,86","113,03","98,95K","0,45%"
"18/04/2008","113,92","112,51","114,22","110,62","103,52K","1,33%"
"17/04/2008","112,43","112,83","113,38","111,74","99,01K","-0,20%"
"16/04/2008","112,66","111,33","112,83","110,15","111,08K","1,21%"
"15/04/2008","111,31","109,95","112,08","109,68","12,12K","1,34%"
"14/04/2008","109,84","108,26","110,01","108,09","69,26K","1,00%"
"11/04/2008","108,75","107,88","109,17","107,69","80,66K","0,51%"
"10/04/2008","108,20","108,54","109,98","106,86","90,32K","-0,25%"
"09/04/2008","108,47","106,80","109,50","105,75","110,60K","2,00%"
"08/04/2008","106,34","106,83","107,78","105,72","111,95K","-0,75%"
"07/04/2008","107,14","104,68","107,50","104,60","119,04K","2,14%"
"04/04/2008","104,90","102,85","105,08","102,70","87,07K","2,32%"
"03/04/2008","102,52","103,88","104,50","102,01","105,77K","-1,19%"
"02/04/2008","103,75","100,41","103,98","99,10","119,65K","3,57%"
"01/04/2008","100,17","100,50","101,47","98,99","115,24K","-0,13%"
"31/03/2008","100,30","103,36","105,32","99,14","132,20K","-3,34%"
"28/03/2008","103,77","104,40","105,42","103,05","89,59K","-1,17%"
"27/03/2008","105,00","104,22","105,60","103,41","119,59K","0,97%"
"26/03/2008","103,99","100,90","104,18","100,75","133,06K","3,37%"
"25/03/2008","100,60","98,97","101,10","98,70","104,97K","0,74%"
"24/03/2008","99,86","99,75","101,28","98,92","45,33K","-0,52%"
"20/03/2008","100,38","100,07","100,81","98,00","119,44K","-0,34%"
"19/03/2008","100,72","104,93","105,10","100,16","144,15K","-4,59%"
"18/03/2008","105,56","102,31","106,18","101,70","132,09K","3,74%"
"17/03/2008","101,75","106,00","107,97","99,50","165,41K","-5,39%"
"14/03/2008","107,55","106,64","108,02","106,24","28,28K","0,01%"
"13/03/2008","107,54","106,31","107,88","105,56","71,56K","1,20%"
"12/03/2008","106,27","105,43","106,45","104,00","80,91K","0,97%"
"11/03/2008","105,25","104,21","105,82","103,30","104,60K","1,05%"
"10/03/2008","104,16","102,30","104,45","101,20","105,13K","1,74%"
"07/03/2008","102,38","102,69","103,98","101,36","117,16K","-0,22%"
"06/03/2008","102,61","101,67","102,95","100,28","120,77K","0,95%"
"05/03/2008","101,64","97,75","102,07","97,52","137,13K","4,22%"
"04/03/2008","97,52","100,60","101,31","96,92","147,81K","-2,95%"
"03/03/2008","100,48","100,12","102,29","99,20","120,13K","0,38%"
"29/02/2008","100,10","101,20","101,27","99,66","114,44K","-0,79%"
"28/02/2008","100,90","98,54","101,27","97,45","125,96K","2,68%"
"27/02/2008","98,27","100,00","100,53","97,98","126,38K","-1,21%"
"26/02/2008","99,47","98,05","100,03","97,05","116,31K","1,82%"
"25/02/2008","97,69","97,23","98,16","96,34","101,80K","0,70%"
"22/02/2008","97,01","95,90","97,65","95,66","108,15K","0,80%"
"21/02/2008","96,24","98,35","99,00","95,42","134,02K","-2,21%"
"20/02/2008","98,42","97,82","99,22","96,77","101,34K","-0,14%"
"19/02/2008","98,56","94,84","98,70","94,81","113,11K","3,85%"
"18/02/2008","94,91","94,90","95,44","94,44","36,80K","0,30%"
"15/02/2008","94,63","94,95","95,80","94,02","115,83K","-0,48%"
"14/02/2008","95,09","93,47","95,49","93,38","23,92K","1,90%"
"13/02/2008","93,32","92,99","94,00","92,39","84,00K","0,50%"
"12/02/2008","92,86","93,29","94,13","92,08","98,87K","-0,72%"
"11/02/2008","93,53","92,68","94,52","91,09","116,17K","1,73%"
"08/02/2008","91,94","88,78","92,32","88,78","130,33K","3,88%"
"07/02/2008","88,51","87,60","88,77","86,83","102,48K","0,83%"
"06/02/2008","87,78","88,50","89,60","87,53","113,07K","-1,17%"
"05/02/2008","88,82","90,06","90,40","88,05","107,93K","-1,82%"
"04/02/2008","90,47","89,10","91,12","88,63","112,22K","1,15%"
"01/02/2008","89,44","91,50","92,49","88,95","143,04K","-3,00%"
"31/01/2008","92,21","91,60","92,83","90,16","158,23K","-0,35%"
"30/01/2008","92,53","92,45","92,80","91,48","99,22K","0,58%"
"29/01/2008","92,00","91,55","92,53","91,03","112,44K","0,68%"
"28/01/2008","91,38","90,70","91,75","89,33","111,52K","0,53%"
"25/01/2008","90,90","89,44","91,40","89,32","113,13K","2,05%"
"24/01/2008","89,07","87,40","89,42","86,88","120,66K","2,83%"
"23/01/2008","86,62","88,25","88,67","86,40","130,07K","-2,07%"
"22/01/2008","88,45","87,38","88,86","85,00","147,86K","1,07%"
"21/01/2008","87,51","89,57","89,65","87,36","62,56K","-1,93%"
"18/01/2008","89,23","88,50","89,98","88,40","106,29K","0,54%"
"17/01/2008","88,75","89,60","90,69","88,21","103,87K","-1,11%"
"16/01/2008","89,75","90,94","91,00","88,71","14,81K","-1,35%"
"15/01/2008","90,98","92,90","93,25","90,35","70,55K","-2,09%"
"14/01/2008","92,92","91,07","93,05","91,01","79,12K","2,03%"
"11/01/2008","91,07","92,85","93,24","90,83","98,94K","-1,25%"
"10/01/2008","92,22","94,49","95,09","92,13","107,37K","-2,28%"
"09/01/2008","94,37","95,55","96,70","94,10","136,03K","-1,22%"
"08/01/2008","95,54","94,77","96,69","94,47","121,23K","1,22%"
"07/01/2008","94,39","96,69","97,48","93,72","106,50K","-2,48%"
"04/01/2008","96,79","97,77","98,00","96,18","98,47K","-0,83%"
"03/01/2008","97,60","97,45","98,50","97,04","84,86K","-0,25%"
"02/01/2008","97,84","94,47","98,00","94,15","83,71K","4,25%"
"31/12/2007","93,85","94,29","95,29","93,25","44,18K","-0,03%"
"28/12/2007","93,88","94,96","95,86","93,80","66,12K","-0,95%"
"27/12/2007","94,78","94,00","95,87","93,27","68,55K","0,89%"
"26/12/2007","93,94","93,00","95,06","92,80","44,73K","1,34%"
"24/12/2007","92,70","92,29","92,82","91,35","19,85K","0,26%"
"21/12/2007","92,46","91,00","92,95","90,61","71,77K","1,74%"
"20/12/2007","90,88","91,91","92,48","90,66","71,70K","-0,66%"
"19/12/2007","91,48","90,50","92,27","89,75","98,55K","1,51%"
"18/12/2007","90,12","91,58","92,89","89,33","111,71K","-1,28%"
"17/12/2007","91,29","91,69","92,42","90,12","87,89K","-1,49%"
"14/12/2007","92,67","92,50","93,66","91,38","15,50K","0,60%"
"13/12/2007","92,12","93,65","94,36","91,92","71,08K","-2,02%"
"12/12/2007","94,02","89,59","94,44","89,34","94,24K","4,48%"
"11/12/2007","89,99","88,28","90,35","88,15","85,22K","2,21%"
"10/12/2007","88,04","88,77","89,85","87,51","83,17K","-0,68%"
"07/12/2007","88,64","90,35","90,79","87,47","87,47K","-1,71%"
"06/12/2007","90,18","88,00","90,68","86,56","106,54K","1,91%"
"05/12/2007","88,49","89,75","91,91","87,85","118,35K","-1,16%"
"04/12/2007","89,53","89,90","90,45","88,97","104,87K","-0,30%"
"03/12/2007","89,80","88,74","90,43","86,93","113,25K","1,74%"
"30/11/2007","88,26","90,25","90,79","87,55","142,59K","-2,17%"
"29/11/2007","90,22","90,45","92,82","89,73","160,73K","0,46%"
"28/11/2007","89,81","92,36","93,39","89,56","156,21K","-2,93%"
"27/11/2007","92,52","94,47","95,05","92,40","113,70K","-2,94%"
"26/11/2007","95,32","95,90","96,65","94,26","92,86K","-0,46%"
"23/11/2007","95,76","94,42","95,95","93,81","54,07K","1,33%"
"22/11/2007","94,50","95,10","95,29","93,98","30,96K","-0,36%"
"21/11/2007","94,84","95,87","96,53","94,05","115,03K","-0,68%"
"20/11/2007","95,49","92,08","96,24","91,76","118,16K","3,48%"
"19/11/2007","92,28","91,87","92,81","90,98","90,49K","0,72%"
"16/11/2007","91,62","90,25","91,95","90,00","100,83K","0,75%"
"15/11/2007","90,94","91,24","92,14","89,92","24,31K","-0,46%"
"14/11/2007","91,36","88,99","91,58","88,99","90,89K","2,85%"
"13/11/2007","88,83","91,48","91,95","87,88","108,41K","-3,42%"
"12/11/2007","91,98","92,54","93,46","90,96","98,16K","-1,29%"
"09/11/2007","93,18","93,30","93,80","91,80","88,09K","0,42%"
"08/11/2007","92,79","92,45","94,76","92,27","92,23K","-0,48%"
"07/11/2007","93,24","93,59","95,19","91,74","111,86K","-0,02%"
"06/11/2007","93,26","91,05","93,56","91,05","119,77K","3,06%"
"05/11/2007","90,49","91,84","92,31","90,18","91,89K","-1,73%"
"02/11/2007","92,08","90,20","92,21","89,64","88,15K","2,63%"
"01/11/2007","89,72","90,94","91,71","88,57","127,41K","-1,00%"
"31/10/2007","90,63","86,92","91,18","86,13","117,53K","3,65%"
"30/10/2007","87,44","90,25","90,25","86,64","114,71K","-3,19%"
"29/10/2007","90,32","88,69","90,49","88,69","99,40K","1,84%"
"26/10/2007","88,69","87,55","89,30","87,46","111,33K","1,38%"
"25/10/2007","87,48","85,04","87,59","84,70","113,36K","3,69%"
"24/10/2007","84,37","82,55","85,08","82,41","94,59K","1,83%"
"23/10/2007","82,85","83,00","84,04","82,35","93,88K","-0,50%"
"22/10/2007","83,27","83,66","84,09","81,63","108,41K","-0,62%"
"19/10/2007","83,79","84,48","84,85","83,08","100,17K","-0,96%"
"18/10/2007","84,60","83,00","84,88","82,77","111,30K","1,77%"
"17/10/2007","83,13","83,40","84,43","82,65","134,76K","-1,22%"
"16/10/2007","84,16","82,85","84,49","82,84","16,35K","1,70%"
"15/10/2007","82,75","80,00","83,00","80,00","52,77K","2,73%"
"12/10/2007","80,55","80,07","80,92","79,65","54,83K","0,50%"
"11/10/2007","80,15","78,80","80,68","78,69","85,81K","1,97%"
"10/10/2007","78,60","77,38","78,67","77,02","79,15K","1,43%"
"09/10/2007","77,49","76,41","78,15","75,64","97,52K","1,19%"
"08/10/2007","76,58","78,42","78,65","76,15","77,26K","-2,94%"
"05/10/2007","78,90","78,85","79,21","78,17","68,28K","-0,09%"
"04/10/2007","78,97","76,90","79,28","76,56","80,01K","2,31%"
"03/10/2007","77,19","77,45","77,86","76,85","90,71K","-0,25%"
"02/10/2007","77,38","77,56","77,74","76,31","100,38K","-0,33%"
"01/10/2007","77,64","79,25","79,54","76,92","108,14K","-1,93%"
"28/09/2007","79,17","80,25","81,05","78,84","106,64K","-1,07%"
"27/09/2007","80,03","77,77","80,20","77,65","115,41K","3,36%"
"26/09/2007","77,43","77,70","78,29","76,36","132,07K","-0,24%"
"25/09/2007","77,62","78,54","78,63","77,17","103,13K","-1,63%"
"24/09/2007","78,91","78,90","79,48","78,23","84,08K","-0,49%"
"21/09/2007","79,30","79,13","79,94","78,47","98,96K","0,27%"
"20/09/2007","79,09","78,20","79,28","77,76","103,82K","0,79%"
"19/09/2007","78,47","78,29","78,57","77,45","110,80K","1,13%"
"18/09/2007","77,59","77,20","78,60","76,29","116,71K","0,79%"
"17/09/2007","76,98","76,20","77,24","75,52","126,93K","1,00%"
"14/09/2007","76,22","77,00","77,28","76,07","108,22K","-1,52%"
"13/09/2007","77,40","77,62","77,86","77,18","31,68K","-0,36%"
"12/09/2007","77,68","76,39","77,93","76,09","45,36K","1,70%"
"11/09/2007","76,38","75,95","76,49","75,00","71,45K","1,19%"
"10/09/2007","75,48","74,83","76,39","73,86","66,58K","0,55%"
"07/09/2007","75,07","74,81","75,22","74,18","73,07K","0,40%"
"06/09/2007","74,77","74,50","75,70","73,74","107,14K","0,58%"
"05/09/2007","74,34","74,25","74,48","73,74","69,18K","0,57%"
"04/09/2007","73,92","73,41","74,05","72,78","90,15K","0,69%"
"03/09/2007","73,41","72,69","73,51","72,69","32,39K","0,99%"
"31/08/2007","72,69","72,03","73,09","71,83","72,64K","1,10%"
"30/08/2007","71,90","72,13","72,47","71,37","84,64K","-0,32%"
"29/08/2007","72,13","70,55","72,28","70,23","106,16K","2,24%"
"28/08/2007","70,55","71,05","71,25","70,21","82,94K","-0,56%"
"27/08/2007","70,95","70,55","71,10","69,49","53,42K","0,47%"
"24/08/2007","70,62","70,04","70,84","69,50","71,23K","1,09%"
"23/08/2007","69,86","69,02","70,00","68,75","102,48K","1,69%"
"22/08/2007","68,70","68,80","69,45","68,20","89,99K","0,01%"
"21/08/2007","68,69","70,17","70,50","68,14","94,87K","-1,66%"
"20/08/2007","69,85","69,70","70,34","68,93","72,31K","-0,84%"
"17/08/2007","70,44","70,09","71,10","69,39","62,66K","1,47%"
"16/08/2007","69,42","71,25","71,25","68,87","18,15K","-3,10%"
"15/08/2007","71,64","70,90","72,24","70,46","48,31K","1,60%"
"14/08/2007","70,51","70,05","70,90","69,60","59,06K","0,40%"
"13/08/2007","70,23","70,40","71,85","69,89","58,27K","-0,23%"
"10/08/2007","70,39","70,25","70,50","68,95","69,77K","0,26%"
"09/08/2007","70,21","71,00","71,21","69,25","94,93K","-1,10%"
"08/08/2007","70,99","71,49","72,04","70,61","85,89K","-1,13%"
"07/08/2007","71,80","71,14","72,00","70,20","91,71K","0,89%"
"06/08/2007","71,17","74,45","74,73","70,87","119,77K","-4,79%"
"03/08/2007","74,75","75,90","76,07","74,45","76,27K","-1,33%"
"02/08/2007","75,76","75,50","76,23","74,24","94,14K","0,54%"
"01/08/2007","75,35","76,95","77,16","74,85","104,82K","-2,21%"
"31/07/2007","77,05","75,60","77,18","75,47","85,50K","1,73%"
"30/07/2007","75,74","76,06","76,51","75,42","78,40K","-0,68%"
"27/07/2007","76,26","75,30","76,40","74,55","77,27K","1,44%"
"26/07/2007","75,18","76,47","77,16","74,81","96,50K","-1,49%"
"25/07/2007","76,32","74,70","76,54","74,23","102,30K","1,65%"
"24/07/2007","75,08","76,85","76,85","74,85","120,19K","-2,32%"
"23/07/2007","76,86","77,32","77,50","76,42","68,29K","-1,00%"
"20/07/2007","77,64","77,98","77,98","77,19","61,90K","-0,04%"
"19/07/2007","77,67","76,74","77,78","76,60","95,49K","1,19%"
"18/07/2007","76,76","75,68","76,84","75,32","90,83K","1,63%"
"17/07/2007","75,53","76,33","76,65","75,03","100,73K","-2,33%"
"16/07/2007","77,33","77,55","78,40","76,48","15,62K","-0,31%"
"13/07/2007","77,57","76,35","77,70","76,10","34,34K","1,53%"
"12/07/2007","76,40","75,44","77,07","75,31","49,75K","1,27%"
"11/07/2007","75,44","76,25","76,44","75,30","53,24K","-1,26%"
"10/07/2007","76,40","75,67","76,63","75,06","46,83K","0,82%"
"09/07/2007","75,78","75,46","76,34","74,91","58,15K","0,21%"
"06/07/2007","75,62","74,59","76,01","74,27","67,99K","1,16%"
"05/07/2007","74,75","72,85","74,93","72,85","103,43K","2,33%"
"04/07/2007","73,05","72,85","73,12","72,43","28,31K","0,16%"
"03/07/2007","72,93","72,69","73,10","72,13","55,70K","0,41%"
"02/07/2007","72,63","71,22","72,77","70,92","96,24K","1,71%"
"29/06/2007","71,41","70,41","71,60","70,41","65,64K","1,26%"
"28/06/2007","70,52","70,49","71,15","70,32","90,00K","-0,01%"
"27/06/2007","70,53","70,13","71,03","69,40","116,06K","0,51%"
"26/06/2007","70,17","70,90","71,23","70,11","86,33K","-1,67%"
"25/06/2007","71,36","70,75","71,50","69,80","90,83K","0,25%"
"22/06/2007","71,18","70,10","71,50","69,61","86,13K","1,37%"
"21/06/2007","70,22","70,49","71,60","70,00","86,13K","-0,28%"
"20/06/2007","70,42","71,70","71,96","69,56","135,77K","-1,98%"
"19/06/2007","71,84","72,10","72,25","71,61","86,16K","-0,47%"
"18/06/2007","72,18","71,59","72,25","70,72","94,63K","0,99%"
"15/06/2007","71,47","71,36","71,88","70,70","82,95K","0,72%"
"14/06/2007","70,96","69,95","71,33","69,91","14,66K","1,46%"
"13/06/2007","69,94","68,70","70,36","68,34","42,49K","1,67%"
"12/06/2007","68,79","69,40","69,62","68,30","44,97K","-1,11%"
"11/06/2007","69,56","68,69","69,65","68,20","53,67K","1,40%"
"08/06/2007","68,60","70,90","71,10","68,41","84,12K","-3,68%"
"07/06/2007","71,22","71,05","71,72","70,51","85,11K","0,28%"
"06/06/2007","71,02","70,51","71,40","70,09","92,73K","0,81%"
"05/06/2007","70,45","70,25","70,67","69,85","96,29K","0,07%"
"04/06/2007","70,40","68,94","70,63","68,70","84,61K","1,93%"
"01/06/2007","69,07","68,15","69,25","67,61","103,73K","1,51%"
"31/05/2007","68,04","67,99","68,20","66,80","101,82K","0,29%"
"30/05/2007","67,84","68,32","68,64","67,15","107,18K","-0,43%"
"29/05/2007","68,13","69,84","70,24","67,59","101,98K","-2,27%"
"28/05/2007","69,71","70,50","70,50","69,51","10,82K","-1,39%"
"25/05/2007","70,69","70,85","71,22","69,83","85,44K","-0,04%"
"24/05/2007","70,72","70,65","71,80","70,39","106,83K","0,17%"
"23/05/2007","70,60","69,69","70,84","69,45","119,38K","1,55%"
"22/05/2007","69,52","70,43","70,60","69,46","96,47K","-1,38%"
"21/05/2007","70,49","69,44","70,83","69,10","106,34K","1,54%"
"18/05/2007","69,42","70,35","70,35","69,27","97,42K","-1,21%"
"17/05/2007","70,27","68,10","70,35","68,08","102,50K","3,32%"
"16/05/2007","68,01","67,95","68,54","67,46","16,46K","-0,15%"
"15/05/2007","68,11","66,78","68,18","65,93","79,07K","1,92%"
"14/05/2007","66,83","66,65","67,51","66,51","51,42K","0,00%"
"11/05/2007","66,83","65,68","66,98","65,68","69,67K","1,58%"
"10/05/2007","65,79","65,34","66,34","65,19","95,36K","0,90%"
"09/05/2007","65,20","65,60","66,14","64,14","101,30K","-0,52%"
"08/05/2007","65,54","64,56","65,89","64,46","99,14K","1,71%"
"07/05/2007","64,44","65,18","65,50","63,80","71,65K","-1,33%"
"04/05/2007","65,31","66,02","66,82","64,95","97,94K","-1,12%"
"03/05/2007","66,05","66,39","66,98","65,57","94,93K","-0,30%"
"02/05/2007","66,25","67,24","67,41","65,59","105,70K","-1,12%"
"01/05/2007","67,00","67,53","68,73","66,89","106,28K","-0,96%"
"30/04/2007","67,65","68,23","68,44","67,45","86,05K","-1,11%"
"27/04/2007","68,41","67,82","68,54","66,73","107,34K","1,12%"
"26/04/2007","67,65","68,57","68,75","67,60","94,83K","-1,34%"
"25/04/2007","68,57","67,17","68,66","67,06","88,33K","2,10%"
"24/04/2007","67,16","68,04","68,55","66,57","89,47K","-1,45%"
"23/04/2007","68,15","66,51","68,20","65,98","83,55K","2,50%"
"20/04/2007","66,49","65,79","66,61","65,48","79,14K","0,83%"
"19/04/2007","65,94","66,20","66,85","65,64","99,37K","-0,15%"
"18/04/2007","66,04","66,12","66,33","64,76","104,91K","0,17%"
"17/04/2007","65,93","67,50","67,84","65,80","96,94K","-1,96%"
"16/04/2007","67,25","68,75","69,17","67,00","104,86K","-2,49%"
"13/04/2007","68,97","68,91","69,59","68,91","10,85K","0,36%"
"12/04/2007","68,72","67,78","68,87","67,78","30,11K","1,30%"
"11/04/2007","67,84","67,41","68,69","67,32","43,23K","0,62%"
"10/04/2007","67,42","66,89","67,67","66,40","43,12K","1,25%"
"09/04/2007","66,59","67,87","68,79","66,38","28,34K","-2,42%"
"05/04/2007","68,24","68,26","68,87","67,51","64,42K","-0,23%"
"04/04/2007","68,40","67,81","68,52","66,93","89,94K","0,87%"
"03/04/2007","67,81","68,55","68,72","67,04","83,85K","-1,35%"
"02/04/2007","68,74","67,91","69,58","67,48","66,28K","0,94%"
"30/03/2007","68,10","68,25","69,14","67,60","94,48K","0,32%"
"29/03/2007","67,88","65,75","68,36","65,36","127,83K","3,19%"
"28/03/2007","65,78","65,34","66,67","65,19","115,50K","1,83%"
"27/03/2007","64,60","64,60","69,00","64,03","79,70K","0,29%"
"26/03/2007","64,41","63,55","64,63","63,33","94,26K","1,95%"
"23/03/2007","63,18","62,74","63,68","62,13","101,01K","1,07%"
"22/03/2007","62,51","61,01","62,83","61,01","117,06K","2,86%"
"21/03/2007","60,77","60,45","61,31","60,35","95,39K","0,95%"
"20/03/2007","60,20","60,90","61,06","60,00","98,31K","-0,53%"
"19/03/2007","60,52","60,64","61,08","60,11","86,25K","0,36%"
"16/03/2007","60,30","60,74","61,57","59,79","89,96K","-1,12%"
"15/03/2007","60,98","61,13","61,85","60,50","8,93K","-0,13%"
"14/03/2007","61,06","60,92","61,51","60,50","43,77K","0,26%"
"13/03/2007","60,90","60,87","62,11","60,50","51,99K","0,26%"
"12/03/2007","60,74","61,01","61,14","60,17","73,77K","-0,64%"
"09/03/2007","61,13","62,33","62,58","61,06","82,33K","-1,93%"
"08/03/2007","62,33","62,46","62,84","61,80","78,87K","-0,27%"
"07/03/2007","62,50","61,55","62,81","61,37","80,41K","1,81%"
"06/03/2007","61,39","60,62","61,50","60,55","81,19K","1,40%"
"05/03/2007","60,54","61,70","61,70","60,00","82,22K","-2,48%"
"02/03/2007","62,08","61,85","62,69","61,55","78,32K","-0,05%"
"01/03/2007","62,11","61,75","62,74","61,05","96,66K","0,36%"
"28/02/2007","61,89","60,25","62,16","60,24","116,04K","0,86%"
"27/02/2007","61,36","61,29","62,18","60,10","102,58K","0,05%"
"26/02/2007","61,33","61,05","61,59","60,51","71,61K","0,74%"
"23/02/2007","60,88","60,50","61,68","60,32","114,11K","0,43%"
"22/02/2007","60,62","59,26","60,85","58,87","107,15K","2,14%"
"21/02/2007","59,35","57,81","59,94","57,22","121,96K","2,36%"
"20/02/2007","57,98","58,34","58,50","56,81","92,19K","-0,28%"
"19/02/2007","58,14","58,80","59,00","58,05","39,31K","-1,37%"
"16/02/2007","58,95","57,50","59,03","57,06","74,85K","2,34%"
"15/02/2007","57,60","57,55","58,18","56,20","105,86K","0,30%"
"14/02/2007","57,43","58,65","58,83","57,00","94,30K","0,70%"
"13/02/2007","57,03","56,64","57,16","56,10","16,41K","0,76%"
"12/02/2007","56,60","58,51","58,68","56,26","57,16K","-4,08%"
"09/02/2007","59,01","59,00","59,63","58,46","79,56K","-0,03%"
"08/02/2007","59,03","57,26","59,21","56,81","90,63K","3,15%"
"07/02/2007","57,23","58,70","59,46","56,74","115,80K","-2,04%"
"06/02/2007","58,42","58,35","59,42","58,06","106,73K","0,55%"
"05/02/2007","58,10","58,55","59,39","57,85","78,93K","-0,53%"
"02/02/2007","58,41","56,66","58,67","56,65","82,47K","2,98%"
"01/02/2007","56,72","57,16","58,37","56,63","102,08K","-1,18%"
"31/01/2007","57,40","56,25","57,55","55,16","140,12K","1,79%"
"30/01/2007","56,39","53,79","56,48","53,67","114,65K","5,05%"
"29/01/2007","53,68","55,46","55,83","53,56","89,98K","-2,91%"
"26/01/2007","55,29","54,32","55,37","54,16","75,56K","2,16%"
"25/01/2007","54,12","55,55","55,88","54,05","105,90K","-2,36%"
"24/01/2007","55,43","54,90","55,61","53,88","110,56K","0,60%"
"23/01/2007","55,10","52,81","55,18","52,59","115,09K","4,55%"
"22/01/2007","52,70","53,75","54,60","52,18","111,51K","-1,38%"
"19/01/2007","53,44","51,50","53,55","51,50","92,13K","3,27%"
"18/01/2007","51,75","53,10","53,35","50,91","118,79K","-1,95%"
"17/01/2007","52,78","51,78","53,03","50,75","111,43K","1,00%"
"16/01/2007","52,26","53,00","53,63","52,04","17,37K","-1,62%"
"15/01/2007","53,12","53,09","53,62","52,65","33,03K","0,32%"
"12/01/2007","52,95","52,15","53,11","51,76","69,00K","2,42%"
"11/01/2007","51,70","53,03","54,42","51,65","89,50K","-3,71%"
"10/01/2007","53,69","55,18","55,31","53,09","102,03K","-2,70%"
"09/01/2007","55,18","55,60","55,63","53,64","111,39K","-0,76%"
"08/01/2007","55,60","55,86","57,19","54,41","118,93K","-0,07%"
"05/01/2007","55,64","54,97","55,76","54,50","100,30K","0,96%"
"04/01/2007","55,11","58,19","58,41","54,76","127,50K","-4,92%"
"03/01/2007","57,96","60,68","60,68","57,42","107,49K","-4,10%"
"02/01/2007","60,44","60,88","61,64","60,15","49,88K","-0,69%"
"29/12/2006","60,86","60,52","61,13","60,04","54,91K","0,31%"
"28/12/2006","60,67","60,56","60,96","60,21","43,09K","0,25%"
"27/12/2006","60,52","61,15","61,59","60,39","46,72K","-0,95%"
"26/12/2006","61,10","62,54","63,30","60,66","32,91K","-2,11%"
"22/12/2006","62,42","62,36","63,03","62,06","37,29K","-0,06%"
"21/12/2006","62,46","63,00","63,13","61,95","65,63K","-1,22%"
"20/12/2006","63,23","62,71","63,59","62,55","84,75K","0,67%"
"19/12/2006","62,81","62,20","63,27","61,47","79,92K","1,09%"
"18/12/2006","62,13","63,34","63,57","61,94","67,62K","-2,14%"
"15/12/2006","63,49","63,00","63,61","62,71","55,53K","2,21%"
"14/12/2006","62,12","61,47","62,81","61,43","17,25K","1,29%"
"13/12/2006","61,33","61,33","61,85","61,05","38,36K","-0,31%"
"12/12/2006","61,52","62,15","62,48","61,07","40,22K","-0,52%"
"11/12/2006","61,84","62,16","62,64","61,71","48,21K","-0,58%"
"08/12/2006","62,20","62,81","63,97","62,13","67,60K","-0,59%"
"07/12/2006","62,57","63,28","63,52","62,33","67,67K","-0,79%"
"06/12/2006","63,07","63,50","63,99","62,89","84,46K","-0,39%"
"05/12/2006","63,32","63,65","64,20","62,61","78,64K","-0,20%"
"04/12/2006","63,45","64,59","64,75","63,13","69,09K","-1,81%"
"01/12/2006","64,62","63,80","64,92","63,35","79,57K","0,56%"
"30/11/2006","64,26","62,98","64,77","62,83","118,36K","1,89%"
"29/11/2006","63,07","61,30","63,16","61,20","108,62K","3,04%"
"28/11/2006","61,21","60,62","61,42","60,40","76,60K","1,27%"
"27/11/2006","60,44","59,78","60,60","59,47","87,67K","0,68%"
"24/11/2006","60,03","59,39","60,40","58,90","45,07K","1,15%"
"23/11/2006","59,35","59,53","59,72","58,85","31,32K","-0,24%"
"22/11/2006","59,49","60,39","60,55","58,66","87,83K","-1,49%"
"21/11/2006","60,39","59,15","60,58","59,00","94,09K","2,39%"
"20/11/2006","58,98","58,50","59,18","58,24","76,36K","-0,02%"
"17/11/2006","58,99","58,49","59,11","57,85","80,63K","0,77%"
"16/11/2006","58,54","60,61","61,37","58,31","117,31K","-1,55%"
"15/11/2006","59,46","59,15","59,76","58,92","21,44K","1,05%"
"14/11/2006","58,84","59,10","59,89","58,80","57,26K","-0,36%"
"13/11/2006","59,05","59,80","60,23","58,54","54,31K","-1,11%"
"10/11/2006","59,71","61,35","61,35","59,60","57,62K","-2,63%"
"09/11/2006","61,32","59,90","61,43","59,76","78,01K","2,90%"
"08/11/2006","59,59","58,90","59,90","58,46","90,62K","1,90%"
"07/11/2006","58,48","59,75","60,05","58,44","88,20K","-2,13%"
"06/11/2006","59,75","58,94","60,40","58,49","104,86K","1,01%"
"03/11/2006","59,15","57,84","59,25","57,78","73,04K","2,21%"
"02/11/2006","57,87","58,77","59,08","57,75","80,91K","-1,88%"
"01/11/2006","58,98","58,85","59,67","58,01","97,51K","-0,08%"
"31/10/2006","59,03","58,77","59,14","57,39","117,54K","0,60%"
"30/10/2006","58,68","61,20","61,20","58,53","119,04K","-3,93%"
"27/10/2006","61,08","60,95","61,33","60,13","80,91K","0,51%"
"26/10/2006","60,77","62,25","62,35","60,47","90,21K","-2,06%"
"25/10/2006","62,05","59,95","62,19","59,75","110,05K","3,66%"
"24/10/2006","59,86","59,07","60,09","58,77","74,34K","1,10%"
"23/10/2006","59,21","59,25","59,75","58,52","69,20K","-0,79%"
"20/10/2006","59,68","61,30","61,55","59,55","84,92K","-1,95%"
"19/10/2006","60,87","59,78","61,25","59,31","98,13K","2,17%"
"18/10/2006","59,58","61,20","61,56","59,32","100,28K","-2,23%"
"17/10/2006","60,94","61,99","62,50","60,57","93,00K","1,63%"
"16/10/2006","59,96","59,40","60,16","58,82","11,46K","0,74%"
"13/10/2006","59,52","59,00","60,43","58,82","53,00K","1,29%"
"12/10/2006","58,76","58,26","59,30","58,16","56,17K","0,19%"
"11/10/2006","58,65","59,42","59,93","58,42","81,62K","-1,16%"
"10/10/2006","59,34","60,28","61,25","59,09","72,11K","-1,98%"
"09/10/2006","60,54","60,25","61,66","59,93","80,81K","1,19%"
"06/10/2006","59,83","59,96","60,32","58,75","76,82K","-0,28%"
"05/10/2006","60,00","59,53","60,94","59,06","102,66K","1,32%"
"04/10/2006","59,22","58,21","59,53","57,70","104,81K","1,35%"
"03/10/2006","58,43","60,55","60,58","58,25","100,78K","-3,34%"
"02/10/2006","60,45","62,70","62,82","60,30","69,88K","-3,25%"
"29/09/2006","62,48","62,10","62,66","61,01","97,04K","-0,10%"
"28/09/2006","62,54","62,25","63,63","61,87","91,93K","0,53%"
"27/09/2006","62,21","60,21","62,41","59,45","94,84K","3,48%"
"26/09/2006","60,12","61,10","61,24","59,70","82,78K","-1,12%"
"25/09/2006","60,80","60,05","61,65","59,32","83,78K","0,65%"
"22/09/2006","60,41","61,57","62,03","60,11","64,78K","-1,52%"
"21/09/2006","61,34","60,70","61,55","60,34","67,58K","1,44%"
"20/09/2006","60,47","62,19","62,36","60,30","88,21K","-2,73%"
"19/09/2006","62,17","64,10","64,86","61,87","96,46K","-2,94%"
"18/09/2006","64,05","63,47","64,62","63,00","89,76K","1,14%"
"15/09/2006","63,33","63,61","63,85","62,21","84,55K","1,75%"
"14/09/2006","62,24","63,43","63,77","61,96","15,32K","-1,19%"
"13/09/2006","62,99","62,97","63,83","62,62","51,00K","0,00%"
"12/09/2006","62,99","64,54","65,44","62,79","64,37K","-2,42%"
"11/09/2006","64,55","65,20","65,31","63,97","72,21K","-1,19%"
"08/09/2006","65,33","66,30","66,90","65,16","71,00K","-1,80%"
"07/09/2006","66,53","66,93","67,46","66,11","67,14K","-0,60%"
"06/09/2006","66,93","68,25","68,25","66,84","71,49K","-1,70%"
"05/09/2006","68,09","68,20","68,80","67,42","63,49K","0,56%"
"04/09/2006","67,71","69,15","69,49","67,59","36,34K","-2,08%"
"01/09/2006","69,15","70,42","70,66","68,96","60,50K","-1,57%"
"31/08/2006","70,25","70,60","71,06","69,43","89,29K","0,10%"
"30/08/2006","70,18","70,20","70,70","68,82","77,98K","0,46%"
"29/08/2006","69,86","70,55","71,25","69,48","94,26K","-1,36%"
"28/08/2006","70,82","72,21","72,47","70,44","55,65K","-2,59%"
"25/08/2006","72,70","73,00","74,09","72,50","67,17K","0,03%"
"24/08/2006","72,68","72,05","73,00","71,73","59,37K","0,92%"
"23/08/2006","72,02","73,10","73,17","71,61","78,16K","-1,67%"
"22/08/2006","73,24","73,55","73,79","72,96","64,90K","-0,19%"
"21/08/2006","73,38","72,59","73,74","72,53","77,93K","1,49%"
"18/08/2006","72,30","71,72","72,65","71,35","62,37K","1,01%"
"17/08/2006","71,58","72,45","72,58","71,31","84,13K","-2,05%"
"16/08/2006","73,08","73,65","73,83","72,72","11,75K","-0,98%"
"15/08/2006","73,80","74,20","74,60","73,55","25,51K","-0,67%"
"14/08/2006","74,30","75,16","75,26","73,70","27,85K","-1,76%"
"11/08/2006","75,63","75,25","76,10","75,10","34,09K","0,46%"
"10/08/2006","75,28","77,27","77,55","75,10","43,07K","-2,59%"
"09/08/2006","77,28","77,56","78,43","77,17","41,97K","-0,35%"
"08/08/2006","77,55","78,30","78,65","77,45","45,33K","-0,96%"
"07/08/2006","78,30","76,15","78,64","76,15","59,65K","2,80%"
"04/08/2006","76,17","76,56","77,17","75,64","46,68K","-0,51%"
"03/08/2006","76,56","77,18","77,18","76,02","59,67K","-0,43%"
"02/08/2006","76,89","75,81","77,47","75,81","77,63K","1,32%"
"01/08/2006","75,89","75,15","76,58","74,65","78,57K","0,98%"
"31/07/2006","75,15","73,22","75,23","72,70","110,07K","2,40%"
"28/07/2006","73,39","75,20","75,54","73,16","77,91K","-2,16%"
"27/07/2006","75,01","73,80","75,36","73,79","81,52K","1,36%"
"26/07/2006","74,00","73,28","74,73","73,00","103,44K","0,98%"
"25/07/2006","73,28","74,94","75,41","73,10","91,50K","-1,78%"
"24/07/2006","74,61","73,85","74,80","72,78","91,13K","1,17%"
"21/07/2006","73,75","73,50","74,65","73,29","83,38K","0,04%"
"20/07/2006","73,72","74,00","74,72","73,20","90,03K","-0,24%"
"19/07/2006","73,90","74,75","75,13","72,59","124,56K","-0,62%"
"18/07/2006","74,36","75,70","77,29","74,30","95,26K","-2,05%"
"17/07/2006","75,92","77,98","78,18","75,67","92,69K","-1,75%"
"14/07/2006","77,27","77,76","78,03","76,76","13,78K","0,76%"
"13/07/2006","76,69","74,76","77,50","74,70","33,59K","3,09%"
"12/07/2006","74,39","73,41","74,74","73,27","40,36K","0,98%"
"11/07/2006","73,67","72,75","74,05","72,55","57,92K","1,07%"
"10/07/2006","72,89","73,20","73,26","72,11","72,09K","-0,84%"
"07/07/2006","73,51","73,70","75,09","73,25","75,48K","-0,77%"
"06/07/2006","74,08","73,95","74,30","73,16","84,22K","0,14%"
"05/07/2006","73,98","72,90","74,22","72,51","77,39K","2,03%"
"04/07/2006","72,51","73,30","73,70","72,45","31,65K","-1,20%"
"03/07/2006","73,39","73,26","73,99","73,17","30,31K","-0,16%"
"30/06/2006","73,51","72,95","73,69","72,61","60,10K","0,86%"
"29/06/2006","72,88","71,69","73,12","71,58","64,34K","2,06%"
"28/06/2006","71,41","71,19","71,87","70,76","79,57K","0,61%"
"27/06/2006","70,98","70,79","71,56","70,65","74,27K","0,35%"
"26/06/2006","70,73","69,86","70,80","69,47","76,18K","1,14%"
"23/06/2006","69,93","69,95","70,38","69,48","65,60K","-0,03%"
"22/06/2006","69,95","69,09","70,17","69,08","91,72K","1,13%"
"21/06/2006","69,17","68,05","69,50","67,57","90,51K","1,60%"
"20/06/2006","68,08","68,02","69,04","67,48","89,28K","-0,04%"
"19/06/2006","68,11","68,75","68,75","67,42","69,45K","-1,00%"
"16/06/2006","68,80","68,93","69,36","67,53","77,62K","2,03%"
"15/06/2006","67,43","67,00","68,00","67,00","12,97K","0,67%"
"14/06/2006","66,98","66,62","67,33","66,33","42,80K","0,09%"
"13/06/2006","66,92","68,70","68,75","66,68","37,44K","-2,92%"
"12/06/2006","68,93","70,50","71,20","68,67","53,95K","-2,20%"