"Date","Dernier","Ouv."," Plus Haut","Plus Bas","Vol.","Variation %"
"10/06/1996","18,28","18,33","18,43","18,14","21,34K","0,00%"
"07/06/1996","18,28","17,97","18,30","17,90","20,00K","1,33%"
"06/06/1996","18,04","17,93","18,07","17,62","23,44K","1,01%"
"05/06/1996","17,86","18,25","18,38","17,76","23,39K","-3,72%"
"04/06/1996","18,55","17,97","18,59","17,97","19,97K","3,52%"
"03/06/1996","17,92","17,76","18,05","17,76","19,30K","0,67%"
"31/05/1996","17,80","17,94","18,05","17,75","20,17K","-0,50%"
"30/05/1996","17,89","18,50","18,50","17,87","34,09K","-3,97%"
"29/05/1996","18,63","18,90","18,90","18,60","24,61K","-1,64%"
"28/05/1996","18,94","19,23","19,23","18,90","17,32K","-0,84%"
"24/05/1996","19,10","18,89","19,16","18,89","15,94K","1,11%"
"23/05/1996","18,89","19,24","19,25","18,86","23,85K","-0,89%"
"22/05/1996","19,06","18,28","19,40","18,28","33,01K","3,47%"
"21/05/1996","18,42","18,43","18,63","18,27","21,78K","-1,02%"
"20/05/1996","18,61","17,53","18,80","16,75","48,77K","6,10%"
"17/05/1996","17,54","18,10","18,20","17,52","23,33K","-6,15%"
"16/05/1996","18,69","18,85","18,97","18,50","6,71K","-3,16%"
"15/05/1996","19,30","19,34","19,48","19,25","17,61K","-0,26%"
"14/05/1996","19,35","19,45","19,57","19,20","24,78K","0,10%"
"13/05/1996","19,33","19,30","19,40","19,20","18,48K","1,47%"
"10/05/1996","19,05","18,90","19,10","18,86","11,98K","1,33%"
"09/05/1996","18,80","19,10","19,10","18,67","23,37K","-2,59%"
"08/05/1996","19,30","19,50","19,68","19,13","20,34K","-0,31%"
"07/05/1996","19,36","19,28","19,50","19,22","27,26K","0,99%"
"03/05/1996","19,17","18,85","19,20","18,72","16,07K","2,02%"
"02/05/1996","18,79","18,83","19,28","18,78","24,60K","-0,05%"
"01/05/1996","18,80","18,85","18,85","18,56","18,40K","-1,16%"
"30/04/1996","19,02","19,50","19,60","19,00","21,32K","-4,18%"
"29/04/1996","19,85","19,82","19,93","19,60","12,89K","0,25%"
"26/04/1996","19,80","19,88","19,95","19,48","15,87K","-0,20%"
"25/04/1996","19,84","19,80","20,19","19,41","26,75K","-0,20%"
"24/04/1996","19,88","20,65","20,87","19,70","30,01K","-1,73%"
"23/04/1996","20,23","19,60","20,25","19,50","24,15K","6,31%"
"22/04/1996","19,03","18,41","19,30","18,36","24,67K","2,70%"
"19/04/1996","18,53","18,25","18,82","18,08","25,97K","0,71%"
"18/04/1996","18,40","18,95","18,95","18,10","30,84K","-3,77%"
"17/04/1996","19,12","19,52","19,59","18,45","28,82K","-2,00%"
"16/04/1996","19,51","20,55","20,84","19,10","38,05K","-10,63%"
"15/04/1996","21,83","21,45","21,98","21,27","14,25K","0,37%"
"12/04/1996","21,75","22,78","22,78","21,28","33,18K","-5,68%"
"11/04/1996","23,06","22,00","23,30","21,80","24,28K","4,68%"
"10/04/1996","22,03","20,78","22,10","20,77","36,63K","6,43%"
"09/04/1996","20,70","20,58","20,88","20,45","26,36K","2,22%"
"04/04/1996","20,25","19,95","20,28","19,83","11,62K","1,35%"
"03/04/1996","19,98","20,26","20,30","19,90","17,92K","-1,04%"
"02/04/1996","20,19","20,05","20,25","19,96","18,22K","2,28%"
"01/04/1996","19,74","19,40","19,96","19,38","14,09K","1,70%"
"29/03/1996","19,41","19,16","19,48","19,10","14,52K","1,04%"
"28/03/1996","19,21","19,30","19,41","18,92","24,09K","-2,44%"
"27/03/1996","19,69","20,15","20,24","19,66","21,72K","-1,25%"
"26/03/1996","19,94","20,08","20,30","19,70","27,57K","-1,19%"
"25/03/1996","20,18","19,50","20,25","19,46","26,49K","2,85%"
"22/03/1996","19,62","19,00","19,63","19,00","33,59K","3,97%"
"21/03/1996","18,87","18,73","18,89","18,60","17,05K","1,02%"
"20/03/1996","18,68","18,82","19,28","18,51","30,39K","0,38%"
"19/03/1996","18,61","18,82","18,92","18,60","25,11K","-1,27%"
"18/03/1996","18,85","18,25","19,03","18,20","21,86K","3,69%"
"15/03/1996","18,18","18,20","18,29","17,78","21,11K","-4,57%"
"14/03/1996","19,05","18,85","19,06","18,85","9,43K","0,69%"
"13/03/1996","18,92","18,86","19,20","18,76","26,13K","0,32%"
"12/03/1996","18,86","18,44","18,89","18,33","25,07K","2,50%"
"11/03/1996","18,40","18,05","18,47","18,03","17,55K","1,15%"
"08/03/1996","18,19","18,31","18,35","18,02","22,66K","-1,09%"
"07/03/1996","18,39","18,37","18,53","18,23","28,99K","0,05%"
"06/03/1996","18,38","17,88","18,43","17,75","27,27K","2,57%"
"05/03/1996","17,92","17,53","17,94","17,52","19,29K","2,40%"
"04/03/1996","17,50","17,55","17,55","17,20","19,74K","-1,46%"
"01/03/1996","17,76","17,90","17,95","17,45","21,79K","0,00%"
"29/02/1996","17,76","17,70","17,85","17,65","13,65K","0,28%"
"28/02/1996","17,71","17,92","18,05","17,57","21,43K","-1,45%"
"27/02/1996","17,97","17,77","18,11","17,71","29,25K","0,96%"
"26/02/1996","17,80","17,75","17,94","17,56","17,60K","1,42%"
"23/02/1996","17,55","18,24","18,28","17,53","25,03K","-3,99%"
"22/02/1996","18,28","18,15","18,40","18,06","7,73K","0,33%"
"21/02/1996","18,22","17,75","18,45","17,62","20,41K","3,82%"
"20/02/1996","17,55","17,24","17,59","17,10","20,41K","1,92%"
"19/02/1996","17,22","17,10","17,26","17,05","7,43K","0,70%"
"16/02/1996","17,10","17,10","17,28","17,05","32,84K","-0,29%"
"15/02/1996","17,15","17,13","17,23","17,00","21,98K","-4,35%"
"14/02/1996","17,93","17,93","18,03","17,87","10,49K","0,79%"
"13/02/1996","17,79","16,86","17,90","16,86","19,55K","5,08%"
"12/02/1996","16,93","16,76","16,94","16,72","16,40K","0,89%"
"09/02/1996","16,78","16,83","16,90","16,76","23,03K","0,24%"
"08/02/1996","16,74","16,66","16,75","16,64","15,83K","0,90%"
"07/02/1996","16,59","16,70","16,72","16,57","15,81K","-0,12%"
"06/02/1996","16,61","16,64","16,70","16,43","17,31K","0,42%"
"05/02/1996","16,54","16,71","16,88","16,50","26,39K","-1,02%"
"02/02/1996","16,71","16,56","16,83","16,53","19,88K","1,15%"
"01/02/1996","16,52","16,60","16,89","16,50","27,59K","0,00%"
"31/01/1996","16,52","16,49","16,56","16,26","17,28K","0,92%"
"30/01/1996","16,37","16,25","16,47","16,20","17,01K","0,92%"
"29/01/1996","16,22","16,65","16,69","15,93","32,72K","-1,64%"
"26/01/1996","16,49","16,45","16,55","16,10","27,67K","0,06%"
"25/01/1996","16,48","17,01","17,01","16,31","31,24K","-3,00%"
"24/01/1996","16,99","16,75","17,05","16,70","23,51K","0,71%"
"23/01/1996","16,87","16,93","16,95","16,75","21,64K","-0,71%"
"22/01/1996","16,99","16,81","17,01","16,73","21,16K","-0,76%"
"19/01/1996","17,12","17,32","17,32","16,88","20,58K","-1,15%"
"18/01/1996","17,32","17,18","17,33","17,17","20,63K","1,35%"
"17/01/1996","17,09","16,81","17,10","16,60","28,61K","-3,77%"
"16/01/1996","17,76","17,75","17,85","17,67","8,95K","1,14%"
"15/01/1996","17,56","17,51","17,62","17,14","18,33K","0,86%"
"12/01/1996","17,41","17,83","17,88","17,26","25,01K","-2,68%"
"11/01/1996","17,89","18,52","18,67","17,65","41,62K","-3,30%"
"10/01/1996","18,50","18,68","18,75","18,31","26,74K","-0,86%"
"09/01/1996","18,66","19,20","19,20","18,60","22,72K","-2,91%"
"08/01/1996","19,22","19,25","19,31","19,11","13,71K","0,89%"
"05/01/1996","19,05","18,75","19,07","18,75","20,74K","1,98%"
"04/01/1996","18,68","18,60","18,74","18,37","23,23K","0,27%"
"03/01/1996","18,63","18,68","18,68","18,52","21,50K","0,05%"
"02/01/1996","18,62","18,55","18,63","18,27","20,43K","1,58%"
"29/12/1995","18,33","18,37","18,47","18,32","6,81K","0,38%"
"28/12/1995","18,26","18,43","18,53","18,19","16,28K","-0,49%"
"27/12/1995","18,35","18,13","18,38","18,10","20,97K","2,97%"
"22/12/1995","17,82","17,85","17,90","17,81","5,53K","0,11%"
"21/12/1995","17,80","17,81","17,98","17,80","13,30K","-0,28%"
"20/12/1995","17,85","17,77","17,90","17,71","21,53K","0,62%"
"19/12/1995","17,74","17,90","17,95","17,71","15,81K","-0,78%"
"18/12/1995","17,88","17,80","17,98","17,72","16,10K","0,28%"
"15/12/1995","17,83","17,69","17,84","17,50","18,34K","-1,27%"
"14/12/1995","18,06","17,94","18,12","17,91","13,78K","0,67%"
"13/12/1995","17,94","17,78","17,96","17,69","20,47K","2,93%"
"12/12/1995","17,43","17,48","17,65","17,33","26,01K","-0,51%"
"11/12/1995","17,52","17,79","17,94","17,48","27,50K","-1,35%"
"08/12/1995","17,76","17,54","17,80","17,49","21,45K","1,08%"
"07/12/1995","17,57","17,61","17,75","17,48","22,53K","-0,11%"
"06/12/1995","17,59","17,49","17,63","17,43","22,30K","0,40%"
"05/12/1995","17,52","17,50","17,58","17,42","24,08K","0,40%"
"04/12/1995","17,45","17,30","17,47","17,27","20,57K","1,16%"
"01/12/1995","17,25","17,07","17,30","17,06","24,48K","1,23%"
"30/11/1995","17,04","17,05","17,14","16,90","21,61K","-0,23%"
"29/11/1995","17,08","17,05","17,19","17,04","18,99K","-0,35%"
"28/11/1995","17,14","17,12","17,18","17,07","19,33K","-0,23%"
"27/11/1995","17,18","16,82","17,18","16,82","27,46K","2,32%"
"24/11/1995","16,79","16,75","16,84","16,73","7,67K","0,30%"
"23/11/1995","16,74","16,73","16,81","16,64","9,46K","-0,06%"
"22/11/1995","16,75","16,62","16,86","16,61","24,01K","0,00%"
"21/11/1995","16,75","16,84","16,84","16,66","16,13K","-0,36%"
"20/11/1995","16,81","16,88","16,89","16,81","15,22K","-0,71%"
"17/11/1995","16,93","16,68","17,01","16,63","31,94K","1,50%"
"16/11/1995","16,68","16,46","16,69","16,41","20,99K","-0,30%"
"15/11/1995","16,73","16,68","16,75","16,65","8,77K","0,66%"
"14/11/1995","16,62","16,55","16,65","16,45","14,73K","0,12%"
"13/11/1995","16,60","16,63","16,79","16,58","26,66K","0,12%"
"10/11/1995","16,58","16,65","16,70","16,51","18,01K","-0,42%"
"09/11/1995","16,65","16,65","16,75","16,63","19,22K","0,18%"
"08/11/1995","16,62","16,37","16,65","16,35","24,41K","1,34%"
"07/11/1995","16,40","16,45","16,52","16,40","16,97K","-0,43%"
"06/11/1995","16,47","16,71","16,71","16,45","18,20K","-0,96%"
"03/11/1995","16,63","16,63","16,68","16,56","14,44K","-0,06%"
"02/11/1995","16,64","16,40","16,71","16,35","20,60K","1,53%"
"01/11/1995","16,39","16,37","16,43","16,21","21,10K","0,37%"
"31/10/1995","16,33","16,35","16,42","16,28","20,27K","0,37%"
"30/10/1995","16,27","16,27","16,35","16,24","13,85K","-0,06%"
"27/10/1995","16,28","16,25","16,36","16,23","18,30K","0,18%"
"26/10/1995","16,25","16,06","16,35","16,06","34,14K","1,37%"
"25/10/1995","16,03","16,10","16,15","15,97","20,46K","-0,12%"
"24/10/1995","16,05","15,92","16,13","15,89","21,96K","0,69%"
"23/10/1995","15,94","15,92","15,96","15,70","16,70K","0,38%"
"20/10/1995","15,88","15,88","15,95","15,74","16,21K","0,25%"
"19/10/1995","15,84","16,04","16,05","15,82","19,83K","-1,31%"
"18/10/1995","16,05","16,06","16,10","15,99","16,79K","-0,37%"
"17/10/1995","16,11","16,11","16,19","16,08","14,14K","-1,23%"
"16/10/1995","16,31","16,40","16,40","16,25","8,19K","0,49%"
"13/10/1995","16,23","15,86","16,26","15,86","18,32K","2,53%"
"12/10/1995","15,83","15,90","16,02","15,82","20,72K","-0,69%"
"11/10/1995","15,94","15,90","16,10","15,86","21,01K","-0,56%"
"10/10/1995","16,03","15,96","16,05","15,85","20,75K","0,44%"
"09/10/1995","15,96","15,78","15,98","15,77","12,72K","1,27%"
"06/10/1995","15,76","15,61","15,77","15,60","15,12K","0,96%"
"05/10/1995","15,61","15,92","16,00","15,58","32,14K","-2,32%"
"04/10/1995","15,98","16,13","16,27","15,93","21,73K","-1,11%"
"03/10/1995","16,16","16,23","16,23","16,09","14,22K","-0,43%"
"02/10/1995","16,23","16,16","16,27","16,07","22,55K","0,68%"
"29/09/1995","16,12","16,26","16,30","16,05","22,23K","-1,29%"
"28/09/1995","16,33","16,25","16,40","16,23","22,85K","0,99%"
"27/09/1995","16,17","16,15","16,22","16,08","19,05K","1,06%"
"26/09/1995","16,00","16,22","16,26","15,99","19,03K","-0,50%"
"25/09/1995","16,08","16,06","16,10","16,00","15,28K","0,75%"
"22/09/1995","15,96","16,23","16,28","15,83","27,24K","-0,99%"
"21/09/1995","16,12","16,48","16,50","16,10","33,21K","-1,65%"
"20/09/1995","16,39","16,78","16,87","16,38","30,43K","-2,38%"
"19/09/1995","16,79","16,85","16,85","16,75","16,82K","-0,30%"
"18/09/1995","16,84","16,79","16,92","16,79","17,23K","0,24%"
"15/09/1995","16,80","16,90","16,94","16,72","23,06K","-0,65%"
"14/09/1995","16,91","16,77","16,92","16,69","12,03K","0,77%"
"13/09/1995","16,78","16,95","17,04","16,76","27,16K","-0,53%"
"12/09/1995","16,87","16,83","16,93","16,78","24,52K","0,78%"
"11/09/1995","16,74","16,75","16,78","16,68","18,58K","0,00%"
"08/09/1995","16,74","16,68","16,89","16,67","21,92K","0,72%"
"07/09/1995","16,62","16,57","16,69","16,55","16,46K","-0,24%"
"06/09/1995","16,66","16,78","16,80","16,66","20,82K","-1,13%"
"05/09/1995","16,85","16,63","16,87","16,52","32,06K","1,44%"
"04/09/1995","16,61","16,45","16,64","16,45","10,93K","1,10%"
"01/09/1995","16,43","16,28","16,45","16,22","12,54K","1,11%"
"31/08/1995","16,25","16,13","16,30","16,05","20,73K","0,31%"
"30/08/1995","16,20","16,30","16,32","16,13","16,45K","0,06%"
"29/08/1995","16,19","16,17","16,26","16,15","19,80K","0,12%"
"25/08/1995","16,17","16,20","16,36","16,16","19,31K","-0,19%"
"24/08/1995","16,20","16,20","16,33","16,18","18,20K","-0,37%"
"23/08/1995","16,26","16,45","16,51","16,24","27,79K","-0,18%"
"22/08/1995","16,29","16,34","16,35","16,22","20,17K","0,18%"
"21/08/1995","16,26","16,12","16,35","16,10","25,30K","1,37%"
"18/08/1995","16,04","15,92","16,08","15,88","15,30K","0,50%"
"17/08/1995","15,96","15,93","16,00","15,88","14,79K","0,76%"
"16/08/1995","15,84","15,83","15,89","15,76","7,31K","-0,06%"
"15/08/1995","15,85","15,90","16,03","15,84","20,07K","-0,69%"
"14/08/1995","15,96","16,14","16,17","15,95","20,20K","-1,85%"
"11/08/1995","16,26","16,32","16,38","16,25","14,20K","-0,31%"
"10/08/1995","16,31","16,23","16,32","16,15","13,84K","0,12%"
"09/08/1995","16,29","16,24","16,38","16,24","19,61K","0,62%"
"08/08/1995","16,19","16,13","16,27","16,10","11,91K","0,12%"
"07/08/1995","16,17","16,21","16,22","16,09","10,70K","-0,37%"
"04/08/1995","16,23","16,17","16,24","16,07","15,22K","0,00%"
"03/08/1995","16,23","16,31","16,37","16,15","22,30K","0,12%"
"02/08/1995","16,21","16,04","16,29","15,98","20,95K","0,37%"
"01/08/1995","16,15","16,15","16,27","16,10","19,63K","0,87%"
"31/07/1995","16,01","15,95","16,10","15,92","16,20K","0,00%"
"28/07/1995","16,01","16,11","16,15","16,00","15,12K","-0,62%"
"27/07/1995","16,11","16,08","16,34","16,03","23,24K","0,00%"
"26/07/1995","16,11","15,90","16,20","15,86","30,85K","2,42%"
"25/07/1995","15,73","15,65","15,79","15,53","24,36K","0,51%"
"24/07/1995","15,65","15,53","15,70","15,41","14,71K","0,38%"
"21/07/1995","15,59","15,60","15,74","15,45","23,52K","-0,06%"
"20/07/1995","15,60","15,71","15,81","15,60","20,86K","-1,45%"
"19/07/1995","15,83","15,84","16,00","15,75","19,88K","-0,50%"
"18/07/1995","15,91","15,88","15,93","15,80","13,98K","0,51%"
"17/07/1995","15,83","15,95","15,95","15,71","19,47K","-1,43%"
"14/07/1995","16,06","16,06","16,15","15,98","8,90K","0,06%"
"13/07/1995","16,05","16,33","16,36","16,04","18,71K","-1,11%"
"12/07/1995","16,23","16,10","16,40","16,05","21,28K","1,06%"
"11/07/1995","16,06","16,16","16,25","16,06","18,23K","-0,31%"
"10/07/1995","16,11","16,05","16,17","15,80","25,65K","0,37%"
"07/07/1995","16,05","16,28","16,37","16,02","20,64K","-0,93%"
"06/07/1995","16,20","16,13","16,28","16,03","16,73K","0,68%"
"05/07/1995","16,09","16,08","16,19","16,00","15,62K","0,44%"
"04/07/1995","16,02","16,25","16,25","16,01","10,25K","-1,54%"
"03/07/1995","16,27","16,40","16,40","16,27","5,75K","-0,67%"
"30/06/1995","16,38","16,37","16,47","16,30","16,67K","-0,30%"
"29/06/1995","16,43","16,72","16,78","16,38","18,47K","-2,38%"
"28/06/1995","16,83","16,80","16,96","16,80","19,26K","1,20%"
"27/06/1995","16,63","16,48","16,67","16,48","21,25K","1,22%"
"26/06/1995","16,43","16,42","16,48","16,27","16,64K","-0,12%"
"23/06/1995","16,45","16,45","16,55","16,24","21,31K","0,37%"
"22/06/1995","16,39","16,38","16,48","16,29","18,34K","1,11%"
"21/06/1995","16,21","16,65","16,65","16,20","28,97K","-2,88%"
"20/06/1995","16,69","16,75","16,90","16,69","21,66K","-0,12%"
"19/06/1995","16,71","17,24","17,24","16,69","28,83K","-3,63%"
"16/06/1995","17,34","17,45","17,47","17,33","13,59K","-3,13%"
"15/06/1995","17,90","17,87","17,96","17,87","8,68K","0,17%"
"14/06/1995","17,87","17,65","17,88","17,49","24,01K","0,96%"
"13/06/1995","17,70","17,75","17,81","17,69","18,29K","0,23%"
"12/06/1995","17,66","17,70","17,71","17,48","12,10K","-0,17%"
"09/06/1995","17,69","17,74","17,85","17,46","13,31K","-0,39%"
"08/06/1995","17,76","17,95","17,95","17,71","17,20K","-1,22%"
"07/06/1995","17,98","17,90","18,03","17,86","15,50K","0,50%"
"06/06/1995","17,89","18,14","18,24","17,81","20,49K","-1,16%"
"05/06/1995","18,10","17,96","18,13","17,96","17,41K","0,89%"
"02/06/1995","17,94","17,72","17,96","17,68","18,28K","1,41%"
"01/06/1995","17,69","17,69","17,75","17,55","15,74K","-0,06%"
"31/05/1995","17,70","17,60","17,73","17,40","18,49K","0,57%"
"30/05/1995","17,60","17,65","17,65","17,33","21,91K","1,38%"
"26/05/1995","17,36","18,03","18,04","17,31","28,57K","-3,56%"
"25/05/1995","18,00","18,15","18,21","17,91","22,62K","-0,72%"
"24/05/1995","18,13","18,49","18,56","18,10","19,18K","-1,41%"
"23/05/1995","18,39","18,45","18,52","18,32","17,98K","-0,49%"
"22/05/1995","18,48","18,55","18,55","18,30","18,02K","0,49%"
"19/05/1995","18,39","18,23","18,50","18,17","21,50K","0,55%"
"18/05/1995","18,29","18,40","18,43","18,16","22,69K","-0,44%"
"17/05/1995","18,37","18,40","18,49","18,24","19,85K","-2,13%"
"16/05/1995","18,77","18,75","18,92","18,66","9,75K","0,11%"
"15/05/1995","18,75","18,48","18,80","18,24","22,21K","1,24%"
"12/05/1995","18,52","18,35","18,55","18,12","22,54K","1,15%"
"11/05/1995","18,31","18,50","18,64","18,22","23,89K","-0,70%"
"10/05/1995","18,44","18,43","18,52","18,30","18,51K","0,60%"
"09/05/1995","18,33","18,90","18,95","18,30","21,87K","-3,53%"
"05/05/1995","19,00","18,97","19,07","18,90","12,53K","0,42%"
"04/05/1995","18,92","18,40","18,94","18,40","23,37K","1,88%"
"03/05/1995","18,57","18,78","18,89","18,47","20,43K","-0,54%"
"02/05/1995","18,67","19,17","19,17","18,65","23,27K","-2,61%"
"01/05/1995","19,17","19,25","19,38","19,14","20,54K","0,58%"
"28/04/1995","19,06","19,13","19,17","18,87","31,73K","-0,05%"
"27/04/1995","19,07","18,85","19,08","18,72","28,33K","1,92%"
"26/04/1995","18,71","18,72","18,76","18,60","15,86K","-0,16%"
"25/04/1995","18,74","18,50","18,81","18,41","24,39K","1,02%"
"24/04/1995","18,55","18,80","18,83","18,49","21,35K","-1,28%"
"21/04/1995","18,79","18,45","18,81","18,29","30,03K","1,40%"
"20/04/1995","18,53","18,60","18,82","18,52","31,18K","0,16%"
"19/04/1995","18,50","18,47","18,56","18,34","28,02K","0,76%"
"18/04/1995","18,36","18,25","18,43","18,21","23,76K","4,20%"
"13/04/1995","17,62","17,92","17,92","17,48","28,01K","-6,77%"
"12/04/1995","18,90","18,85","18,97","18,75","73,48K","1,45%"
"11/04/1995","18,63","18,26","18,65","18,22","24,32K","2,03%"
"10/04/1995","18,26","18,14","18,27","17,95","25,33K","0,16%"
"07/04/1995","18,23","18,28","18,36","18,08","23,05K","-0,11%"
"06/04/1995","18,25","18,00","18,25","17,90","26,12K","1,56%"
"05/04/1995","17,97","17,54","17,99","17,45","32,95K","2,33%"
"04/04/1995","17,56","17,40","17,57","17,40","22,34K","0,98%"
"03/04/1995","17,39","17,42","17,49","17,28","18,47K","-0,63%"
"31/03/1995","17,50","17,38","17,55","17,37","23,86K","0,63%"
"30/03/1995","17,39","17,60","17,60","17,36","19,61K","-0,40%"
"29/03/1995","17,46","17,24","17,56","17,16","25,24K","1,28%"
"28/03/1995","17,24","17,38","17,44","17,21","16,26K","-0,40%"
"27/03/1995","17,31","17,10","17,41","17,10","17,49K","1,11%"
"24/03/1995","17,12","17,17","17,32","17,05","18,80K","-0,81%"
"23/03/1995","17,26","17,12","17,35","17,12","26,98K","0,23%"
"22/03/1995","17,22","16,82","17,24","16,82","30,94K","2,74%"
"21/03/1995","16,76","16,80","16,82","16,71","17,32K","-0,48%"
"20/03/1995","16,84","16,70","16,85","16,70","19,04K","1,26%"
"17/03/1995","16,63","16,57","16,67","16,51","12,37K","-0,12%"
"16/03/1995","16,65","16,58","16,67","16,55","10,34K","0,48%"
"15/03/1995","16,57","16,37","16,63","16,36","26,13K","0,67%"
"14/03/1995","16,46","16,60","16,68","16,44","21,86K","-0,84%"
"13/03/1995","16,60","16,47","16,61","16,45","16,06K","0,85%"
"10/03/1995","16,46","16,54","16,63","16,40","22,38K","-0,72%"
"09/03/1995","16,58","16,78","16,87","16,56","18,76K","-1,19%"
"08/03/1995","16,78","16,88","17,02","16,74","21,92K","-0,94%"
"07/03/1995","16,94","16,81","16,96","16,71","19,15K","0,47%"
"06/03/1995","16,86","16,88","16,93","16,80","10,19K","-0,06%"
"03/03/1995","16,87","16,65","16,90","16,65","16,99K","1,44%"
"02/03/1995","16,63","16,63","16,70","16,55","19,75K","0,12%"
"01/03/1995","16,61","16,92","16,96","16,60","20,94K","-1,54%"
"28/02/1995","16,87","17,01","17,02","16,87","12,78K","-1,11%"
"27/02/1995","17,06","17,10","17,16","17,05","15,81K","-0,12%"
"24/02/1995","17,08","16,83","17,09","16,81","17,08K","1,43%"
"23/02/1995","16,84","16,90","16,96","16,82","17,93K","-0,77%"
"22/02/1995","16,97","16,96","17,09","16,80","22,57K","0,12%"
"21/02/1995","16,95","16,99","17,03","16,90","19,31K","-0,12%"
"20/02/1995","16,97","17,18","17,18","16,96","10,03K","-0,99%"
"17/02/1995","17,14","16,92","17,15","16,88","17,25K","1,30%"
"16/02/1995","16,92","16,75","16,96","16,72","16,28K","0,95%"
"15/02/1995","16,76","16,85","16,95","16,75","17,07K","0,06%"
"14/02/1995","16,75","16,73","16,82","16,63","11,44K","-3,85%"
"13/02/1995","17,42","17,47","17,57","17,35","8,75K","0,52%"
"10/02/1995","17,33","17,00","17,35","17,00","32,64K","1,29%"
"09/02/1995","17,11","17,17","17,21","17,03","27,44K","0,23%"
"08/02/1995","17,07","16,95","17,22","16,95","28,71K","0,00%"
"07/02/1995","17,07","17,15","17,20","17,05","16,78K","-0,87%"
"06/02/1995","17,22","17,28","17,35","17,02","28,27K","0,12%"
"03/02/1995","17,20","16,92","17,22","16,92","37,93K","1,84%"
"02/02/1995","16,89","16,70","16,95","16,58","30,11K","0,06%"
"01/02/1995","16,88","16,84","16,90","16,74","25,58K","0,48%"
"31/01/1995","16,80","16,60","16,81","16,53","20,98K","1,39%"
"30/01/1995","16,57","16,39","16,58","16,35","18,45K","1,10%"
"27/01/1995","16,39","16,56","16,58","16,33","27,94K","-1,68%"
"26/01/1995","16,67","16,74","16,80","16,61","24,03K","-0,71%"
"25/01/1995","16,79","16,98","17,08","16,60","36,62K","-0,42%"
"24/01/1995","16,86","16,64","16,96","16,57","35,03K","1,32%"
"23/01/1995","16,64","16,85","16,91","16,60","20,60K","-1,36%"
"20/01/1995","16,87","16,77","16,91","16,66","25,36K","0,42%"
"19/01/1995","16,80","16,90","16,95","16,76","27,31K","-0,77%"
"18/01/1995","16,93","16,96","16,98","16,74","30,56K","0,65%"
"17/01/1995","16,82","16,48","16,85","16,40","31,31K","2,75%"
"16/01/1995","16,37","16,35","16,40","16,26","14,73K","-0,06%"
"13/01/1995","16,38","16,54","16,58","16,26","17,52K","-1,50%"
"12/01/1995","16,63","16,62","16,78","16,53","19,42K","0,00%"
"11/01/1995","16,63","16,19","16,64","16,19","28,01K","2,72%"
"10/01/1995","16,19","16,25","16,29","16,11","21,99K","-0,55%"
"09/01/1995","16,28","16,45","16,57","16,26","18,14K","-1,33%"
"06/01/1995","16,50","16,51","16,82","16,48","28,32K","0,24%"
"05/01/1995","16,46","16,24","16,48","16,21","24,89K","1,67%"
"04/01/1995","16,19","16,09","16,31","16,05","23,83K","0,62%"
"03/01/1995","16,09","16,48","16,48","16,08","26,00K","-2,48%"
"30/12/1994","16,50","16,44","16,53","16,44","7,25K","0,49%"
"29/12/1994","16,42","16,49","16,59","16,40","20,27K","0,00%"
"28/12/1994","16,42","16,25","16,60","16,20","22,90K","3,14%"
"23/12/1994","15,92","15,95","15,97","15,91","5,77K","-0,19%"
"22/12/1994","15,95","15,95","16,02","15,90","13,17K","0,19%"
"21/12/1994","15,92","16,10","16,10","15,91","16,09K","-0,44%"
"20/12/1994","15,99","15,86","16,10","15,86","19,39K","0,82%"
"19/12/1994","15,86","15,91","15,95","15,84","3,49K","-0,13%"
"16/12/1994","15,88","15,65","15,96","15,60","23,58K","0,06%"
"15/12/1994","15,87","16,05","16,05","15,82","13,32K","-0,63%"
"14/12/1994","15,97","16,15","16,17","15,96","26,07K","0,06%"
"13/12/1994","15,96","15,89","16,08","15,82","22,05K","0,13%"
"12/12/1994","15,94","16,20","16,35","15,88","25,87K","-1,97%"
"09/12/1994","16,26","16,37","16,56","16,24","22,02K","-0,18%"
"08/12/1994","16,29","16,10","16,37","16,08","22,63K","1,43%"
"07/12/1994","16,06","16,01","16,15","15,70","26,33K","-0,62%"
"06/12/1994","16,16","16,15","16,25","16,05","15,84K","0,12%"
"05/12/1994","16,14","16,25","16,29","15,87","23,35K","-0,31%"
"02/12/1994","16,19","16,78","16,82","16,07","30,91K","-4,03%"
"01/12/1994","16,87","17,12","17,16","16,86","15,99K","-1,40%"
"30/11/1994","17,11","17,11","17,15","16,91","16,54K","0,00%"
"29/11/1994","17,11","17,10","17,17","17,01","16,17K","-0,29%"
"28/11/1994","17,16","17,15","17,17","17,04","15,50K","0,00%"
"25/11/1994","17,16","17,20","17,25","17,14","12,76K","0,06%"
"24/11/1994","17,15","17,08","17,16","17,01","11,38K","0,06%"
"23/11/1994","17,14","17,13","17,15","16,92","30,43K","0,23%"
"22/11/1994","17,10","17,05","17,13","16,84","27,71K","0,88%"
"21/11/1994","16,95","17,00","17,13","16,82","24,12K","1,38%"
"18/11/1994","16,72","16,66","16,78","16,62","25,12K","0,54%"
"17/11/1994","16,63","16,52","16,74","16,36","27,34K","1,09%"
"16/11/1994","16,45","16,73","16,78","16,34","33,09K","-5,24%"
"15/11/1994","17,36","17,40","17,46","17,35","12,73K","0,40%"
"14/11/1994","17,29","17,33","17,65","17,18","25,22K","-0,97%"
"11/11/1994","17,46","17,30","17,49","17,20","22,79K","1,16%"
"10/11/1994","17,26","17,15","17,42","16,85","26,76K","0,41%"
"09/11/1994","17,19","17,35","17,38","17,16","16,46K","-1,66%"
"08/11/1994","17,48","17,30","17,50","17,09","24,55K","0,58%"
"07/11/1994","17,38","17,70","17,70","17,20","21,85K","-2,03%"
"04/11/1994","17,74","17,69","17,94","17,52","29,56K","0,40%"
"03/11/1994","17,67","17,54","17,75","17,39","24,51K","0,45%"
"02/11/1994","17,59","17,35","17,64","17,24","27,12K","1,50%"
"01/11/1994","17,33","16,92","17,40","16,90","26,28K","2,42%"
"31/10/1994","16,92","17,08","17,08","16,74","17,87K","-0,53%"
"28/10/1994","17,01","16,91","17,07","16,78","27,75K","0,35%"
"27/10/1994","16,95","17,00","17,05","16,87","30,92K","0,47%"
"26/10/1994","16,87","16,62","16,88","16,59","31,20K","2,00%"
"25/10/1994","16,54","16,44","16,58","16,28","20,44K","0,85%"
"24/10/1994","16,40","16,36","16,42","16,29","20,33K","0,86%"
"21/10/1994","16,26","16,50","16,63","16,21","21,74K","-0,97%"
"20/10/1994","16,42","16,40","16,56","16,33","21,96K","0,37%"
"19/10/1994","16,36","16,28","16,45","16,18","23,62K","1,24%"
"18/10/1994","16,16","16,00","16,28","16,00","23,29K","1,64%"
"17/10/1994","15,90","15,78","16,03","15,76","18,31K","0,57%"
"14/10/1994","15,81","15,70","15,97","15,68","11,65K","-0,25%"
"13/10/1994","15,85","15,95","16,00","15,62","15,53K","0,06%"
"12/10/1994","15,84","16,50","16,61","15,83","26,11K","-3,65%"
"11/10/1994","16,44","16,65","16,84","16,38","25,17K","-1,20%"
"10/10/1994","16,64","17,25","17,25","16,63","19,31K","-1,71%"
"07/10/1994","16,93","17,04","17,32","16,88","26,17K","-0,24%"
"06/10/1994","16,97","16,83","16,98","16,78","19,86K","1,19%"
"05/10/1994","16,77","16,75","16,84","16,70","19,45K","-0,42%"
"04/10/1994","16,84","16,98","17,05","16,82","19,48K","-0,71%"
"03/10/1994","16,96","17,10","17,18","16,95","19,25K","-1,11%"
"30/09/1994","17,15","16,85","17,20","16,85","22,17K","2,45%"
"29/09/1994","16,74","16,55","16,89","16,55","31,82K","1,27%"
"28/09/1994","16,53","16,29","16,55","16,20","21,89K","0,98%"
"27/09/1994","16,37","16,51","16,60","16,33","22,43K","-0,85%"
"26/09/1994","16,51","16,65","16,80","16,40","17,40K","-0,90%"
"23/09/1994","16,66","16,46","16,70","16,40","18,87K","1,09%"
"22/09/1994","16,48","15,96","16,57","15,88","26,28K","2,94%"
"21/09/1994","16,01","16,05","16,23","15,99","16,11K","-0,74%"
"20/09/1994","16,13","16,18","16,34","16,05","16,39K","-0,55%"
"19/09/1994","16,22","15,83","16,25","15,72","14,77K","2,72%"
"16/09/1994","15,79","15,73","15,91","15,70","14,15K","1,67%"
"15/09/1994","15,53","15,40","15,59","15,35","8,72K","0,71%"
"14/09/1994","15,42","15,70","15,74","15,38","19,79K","-2,71%"
"13/09/1994","15,85","16,16","16,18","15,83","22,88K","-1,67%"
"12/09/1994","16,12","16,34","16,35","16,09","18,20K","-0,62%"
"09/09/1994","16,22","16,35","16,60","16,21","18,86K","-0,67%"
"08/09/1994","16,33","16,62","16,69","16,31","16,98K","-1,21%"
"07/09/1994","16,53","16,33","16,54","16,33","18,47K","1,22%"
"06/09/1994","16,33","16,00","16,39","15,90","20,48K","2,38%"
"05/09/1994","15,95","16,15","16,15","15,85","11,53K","-2,27%"
"02/09/1994","16,32","16,30","16,33","16,14","15,48K","0,31%"
"01/09/1994","16,27","16,40","16,58","16,22","17,63K","0,18%"
"31/08/1994","16,24","16,22","16,60","16,22","23,07K","0,00%"
"30/08/1994","16,24","16,04","16,47","16,04","18,99K","1,25%"
"26/08/1994","16,04","16,37","16,49","16,02","16,39K","-1,96%"
"25/08/1994","16,36","16,41","16,45","16,10","18,75K","0,06%"
"24/08/1994","16,35","15,95","16,43","15,90","18,32K","2,51%"
"23/08/1994","15,95","15,80","16,05","15,75","19,77K","1,21%"
"22/08/1994","15,76","16,39","16,45","15,60","25,23K","-3,31%"
"19/08/1994","16,30","16,60","16,69","16,25","20,99K","-1,51%"
"18/08/1994","16,55","17,09","17,10","16,54","23,19K","-2,88%"
"17/08/1994","17,04","16,50","17,09","16,50","28,26K","1,31%"
"16/08/1994","16,82","17,05","17,08","16,78","47,94K","-0,30%"
"15/08/1994","16,87","17,00","17,14","16,78","18,17K","-0,47%"
"12/08/1994","16,95","17,48","17,60","16,90","21,53K","-3,09%"
"11/08/1994","17,49","17,70","17,82","17,48","15,65K","-1,02%"
"10/08/1994","17,67","17,80","17,92","17,56","26,70K","-1,01%"
"09/08/1994","17,85","17,90","18,05","17,78","18,68K","-0,11%"
"08/08/1994","17,87","18,15","18,26","17,85","18,61K","0,06%"
"05/08/1994","17,86","18,50","18,70","17,70","30,69K","-3,04%"
"04/08/1994","18,42","18,49","18,66","18,15","18,52K","-0,11%"
"03/08/1994","18,44","18,60","18,80","18,43","19,13K","-0,38%"
"02/08/1994","18,51","18,95","18,95","18,35","21,26K","-2,06%"
"01/08/1994","18,90","18,90","19,41","18,86","31,39K","1,67%"
"29/07/1994","18,59","18,35","18,68","18,25","25,51K","2,26%"
"28/07/1994","18,18","17,85","18,20","17,83","23,02K","1,62%"
"27/07/1994","17,89","17,70","18,00","17,60","34,51K","1,36%"
"26/07/1994","17,65","17,65","17,74","17,50","22,46K","0,46%"
"25/07/1994","17,57","17,85","17,97","17,52","21,75K","-1,51%"
"22/07/1994","17,84","17,68","17,94","17,61","20,44K","0,90%"
"21/07/1994","17,68","17,46","17,72","17,32","20,97K","1,26%"
"20/07/1994","17,46","17,53","17,65","17,45","17,52K","-0,17%"
"19/07/1994","17,49","17,30","17,55","17,18","21,33K","0,63%"
"18/07/1994","17,38","17,68","17,68","17,30","24,23K","-2,19%"
"15/07/1994","17,77","18,05","18,05","17,73","19,00K","-4,41%"
"14/07/1994","18,59","18,22","18,67","18,22","47,28K","1,42%"
"13/07/1994","18,33","18,35","18,56","18,10","22,58K","0,38%"
"12/07/1994","18,26","18,06","18,58","18,06","30,25K","1,67%"
"11/07/1994","17,96","17,40","18,00","17,40","27,92K","3,40%"
"08/07/1994","17,37","17,13","17,45","17,13","15,98K","1,70%"
"07/07/1994","17,08","17,13","17,32","17,01","21,65K","0,12%"
"06/07/1994","17,06","17,38","17,44","17,06","19,47K","-1,84%"
"05/07/1994","17,38","17,51","17,55","17,30","13,99K","-0,52%"
"04/07/1994","17,47","17,59","17,59","17,45","6,93K","-0,57%"
"01/07/1994","17,57","17,55","17,73","17,50","16,07K","0,29%"
"30/06/1994","17,52","16,98","17,60","16,95","25,02K","3,00%"
"29/06/1994","17,01","17,21","17,46","17,00","17,92K","-1,73%"
"28/06/1994","17,31","17,19","17,39","16,92","19,34K","0,82%"
"27/06/1994","17,17","17,37","17,58","17,16","20,27K","-1,21%"
"24/06/1994","17,38","17,40","17,45","17,26","12,62K","0,12%"
"23/06/1994","17,36","17,17","17,41","17,04","21,11K","0,99%"
"22/06/1994","17,19","17,45","17,61","17,18","25,13K","-0,64%"
"21/06/1994","17,30","17,46","17,76","17,28","25,82K","-0,92%"
"20/06/1994","17,46","17,20","17,57","17,18","21,48K","0,29%"
"17/06/1994","17,41","16,85","17,42","16,75","17,80K","2,90%"
"16/06/1994","16,92","16,87","17,06","16,81","20,21K","1,56%"
"15/06/1994","16,66","16,40","16,72","16,40","10,83K","1,90%"
"14/06/1994","16,35","16,46","16,60","16,30","20,99K","-0,37%"
"13/06/1994","16,41","16,39","16,45","16,26","20,60K","0,12%"
"10/06/1994","16,39","16,40","16,57","16,32","19,17K","0,49%"
"09/06/1994","16,31","16,17","16,47","16,00","29,54K","0,43%"
"08/06/1994","16,24","15,98","16,27","15,73","24,49K","1,88%"
"07/06/1994","15,94","16,35","16,37","15,83","21,20K","-2,03%"
"06/06/1994","16,27","16,37","16,47","16,22","13,98K","-0,61%"
"03/06/1994","16,37","16,40","16,40","16,17","19,99K","-0,30%"
"02/06/1994","16,42","16,50","16,72","16,34","22,65K","0,49%"
"01/06/1994","16,34","16,44","16,56","16,33","14,70K","-0,67%"
"31/05/1994","16,45","16,39","16,50","16,25","16,48K","0,37%"
"27/05/1994","16,39","16,22","16,40","16,22","19,20K","1,67%"
"26/05/1994","16,12","16,05","16,22","15,95","21,03K","0,00%"
"25/05/1994","16,12","16,31","16,44","16,10","18,57K","-1,23%"
"24/05/1994","16,32","16,36","16,50","16,28","16,05K","-0,55%"
"23/05/1994","16,41","16,49","16,79","16,40","24,59K","-0,85%"
"20/05/1994","16,55","16,37","16,58","16,26","22,64K","1,29%"
"19/05/1994","16,34","16,11","16,37","16,10","18,05K","1,55%"
"18/05/1994","16,09","15,80","16,14","15,70","25,69K","1,71%"
"17/05/1994","15,82","16,02","16,02","15,77","25,24K","-3,30%"
"16/05/1994","16,36","16,40","16,40","16,30","42,29K","-1,39%"
"13/05/1994","16,59","16,50","16,72","16,43","21,93K","0,91%"
"12/05/1994","16,44","16,06","16,50","16,06","22,46K","2,18%"
"11/05/1994","16,09","15,93","16,18","15,90","31,74K","0,44%"
"10/05/1994","16,02","16,18","16,30","16,00","28,75K","-1,23%"
"09/05/1994","16,22","16,32","16,33","16,08","24,18K","-0,37%"
"06/05/1994","16,28","15,90","16,34","15,89","28,38K","3,04%"
"05/05/1994","15,80","15,55","15,86","15,50","30,35K","2,07%"
"04/05/1994","15,48","15,58","15,85","15,45","24,45K","-0,39%"
"03/05/1994","15,54","15,85","15,85","15,45","26,16K","-0,96%"
"29/04/1994","15,69","15,12","15,70","15,08","26,44K","3,02%"
"28/04/1994","15,23","15,26","15,46","15,20","28,03K","-0,72%"
"27/04/1994","15,34","15,40","15,43","15,30","14,97K","-1,29%"
"26/04/1994","15,54","15,75","15,87","15,44","25,64K","-1,83%"
"25/04/1994","15,83","15,65","15,86","15,51","22,94K","0,57%"
"22/04/1994","15,74","15,27","15,75","15,26","36,89K","3,35%"
"21/04/1994","15,23","14,93","15,29","14,86","21,84K","1,94%"
"20/04/1994","14,94","14,70","15,05","14,70","25,67K","0,81%"
"19/04/1994","14,82","14,99","15,03","14,80","26,96K","-1,79%"
"18/04/1994","15,09","15,10","15,26","15,00","24,29K","-0,20%"
"15/04/1994","15,12","14,83","15,16","14,63","27,17K","0,73%"
"14/04/1994","15,01","14,85","15,15","14,85","14,49K","2,11%"
"13/04/1994","14,70","14,60","14,87","14,53","23,47K","0,96%"
"12/04/1994","14,56","14,70","14,82","14,55","27,97K","-0,61%"
"11/04/1994","14,65","14,35","14,73","14,35","16,44K","2,02%"
"08/04/1994","14,36","14,25","14,41","14,21","15,06K","-0,21%"
"07/04/1994","14,39","14,50","14,66","14,29","26,51K","-0,42%"
"06/04/1994","14,45","14,35","14,54","14,20","24,33K","0,35%"
"05/04/1994","14,40","14,20","14,48","14,05","35,56K","8,68%"
"31/03/1994","13,25","13,25","13,30","13,16","14,80K","0,00%"
"30/03/1994","13,25","13,20","13,26","12,97","25,53K","1,15%"
"29/03/1994","13,10","13,10","13,15","12,99","23,43K","0,61%"
"28/03/1994","13,02","13,30","13,40","12,95","30,19K","-7,73%"
"25/03/1994","14,11","13,96","14,15","13,82","17,84K","1,58%"
"24/03/1994","13,89","13,75","13,90","13,62","22,42K","0,65%"
"23/03/1994","13,80","13,84","13,87","13,68","23,03K","-0,86%"
"22/03/1994","13,92","13,96","14,10","13,87","24,24K","-0,43%"
"21/03/1994","13,98","13,75","14,00","13,67","18,50K","2,57%"
"18/03/1994","13,63","13,54","13,75","13,43","21,28K","0,66%"
"17/03/1994","13,54","13,80","13,90","13,53","24,97K","-2,03%"
"16/03/1994","13,82","13,63","13,85","13,55","31,80K","-1,64%"
"15/03/1994","14,05","13,76","14,09","13,73","13,04K","2,11%"
"14/03/1994","13,76","13,55","13,81","13,55","17,50K","0,81%"
"11/03/1994","13,65","13,20","13,67","13,18","21,07K","3,49%"
"10/03/1994","13,19","13,25","13,28","13,09","17,14K","-0,08%"
"09/03/1994","13,20","13,13","13,25","13,12","22,28K","0,99%"
"08/03/1994","13,07","13,06","13,19","12,99","19,81K","0,23%"
"07/03/1994","13,04","13,40","13,40","13,02","17,84K","-3,05%"
"04/03/1994","13,45","13,60","13,60","13,36","13,42K","-0,88%"
"03/03/1994","13,57","13,67","13,68","13,48","19,24K","-0,22%"
"02/03/1994","13,60","13,61","13,71","13,53","17,71K","0,22%"
"01/03/1994","13,57","13,43","13,60","13,35","19,24K","1,65%"
"28/02/1994","13,35","13,54","13,66","13,33","14,91K","-0,89%"
"25/02/1994","13,47","13,64","13,70","13,33","22,64K","-0,88%"
"24/02/1994","13,59","13,28","13,72","13,17","27,06K","1,95%"
"23/02/1994","13,33","13,30","13,45","13,27","14,50K","0,68%"
"22/02/1994","13,24","13,19","13,47","13,19","23,86K","0,61%"
"21/02/1994","13,16","13,11","13,21","13,05","6,89K","0,30%"
"18/02/1994","13,12","13,14","13,32","13,11","21,60K","0,31%"
"17/02/1994","13,08","13,00","13,50","12,96","22,28K","1,24%"
"16/02/1994","12,92","13,35","13,44","12,90","15,61K","-2,64%"
"15/02/1994","13,27","13,43","13,51","13,26","11,80K","-0,67%"
"14/02/1994","13,36","13,82","13,93","13,34","17,89K","-1,98%"
"11/02/1994","13,63","13,60","13,73","13,57","29,77K","0,29%"
"10/02/1994","13,59","13,52","13,61","13,33","17,70K","0,89%"
"09/02/1994","13,47","13,80","13,90","13,42","22,78K","-4,06%"
"08/02/1994","14,04","14,14","14,22","13,95","22,98K","-0,43%"
"07/02/1994","14,10","14,31","14,41","14,04","17,77K","-2,15%"
"04/02/1994","14,41","14,62","14,71","14,37","16,15K","-1,84%"
"03/02/1994","14,68","14,90","15,13","14,65","19,16K","-0,68%"
"02/02/1994","14,78","14,65","14,86","14,63","25,63K","0,41%"
"01/02/1994","14,72","14,19","14,74","14,10","21,00K","3,52%"
"31/01/1994","14,22","14,31","14,43","14,05","20,90K","-0,63%"
"28/01/1994","14,31","14,29","14,33","14,00","23,96K","0,07%"
"27/01/1994","14,30","14,35","14,43","14,17","23,92K","-0,56%"
"26/01/1994","14,38","14,27","14,39","14,23","23,23K","1,70%"
"25/01/1994","14,14","14,10","14,25","13,99","31,06K","0,35%"
"24/01/1994","14,09","13,75","14,10","13,68","23,43K","1,59%"
"21/01/1994","13,87","13,72","13,94","13,72","22,24K","0,80%"
"20/01/1994","13,76","14,01","14,12","13,75","25,17K","-1,85%"
"19/01/1994","14,02","13,85","14,15","13,85","28,83K","0,94%"
"18/01/1994","13,89","13,94","13,99","13,74","24,14K","-1,42%"
"17/01/1994","14,09","14,05","14,23","13,98","25,91K","1,08%"
"14/01/1994","13,94","13,75","13,99","13,72","52,69K","1,90%"
"13/01/1994","13,68","13,60","13,71","13,44","13,25K","1,18%"
"12/01/1994","13,52","14,00","14,00","13,51","18,76K","-2,24%"
"11/01/1994","13,83","13,72","13,92","13,60","19,11K","0,66%"
"10/01/1994","13,74","14,25","14,30","13,73","23,20K","-3,44%"
"07/01/1994","14,23","14,30","14,40","14,20","21,44K","-0,91%"
"06/01/1994","14,36","14,21","14,58","14,04","32,62K","0,70%"
"05/01/1994","14,26","13,74","14,36","13,74","40,22K","4,78%"
"04/01/1994","13,61","13,55","13,72","13,42","25,94K","3,11%"
"31/12/1993","13,20","13,25","13,33","13,20","7,11K","-0,30%"
"30/12/1993","13,24","13,50","13,50","13,23","14,54K","-1,93%"
"29/12/1993","13,50","13,25","13,53","13,23","18,36K","-1,03%"
"24/12/1993","13,64","13,60","13,65","13,56","7,09K","0,15%"
"23/12/1993","13,62","13,80","13,83","13,57","18,60K","-0,87%"
"22/12/1993","13,74","13,60","13,84","13,55","18,43K","2,00%"
"21/12/1993","13,47","13,54","13,64","13,45","18,43K","-0,22%"
"20/12/1993","13,50","13,68","13,72","13,43","19,72K","-0,44%"
"17/12/1993","13,56","13,45","13,80","13,42","28,51K","0,89%"
"16/12/1993","13,44","13,48","13,50","13,32","41,97K","-0,67%"
"15/12/1993","13,53","13,62","13,70","13,52","15,32K","-0,95%"
"14/12/1993","13,66","13,57","13,96","13,36","25,77K","0,66%"
"13/12/1993","13,57","14,16","14,25","13,55","29,71K","-3,28%"
"10/12/1993","14,03","13,76","14,13","13,70","21,39K","2,78%"
"09/12/1993","13,65","13,51","13,79","13,51","24,57K","1,11%"
"08/12/1993","13,50","13,35","13,66","13,27","33,12K","-0,44%"
"07/12/1993","13,56","13,67","14,00","13,45","32,02K","-0,59%"
"06/12/1993","13,64","14,10","14,20","13,61","20,41K","-3,12%"
"03/12/1993","14,08","13,94","14,10","13,64","24,73K","0,93%"
"02/12/1993","13,95","14,55","14,62","13,92","29,76K","-4,12%"
"01/12/1993","14,55","14,44","14,57","14,36","19,14K","0,21%"
"30/11/1993","14,52","14,30","14,64","14,18","33,95K","2,11%"
"29/11/1993","14,22","14,15","14,41","13,97","32,39K","-1,80%"
"26/11/1993","14,48","14,55","14,67","14,43","17,10K","-0,55%"
"25/11/1993","14,56","14,65","14,70","14,18","47,98K","-3,83%"
"24/11/1993","15,14","15,60","15,70","15,00","31,13K","-1,69%"
"23/11/1993","15,40","15,84","15,96","15,38","27,87K","-2,96%"
"22/11/1993","15,87","15,88","16,07","15,81","22,27K","0,51%"
"19/11/1993","15,79","15,80","15,98","15,75","17,74K","0,19%"
"18/11/1993","15,76","16,10","16,17","15,75","21,73K","-2,17%"
"17/11/1993","16,11","15,86","16,22","15,70","27,59K","1,58%"
"16/11/1993","15,86","15,92","16,04","15,76","23,65K","2,79%"
"15/11/1993","15,43","15,51","15,51","15,38","10,43K","-0,39%"
"12/11/1993","15,49","15,70","15,77","15,22","17,33K","-0,90%"
"11/11/1993","15,63","15,25","15,80","15,21","29,53K","2,02%"
"10/11/1993","15,32","15,54","15,62","15,31","24,22K","-0,71%"
"09/11/1993","15,43","15,50","15,74","15,39","20,48K","-0,96%"
"08/11/1993","15,58","15,85","15,92","15,57","24,09K","-1,77%"
"05/11/1993","15,86","16,18","16,41","15,85","20,52K","-1,67%"
"04/11/1993","16,13","16,30","16,35","16,05","17,84K","-0,55%"
"03/11/1993","16,22","15,75","16,32","15,60","36,97K","1,95%"
"02/11/1993","15,91","16,30","16,30","15,86","21,69K","-1,85%"
"01/11/1993","16,21","15,90","16,25","15,81","24,50K","2,59%"
"29/10/1993","15,80","16,11","16,17","15,80","28,34K","-2,59%"
"28/10/1993","16,22","16,55","16,59","16,20","33,11K","-1,22%"
"27/10/1993","16,42","16,40","16,49","16,33","16,49K","0,61%"
"26/10/1993","16,32","16,45","16,49","16,25","22,35K","-0,31%"
"25/10/1993","16,37","16,82","16,86","16,35","26,10K","-2,85%"
"22/10/1993","16,85","17,10","17,15","16,77","25,52K","-1,52%"
"21/10/1993","17,11","17,15","17,24","17,04","21,07K","0,18%"
"20/10/1993","17,08","16,85","17,11","16,85","20,52K","0,77%"
"19/10/1993","16,95","16,87","17,03","16,87","16,00K","0,77%"
"18/10/1993","16,82","16,90","17,05","16,80","16,60K","-0,65%"
"15/10/1993","16,93","17,10","17,19","16,86","17,37K","-0,29%"
"14/10/1993","16,98","17,10","17,12","16,96","15,32K","-0,82%"
"13/10/1993","17,12","17,20","17,26","17,10","15,27K","-0,98%"
"12/10/1993","17,29","17,38","17,48","17,28","22,08K","-0,46%"
"11/10/1993","17,37","17,24","17,40","17,21","17,73K","1,05%"
"08/10/1993","17,19","17,20","17,23","17,09","14,41K","0,17%"
"07/10/1993","17,16","17,10","17,25","17,05","15,03K","0,53%"
"06/10/1993","17,07","17,08","17,30","17,05","22,46K","0,35%"
"05/10/1993","17,01","17,07","17,18","16,86","24,07K","-0,41%"
"04/10/1993","17,08","17,42","17,44","17,02","23,56K","-1,27%"
"01/10/1993","17,30","17,25","17,39","17,21","19,02K","-0,75%"
"30/09/1993","17,43","17,40","17,57","17,24","41,71K","0,46%"
"29/09/1993","17,35","16,75","17,40","16,73","43,63K","4,14%"
"28/09/1993","16,66","16,60","16,72","16,40","26,62K","0,66%"
"27/09/1993","16,55","16,55","16,77","16,31","34,70K","1,60%"
"24/09/1993","16,29","16,28","16,48","16,26","24,31K","0,31%"
"23/09/1993","16,24","16,14","16,38","15,90","33,14K","-0,25%"
"22/09/1993","16,28","16,70","16,70","16,25","33,55K","-2,28%"
"21/09/1993","16,66","16,62","16,98","16,25","43,81K","0,24%"
"20/09/1993","16,62","16,23","16,67","16,19","27,40K","3,04%"
"17/09/1993","16,13","16,00","16,16","15,98","15,85K","1,26%"
"16/09/1993","15,93","15,97","16,10","15,92","13,74K","2,12%"
"15/09/1993","15,60","15,70","15,70","15,53","9,18K","-0,70%"
"14/09/1993","15,71","15,85","15,98","15,57","15,88K","-0,70%"
"13/09/1993","15,82","15,68","15,87","15,61","19,81K","0,70%"
"10/09/1993","15,71","16,05","16,14","15,47","29,32K","-1,81%"
"09/09/1993","16,00","16,05","16,14","15,95","17,65K","-0,12%"
"08/09/1993","16,02","16,05","16,13","15,93","19,10K","0,19%"
"07/09/1993","15,99","16,48","16,52","15,93","33,39K","-3,21%"
"06/09/1993","16,52","16,59","16,62","16,51","8,68K","-0,06%"
"03/09/1993","16,53","16,74","16,76","16,52","24,48K","-0,90%"
"02/09/1993","16,68","16,75","16,86","16,66","21,24K","-0,30%"
"01/09/1993","16,73","17,05","17,09","16,72","27,55K","-2,05%"
"31/08/1993","17,08","17,33","17,38","16,95","26,16K","-2,18%"
"27/08/1993","17,46","17,17","17,55","17,10","42,82K","1,75%"
"26/08/1993","17,16","17,05","17,17","16,95","18,39K","0,70%"
"25/08/1993","17,04","17,22","17,24","16,95","17,95K","-0,47%"
"24/08/1993","17,12","17,24","17,30","17,11","18,88K","-0,64%"
"23/08/1993","17,23","17,15","17,25","17,09","16,64K","0,82%"
"20/08/1993","17,09","16,99","17,16","16,90","15,79K","0,77%"
"19/08/1993","16,96","16,95","17,08","16,85","13,65K","0,00%"
"18/08/1993","16,96","17,06","17,09","16,87","16,71K","-0,76%"
"17/08/1993","17,09","17,04","17,21","16,96","21,00K","0,77%"
"16/08/1993","16,96","17,09","17,13","16,95","6,62K","-0,47%"
"13/08/1993","17,04","17,02","17,17","16,98","17,25K","0,12%"
"12/08/1993","17,02","16,89","17,12","16,81","23,75K","0,65%"
"11/08/1993","16,91","16,66","16,92","16,60","23,43K","2,11%"
"10/08/1993","16,56","16,66","16,68","16,42","17,67K","-0,42%"
"09/08/1993","16,63","16,40","16,72","16,25","21,81K","1,40%"
"06/08/1993","16,40","16,55","16,62","16,30","19,76K","-0,55%"
"05/08/1993","16,49","16,70","16,73","16,45","20,59K","-1,02%"
"04/08/1993","16,66","16,60","16,78","16,58","19,50K","-0,06%"
"03/08/1993","16,67","16,75","16,75","16,55","11,84K","-0,71%"
"02/08/1993","16,79","16,70","16,84","16,54","17,01K","0,24%"
"30/07/1993","16,75","16,90","16,95","16,68","18,90K","-0,83%"
"29/07/1993","16,89","17,20","17,24","16,83","29,04K","-1,17%"
"28/07/1993","17,09","17,25","17,26","17,05","21,59K","-0,87%"
"27/07/1993","17,24","17,05","17,27","17,01","30,01K","1,83%"
"26/07/1993","16,93","16,77","16,94","16,70","17,04K","1,44%"
"23/07/1993","16,69","16,60","16,80","16,55","21,23K","0,24%"
"22/07/1993","16,65","16,85","17,03","16,47","30,42K","-0,95%"
"21/07/1993","16,81","16,60","16,97","16,46","27,66K","0,60%"
"20/07/1993","16,71","16,98","16,98","16,54","29,26K","-1,99%"
"19/07/1993","17,05","16,25","17,06","15,90","35,99K","4,54%"
"16/07/1993","16,31","16,73","16,80","16,30","22,17K","-0,43%"
"15/07/1993","16,38","16,47","16,57","16,23","11,56K","-0,30%"
"14/07/1993","16,43","16,89","16,91","16,40","21,79K","-3,12%"
"13/07/1993","16,96","16,95","17,10","16,90","26,45K","0,41%"
"12/07/1993","16,89","16,85","16,95","16,81","24,09K","1,44%"
"09/07/1993","16,65","16,58","16,77","16,44","20,73K","0,48%"
"08/07/1993","16,57","16,98","16,98","16,50","23,91K","-2,01%"
"07/07/1993","16,91","17,10","17,20","16,82","18,22K","-0,88%"
"06/07/1993","17,06","16,98","17,20","16,95","24,99K","0,77%"
"05/07/1993","16,93","16,80","17,06","16,76","9,99K","1,14%"
"02/07/1993","16,74","17,13","17,13","16,65","30,14K","-2,33%"
"01/07/1993","17,14","17,51","17,51","17,06","29,32K","-2,11%"
"30/06/1993","17,51","17,68","17,78","17,50","20,05K","-0,85%"
"29/06/1993","17,66","17,56","17,75","17,53","17,70K","0,80%"
"28/06/1993","17,52","17,60","17,60","17,51","14,00K","0,40%"
"25/06/1993","17,45","17,53","17,63","17,44","12,66K","-0,17%"
"24/06/1993","17,48","17,62","17,73","17,45","22,57K","0,00%"
"23/06/1993","17,48","17,36","17,63","17,33","16,93K","0,17%"
"22/06/1993","17,45","17,53","17,60","17,40","18,23K","-0,29%"
"21/06/1993","17,50","17,65","17,69","17,49","19,51K","-0,34%"
"18/06/1993","17,56","17,59","17,63","17,37","19,80K","0,06%"
"17/06/1993","17,55","17,78","17,84","17,46","24,93K","-0,62%"
"16/06/1993","17,66","17,50","17,73","17,50","24,77K","1,90%"
"15/06/1993","17,33","17,53","17,57","17,32","14,93K","-1,31%"
"14/06/1993","17,56","17,73","17,73","17,55","20,58K","-0,57%"
"11/06/1993","17,66","17,96","18,00","17,55","25,67K","-1,67%"
"10/06/1993","17,96","18,24","18,33","17,95","22,00K","-1,64%"
"09/06/1993","18,26","18,25","18,37","18,16","16,58K","-0,05%"
"08/06/1993","18,27","18,20","18,45","18,15","22,03K","0,44%"
"07/06/1993","18,19","18,33","18,37","18,01","19,42K","-0,66%"
"04/06/1993","18,31","18,35","18,43","18,27","18,59K","0,00%"
"03/06/1993","18,31","18,55","18,58","18,26","21,26K","-1,24%"
"02/06/1993","18,54","18,74","18,75","18,53","12,50K","-0,96%"
"01/06/1993","18,72","18,61","18,77","18,53","12,02K","0,65%"
"28/05/1993","18,60","18,62","18,73","18,60","18,65K","0,05%"
"27/05/1993","18,59","18,45","18,70","18,38","19,12K","0,60%"
"26/05/1993","18,48","18,45","18,49","18,35","13,76K","-0,05%"
"25/05/1993","18,49","18,38","18,50","18,33","16,35K","0,87%"
"24/05/1993","18,33","18,43","18,48","18,31","13,87K","-0,54%"
"21/05/1993","18,43","18,46","18,52","18,36","13,33K","-0,11%"
"20/05/1993","18,45","18,20","18,48","18,10","24,09K","1,37%"
"19/05/1993","18,20","18,27","18,38","18,20","22,07K","-0,44%"
"18/05/1993","18,28","18,45","18,49","18,27","22,77K","-0,71%"
"17/05/1993","18,41","18,48","18,53","18,36","15,78K","-1,02%"
"14/05/1993","18,60","18,73","18,78","18,51","12,58K","-0,53%"
"13/05/1993","18,70","18,95","19,02","18,63","17,86K","-1,42%"
"12/05/1993","18,97","19,10","19,14","18,96","17,00K","-0,52%"
"11/05/1993","19,07","19,10","19,15","19,03","20,66K","-0,16%"
"10/05/1993","19,10","19,25","19,27","19,10","21,53K","-0,47%"
"07/05/1993","19,19","19,16","19,27","19,14","21,90K","0,16%"
"06/05/1993","19,16","19,16","19,30","19,15","21,90K","0,00%"
"05/05/1993","19,16","19,05","19,18","18,96","16,56K","0,58%"
"04/05/1993","19,05","19,25","19,25","19,05","18,46K","-0,52%"
"30/04/1993","19,15","19,12","19,24","19,08","18,39K","0,00%"
"29/04/1993","19,15","18,79","19,16","18,79","17,82K","1,92%"
"28/04/1993","18,79","18,77","18,80","18,72","10,31K","0,16%"
"27/04/1993","18,76","18,87","18,90","18,75","11,68K","-0,74%"
"26/04/1993","18,90","18,98","18,98","18,88","9,15K","-0,05%"
"23/04/1993","18,91","18,79","18,94","18,71","16,70K","0,80%"
"22/04/1993","18,76","18,90","18,92","18,72","13,52K","-0,64%"
"21/04/1993","18,88","18,90","18,98","18,88","17,54K","0,43%"
"20/04/1993","18,80","18,75","18,85","18,72","14,15K","0,43%"
"19/04/1993","18,72","18,82","18,86","18,71","15,59K","-0,48%"
"16/04/1993","18,81","18,91","18,94","18,79","15,11K","-0,21%"
"15/04/1993","18,85","18,85","18,94","18,82","16,92K","-0,05%"
"14/04/1993","18,86","18,85","18,96","18,73","23,12K","-0,26%"
"13/04/1993","18,91","18,98","19,03","18,91","24,04K","0,75%"
"08/04/1993","18,77","18,88","18,96","18,68","20,35K","-0,48%"
"07/04/1993","18,86","18,80","18,92","18,80","19,52K","0,43%"
"06/04/1993","18,78","18,95","19,00","18,72","22,75K","-1,47%"
"05/04/1993","19,06","19,07","19,23","19,03","20,66K","-0,26%"
"02/04/1993","19,11","19,04","19,15","18,94","15,73K","0,58%"
"01/04/1993","19,00","18,93","19,15","18,87","20,32K","0,53%"
"31/03/1993","18,90","18,70","18,92","18,66","15,61K","1,29%"
"30/03/1993","18,66","18,70","18,77","18,61","18,62K","-0,69%"
"29/03/1993","18,79","18,82","18,89","18,63","13,19K","0,21%"
"26/03/1993","18,75","18,75","18,80","18,60","14,49K","-0,11%"
"25/03/1993","18,77","18,70","18,79","18,59","15,62K","0,75%"
"24/03/1993","18,63","18,65","18,71","18,58","18,24K","0,76%"
"23/03/1993","18,49","18,35","18,50","18,26","23,85K","1,20%"
"22/03/1993","18,27","18,78","18,81","18,25","26,36K","-1,88%"
"19/03/1993","18,62","18,90","19,00","18,60","18,29K","-1,17%"
"18/03/1993","18,84","18,74","18,89","18,73","14,38K","0,69%"
"17/03/1993","18,71","18,55","18,84","18,53","18,77K","0,59%"
"16/03/1993","18,60","18,73","18,75","18,52","7,75K","-0,48%"
"15/03/1993","18,69","19,01","19,11","18,66","13,69K","-1,06%"
"12/03/1993","18,89","18,66","18,90","18,62","27,44K","1,83%"
"11/03/1993","18,55","18,90","18,98","18,49","29,19K","-1,75%"
"10/03/1993","18,88","19,25","19,35","18,85","24,62K","-0,89%"
"09/03/1993","19,05","19,11","19,21","19,04","15,51K","0,00%"
"08/03/1993","19,05","19,34","19,36","19,03","21,15K","-1,65%"
"05/03/1993","19,37","19,52","19,68","19,36","24,30K","-0,56%"
"04/03/1993","19,48","18,96","19,55","18,96","27,79K","2,69%"
"03/03/1993","18,97","18,90","18,98","18,85","12,52K","0,53%"
"02/03/1993","18,87","18,90","18,91","18,80","15,14K","-0,47%"
"01/03/1993","18,96","18,93","19,06","18,82","15,03K","0,21%"
"26/02/1993","18,92","18,90","18,95","18,77","15,14K","-0,32%"
"25/02/1993","18,98","19,20","19,20","18,79","22,65K","-0,16%"
"24/02/1993","19,01","19,05","19,10","18,75","22,45K","0,32%"
"23/02/1993","18,95","18,71","19,07","18,70","31,40K","1,72%"
"22/02/1993","18,63","18,35","18,67","18,34","20,63K","1,91%"
"19/02/1993","18,28","17,95","18,31","17,88","21,25K","1,67%"
"18/02/1993","17,98","17,75","18,00","17,62","19,10K","1,41%"
"17/02/1993","17,73","18,00","18,09","17,66","19,73K","-2,31%"
"16/02/1993","18,15","18,09","18,18","17,90","16,81K","1,06%"
"15/02/1993","17,96","18,15","18,15","17,85","16,22K","-1,37%"
"12/02/1993","18,21","18,55","18,55","18,20","19,95K","-0,98%"
"11/02/1993","18,39","18,40","18,44","18,30","13,29K","0,44%"
"10/02/1993","18,31","18,40","18,56","18,30","20,02K","0,11%"
"09/02/1993","18,29","18,35","18,35","18,18","24,45K","-0,05%"
"08/02/1993","18,30","18,55","18,55","18,29","16,63K","-1,40%"
"05/02/1993","18,56","18,60","18,60","18,40","13,53K","0,00%"
"04/02/1993","18,56","18,40","18,62","18,34","18,22K","1,64%"
"03/02/1993","18,26","18,25","18,38","18,17","19,46K","0,05%"
"02/02/1993","18,25","18,55","18,57","18,24","19,13K","-1,72%"
"01/02/1993","18,57","18,45","18,70","18,43","17,40K","0,54%"
"29/01/1993","18,47","18,45","18,65","18,40","24,59K","-0,81%"
"28/01/1993","18,62","17,95","18,69","17,90","33,93K","3,27%"
"27/01/1993","18,03","18,05","18,08","17,86","16,56K","0,00%"
"26/01/1993","18,03","17,98","18,17","17,89","24,47K","-0,22%"
"25/01/1993","18,07","17,45","18,09","17,45","29,97K","4,39%"
"22/01/1993","17,31","17,40","17,49","17,30","17,57K","-0,63%"
"21/01/1993","17,42","17,00","17,43","17,00","21,46K","2,65%"
"20/01/1993","16,97","17,00","17,13","16,87","25,01K","-1,28%"
"19/01/1993","17,19","17,45","17,45","17,17","18,75K","-1,55%"
"18/01/1993","17,46","17,63","17,75","17,38","21,05K","-0,23%"
"15/01/1993","17,50","17,52","17,64","17,45","19,33K","1,57%"
"14/01/1993","17,23","17,10","17,24","16,99","12,10K","1,00%"
"13/01/1993","17,06","17,00","17,40","16,82","20,59K","0,29%"
"12/01/1993","17,01","17,42","17,43","16,98","24,55K","-2,35%"
"11/01/1993","17,42","17,55","17,72","17,40","21,26K","-0,34%"
"08/01/1993","17,48","17,54","17,75","17,47","21,61K","-0,57%"
"07/01/1993","17,58","17,75","17,88","17,55","20,03K","-0,96%"
"06/01/1993","17,75","17,75","17,84","17,64","23,36K","-1,22%"
"05/01/1993","17,97","17,70","17,99","17,70","26,24K","1,01%"
"04/01/1993","17,79","18,20","18,21","17,78","25,91K","-2,73%"
"31/12/1992","18,29","18,34","18,34","18,24","6,09K","0,11%"
"30/12/1992","18,27","18,25","18,30","18,17","14,79K","-0,38%"
"29/12/1992","18,34","18,47","18,49","18,25","15,93K","-1,93%"
"24/12/1992","18,70","18,70","18,72","18,67","4,61K","0,48%"
"23/12/1992","18,61","18,50","18,67","18,46","13,01K","0,65%"
"22/12/1992","18,49","18,65","18,65","18,47","16,69K","-0,80%"
"21/12/1992","18,64","18,68","18,71","18,48","16,92K","0,43%"
"18/12/1992","18,56","18,57","18,65","18,44","16,44K","-0,05%"
"17/12/1992","18,57","18,35","18,60","18,15","24,90K","2,82%"
"16/12/1992","18,06","17,90","18,08","17,90","9,71K","1,06%"
"15/12/1992","17,87","17,90","17,99","17,87","19,63K","-0,83%"
"14/12/1992","18,02","18,05","18,17","17,90","20,68K","-0,44%"
"11/12/1992","18,10","18,34","18,45","18,04","21,30K","-0,93%"
"10/12/1992","18,27","18,00","18,28","17,96","16,47K","2,35%"
"09/12/1992","17,85","17,81","17,97","17,65","18,54K","-0,50%"
"08/12/1992","17,94","18,18","18,31","17,88","21,92K","-1,64%"
"07/12/1992","18,24","18,09","18,29","17,82","17,96K","1,05%"
"04/12/1992","18,05","18,20","18,34","18,02","21,29K","-0,17%"
"03/12/1992","18,08","18,17","18,32","18,04","24,04K","-1,42%"
"02/12/1992","18,34","18,55","18,55","18,29","18,21K","-0,81%"
"01/12/1992","18,49","18,91","18,93","18,45","29,05K","-1,86%"
"30/11/1992","18,84","19,16","19,26","18,82","17,94K","-0,58%"
"27/11/1992","18,95","18,89","19,12","18,75","23,27K","1,07%"
"26/11/1992","18,75","19,20","19,24","18,73","14,10K","-2,24%"
"25/11/1992","19,18","18,95","19,19","18,93","17,26K","0,68%"
"24/11/1992","19,05","19,04","19,15","18,98","14,59K","0,21%"
"23/11/1992","19,01","19,16","19,19","19,00","15,64K","-1,81%"
"20/11/1992","19,36","19,33","19,49","19,27","15,79K","0,10%"
"19/11/1992","19,34","19,00","19,47","18,95","23,00K","1,58%"
"18/11/1992","19,04","19,25","19,28","19,03","15,71K","-0,57%"
"17/11/1992","19,15","19,30","19,41","19,15","16,38K","-0,62%"
"16/11/1992","19,27","18,95","19,30","18,89","16,48K","1,37%"
"13/11/1992","19,01","19,03","19,11","18,92","9,14K","-0,68%"
"12/11/1992","19,14","19,40","19,40","19,10","17,93K","-1,14%"
"11/11/1992","19,36","19,55","19,56","19,36","14,33K","-0,46%"
"10/11/1992","19,45","19,57","19,70","19,44","18,25K","-0,26%"
"09/11/1992","19,50","19,12","19,58","19,11","16,49K","1,62%"
"06/11/1992","19,19","19,45","19,50","19,17","16,46K","-0,98%"
"05/11/1992","19,38","19,10","19,45","18,88","23,61K","1,20%"
"04/11/1992","19,15","19,25","19,28","19,03","26,62K","-1,79%"
"03/11/1992","19,50","19,55","19,67","19,45","14,95K","-0,26%"
"02/11/1992","19,55","19,50","19,59","19,37","16,47K","0,51%"
"30/10/1992","19,45","19,55","19,55","19,20","29,72K","-0,71%"
"29/10/1992","19,59","19,98","20,00","19,50","18,96K","-1,56%"
"28/10/1992","19,90","19,85","19,91","19,57","23,42K","0,25%"
"27/10/1992","19,85","20,10","20,16","19,81","17,46K","-0,85%"
"26/10/1992","20,02","20,07","20,10","19,81","17,72K","0,20%"
"23/10/1992","19,98","20,20","20,27","19,95","17,02K","-0,65%"
"22/10/1992","20,11","20,38","20,44","20,08","24,51K","-1,47%"
"21/10/1992","20,41","20,65","20,69","20,29","24,60K","-1,45%"
"20/10/1992","20,71","20,80","20,82","20,67","12,37K","-0,38%"
"19/10/1992","20,79","20,95","20,95","20,76","8,97K","-0,10%"
"16/10/1992","20,81","20,72","20,81","20,72","13,96K","0,00%"
"15/10/1992","20,81","20,72","20,81","20,72","12,41K","0,82%"
"14/10/1992","20,64","20,72","20,78","20,63","15,06K","-0,29%"
"13/10/1992","20,70","20,83","20,93","20,69","13,27K","-0,62%"
"12/10/1992","20,83","20,82","20,89","20,80","11,22K","-0,33%"
"09/10/1992","20,90","20,65","20,93","20,57","20,44K","1,70%"
"08/10/1992","20,55","20,45","20,62","20,44","13,67K","0,49%"
"07/10/1992","20,45","20,39","20,47","20,39","10,25K","0,49%"
"06/10/1992","20,35","20,34","20,38","20,28","11,02K","-0,05%"
"05/10/1992","20,36","20,43","20,48","20,31","12,67K","-0,68%"
"02/10/1992","20,50","20,41","20,55","20,39","12,41K","0,24%"
"01/10/1992","20,45","20,36","20,47","20,36","12,93K","0,54%"
"30/09/1992","20,34","20,26","20,38","20,20","13,71K","0,10%"
"29/09/1992","20,32","20,35","20,40","20,28","15,93K","-0,39%"
"28/09/1992","20,40","20,34","20,44","20,34","9,91K","0,34%"
"25/09/1992","20,33","20,32","20,49","20,32","13,60K","-0,68%"
"24/09/1992","20,47","20,62","20,66","20,45","12,65K","-0,87%"
"23/09/1992","20,65","20,38","20,70","20,38","17,88K","1,13%"
"22/09/1992","20,42","20,30","20,50","20,29","12,60K","0,69%"
"21/09/1992","20,28","20,25","20,32","20,21","10,89K","-0,15%"
"18/09/1992","20,31","20,35","20,47","20,30","15,60K","-0,68%"
"17/09/1992","20,45","20,61","20,72","20,35","21,36K","-0,87%"
"16/09/1992","20,63","20,53","20,67","20,39","15,04K","0,24%"
"15/09/1992","20,58","20,76","20,76","20,55","10,74K","-0,44%"
"14/09/1992","20,67","20,49","20,74","20,48","18,69K","1,17%"
"11/09/1992","20,43","20,35","20,48","20,25","18,29K","0,25%"
"10/09/1992","20,38","20,42","20,49","20,27","19,16K","-0,10%"
"09/09/1992","20,40","20,35","20,43","20,29","10,60K","0,15%"
"08/09/1992","20,37","20,30","20,40","20,28","18,28K","0,54%"
"07/09/1992","20,26","20,19","20,34","20,19","4,95K","0,35%"
"04/09/1992","20,19","20,08","20,19","20,02","11,32K","0,50%"
"03/09/1992","20,09","20,09","20,13","20,04","11,18K","-0,20%"
"02/09/1992","20,13","20,15","20,20","20,08","13,50K","0,00%"
"01/09/1992","20,13","19,95","20,15","19,90","18,07K","1,31%"
"28/08/1992","19,87","19,72","19,89","19,66","14,50K","0,76%"
"27/08/1992","19,72","19,77","19,89","19,67","12,07K","-0,10%"
"26/08/1992","19,74","19,74","19,92","19,65","19,11K","-0,05%"
"25/08/1992","19,75","20,03","20,15","19,74","18,85K","-1,45%"
"24/08/1992","20,04","19,63","20,05","19,60","21,58K","1,83%"
"21/08/1992","19,68","19,87","19,95","19,67","13,83K","-0,71%"
"20/08/1992","19,82","19,76","19,91","19,65","15,37K","-0,20%"
"19/08/1992","19,86","20,00","20,04","19,83","13,17K","-0,70%"
"18/08/1992","20,00","20,11","20,13","19,99","13,23K","-0,25%"
"17/08/1992","20,05","20,10","20,13","19,94","12,01K","0,25%"
"14/08/1992","20,00","20,11","20,11","19,97","6,05K","-0,15%"
"13/08/1992","20,03","19,80","20,04","19,80","16,33K","1,57%"
"12/08/1992","19,72","19,59","19,80","19,59","17,26K","0,66%"
"11/08/1992","19,59","19,65","19,67","19,53","14,39K","-0,51%"
"10/08/1992","19,69","19,90","19,90","19,65","16,31K","-0,86%"
"07/08/1992","19,86","20,10","20,15","19,83","14,06K","-0,85%"
"06/08/1992","20,03","19,90","20,11","19,86","14,65K","0,96%"
"05/08/1992","19,84","19,86","20,00","19,81","14,68K","-0,75%"
"04/08/1992","19,99","20,14","20,18","19,85","20,30K","-1,09%"
"03/08/1992","20,21","20,37","20,42","20,20","11,60K","-1,27%"
"31/07/1992","20,47","20,35","20,50","20,29","16,88K","0,05%"
"30/07/1992","20,46","20,60","20,60","20,46","13,41K","-0,97%"
"29/07/1992","20,66","20,69","20,73","20,57","11,08K","-0,29%"
"28/07/1992","20,72","20,75","20,79","20,65","12,55K","-0,05%"
"27/07/1992","20,73","20,50","20,74","20,45","15,22K","0,10%"
"24/07/1992","20,71","20,55","20,83","20,54","27,48K","0,53%"
"23/07/1992","20,60","20,45","20,60","20,44","15,08K","0,78%"
"22/07/1992","20,44","20,31","20,45","20,25","14,66K","1,14%"
"21/07/1992","20,21","20,30","20,38","20,10","12,14K","-0,15%"
"20/07/1992","20,24","20,04","20,30","19,99","11,10K","0,55%"
"17/07/1992","20,13","20,35","20,48","20,11","16,07K","-0,89%"
"16/07/1992","20,31","20,28","20,40","20,25","6,44K","0,49%"
"15/07/1992","20,21","19,97","20,24","19,92","13,35K","0,70%"
"14/07/1992","20,07","20,05","20,15","19,97","18,28K","0,50%"
"13/07/1992","19,97","19,90","20,03","19,81","21,67K","0,55%"
"10/07/1992","19,86","20,01","20,21","19,85","12,58K","-0,60%"
"09/07/1992","19,98","19,90","20,07","19,81","17,33K","-0,10%"
"08/07/1992","20,00","20,05","20,16","19,80","19,47K","-0,20%"
"07/07/1992","20,04","20,49","20,49","19,90","31,09K","-2,58%"
"06/07/1992","20,57","20,83","20,83","20,50","13,99K","-1,11%"
"03/07/1992","20,80","20,81","20,84","20,78","5,43K","0,24%"
"02/07/1992","20,75","20,65","20,77","20,60","14,92K","0,73%"
"01/07/1992","20,60","20,60","20,69","20,37","17,26K","0,93%"
"30/06/1992","20,41","21,09","21,09","20,35","19,94K","-2,76%"
"29/06/1992","20,99","21,20","21,37","20,97","14,07K","-0,85%"
"26/06/1992","21,17","21,31","21,45","21,11","14,54K","-0,66%"
"25/06/1992","21,31","21,56","21,59","21,30","13,48K","-1,21%"
"24/06/1992","21,57","21,50","21,61","21,46","18,02K","1,32%"
"23/06/1992","21,29","21,20","21,32","21,12","12,79K","0,47%"
"22/06/1992","21,19","20,90","21,25","20,70","24,14K","0,47%"
"19/06/1992","21,09","20,98","21,14","20,95","12,11K","0,14%"
"18/06/1992","21,06","21,08","21,17","21,05","9,96K","-0,24%"
"17/06/1992","21,11","21,00","21,13","20,91","13,43K","-0,05%"
"16/06/1992","21,12","21,08","21,15","21,00","8,21K","-0,61%"
"15/06/1992","21,25","20,97","21,25","20,97","7,16K","0,71%"
"12/06/1992","21,10","21,09","21,14","20,94","15,44K","0,00%"
"11/06/1992","21,10","21,15","21,36","21,09","20,50K","-0,38%"
"10/06/1992","21,18","20,86","21,21","20,75","19,43K","0,71%"
"09/06/1992","21,03","21,07","21,11","20,96","15,13K","-0,47%"
"08/06/1992","21,13","21,30","21,32","21,05","13,76K","-0,80%"
"05/06/1992","21,30","21,25","21,38","21,20","20,56K","0,66%"
"04/06/1992","21,16","21,00","21,18","20,94","13,83K","0,43%"
"03/06/1992","21,07","20,94","21,21","20,90","20,25K","1,20%"
"02/06/1992","20,82","20,75","20,86","20,63","13,03K","0,14%"
"01/06/1992","20,79","20,80","20,96","20,69","14,16K","0,00%"
"29/05/1992","20,79","20,65","20,80","20,45","15,82K","0,63%"
"28/05/1992","20,66","20,80","20,81","20,57","12,86K","-0,19%"
"27/05/1992","20,70","20,65","20,92","20,52","20,40K","0,05%"
"26/05/1992","20,69","19,99","20,72","19,99","26,68K","4,92%"
"22/05/1992","19,72","19,77","19,78","19,53","15,46K","0,20%"
"21/05/1992","19,68","19,27","19,69","19,27","22,44K","2,61%"
"20/05/1992","19,18","19,18","19,27","19,13","10,19K","0,00%"
"19/05/1992","19,18","19,45","19,48","19,12","16,28K","-1,44%"
"18/05/1992","19,46","19,59","19,62","19,45","7,52K","-0,66%"
"15/05/1992","19,59","19,47","19,65","19,44","10,20K","-1,21%"
"14/05/1992","19,83","19,90","19,95","19,82","5,97K","-0,70%"
"13/05/1992","19,97","19,85","20,19","19,74","15,46K","0,55%"
"12/05/1992","19,86","19,89","19,93","19,75","11,19K","-0,15%"
"11/05/1992","19,89","19,75","19,90","19,66","12,18K","0,96%"
"08/05/1992","19,70","19,58","19,75","19,53","9,11K","0,72%"
"07/05/1992","19,56","19,67","19,67","19,48","10,59K","-0,41%"
"06/05/1992","19,64","19,70","19,85","19,55","17,40K","-0,25%"
"05/05/1992","19,69","19,95","19,95","19,63","14,21K","-0,05%"
"01/05/1992","19,70","19,57","19,77","19,57","13,55K","0,20%"
"30/04/1992","19,66","19,39","19,70","19,36","15,63K","0,98%"
"29/04/1992","19,47","19,03","19,50","18,92","21,97K","1,88%"
"28/04/1992","19,11","18,98","19,16","18,98","15,29K","0,84%"
"27/04/1992","18,95","18,89","18,97","18,86","10,09K","0,48%"
"24/04/1992","18,86","18,80","18,94","18,67","12,03K","0,59%"
"23/04/1992","18,75","18,87","18,87","18,55","13,03K","-0,05%"
"22/04/1992","18,76","18,89","18,90","18,66","13,13K","-1,47%"
"21/04/1992","19,04","19,06","19,06","18,91","8,11K","0,26%"
"16/04/1992","18,99","18,71","19,03","18,66","17,28K","1,93%"
"15/04/1992","18,63","18,59","18,75","18,57","8,08K","0,22%"
"14/04/1992","18,59","18,89","19,02","18,52","16,47K","-1,59%"
"13/04/1992","18,89","19,10","19,25","18,80","17,34K","-1,05%"
"10/04/1992","19,09","19,04","19,10","18,85","11,84K","0,95%"
"09/04/1992","18,91","19,22","19,29","18,84","12,61K","-1,41%"
"08/04/1992","19,18","18,87","19,25","18,87","18,03K","1,86%"
"07/04/1992","18,83","18,92","18,94","18,80","10,97K","-0,74%"
"06/04/1992","18,97","18,88","19,05","18,82","13,71K","1,12%"
"03/04/1992","18,76","18,37","18,77","18,37","13,58K","2,35%"
"02/04/1992","18,33","18,42","18,53","18,32","13,59K","-0,38%"
"01/04/1992","18,40","18,20","18,41","18,15","16,74K","1,43%"
"31/03/1992","18,14","18,05","18,18","17,97","10,52K","0,95%"
"30/03/1992","17,97","17,91","17,98","17,90","6,90K","0,34%"
"27/03/1992","17,91","18,02","18,06","17,85","11,79K","-0,39%"
"26/03/1992","17,98","17,97","18,06","17,96","12,05K","0,39%"
"25/03/1992","17,91","17,85","17,99","17,78","8,71K","0,34%"
"24/03/1992","17,85","17,85","17,87","17,75","6,55K","0,28%"
"23/03/1992","17,80","17,73","17,81","17,70","8,73K","0,68%"
"20/03/1992","17,68","17,90","18,10","17,67","16,73K","-1,67%"
"19/03/1992","17,98","17,79","17,99","17,71","11,19K","1,18%"
"18/03/1992","17,77","17,88","17,90","17,76","7,59K","-0,50%"
"17/03/1992","17,86","17,80","17,98","17,77","11,68K","0,22%"
"16/03/1992","17,82","17,90","17,94","17,79","7,86K","-0,28%"
"13/03/1992","17,87","17,70","17,95","17,63","13,82K","0,68%"
"12/03/1992","17,75","17,42","17,76","17,37","10,78K","2,07%"
"11/03/1992","17,39","17,50","17,52","17,36","11,64K","-0,51%"
"10/03/1992","17,48","17,50","17,61","17,40","12,27K","0,23%"
"09/03/1992","17,44","17,39","17,53","17,37","8,71K","0,35%"
"06/03/1992","17,38","17,45","17,61","17,32","13,45K","-0,17%"
"05/03/1992","17,41","17,37","17,66","17,35","12,84K","-0,06%"
"04/03/1992","17,42","17,42","17,46","17,34","10,52K","-0,06%"
"03/03/1992","17,43","17,24","17,49","17,18","13,07K","1,22%"
"02/03/1992","17,22","17,50","17,50","17,21","8,69K","-1,88%"
"28/02/1992","17,55","17,65","17,66","17,48","8,42K","-0,51%"
"27/02/1992","17,64","17,29","17,65","17,26","15,14K","1,67%"
"26/02/1992","17,35","17,35","17,40","17,20","13,40K","-0,69%"
"25/02/1992","17,47","17,38","17,47","17,13","17,16K","0,23%"
"24/02/1992","17,43","17,72","17,72","17,28","15,24K","-1,58%"
"21/02/1992","17,71","17,80","17,87","17,69","11,18K","-0,73%"
"20/02/1992","17,84","17,85","17,90","17,66","13,33K","0,56%"
"19/02/1992","17,74","17,40","17,75","17,28","16,88K","0,80%"
"18/02/1992","17,60","17,45","17,62","17,30","13,19K","0,28%"
"17/02/1992","17,55","17,80","17,80","17,49","14,59K","-5,14%"
"13/02/1992","18,50","18,35","18,58","18,31","7,79K","1,31%"
"12/02/1992","18,26","18,52","18,57","18,03","16,62K","-0,65%"
"11/02/1992","18,38","18,80","18,86","18,34","16,57K","-2,18%"
"10/02/1992","18,79","18,80","19,04","18,78","13,81K","-0,37%"
"07/02/1992","18,86","18,38","18,88","18,36","13,81K","2,44%"
"06/02/1992","18,41","18,50","18,61","18,38","10,45K","0,60%"
"05/02/1992","18,30","18,35","18,53","18,27","13,00K","0,00%"
"04/02/1992","18,30","18,10","18,45","18,09","13,30K","0,77%"
"03/02/1992","18,16","18,13","18,23","18,12","11,02K","0,06%"
"31/01/1992","18,15","18,20","18,23","18,03","11,69K","0,06%"
"30/01/1992","18,14","18,10","18,17","17,85","11,94K","0,28%"
"29/01/1992","18,09","18,20","18,29","17,97","15,37K","-0,82%"
"28/01/1992","18,24","18,38","18,38","18,14","12,70K","-1,08%"
"27/01/1992","18,44","18,24","18,45","18,23","13,05K","1,21%"
"24/01/1992","18,22","17,95","18,23","17,95","14,92K","2,02%"
"23/01/1992","17,86","18,10","18,15","17,85","15,77K","-1,05%"
"22/01/1992","18,05","17,70","18,05","17,54","16,50K","1,69%"
"21/01/1992","17,75","18,06","18,08","17,60","19,90K","-1,44%"
"20/01/1992","18,01","18,35","18,37","18,00","9,90K","-1,69%"
"17/01/1992","18,32","18,10","18,34","17,95","16,99K","-1,19%"
"16/01/1992","18,54","18,37","18,68","18,36","6,11K","1,26%"
"15/01/1992","18,31","17,75","18,35","17,65","9,98K","2,35%"
"14/01/1992","17,89","18,05","18,12","17,81","17,38K","-0,33%"
"13/01/1992","17,95","17,35","17,96","17,35","17,94K","4,12%"
"10/01/1992","17,24","16,95","17,29","16,85","10,43K","2,25%"
"09/01/1992","16,86","17,10","17,13","16,68","18,18K","-0,35%"
"08/01/1992","16,92","17,80","17,81","16,85","19,80K","-4,35%"
"07/01/1992","17,69","18,15","18,35","17,66","19,51K","-2,37%"
"06/01/1992","18,12","18,05","18,32","17,93","16,39K","0,00%"
"03/01/1992","18,12","18,34","18,68","18,11","14,38K","-1,31%"
"02/01/1992","18,36","18,00","18,39","17,93","14,08K","4,26%"
"31/12/1991","17,61","17,52","17,72","17,52","3,35K","-0,62%"
"30/12/1991","17,72","17,85","17,94","17,62","10,04K","0,23%"
"27/12/1991","17,68","17,65","17,75","17,40","8,87K","-0,84%"
"24/12/1991","17,83","17,75","17,88","17,73","2,58K","1,02%"
"23/12/1991","17,65","17,40","17,66","17,30","7,89K","1,44%"
"20/12/1991","17,40","18,00","18,07","17,37","14,51K","-2,74%"
"19/12/1991","17,89","18,02","18,25","17,85","12,69K","-0,72%"
"18/12/1991","18,02","17,95","18,22","17,92","13,50K","-0,22%"
"17/12/1991","18,06","18,45","18,47","18,04","15,23K","-2,80%"
"16/12/1991","18,58","18,88","18,88","18,52","8,47K","-1,22%"
"13/12/1991","18,81","18,80","19,15","18,80","11,35K","1,24%"
"12/12/1991","18,58","18,35","18,66","18,35","13,32K","1,92%"
"11/12/1991","18,23","18,05","18,57","17,71","17,37K","0,39%"
"10/12/1991","18,16","18,26","18,44","17,90","12,87K","0,83%"
"09/12/1991","18,01","18,78","18,85","18,00","14,66K","-4,61%"
"06/12/1991","18,88","19,14","19,35","18,86","13,07K","-1,31%"
"05/12/1991","19,13","19,52","19,60","19,07","14,63K","-1,34%"
"04/12/1991","19,39","19,32","19,48","19,12","18,91K","0,88%"
"03/12/1991","19,22","19,80","19,89","19,20","23,48K","-2,58%"
"02/12/1991","19,73","20,25","20,27","19,72","13,97K","-1,99%"
"29/11/1991","20,13","20,30","20,39","20,12","11,96K","-0,30%"
"28/11/1991","20,19","20,15","20,25","20,14","6,20K","1,10%"
"27/11/1991","19,97","19,75","20,00","19,70","15,24K","1,73%"
"26/11/1991","19,63","20,00","20,13","19,58","16,54K","-2,09%"
"25/11/1991","20,05","20,15","20,25","19,87","13,52K","0,45%"
"22/11/1991","19,96","20,49","20,60","19,95","18,20K","-2,82%"
"21/11/1991","20,54","20,70","20,94","20,53","10,40K","-0,82%"
"20/11/1991","20,71","20,70","20,81","20,52","18,92K","-0,67%"
"19/11/1991","20,85","21,10","21,20","20,78","15,34K","-1,47%"
"18/11/1991","21,16","21,80","21,81","21,01","13,95K","-1,99%"
"15/11/1991","21,59","21,20","21,65","21,06","19,46K","2,66%"
"14/11/1991","21,03","21,19","21,22","20,95","7,42K","-1,17%"
"13/11/1991","21,28","21,42","21,59","21,27","10,76K","0,05%"
"12/11/1991","21,27","21,55","21,58","21,21","14,73K","-0,98%"
"11/11/1991","21,48","21,80","21,82","21,43","19,41K","-1,65%"
"08/11/1991","21,84","22,00","22,10","21,79","17,01K","-0,59%"
"07/11/1991","21,97","22,00","22,23","21,82","19,93K","-0,36%"
"06/11/1991","22,05","22,37","22,37","22,02","16,27K","-1,61%"
"05/11/1991","22,41","21,45","22,54","22,20","16,28K","0,13%"
"04/11/1991","22,38","22,60","22,66","22,28","12,79K","-0,58%"
"01/11/1991","22,51","21,15","22,52","22,15","13,64K","1,86%"
"31/10/1991","22,10","21,75","22,10","21,75","15,27K","1,56%"
"30/10/1991","21,76","21,70","21,92","21,64","14,27K","0,18%"
"29/10/1991","21,72","21,76","21,82","21,62","13,74K","-0,32%"
"28/10/1991","21,79","21,60","21,90","21,57","17,50K","0,00%"
"25/10/1991","21,79","22,15","22,33","21,75","12,38K","-1,40%"
"24/10/1991","22,10","21,90","22,11","21,65","22,27K","0,59%"
"23/10/1991","21,97","22,52","22,55","21,95","15,32K","-2,01%"
"22/10/1991","22,42","22,60","22,60","22,33","15,12K","-1,10%"
"21/10/1991","22,67","22,65","22,68","22,44","11,08K","0,35%"
"18/10/1991","22,59","22,55","22,65","22,47","15,08K","0,76%"
"17/10/1991","22,42","22,15","22,45","22,15","15,93K","1,13%"
"16/10/1991","22,17","22,50","22,55","21,99","28,95K","-2,81%"
"15/10/1991","22,81","22,39","22,83","22,30","18,61K","1,74%"
"14/10/1991","22,42","22,10","22,46","22,05","10,70K","1,72%"
"11/10/1991","22,04","21,80","22,08","21,70","11,10K","0,87%"
"10/10/1991","21,85","21,95","21,95","21,75","15,94K","-1,13%"
"09/10/1991","22,10","21,80","22,13","21,79","14,65K","1,66%"
"08/10/1991","21,74","21,67","21,77","21,55","11,29K","0,28%"
"07/10/1991","21,68","21,40","21,71","21,29","11,77K","1,12%"
"04/10/1991","21,44","21,56","21,56","21,37","12,14K","-0,56%"
"03/10/1991","21,56","21,28","21,57","21,27","16,75K","1,94%"
"02/10/1991","21,15","20,86","21,18","20,79","12,81K","0,76%"
"01/10/1991","20,99","20,98","21,00","20,83","10,38K","-0,29%"
"30/09/1991","21,05","20,14","21,18","21,00","10,67K","-0,57%"
"27/09/1991","21,17","20,85","21,19","20,76","17,24K","1,39%"
"26/09/1991","20,88","20,60","20,88","20,60","15,14K","0,72%"
"25/09/1991","20,73","20,68","20,77","20,48","19,64K","-0,10%"
"24/09/1991","20,75","20,55","20,85","20,49","16,11K","0,63%"
"23/09/1991","20,62","20,45","20,69","20,44","14,94K","0,88%"
"20/09/1991","20,44","20,26","20,50","20,25","7,73K","0,84%"
"19/09/1991","20,27","20,36","20,42","20,25","8,80K","-0,69%"
"18/09/1991","20,41","20,35","20,55","20,28","15,48K","0,89%"
"17/09/1991","20,23","20,45","20,45","20,12","8,89K","-0,93%"
"16/09/1991","20,42","20,35","20,45","20,35","8,41K","0,49%"
"13/09/1991","20,32","20,15","20,34","20,14","3,92K","0,89%"
"12/09/1991","20,14","20,16","20,28","20,12","10,50K","-0,10%"
"11/09/1991","20,16","19,95","20,18","19,93","9,80K","1,05%"
"10/09/1991","19,95","19,88","20,03","19,88","12,07K","0,55%"
"09/09/1991","19,84","19,99","19,99","19,78","13,17K","-1,15%"
"06/09/1991","20,07","20,18","20,21","20,06","10,30K","-0,30%"
"05/09/1991","20,13","20,15","20,19","20,09","7,19K","-0,59%"
"04/09/1991","20,25","20,48","20,50","20,19","12,83K","-1,60%"
"03/09/1991","20,58","20,55","20,58","20,46","11,90K","-0,24%"
"02/09/1991","20,63","20,70","20,70","20,60","2,95K","-0,34%"
"30/08/1991","20,70","20,40","20,70","20,35","10,30K","1,87%"
"29/08/1991","20,32","20,05","20,35","20,05","15,16K","1,45%"
"28/08/1991","20,03","19,97","20,12","19,97","13,04K","-0,40%"
"27/08/1991","20,11","20,10","20,15","20,00","8,95K","0,65%"
"23/08/1991","19,98","19,80","19,98","19,80","8,48K","0,96%"
"22/08/1991","19,79","19,75","19,80","19,58","9,76K","0,76%"
"21/08/1991","19,64","20,42","20,50","19,60","34,13K","-4,89%"
"20/08/1991","20,65","20,90","21,10","20,25","30,26K","0,58%"
"19/08/1991","20,53","20,20","22,20","20,20","53,07K","5,39%"
"16/08/1991","19,48","19,52","19,61","19,46","7,59K","0,88%"
"15/08/1991","19,31","19,34","19,35","19,24","4,33K","0,21%"
"14/08/1991","19,27","19,45","19,45","19,24","13,56K","-1,18%"
"13/08/1991","19,50","19,57","19,58","19,44","6,60K","-0,61%"
"12/08/1991","19,62","19,64","19,74","19,58","13,83K","0,10%"
"09/08/1991","19,60","19,57","19,74","19,45","15,88K","-0,10%"
"08/08/1991","19,62","19,45","19,71","19,43","20,43K","0,98%"
"07/08/1991","19,43","19,38","19,60","19,18","22,69K","0,00%"
"06/08/1991","19,43","19,55","19,60","19,39","11,19K","-0,51%"
"05/08/1991","19,53","19,45","19,64","19,45","6,55K","0,15%"
"02/08/1991","19,50","19,50","19,58","19,38","11,18K","0,52%"
"01/08/1991","19,40","19,76","19,86","19,38","11,12K","-1,72%"
"31/07/1991","19,74","19,60","19,76","19,60","12,51K","1,08%"
"30/07/1991","19,53","19,55","19,58","19,37","11,95K","-0,20%"
"29/07/1991","19,57","19,60","19,70","19,47","10,14K","-0,25%"
"26/07/1991","19,62","19,55","19,70","19,53","10,03K","0,36%"
"25/07/1991","19,55","19,60","19,66","19,46","12,02K","-0,71%"
"24/07/1991","19,69","19,45","19,70","19,30","11,03K","0,97%"
"23/07/1991","19,50","19,90","19,95","19,42","17,16K","-2,40%"
"22/07/1991","19,98","20,18","20,19","19,92","10,39K","-1,14%"
"19/07/1991","20,21","19,99","20,22","19,85","15,66K","1,61%"
"18/07/1991","19,89","20,10","20,20","19,84","14,76K","-1,58%"
"17/07/1991","20,21","19,80","20,22","19,74","2,50K","2,33%"
"16/07/1991","19,75","19,60","19,83","19,60","8,66K","1,13%"
"15/07/1991","19,53","19,65","19,80","19,45","11,39K","-1,06%"
"12/07/1991","19,74","19,35","19,91","19,35","14,27K","2,55%"
"11/07/1991","19,25","19,35","19,41","19,25","11,29K","-0,93%"
"10/07/1991","19,43","19,30","19,44","19,26","11,27K","0,94%"
"09/07/1991","19,25","19,18","19,30","19,07","10,06K","0,10%"
"08/07/1991","19,23","18,95","19,24","18,90","1,38K","1,64%"
"05/07/1991","18,92","18,65","18,96","18,63","11,71K","1,23%"
"04/07/1991","18,69","18,61","18,75","18,61","3,62K","0,11%"
"03/07/1991","18,67","18,85","18,85","18,65","7,19K","-0,90%"
"02/07/1991","18,84","18,80","18,87","18,75","6,58K","0,16%"
"01/07/1991","18,81","18,75","18,85","18,65","8,18K","0,48%"
"28/06/1991","18,72","18,45","18,82","18,45","12,52K","0,86%"
"27/06/1991","18,56","18,40","18,60","18,36","12,01K","1,25%"
"26/06/1991","18,33","18,23","18,38","18,19","7,57K","0,44%"
"25/06/1991","18,25","18,28","18,37","18,16","11,13K","-0,05%"
"24/06/1991","18,26","18,50","18,50","18,25","8,09K","-1,51%"
"21/06/1991","18,54","18,55","18,60","18,42","9,50K","0,54%"
"20/06/1991","18,44","18,25","18,48","18,16","13,40K","1,43%"
"19/06/1991","18,18","18,20","18,34","18,05","12,59K","-0,16%"
"18/06/1991","18,21","18,35","18,44","18,20","12,13K","0,00%"
"17/06/1991","18,21","18,10","18,35","18,10","7,52K","0,39%"
"14/06/1991","18,14","18,21","18,29","18,08","11,56K","1,00%"
"13/06/1991","17,96","18,07","18,16","17,92","8,18K","-0,17%"
"12/06/1991","17,99","17,90","18,02","17,71","14,48K","-0,44%"
"11/06/1991","18,07","18,15","18,25","17,92","12,58K","0,17%"
"10/06/1991","18,04","18,50","18,50","18,03","12,59K","-2,49%"
"07/06/1991","18,50","18,55","18,69","18,42","10,65K","0,05%"
"06/06/1991","18,49","18,58","18,58","18,18","15,30K","-0,86%"
"05/06/1991","18,65","18,95","19,00","18,65","10,62K","-2,46%"
"04/06/1991","19,12","19,20","19,29","19,05","9,79K","-0,57%"
"03/06/1991","19,23","19,25","19,35","19,22","9,68K","0,10%"
"31/05/1991","19,21","19,40","20,00","19,20","11,24K","-0,52%"
"30/05/1991","19,31","19,18","19,40","19,13","13,01K","0,78%"
"29/05/1991","19,16","19,48","19,48","19,15","10,53K","-1,39%"
"28/05/1991","19,43","19,40","19,54","19,35","8,59K","0,41%"
"24/05/1991","19,35","19,30","19,39","19,25","8,19K","0,78%"
"23/05/1991","19,20","19,10","19,37","19,10","10,49K","0,37%"
"22/05/1991","19,13","19,20","19,35","19,09","14,97K","-1,03%"
"21/05/1991","19,33","19,55","19,77","19,31","8,86K","-1,23%"
"20/05/1991","19,57","19,70","19,70","19,54","5,84K","-0,05%"
"17/05/1991","19,58","19,40","19,64","19,30","7,78K","2,73%"
"16/05/1991","19,06","19,20","19,24","19,05","6,26K","-0,47%"
"15/05/1991","19,15","19,05","19,16","18,94","7,76K","0,47%"
"14/05/1991","19,06","19,15","19,30","19,02","13,74K","-1,19%"
"13/05/1991","19,29","19,50","19,55","19,26","13,15K","-1,58%"
"10/05/1991","19,60","20,00","20,00","19,48","12,41K","-2,68%"
"09/05/1991","20,14","20,15","20,37","20,08","16,32K","0,00%"
"08/05/1991","20,14","19,95","20,15","19,77","12,12K","0,75%"
"07/05/1991","19,99","19,95","20,00","19,80","12,08K","1,68%"
"03/05/1991","19,66","19,40","19,68","19,33","8,22K","1,08%"
"02/05/1991","19,45","19,50","19,59","19,43","9,62K","-0,61%"
"01/05/1991","19,57","19,35","19,70","19,22","11,59K","0,77%"
"30/04/1991","19,42","19,74","19,74","19,35","9,82K","-0,97%"
"29/04/1991","19,61","19,65","19,80","19,58","9,43K","0,00%"
"26/04/1991","19,61","19,33","19,65","19,30","13,34K","0,36%"
"25/04/1991","19,54","19,40","19,55","19,26","9,15K","1,09%"
"24/04/1991","19,33","19,35","19,50","19,06","14,62K","0,05%"
"23/04/1991","19,32","19,50","19,93","19,25","15,62K","-0,82%"
"22/04/1991","19,48","19,15","19,65","19,06","2,80K","1,78%"
"19/04/1991","19,14","19,15","19,17","18,92","11,46K","0,63%"
"18/04/1991","19,02","19,30","19,35","18,95","14,84K","-2,56%"
"17/04/1991","19,52","19,35","19,66","19,35","11,43K","0,41%"
"16/04/1991","19,44","19,65","19,72","19,40","11,87K","-3,62%"
"15/04/1991","20,17","20,21","20,30","19,74","11,50K","0,75%"
"12/04/1991","20,02","19,68","20,15","19,60","8,97K","2,40%"
"11/04/1991","19,55","19,50","19,98","19,41","12,89K","0,72%"
"10/04/1991","19,41","19,00","19,54","19,00","17,85K","3,19%"
"09/04/1991","18,81","18,80","18,93","18,75","6,72K","0,00%"
"08/04/1991","18,81","18,82","19,08","18,70","11,41K","1,07%"
"05/04/1991","18,61","18,65","18,75","18,48","8,32K","-0,64%"
"04/04/1991","18,73","18,01","18,75","18,01","12,49K","3,42%"
"03/04/1991","18,11","17,90","18,20","17,88","9,92K","0,67%"
"02/04/1991","17,99","17,88","18,12","17,60","11,70K","0,22%"
"28/03/1991","17,95","18,00","18,00","17,74","14,06K","-0,50%"
"27/03/1991","18,04","18,40","18,40","17,90","10,08K","-1,90%"
"26/03/1991","18,39","18,20","18,42","17,92","13,08K","0,77%"
"25/03/1991","18,25","18,40","18,43","18,22","6,81K","-1,72%"
"22/03/1991","18,57","18,70","18,75","18,51","8,79K","-0,70%"
"21/03/1991","18,70","18,30","18,90","18,15","9,40K","1,96%"
"20/03/1991","18,34","18,39","18,57","18,15","9,70K","-0,22%"
"19/03/1991","18,38","17,80","18,44","17,70","10,25K","4,85%"
"18/03/1991","17,53","17,40","17,70","17,40","12,50K","-1,13%"
"15/03/1991","17,73","18,20","18,30","17,65","11,99K","-11,48%"
"14/03/1991","20,03","20,10","20,10","19,79","3,85K","-3,75%"
"13/03/1991","20,81","19,30","20,90","19,15","8,36K","9,35%"
"12/03/1991","19,03","18,35","19,05","18,05","10,23K","3,59%"
"11/03/1991","18,37","18,35","18,52","18,00","9,08K","-2,34%"
"08/03/1991","18,81","18,55","18,85","18,52","7,37K","-0,42%"
"07/03/1991","18,89","19,10","19,25","18,70","6,24K","-1,72%"
"06/03/1991","19,22","19,70","19,78","19,10","7,44K","-1,44%"
"05/03/1991","19,50","19,75","19,75","19,15","9,37K","-0,66%"
"04/03/1991","19,63","18,95","19,65","18,95","10,44K","3,92%"
"01/03/1991","18,89","18,50","18,90","18,35","7,52K","1,12%"
"28/02/1991","18,68","18,15","18,70","18,15","14,44K","4,18%"
"27/02/1991","17,93","17,50","18,00","17,50","17,70K","4,06%"
"26/02/1991","17,23","16,60","17,25","16,50","17,16K","2,01%"
"25/02/1991","16,89","16,30","16,95","16,15","13,23K","1,62%"
"22/02/1991","16,62","16,50","17,10","16,45","14,67K","-1,36%"
"21/02/1991","16,85","17,40","17,65","16,75","13,94K","-3,38%"
"20/02/1991","17,44","16,70","17,55","16,65","12,29K","3,87%"
"19/02/1991","16,79","16,40","17,05","16,00","14,60K","1,76%"
"18/02/1991","16,50","17,05","17,35","16,45","5,75K","-3,17%"
"15/02/1991","17,04","18,50","18,70","16,30","29,46K","-9,31%"
"14/02/1991","18,79","19,05","19,16","18,78","9,61K","-6,47%"
"13/02/1991","20,09","20,30","20,40","20,00","8,05K","-2,52%"
"12/02/1991","20,61","20,70","20,90","20,25","13,12K","0,49%"
"11/02/1991","20,51","20,40","20,67","19,25","14,79K","2,65%"
"08/02/1991","19,98","20,25","20,25","19,90","6,22K","-0,99%"
"07/02/1991","20,18","20,35","20,60","19,85","9,98K","0,10%"
"06/02/1991","20,16","19,90","20,25","19,75","13,56K","2,39%"
"05/02/1991","19,69","20,00","20,10","19,50","8,00K","-0,40%"
"04/02/1991","19,77","20,00","20,12","19,55","9,11K","-0,25%"
"01/02/1991","19,82","20,10","20,45","19,80","11,40K","-1,20%"
"31/01/1991","20,06","20,15","20,35","19,95","10,75K","2,29%"
"30/01/1991","19,61","20,35","20,90","19,60","12,05K","-4,20%"
"29/01/1991","20,47","19,65","20,50","19,47","12,39K","3,02%"
"28/01/1991","19,87","19,85","19,95","19,55","11,22K","-0,65%"
"25/01/1991","20,00","20,20","20,50","19,95","117,62K","-1,82%"
"24/01/1991","20,37","19,85","20,65","19,60","15,75K","-0,92%"
"23/01/1991","20,56","21,50","21,80","20,30","18,24K","0,29%"
"22/01/1991","20,50","20,00","20,70","20,00","17,22K","8,07%"
"21/01/1991","18,97","19,05","19,35","18,90","15,79K","4,23%"
"18/01/1991","18,20","20,50","20,70","17,90","23,44K","-7,61%"
"17/01/1991","19,70","23,00","24,20","19,55","43,36K","-34,77%"
"16/01/1991","30,20","30,00","30,50","29,65","6,32K","7,13%"
"15/01/1991","28,19","30,10","30,25","28,15","7,02K","-3,36%"
"14/01/1991","29,17","28,60","31,20","28,20","17,14K","13,63%"
"11/01/1991","25,67","25,51","26,35","25,25","11,79K","-2,21%"
"10/01/1991","26,25","27,00","27,00","25,90","15,09K","0,38%"
"09/01/1991","26,15","26,70","28,00","22,05","30,17K","-0,34%"
"08/01/1991","26,24","26,70","26,85","25,50","13,46K","-2,05%"
"07/01/1991","26,79","25,70","26,85","24,90","20,29K","13,71%"
"04/01/1991","23,56","25,30","25,45","23,30","18,03K","-5,34%"
"03/01/1991","24,89","26,50","26,60","24,60","21,19K","-5,86%"
"02/01/1991","26,44","28,10","28,10","26,00","11,17K","-6,47%"
"31/12/1990","28,27","27,35","28,35","27,35","4,66K","4,55%"
"28/12/1990","27,04","26,50","27,10","26,45","7,05K","2,08%"
"27/12/1990","26,49","26,50","26,80","26,30","5,73K","-1,05%"
"24/12/1990","26,77","26,50","26,80","26,40","2,05K","3,84%"
"21/12/1990","25,78","25,90","26,15","25,45","8,62K","-1,15%"
"20/12/1990","26,08","26,30","26,50","25,80","10,70K","-1,62%"
"19/12/1990","26,51","26,35","26,70","26,15","8,36K","1,65%"
"18/12/1990","26,08","26,15","26,30","25,65","7,62K","1,60%"
"17/12/1990","25,67","26,00","26,65","25,55","8,58K","-7,33%"
"14/12/1990","27,70","27,60","28,25","27,20","8,46K","1,13%"
"13/12/1990","27,39","25,55","27,40","25,50","12,91K","5,71%"
"12/12/1990","25,91","27,10","27,10","25,80","12,61K","-4,11%"
"11/12/1990","27,02","27,75","27,90","26,45","12,94K","-2,56%"
"10/12/1990","27,73","27,55","28,30","27,40","9,17K","2,02%"
"07/12/1990","27,18","26,55","27,50","26,55","10,62K","1,42%"
"06/12/1990","26,80","27,30","28,00","25,45","24,73K","-1,94%"
"05/12/1990","27,33","29,60","30,30","27,30","23,48K","-10,98%"
"04/12/1990","30,70","29,60","30,70","29,50","11,83K","3,30%"
"03/12/1990","29,72","29,00","30,35","28,50","15,48K","1,78%"
"30/11/1990","29,20","32,05","32,45","29,05","4,00K","-9,85%"
"29/11/1990","32,39","33,00","33,25","32,35","10,30K","-1,79%"
"28/11/1990","32,98","32,40","33,10","31,70","14,04K","0,27%"
"27/11/1990","32,89","33,50","33,60","32,30","18,61K","0,21%"
"26/11/1990","32,82","33,00","33,50","32,60","17,58K","5,87%"
"23/11/1990","31,00","30,12","31,20","30,12","9,29K","3,37%"
"22/11/1990","29,99","29,00","30,00","29,00","6,45K","3,63%"
"21/11/1990","28,94","28,65","29,36","28,65","10,34K","2,15%"
"20/11/1990","28,33","29,50","29,85","28,30","15,33K","-5,00%"
"19/11/1990","29,82","28,10","30,25","27,95","9,34K","2,83%"
"16/11/1990","29,00","30,10","30,15","28,70","19,01K","-9,54%"
"15/11/1990","32,06","31,65","32,45","31,45","10,35K","1,81%"
"14/11/1990","31,49","32,90","32,90","31,35","14,00K","-3,91%"
"13/11/1990","32,77","32,00","33,30","31,90","11,82K","2,09%"
"12/11/1990","32,10","32,40","32,99","31,50","14,76K","-4,18%"
"09/11/1990","33,50","34,20","34,55","33,50","8,37K","-3,98%"
"08/11/1990","34,89","34,70","35,00","33,60","16,20K","0,17%"
"07/11/1990","34,83","31,95","34,93","31,65","11,68K","8,00%"
"06/11/1990","32,25","31,30","32,45","31,10","1,52K","1,22%"
"05/11/1990","31,86","33,20","33,20","31,60","14,12K","-5,04%"
"02/11/1990","33,55","34,35","34,35","33,50","8,21K","-2,95%"
"01/11/1990","34,57","34,60","35,18","34,00","15,28K","0,46%"
"31/10/1990","34,41","34,00","34,50","33,10","14,12K","0,47%"
"30/10/1990","34,25","34,85","35,00","33,85","17,42K","0,94%"
"29/10/1990","33,93","33,85","34,04","33,25","13,15K","5,87%"
"26/10/1990","32,05","35,20","35,70","31,90","20,00K","-3,46%"
"25/10/1990","33,20","30,65","33,25","30,40","24,09K","10,81%"
"24/10/1990","29,96","28,40","30,30","28,40","18,54K","5,83%"
"23/10/1990","28,31","27,80","29,20","27,35","19,80K","5,56%"
"22/10/1990","26,82","29,10","29,40","26,05","26,40K","-13,51%"
"19/10/1990","31,01","31,50","32,50","30,75","20,51K","-9,09%"
"18/10/1990","34,11","34,55","34,60","32,40","22,73K","0,24%"
"17/10/1990","34,03","36,90","37,10","34,00","12,61K","-10,35%"
"16/10/1990","37,96","37,45","38,55","37,05","9,54K","-0,47%"
"15/10/1990","38,14","38,90","38,90","37,50","13,07K","-3,42%"
"12/10/1990","39,49","39,60","40,20","38,80","8,87K","-0,60%"
"11/10/1990","39,73","40,00","40,30","39,40","9,76K","2,03%"
"10/10/1990","38,94","40,15","40,95","38,00","8,84K","-3,01%"
"09/10/1990","40,15","39,00","40,20","38,78","8,33K","4,78%"
"08/10/1990","38,32","37,00","38,60","36,75","4,31K","2,60%"
"05/10/1990","37,35","36,60","37,60","36,50","6,04K","3,98%"
"04/10/1990","35,92","36,00","37,35","35,80","6,05K","-1,91%"
"03/10/1990","36,62","34,85","36,70","34,25","13,67K","8,25%"
"02/10/1990","33,83","35,80","36,15","33,75","12,99K","-8,69%"
"01/10/1990","37,05","38,20","38,70","36,05","9,42K","-5,24%"
"28/09/1990","39,10","38,15","39,15","38,15","7,97K","1,64%"
"27/09/1990","38,47","36,98","39,00","36,40","11,26K","1,37%"
"26/09/1990","37,95","37,10","38,20","35,50","13,51K","2,29%"
"25/09/1990","37,10","38,00","38,30","36,50","14,46K","-1,54%"
"24/09/1990","37,68","35,50","38,20","35,40","14,62K","8,40%"
"21/09/1990","34,76","33,70","34,80","33,50","14,27K","4,86%"
"20/09/1990","33,15","33,15","33,29","32,55","9,43K","0,45%"
"19/09/1990","33,00","32,65","33,05","31,40","11,59K","1,07%"
"18/09/1990","32,65","33,40","33,90","32,10","14,55K","-1,06%"
"17/09/1990","33,00","31,00","33,00","30,95","15,75K","7,42%"
"14/09/1990","30,72","28,80","30,75","28,80","16,28K","-1,54%"
"13/09/1990","31,20","30,85","31,50","30,84","6,87K","1,86%"
"12/09/1990","30,63","30,05","30,90","30,05","8,03K","0,00%"
"11/09/1990","30,63","29,50","31,14","29,50","9,50K","-0,87%"
"10/09/1990","30,90","29,50","31,10","28,35","10,05K","2,15%"
"07/09/1990","30,25","30,60","30,65","29,50","8,04K","-2,20%"
"06/09/1990","30,93","30,10","31,00","30,00","14,79K","3,48%"
"05/09/1990","29,89","30,00","30,00","28,25","13,75K","2,36%"
"04/09/1990","29,20","28,80","29,20","27,80","16,45K","2,28%"
"03/09/1990","28,55","27,60","28,55","27,60","7,40K","6,73%"
"31/08/1990","26,75","26,20","26,77","26,20","2,90K","3,28%"
"30/08/1990","25,90","25,20","26,18","25,20","11,59K","4,44%"
"29/08/1990","24,80","26,53","26,53","24,20","5,28K","-7,05%"
"28/08/1990","26,68","25,50","26,70","24,90","15,28K","-11,36%"
"24/08/1990","30,10","30,55","30,55","29,50","12,12K","-2,43%"
"23/08/1990","30,85","30,90","31,10","29,70","20,20K","2,19%"
"22/08/1990","30,19","28,00","30,20","27,80","18,00K","9,27%"
"21/08/1990","27,63","27,80","28,07","27,00","18,57K","0,91%"
"20/08/1990","27,38","27,00","27,60","26,85","17,29K","0,96%"
"17/08/1990","27,12","26,10","27,12","25,97","5,71K","0,74%"
"16/08/1990","26,92","26,60","26,95","26,55","1,77K","2,36%"
"15/08/1990","26,30","26,45","26,45","25,57","2,99K","-1,76%"
"14/08/1990","26,77","26,97","26,97","26,00","3,70K","1,02%"
"13/08/1990","26,50","25,70","26,50","25,60","3,33K","4,04%"
"10/08/1990","25,47","24,90","25,65","24,85","6,59K","2,91%"
"09/08/1990","24,75","24,10","25,15","24,10","5,93K","-0,92%"
"08/08/1990","24,98","26,75","26,75","24,00","2,94K","-8,83%"
"07/08/1990","27,40","27,90","28,65","25,60","2,20K","2,32%"
"06/08/1990","26,78","26,50","26,80","25,70","5,35K","14,05%"
"03/08/1990","23,48","22,80","24,20","22,40","6,73K","6,97%"
"02/08/1990","21,95","23,80","24,00","21,42","1,74K","5,53%"
"01/08/1990","20,80","19,86","20,80","19,79","2,01K","4,84%"
"31/07/1990","19,84","19,62","19,85","19,62","7,90K","1,74%"
"30/07/1990","19,50","19,30","19,51","19,30","7,26K","1,46%"
"27/07/1990","19,22","19,45","19,70","19,18","0,95K","-0,21%"
"26/07/1990","19,26","19,15","19,47","18,91","2,80K","0,42%"
"25/07/1990","19,18","19,55","19,55","19,15","0,84K","-1,24%"
"24/07/1990","19,42","19,55","19,74","19,40","7,15K","1,04%"
"23/07/1990","19,22","18,85","19,35","18,85","2,26K","2,51%"
"20/07/1990","18,75","18,50","18,79","18,47","8,64K","0,86%"
"19/07/1990","18,59","18,40","18,90","18,35","8,15K","1,25%"
"18/07/1990","18,36","18,10","18,70","18,10","6,28K","0,93%"
"17/07/1990","18,19","18,28","18,41","18,07","0,54K","1,96%"
"16/07/1990","17,84","17,90","17,97","17,70","3,51K","2,35%"
"13/07/1990","17,43","17,25","17,78","17,20","6,83K","-0,40%"
"12/07/1990","17,50","16,35","17,50","16,35","7,83K","6,90%"
"11/07/1990","16,37","16,21","16,44","15,98","9,00K","1,87%"
"10/07/1990","16,07","15,95","16,15","15,86","6,54K","1,07%"
"09/07/1990","15,90","15,80","15,90","15,53","7,70K","0,25%"
"06/07/1990","15,86","15,89","16,18","15,80","6,70K","-0,25%"
"05/07/1990","15,90","16,10","16,12","15,68","9,42K","-0,50%"
"04/07/1990","15,98","16,00","16,01","15,95","2,77K","0,06%"
"03/07/1990","15,97","15,97","16,10","15,93","7,25K","0,63%"
"02/07/1990","15,87","16,83","16,83","15,78","4,64K","-1,67%"
"29/06/1990","16,14","16,20","16,33","16,11","8,00K","-0,43%"
"28/06/1990","16,21","16,28","16,28","15,70","6,60K","3,18%"
"27/06/1990","15,71","15,97","16,01","15,70","0,25K","-1,94%"
"26/06/1990","16,02","16,25","16,25","16,01","7,21K","-1,11%"
"25/06/1990","16,20","16,25","16,35","16,02","7,01K","0,19%"
"22/06/1990","16,17","15,95","16,20","15,86","8,36K","2,15%"
"21/06/1990","15,83","15,75","15,91","15,50","9,17K","1,41%"
"20/06/1990","15,61","15,53","15,75","15,44","0,56K","-0,13%"
"19/06/1990","15,63","15,70","15,92","15,59","9,24K","-0,26%"
"18/06/1990","15,67","16,17","16,20","15,67","6,95K","-2,73%"
"15/06/1990","16,11","16,40","16,40","16,10","5,85K","0,12%"
"14/06/1990","16,09","16,10","16,30","15,99","5,72K","0,69%"
"13/06/1990","15,98","15,90","16,04","15,70","3,81K","0,06%"
"12/06/1990","15,97","15,62","15,99","15,62","5,35K","2,70%"
"11/06/1990","15,55","15,55","15,58","15,50","4,14K","-0,64%"
"08/06/1990","15,65","15,50","15,66","15,44","6,86K","0,26%"
"07/06/1990","15,61","15,79","15,97","15,52","7,44K","0,00%"
"06/06/1990","15,61","15,35","15,78","15,33","1,67K","-0,95%"
"05/06/1990","15,76","15,70","15,84","15,58","0,10K","-2,11%"
"04/06/1990","16,10","16,40","16,46","16,08","6,21K","-1,65%"
"01/06/1990","16,37","16,31","16,45","16,22","6,18K","0,80%"
"31/05/1990","16,24","16,50","16,54","16,10","8,91K","-3,04%"
"30/05/1990","16,75","16,75","17,05","16,73","7,50K","0,60%"
"29/05/1990","16,65","16,61","16,70","16,32","6,30K","0,79%"
"25/05/1990","16,52","16,60","16,87","16,45","2,35K","-0,54%"
"24/05/1990","16,61","16,69","16,85","16,59","7,88K","-0,84%"
"23/05/1990","16,75","17,10","17,10","16,54","2,60K","-2,79%"
"22/05/1990","17,23","17,37","17,42","17,17","7,11K","-1,03%"
"21/05/1990","17,41","17,65","17,75","17,40","6,10K","-1,58%"
"18/05/1990","17,69","17,89","17,90","17,67","9,78K","-0,45%"
"17/05/1990","17,77","17,83","17,85","17,67","5,88K","0,06%"
"16/05/1990","17,76","17,88","18,06","17,75","7,42K","-0,84%"
"15/05/1990","17,91","18,12","18,13","17,90","6,84K","-1,05%"
"14/05/1990","18,10","17,78","18,16","17,72","8,00K","2,84%"
"11/05/1990","17,60","17,70","17,77","17,57","4,72K","1,56%"
"10/05/1990","17,33","17,33","17,34","17,15","5,87K","0,00%"
"09/05/1990","17,33","17,02","17,34","16,90","6,15K","3,77%"
"08/05/1990","16,70","16,70","17,00","16,70","","2,27%"
"04/05/1990","16,33","16,42","16,60","16,30","6,51K","-1,27%"
"03/05/1990","16,54","17,25","17,55","16,47","4,37K","-3,78%"
"02/05/1990","17,19","17,30","17,50","17,15","9,05K","-0,35%"
"01/05/1990","17,25","17,20","17,36","17,07","5,54K","0,76%"
"30/04/1990","17,12","17,20","17,32","17,11","6,71K","0,23%"
"27/04/1990","17,08","17,10","17,26","16,97","1,05K","0,00%"
"26/04/1990","17,08","17,32","17,37","17,06","7,25K","-0,76%"
"25/04/1990","17,21","17,44","17,44","17,10","1,51K","-1,54%"
"24/04/1990","17,48","17,70","17,89","17,41","9,55K","-0,40%"
"23/04/1990","17,55","17,41","17,79","17,37","3,55K","1,98%"
"20/04/1990","17,21","17,05","17,37","17,02","5,02K","1,18%"
"19/04/1990","17,01","16,60","17,28","16,54","4,19K","3,72%"
"18/04/1990","16,40","16,57","16,65","16,20","2,23K","-1,80%"
"17/04/1990","16,70","17,10","17,25","16,65","3,36K","-0,71%"
"12/04/1990","16,82","17,10","17,45","16,75","2,82K","-0,12%"
"11/04/1990","16,84","17,05","17,05","15,94","0,62K","1,14%"
"10/04/1990","16,65","16,28","16,75","16,21","4,68K","-3,76%"
"09/04/1990","17,30","17,30","17,33","16,79","5,59K","-2,81%"
"06/04/1990","17,80","17,80","17,91","17,40","4,22K","0,85%"
"05/04/1990","17,65","18,15","18,20","17,65","6,26K","-2,43%"
"04/04/1990","18,09","18,40","18,46","18,08","8,64K","-2,11%"
"03/04/1990","18,48","18,62","18,65","18,45","6,40K","-0,75%"
"02/04/1990","18,62","18,49","18,65","18,40","6,44K","1,31%"
"30/03/1990","18,38","18,30","18,39","18,28","2,84K","0,27%"
"29/03/1990","18,33","18,20","18,37","18,18","4,02K","0,05%"
"28/03/1990","18,32","18,41","18,47","18,28","4,95K","-0,76%"
"27/03/1990","18,46","18,49","18,53","18,33","3,83K","0,00%"
"26/03/1990","18,46","18,34","18,60","18,34","5,74K","0,33%"
"23/03/1990","18,40","18,20","18,41","18,20","6,03K","1,32%"
"22/03/1990","18,16","18,25","18,30","18,15","6,06K","-0,06%"
"21/03/1990","18,17","18,18","18,25","18,10","5,21K","0,66%"
"20/03/1990","18,05","18,27","18,33","18,00","6,03K","-0,82%"
"19/03/1990","18,20","18,40","18,40","18,15","7,51K","-1,94%"
"16/03/1990","18,56","18,75","18,75","18,53","5,18K","-0,96%"
"15/03/1990","18,74","18,57","18,82","18,57","6,73K","1,19%"
"14/03/1990","18,52","18,60","18,68","18,48","7,36K","-0,43%"
"13/03/1990","18,60","18,75","18,81","18,58","7,60K","-0,11%"
"12/03/1990","18,62","18,70","18,74","18,55","6,60K","-1,38%"
"09/03/1990","18,88","19,00","19,04","18,86","5,40K","0,11%"
"08/03/1990","18,86","19,08","19,08","18,82","6,40K","-1,41%"
"07/03/1990","19,13","19,26","19,26","19,12","4,79K","-1,03%"
"06/03/1990","19,33","19,35","19,48","19,32","4,81K","-0,51%"
"05/03/1990","19,43","19,30","19,52","19,21","5,34K","0,78%"
"02/03/1990","19,28","19,34","19,34","19,18","6,02K","0,21%"
"01/03/1990","19,24","19,48","19,68","19,24","7,45K","-1,23%"
"28/02/1990","19,48","19,45","19,58","19,33","6,74K","0,36%"
"27/02/1990","19,41","19,55","19,67","19,40","5,08K","-0,87%"
"26/02/1990","19,58","19,12","19,60","19,12","3,31K","2,03%"
"23/02/1990","19,19","19,20","19,29","19,16","4,98K","-0,47%"
"22/02/1990","19,28","19,45","19,50","19,27","3,74K","-0,57%"
"21/02/1990","19,39","19,53","19,59","19,39","2,38K","-1,02%"
"20/02/1990","19,59","19,61","19,61","19,50","1,44K","0,05%"
"19/02/1990","19,58","19,70","19,70","19,54","2,38K","-0,51%"
"16/02/1990","19,68","19,88","19,90","19,55","5,13K","-0,81%"
"15/02/1990","19,84","19,60","19,87","19,51","5,11K","1,80%"
"14/02/1990","19,49","19,34","19,50","19,26","7,21K","0,46%"
"13/02/1990","19,40","19,40","19,67","19,38","7,11K","0,36%"
"12/02/1990","19,33","19,28","19,35","19,19","6,22K","-1,38%"
"09/02/1990","19,60","19,40","19,61","19,40","7,04K","0,62%"
"08/02/1990","19,48","19,69","19,80","19,42","6,02K","-1,07%"
"07/02/1990","19,69","19,65","19,73","19,59","4,70K","-0,96%"
"06/02/1990","19,88","19,85","19,96","19,77","5,87K","0,51%"
"05/02/1990","19,78","20,15","20,20","19,75","3,79K","-2,03%"
"02/02/1990","20,19","19,80","20,20","19,75","3,78K","1,30%"
"01/02/1990","19,93","19,90","20,05","19,77","4,01K","-0,65%"
"31/01/1990","20,06","19,60","20,15","19,55","4,45K","1,21%"
"30/01/1990","19,82","20,10","20,19","19,82","4,56K","-1,15%"
"29/01/1990","20,05","19,78","20,05","19,73","4,40K","0,96%"
"26/01/1990","19,86","19,60","19,90","19,50","4,75K","0,66%"
"25/01/1990","19,73","19,40","19,75","19,40","6,15K","2,39%"
"24/01/1990","19,27","19,08","19,49","19,02","8,39K","0,31%"
"23/01/1990","19,21","19,46","19,47","19,20","7,53K","-2,29%"
"22/01/1990","19,66","20,04","20,04","19,50","5,07K","-1,31%"
"19/01/1990","19,92","19,65","19,97","19,65","7,29K","2,31%"
"18/01/1990","19,47","19,35","19,58","19,35","5,96K","1,41%"
"17/01/1990","19,20","19,10","19,33","19,05","6,36K","-1,94%"
"16/01/1990","19,58","19,35","19,70","19,15","7,34K","0,26%"
"15/01/1990","19,53","19,90","19,94","19,50","5,56K","-2,59%"
"12/01/1990","20,05","20,30","20,35","20,01","6,44K","-1,09%"
"11/01/1990","20,27","20,15","20,28","19,78","9,51K","-2,22%"
"10/01/1990","20,73","20,60","20,85","20,40","3,07K","2,93%"
"09/01/1990","20,14","19,60","20,20","19,35","3,42K","-1,85%"
"08/01/1990","20,52","21,40","21,41","20,44","5,43K","-6,73%"
"05/01/1990","22,00","21,55","22,10","21,40","4,13K","2,28%"
"04/01/1990","21,51","22,24","22,28","21,51","6,34K","-0,83%"
"03/01/1990","21,69","21,15","21,72","21,15","4,53K","5,75%"
"02/01/1990","20,51","20,20","20,55","20,15","4,35K","1,13%"
"29/12/1989","20,28","20,20","20,28","20,12","3,25K","1,20%"
"28/12/1989","20,04","20,14","20,21","19,93","3,20K","-0,30%"
"27/12/1989","20,10","20,20","20,30","20,10","6,12K","1,72%"
"22/12/1989","19,76","19,77","19,77","19,71","1,95K","1,39%"
"21/12/1989","19,49","19,45","19,51","19,35","5,13K","-0,05%"
"20/12/1989","19,50","19,64","19,82","19,48","6,46K","-0,20%"
"19/12/1989","19,54","19,65","19,70","19,46","5,07K","0,88%"
"18/12/1989","19,37","19,34","19,45","19,34","4,68K","1,25%"
"15/12/1989","19,13","19,01","19,13","18,99","2,70K","0,58%"
"14/12/1989","19,02","19,08","19,17","18,99","3,52K","-1,04%"
"13/12/1989","19,22","19,18","19,28","19,18","4,36K","0,63%"
"12/12/1989","19,10","19,01","19,11","18,92","2,45K","-0,05%"
"11/12/1989","19,11","19,07","19,15","19,00","5,12K","-0,05%"
"08/12/1989","19,12","19,15","19,17","19,04","3,38K","-0,68%"
"07/12/1989","19,25","19,22","19,41","19,22","6,67K","0,52%"
"06/12/1989","19,15","19,00","19,20","18,97","5,27K","0,58%"
"05/12/1989","19,04","19,05","19,26","19,03","4,76K","-0,63%"
"04/12/1989","19,16","19,05","19,29","19,00","7,78K","2,68%"
"01/12/1989","18,66","18,54","18,70","18,50","3,90K","0,92%"
"30/11/1989","18,49","18,24","18,50","18,24","5,98K","2,27%"
"29/11/1989","18,08","18,15","18,24","18,07","6,34K","-1,15%"
"28/11/1989","18,29","18,30","18,47","18,26","5,88K","-0,81%"
"27/11/1989","18,44","18,47","18,49","18,41","2,28K","0,00%"
"24/11/1989","18,44","18,38","18,48","18,38","3,23K","0,49%"
"23/11/1989","18,35","18,49","18,49","18,34","2,59K","-0,86%"
"22/11/1989","18,51","18,60","18,60","18,49","4,93K","-0,38%"
"21/11/1989","18,58","18,64","18,69","18,58","2,62K","-0,27%"
"20/11/1989","18,63","18,56","18,66","18,54","3,84K","0,43%"
"17/11/1989","18,55","18,58","18,61","18,51","4,12K","0,60%"
"16/11/1989","18,44","18,40","18,50","18,40","6,20K","0,49%"
"15/11/1989","18,35","18,36","18,44","18,33","5,61K","-0,65%"
"14/11/1989","18,47","18,40","18,50","18,35","3,18K","-0,11%"
"13/11/1989","18,49","18,55","18,56","18,48","4,80K","-3,24%"
"10/11/1989","19,11","19,07","19,15","19,05","3,61K","0,58%"
"09/11/1989","19,00","18,92","19,01","18,92","4,63K","1,23%"
"08/11/1989","18,77","18,84","18,89","18,73","4,10K","-0,85%"
"07/11/1989","18,93","18,90","18,95","18,82","3,05K","-0,21%"
"06/11/1989","18,97","18,99","19,13","18,95","3,27K","0,64%"
"03/11/1989","18,85","18,80","18,91","18,72","3,92K","-1,00%"
"02/11/1989","19,04","19,10","19,15","19,02","5,63K","-0,26%"
"01/11/1989","19,09","18,82","19,10","18,78","4,93K","2,47%"
"31/10/1989","18,63","18,68","18,73","18,56","4,75K","-0,27%"
"30/10/1989","18,68","18,58","18,73","18,55","8,19K","1,63%"
"27/10/1989","18,38","18,33","18,39","18,25","5,37K","1,10%"
"26/10/1989","18,18","18,30","18,30","18,13","7,50K","-1,78%"
"25/10/1989","18,51","18,56","18,58","18,46","4,72K","0,82%"
"24/10/1989","18,36","18,40","18,44","18,32","6,67K","-0,60%"
"23/10/1989","18,47","18,74","18,74","18,46","5,00K","-1,44%"
"20/10/1989","18,74","18,80","18,87","18,70","5,65K","-0,37%"
"19/10/1989","18,81","18,93","18,93","18,65","7,40K","-0,90%"
"18/10/1989","18,98","19,15","19,20","18,95","1,74K","0,05%"
"17/10/1989","18,97","18,90","19,03","18,89","6,84K","0,85%"
"16/10/1989","18,81","18,81","18,81","18,55","8,64K","-0,48%"
"13/10/1989","18,90","18,90","18,97","18,81","9,12K","1,50%"
"12/10/1989","18,62","18,38","18,69","18,38","8,85K","1,09%"
"11/10/1989","18,42","18,27","18,44","18,27","7,08K","0,16%"
"10/10/1989","18,39","18,25","18,40","18,23","3,50K","1,49%"
"09/10/1989","18,12","18,15","18,18","18,11","3,44K","-0,55%"
"06/10/1989","18,22","18,30","18,34","18,15","2,52K","0,16%"
"05/10/1989","18,19","18,35","18,35","18,18","3,64K","-1,73%"
"04/10/1989","18,51","18,45","18,52","18,36","3,04K","0,38%"
"03/10/1989","18,44","18,35","18,47","18,30","3,45K","0,38%"
"02/10/1989","18,37","18,33","18,45","18,30","3,42K","1,16%"
"29/09/1989","18,16","18,10","18,20","18,08","6,40K","1,51%"
"28/09/1989","17,89","17,75","17,89","17,65","3,89K","2,23%"
"27/09/1989","17,50","17,68","17,90","17,42","6,59K","0,00%"
"26/09/1989","17,50","17,37","17,55","17,30","6,11K","0,06%"
"25/09/1989","17,49","17,40","17,50","17,18","3,45K","-0,63%"
"22/09/1989","17,60","17,65","17,72","17,54","4,70K","-0,85%"
"21/09/1989","17,75","17,83","17,90","17,74","4,07K","0,40%"
"20/09/1989","17,68","17,64","17,74","17,62","3,37K","-0,17%"
"19/09/1989","17,71","17,70","17,71","17,57","4,47K","-0,39%"
"18/09/1989","17,78","17,80","17,86","17,77","2,69K","1,14%"
"15/09/1989","17,58","17,62","17,63","17,50","3,69K","-0,40%"
"14/09/1989","17,65","17,70","17,84","17,62","3,72K","-0,68%"
"13/09/1989","17,77","17,65","17,79","17,62","4,16K","0,62%"
"12/09/1989","17,66","17,70","17,70","17,59","3,51K","-0,34%"
"11/09/1989","17,72","17,74","17,75","17,57","3,70K","0,00%"
"08/09/1989","17,72","17,71","17,72","17,63","3,58K","-0,23%"
"07/09/1989","17,76","17,84","17,86","17,67","3,00K","0,11%"
"06/09/1989","17,74","17,50","17,79","17,50","7,18K","1,84%"
"05/09/1989","17,42","17,30","17,43","17,28","3,01K","0,35%"
"04/09/1989","17,36","17,22","17,36","17,22","2,11K","0,93%"
"01/09/1989","17,20","17,17","17,23","17,11","3,91K","-0,23%"
"31/08/1989","17,24","17,11","17,30","17,11","6,48K","1,41%"
"30/08/1989","17,00","16,94","17,00","16,94","2,90K","0,06%"
"29/08/1989","16,99","16,95","17,01","16,94","2,59K","0,83%"
"25/08/1989","16,85","16,86","16,87","16,80","3,99K","-0,65%"
"24/08/1989","16,96","16,95","16,97","16,85","4,47K","0,06%"
"23/08/1989","16,95","16,96","17,00","16,92","3,06K","-0,35%"
"22/08/1989","17,01","17,00","17,05","16,94","3,64K","1,07%"
"21/08/1989","16,83","16,90","16,99","16,82","2,64K","-0,12%"
"18/08/1989","16,85","16,85","16,89","16,82","4,25K","-0,24%"
"17/08/1989","16,89","16,98","17,02","16,88","5,74K","-0,41%"
"16/08/1989","16,96","16,91","17,07","16,91","3,89K","0,53%"
"15/08/1989","16,87","16,90","16,96","16,82","3,48K","0,48%"
"14/08/1989","16,79","16,84","16,84","16,68","2,47K","-0,71%"
"11/08/1989","16,91","17,03","17,15","16,91","3,58K","-0,35%"
"10/08/1989","16,97","16,70","16,99","16,70","2,76K","2,72%"
"09/08/1989","16,52","16,52","16,64","16,47","3,44K","1,23%"
"08/08/1989","16,32","16,32","16,55","16,32","3,48K","-0,49%"
"07/08/1989","16,40","16,40","16,43","16,28","2,60K","0,00%"
"04/08/1989","16,40","16,40","16,56","16,40","4,30K","-1,09%"
"03/08/1989","16,58","16,58","16,72","16,55","6,01K","1,28%"
"02/08/1989","16,37","16,37","16,51","16,31","6,34K","-2,09%"
"01/08/1989","16,72","16,72","16,82","16,40","5,47K","1,21%"
"31/07/1989","16,52","16,40","16,70","16,40","2,83K","-0,78%"
"28/07/1989","16,65","16,65","16,75","16,57","3,03K","0,54%"
"27/07/1989","16,56","16,56","16,81","16,56","5,30K","-0,96%"
"26/07/1989","16,72","16,72","16,75","16,50","7,78K","-0,77%"
"25/07/1989","16,85","16,85","17,00","16,81","7,38K","-2,66%"
"24/07/1989","17,31","17,31","17,31","16,97","5,69K","-1,20%"
"21/07/1989","17,52","17,52","17,62","17,40","3,08K","1,27%"
"20/07/1989","17,30","17,30","17,55","17,30","4,81K","-0,29%"
"19/07/1989","17,35","17,35","17,41","17,27","3,49K","-1,14%"
"18/07/1989","17,55","17,55","17,67","17,53","4,65K","1,62%"
"17/07/1989","17,27","17,27","17,45","17,25","4,30K","0,12%"
"14/07/1989","17,25","17,25","17,40","17,23","4,10K","1,47%"
"13/07/1989","17,00","17,00","17,14","16,97","4,43K","-0,93%"
"12/07/1989","17,16","17,25","17,26","17,15","4,50K","0,18%"
"11/07/1989","17,13","17,13","17,20","17,02","3,38K","-2,67%"
"10/07/1989","17,60","17,60","17,60","17,45","4,15K","0,57%"
"07/07/1989","17,50","17,50","17,65","17,50","7,76K","-3,85%"
"06/07/1989","18,20","18,20","18,27","17,56","4,40K","0,72%"
"05/07/1989","18,07","18,07","18,23","17,94","5,69K","1,18%"
"04/07/1989","17,86","17,86","18,22","17,86","2,67K","1,59%"
"03/07/1989","17,58","17,58","17,84","17,58","2,19K","0,51%"
"30/06/1989","17,49","17,49","17,61","17,48","4,83K","1,39%"
"29/06/1989","17,25","17,25","17,61","17,25","4,31K","-0,86%"
"28/06/1989","17,40","17,40","17,46","17,30","4,96K","-0,57%"
"27/06/1989","17,50","17,50","17,55","17,35","5,82K","0,86%"
"26/06/1989","17,35","17,35","17,47","17,31","4,63K","2,66%"
"23/06/1989","16,90","16,90","17,37","16,90","11,64K","1,68%"
"22/06/1989","16,62","16,62","16,90","16,53","7,99K","1,84%"
"21/06/1989","16,32","16,32","16,51","16,28","4,80K","0,00%"
"20/06/1989","16,32","16,32","16,45","16,25","4,54K","1,37%"
"19/06/1989","16,10","16,10","16,22","16,03","5,12K","-0,62%"
"16/06/1989","16,20","16,20","16,23","16,06","3,93K","-1,10%"
"15/06/1989","16,38","16,38","16,40","16,09","5,74K","0,80%"
"14/06/1989","16,25","16,25","16,41","16,00","6,09K","-0,67%"
"13/06/1989","16,36","16,36","16,48","16,22","6,32K","-3,76%"
"12/06/1989","17,00","17,00","17,00","16,60","5,25K","-3,19%"
"09/06/1989","17,56","17,56","17,68","17,56","1,98K","1,50%"
"08/06/1989","17,30","17,30","17,44","17,23","4,63K","-2,81%"
"07/06/1989","17,80","17,95","18,03","17,77","4,10K","-1,11%"
"06/06/1989","18,00","18,00","18,07","17,94","5,30K","-0,11%"
"05/06/1989","18,02","18,02","18,10","17,92","3,40K","2,97%"
"02/06/1989","17,50","17,50","17,55","17,34","3,67K","-0,62%"
"01/06/1989","17,61","17,65","17,70","17,54","3,43K","-0,79%"
"31/05/1989","17,75","17,70","17,84","17,58","4,02K","2,07%"
"30/05/1989","17,39","17,38","17,55","17,37","3,15K","0,00%"
"26/05/1989","17,39","17,45","17,44","17,20","4,60K","-0,91%"
"25/05/1989","17,55","17,60","17,75","17,42","7,72K","1,45%"
"24/05/1989","17,30","17,32","17,54","17,24","4,26K","2,25%"
"23/05/1989","16,92","16,90","17,27","16,90","4,18K","-0,47%"
"22/05/1989","17,00","17,01","17,00","16,68","4,84K","-1,96%"
"19/05/1989","17,34","17,30","17,51","17,22","6,05K","-0,34%"
"18/05/1989","17,40","17,30","17,40","17,13","3,36K","-1,58%"
"17/05/1989","17,68","17,63","17,68","17,20","5,87K","0,45%"
"16/05/1989","17,60","17,60","17,95","17,60","6,24K","1,38%"
"15/05/1989","17,36","17,38","17,43","17,35","1,31K","0,12%"
"12/05/1989","17,34","17,41","17,50","17,25","4,21K","0,70%"
"11/05/1989","17,22","17,25","17,50","17,20","4,70K","-3,37%"
"10/05/1989","17,82","17,86","18,05","17,81","3,11K","0,39%"
"09/05/1989","17,75","17,65","18,09","17,65","4,44K","-2,31%"
"08/05/1989","18,17","18,21","18,25","17,78","3,19K","-2,83%"
"05/05/1989","18,70","18,80","18,70","18,44","1,74K","0,97%"
"04/05/1989","18,52","18,45","18,80","18,45","3,12K","4,16%"
"03/05/1989","17,78","17,72","17,95","17,70","2,62K","-5,17%"
"02/05/1989","18,75","18,75","18,90","18,25","3,15K","-1,00%"
"28/04/1989","18,94","18,80","18,95","18,53","2,98K","-1,30%"
"27/04/1989","19,19","19,15","19,20","18,93","4,10K","-2,09%"
"26/04/1989","19,60","19,45","19,63","19,28","3,68K","2,19%"
"25/04/1989","19,18","19,14","19,40","19,06","4,04K","-3,38%"
"24/04/1989","19,85","19,90","19,85","19,55","2,98K","-2,07%"
"21/04/1989","20,27","20,35","20,27","19,67","7,09K","0,65%"
"20/04/1989","20,14","19,95","20,45","19,95","10,50K","2,49%"
"19/04/1989","19,65","19,80","20,20","19,60","12,84K","3,97%"
"18/04/1989","18,90","18,85","19,05","18,81","5,58K","1,45%"
"17/04/1989","18,63","18,63","18,70","18,54","4,51K","1,97%"
"14/04/1989","18,27","18,30","18,37","18,15","5,32K","-1,72%"
"13/04/1989","18,59","18,60","18,70","18,42","5,45K","1,75%"
"12/04/1989","18,27","18,33","18,40","18,16","4,23K","-1,03%"
"11/04/1989","18,46","18,40","18,55","18,39","4,74K","-1,28%"
"10/04/1989","18,70","18,64","18,75","18,52","1,29K","1,08%"
"07/04/1989","18,50","18,50","18,65","18,37","2,00K","-0,48%"
"06/04/1989","18,59","18,65","18,59","18,29","3,07K","-3,43%"
"05/04/1989","19,25","19,27","19,25","18,85","3,21K","1,80%"
"04/04/1989","18,91","18,95","19,08","18,74","4,31K","-0,99%"
"03/04/1989","19,10","18,90","19,30","18,85","7,10K","-2,30%"
"31/03/1989","19,55","19,50","19,75","19,47","8,45K","3,06%"
"30/03/1989","18,97","18,88","19,30","18,88","4,89K","1,12%"
"29/03/1989","18,76","18,80","18,82","18,50","2,78K","-2,24%"
"28/03/1989","19,19","19,20","19,19","18,50","5,42K","2,95%"
"23/03/1989","18,64","18,60","18,95","18,59","6,74K","0,70%"
"22/03/1989","18,51","18,45","18,60","18,39","4,40K","2,38%"
"21/03/1989","18,08","18,01","18,37","17,98","4,61K","0,44%"
"20/03/1989","18,00","18,02","18,12","17,80","4,35K","1,35%"
"17/03/1989","17,76","17,75","17,95","17,73","4,01K","0,00%"
"16/03/1989","17,76","17,80","17,76","17,54","3,68K","0,91%"
"15/03/1989","17,60","17,52","17,70","17,48","5,41K","2,09%"
"14/03/1989","17,24","17,15","17,33","17,12","3,59K","3,48%"
"13/03/1989","16,66","16,64","16,91","16,63","3,83K","-2,63%"
"10/03/1989","17,11","17,05","17,15","17,00","0,93K","-0,87%"
"09/03/1989","17,26","17,00","17,26","17,00","2,99K","2,49%"
"08/03/1989","16,84","16,70","16,86","16,66","3,75K","-0,71%"
"07/03/1989","16,96","16,95","17,02","16,91","2,33K","-0,53%"
"06/03/1989","17,05","16,98","17,07","16,95","2,77K","0,59%"
"03/03/1989","16,95","16,87","17,05","16,80","5,29K","1,38%"
"02/03/1989","16,72","16,51","16,72","16,50","3,20K","0,84%"
"01/03/1989","16,58","16,62","16,64","16,50","4,99K","1,10%"
"28/02/1989","16,40","16,40","16,50","16,32","1,52K","-1,20%"
"27/02/1989","16,60","16,40","16,61","16,36","3,66K","2,79%"
"24/02/1989","16,15","16,25","16,25","16,06","2,50K","-0,80%"
"23/02/1989","16,28","16,26","16,33","16,25","2,71K","0,93%"
"22/02/1989","16,13","16,15","16,15","16,02","5,37K","-0,74%"
"21/02/1989","16,25","16,26","16,38","16,20","4,00K","0,06%"
"20/02/1989","16,24","16,12","16,32","16,12","2,66K","1,44%"
"17/02/1989","16,01","15,95","16,06","15,92","3,07K","1,33%"
"16/02/1989","15,80","15,80","15,96","15,77","3,53K","1,28%"
"15/02/1989","15,60","15,52","15,61","15,45","0,99K","-0,45%"
"14/02/1989","15,67","15,55","15,68","15,55","2,49K","1,56%"
"13/02/1989","15,43","15,25","15,43","15,23","1,91K","-2,47%"
"10/02/1989","15,82","15,95","16,03","15,82","0,96K","-1,43%"
"09/02/1989","16,05","16,05","16,06","15,89","2,38K","-0,80%"
"08/02/1989","16,18","16,00","16,22","16,00","2,22K","1,19%"
"07/02/1989","15,99","15,93","16,00","15,73","2,37K","0,00%"
"06/02/1989","15,99","16,10","16,10","15,85","1,66K","-1,11%"
"03/02/1989","16,17","16,00","16,31","15,16","5,48K","0,31%"
"02/02/1989","16,12","15,95","16,20","15,95","2,55K","2,03%"
"01/02/1989","15,80","15,69","15,84","15,55","3,27K","-0,69%"
"31/01/1989","15,91","15,90","16,11","15,59","3,52K","-0,38%"
"30/01/1989","15,97","16,35","16,35","15,90","2,78K","-2,02%"
"27/01/1989","16,30","16,25","16,45","16,20","3,64K","-2,74%"
"26/01/1989","16,76","16,70","16,90","16,62","3,86K","1,27%"
"25/01/1989","16,55","16,17","16,57","16,17","3,82K","3,37%"
"24/01/1989","16,01","15,75","16,01","15,70","3,58K","-1,17%"
"23/01/1989","16,20","16,60","16,60","16,15","2,43K","-4,71%"
"20/01/1989","17,00","17,02","17,25","16,79","4,34K","-0,53%"
"19/01/1989","17,09","17,07","17,20","16,87","4,93K","2,09%"
"18/01/1989","16,74","16,52","16,74","16,52","4,61K","1,89%"
"17/01/1989","16,43","16,36","16,43","16,29","2,52K","0,92%"
"16/01/1989","16,28","16,14","16,28","16,05","1,75K","0,99%"
"13/01/1989","16,12","16,00","16,18","15,83","5,19K","2,35%"
"12/01/1989","15,75","15,92","15,99","15,75","3,89K","-0,32%"
"11/01/1989","15,80","15,84","15,95","15,72","5,31K","-2,47%"
"10/01/1989","16,20","16,23","16,30","16,17","0,65K","-0,86%"
"09/01/1989","16,34","16,16","16,35","16,16","2,34K","0,55%"
"06/01/1989","16,25","16,07","16,35","16,07","2,06K","2,14%"
"05/01/1989","15,91","15,78","15,98","15,75","2,78K","-0,31%"
"04/01/1989","15,96","15,80","16,00","15,78","4,19K","1,53%"
"03/01/1989","15,72","15,63","15,76","15,63","1,10K","1,29%"
"30/12/1988","15,52","15,30","15,52","15,30","2,65K","1,44%"
"29/12/1988","15,30","15,50","15,50","15,28","1,95K","-1,61%"
"28/12/1988","15,55","15,51","15,60","15,44","1,61K","3,12%"
"23/12/1988","15,08","15,08","15,10","15,03","1,36K","0,60%"
"22/12/1988","14,99","14,90","15,02","14,90","1,79K","0,20%"
"21/12/1988","14,96","15,05","15,08","14,94","2,37K","0,94%"
"20/12/1988","14,82","14,55","14,82","14,45","2,84K","1,02%"
"19/12/1988","14,67","14,93","14,93","14,67","1,73K","-0,95%"
"16/12/1988","14,81","14,79","14,85","14,68","2,35K","0,41%"
"15/12/1988","14,75","14,90","15,02","14,75","3,29K","1,03%"
"14/12/1988","14,60","14,40","14,63","14,38","4,76K","0,48%"
"13/12/1988","14,53","14,70","14,72","14,53","1,61K","0,00%"
"12/12/1988","14,53","14,60","14,68","14,51","1,11K","0,41%"
"09/12/1988","14,47","14,36","14,52","14,36","1,81K","-1,56%"
"08/12/1988","14,70","14,58","14,75","14,58","2,43K","2,87%"
"07/12/1988","14,29","14,26","14,38","14,21","2,88K","1,35%"
"06/12/1988","14,10","14,10","14,20","14,03","1,57K","-1,67%"
"05/12/1988","14,34","14,45","14,45","14,27","1,69K","-1,10%"
"02/12/1988","14,50","14,52","14,52","14,27","1,77K","0,07%"
"01/12/1988","14,49","14,35","14,59","14,35","3,34K","3,13%"
"30/11/1988","14,05","14,05","14,06","14,00","2,13K","0,72%"
"29/11/1988","13,95","14,25","14,25","13,95","3,05K","-4,32%"
"28/11/1988","14,58","14,15","15,00","13,95","9,55K","0,69%"
"25/11/1988","14,48","14,35","14,50","13,85","7,07K","13,39%"
"24/11/1988","12,77","12,73","12,88","12,50","3,88K","-3,26%"
"23/11/1988","13,20","13,00","13,55","12,98","5,20K","3,12%"
"22/11/1988","12,80","12,10","12,90","12,10","3,33K","6,40%"
"21/11/1988","12,03","11,90","12,05","11,75","1,42K","-0,08%"
"18/11/1988","12,04","11,85","12,15","11,70","3,72K","-1,79%"
"17/11/1988","12,26","12,50","12,50","12,26","1,37K","-4,07%"
"16/11/1988","12,78","13,05","13,05","12,73","1,05K","-2,52%"
"15/11/1988","13,11","13,20","13,24","13,05","1,03K","-1,06%"
"14/11/1988","13,25","13,32","13,30","13,25","0,01K","-0,08%"
"11/11/1988","13,26","13,26","13,26","13,25","0,04K","2,39%"
"10/11/1988","12,95","12,97","13,01","12,90","0,40K","1,17%"
"09/11/1988","12,80","12,70","12,80","12,65","1,10K","-0,16%"
"08/11/1988","12,82","12,98","12,98","12,80","1,20K","-1,08%"
"07/11/1988","12,96","13,10","13,13","12,90","1,65K","0,08%"
"04/11/1988","12,95","12,83","13,00","12,83","1,80K","1,57%"
"03/11/1988","12,75","12,77","12,80","12,67","0,96K","1,51%"
"02/11/1988","12,56","12,55","12,62","12,46","0,99K","0,96%"
"01/11/1988","12,44","12,45","12,52","12,40","2,33K","-2,35%"
"31/10/1988","12,74","12,78","12,85","12,73","0,71K","-0,62%"
"28/10/1988","12,82","12,72","12,86","12,65","1,78K","2,56%"
"27/10/1988","12,50","12,40","12,50","12,20","1,14K","1,38%"
"26/10/1988","12,33","12,50","12,63","12,25","3,15K","0,24%"
"25/10/1988","12,30","12,14","12,35","12,09","2,55K","-0,81%"
"24/10/1988","12,40","12,60","12,60","12,36","1,64K","-8,49%"
"21/10/1988","13,55","13,60","13,85","13,47","1,68K","-1,38%"
"20/10/1988","13,74","13,50","13,75","13,37","2,14K","1,85%"
"19/10/1988","13,49","12,73","13,49","12,60","4,09K","1,97%"
"18/10/1988","13,23","13,45","13,50","13,11","2,53K","-3,43%"
"17/10/1988","13,70","13,70","13,95","13,54","2,08K","4,50%"
"14/10/1988","13,11","12,75","13,15","12,70","1,96K","3,15%"
"13/10/1988","12,71","12,60","12,72","12,55","1,40K","1,52%"
"12/10/1988","12,52","12,50","12,52","12,48","0,27K","-0,48%"
"11/10/1988","12,58","12,76","12,81","12,57","0,14K","4,83%"
"10/10/1988","12,00","11,80","12,00","11,80","0,01K","4,44%"
"07/10/1988","11,49","11,50","11,59","11,48","0,26K","0,17%"
"06/10/1988","11,47","11,37","11,64","11,37","0,41K","1,06%"
"05/10/1988","11,35","11,38","11,50","11,30","1,35K","-3,65%"
"04/10/1988","11,78","11,40","11,78","11,40","1,34K","-0,59%"
"03/10/1988","11,85","11,83","11,85","11,55","0,71K","-3,19%"
"30/09/1988","12,24","12,70","12,70","12,03","2,55K","-3,85%"
"29/09/1988","12,73","12,70","12,75","12,65","1,29K","-1,85%"
"28/09/1988","12,97","12,95","13,05","12,90","1,39K","-0,08%"
"27/09/1988","12,98","13,00","13,03","12,84","2,48K","-3,35%"
"26/09/1988","13,43","13,36","13,54","13,35","2,22K","-0,67%"
"23/09/1988","13,52","13,65","13,70","13,49","2,27K","-0,44%"
"22/09/1988","13,58","13,51","13,60","13,50","0,94K","0,44%"
"21/09/1988","13,52","13,52","13,63","13,47","1,88K","-0,59%"
"20/09/1988","13,60","13,52","13,70","13,52","0,56K","1,04%"
"19/09/1988","13,46","13,39","13,45","13,23","1,99K","-2,04%"
"16/09/1988","13,74","13,70","13,87","13,69","1,63K","-1,51%"
"15/09/1988","13,95","14,22","14,25","13,90","3,80K","-3,12%"
"14/09/1988","14,40","13,97","14,44","13,97","3,00K","5,88%"
"13/09/1988","13,60","13,36","13,75","13,35","1,93K","4,70%"
"12/09/1988","12,99","13,15","13,20","12,98","1,37K","-5,32%"
"09/09/1988","13,72","13,63","13,75","13,63","0,45K","0,96%"
"08/09/1988","13,59","13,56","13,60","13,44","0,70K","0,67%"
"07/09/1988","13,50","13,25","13,53","13,22","0,82K","-2,03%"
"06/09/1988","13,78","13,92","13,92","13,73","0,35K","-1,50%"
"05/09/1988","13,99","13,91","13,99","13,91","0,22K","-1,55%"
"02/09/1988","14,21","14,35","14,36","14,16","0,62K","-1,32%"
"01/09/1988","14,40","14,50","14,50","14,39","0,48K","-1,37%"
"31/08/1988","14,60","14,80","14,80","14,60","0,66K","-0,34%"
"30/08/1988","14,65","14,58","14,65","14,53","0,95K","-0,34%"
"26/08/1988","14,70","14,78","14,80","14,65","1,29K","-1,21%"
"25/08/1988","14,88","15,00","15,01","14,88","1,04K","-1,39%"
"24/08/1988","15,09","15,10","15,12","15,02","0,62K","0,67%"
"23/08/1988","14,99","15,15","15,19","14,99","0,99K","-1,38%"
"22/08/1988","15,20","15,14","15,28","15,14","0,55K","0,66%"
"19/08/1988","15,10","15,08","15,18","15,08","1,12K","0,47%"
"18/08/1988","15,03","14,93","15,09","14,92","0,85K","0,54%"
"17/08/1988","14,95","15,00","15,00","14,91","0,38K","-0,47%"
"16/08/1988","15,02","15,10","15,15","14,95","1,24K","0,60%"
"15/08/1988","14,93","15,00","15,00","14,92","1,29K","-1,78%"
"12/08/1988","15,20","15,17","15,25","15,15","0,48K","0,73%"
"11/08/1988","15,09","15,10","15,15","15,05","0,23K","0,07%"
"10/08/1988","15,08","15,08","15,08","15,00","0,35K","-1,69%"
"09/08/1988","15,34","15,45","15,45","15,27","0,33K","0,26%"
"08/08/1988","15,30","15,20","15,35","15,20","0,87K","4,58%"
"05/08/1988","14,63","14,75","14,75","14,63","0,04K","1,04%"
"04/08/1988","14,48","14,58","14,60","14,48","0,18K","-3,47%"
"03/08/1988","15,00","15,00","15,25","14,96","1,22K","-2,47%"
"02/08/1988","15,38","15,35","15,42","15,35","0,16K","-1,16%"
"01/08/1988","15,56","15,64","15,64","15,55","0,27K","-0,89%"
"29/07/1988","15,70","15,60","15,70","15,60","0,44K","0,19%"
"28/07/1988","15,67","15,50","15,71","15,50","0,23K","1,62%"
"27/07/1988","15,42","15,25","15,44","15,22","0,28K","0,65%"
"26/07/1988","15,32","15,52","15,52","15,29","0,65K","-2,36%"
"25/07/1988","15,69","15,70","15,90","15,68","0,57K","-0,13%"
"22/07/1988","15,71","15,60","15,71","15,45","0,77K","1,68%"
"21/07/1988","15,45","15,35","15,62","15,30","0,21K","2,12%"
"20/07/1988","15,13","14,80","15,13","14,80","0,05K","0,33%"
"19/07/1988","15,08","15,15","15,25","14,88","0,43K","1,89%"
"18/07/1988","14,80","14,25","14,85","14,20","0,24K","4,37%"
"15/07/1988","14,18","14,30","14,40","14,18","0,41K","0,85%"
"14/07/1988","14,06","13,85","14,06","13,79","0,51K","-0,78%"
"13/07/1988","14,17","14,05","14,17","13,90","0,54K","0,50%"
"12/07/1988","14,10","15,12","15,12","15,00","0,14K","-2,76%"
"11/07/1988","14,50","14,70","14,70","14,50","0,21K","-3,65%"
"08/07/1988","15,05","15,12","15,12","15,00","0,11K","-2,59%"
"07/07/1988","15,45","14,95","15,45","14,90","0,81K","5,25%"
"06/07/1988","14,68","14,60","14,68","14,49","0,29K","2,66%"
"05/07/1988","14,30","14,45","14,58","14,30","0,13K","-0,35%"
"04/07/1988","14,35","14,50","14,50","14,30","0,17K","-1,71%"
"01/07/1988","14,60","14,60","14,60","14,60","0,05K","-1,68%"
"30/06/1988","14,85","14,80","14,90","14,80","0,42K","-4,01%"
"29/06/1988","15,47","15,47","15,47","15,47","","1,31%"
"28/06/1988","15,27","15,34","15,36","15,27","0,16K","1,13%"
"27/06/1988","15,10","15,10","15,10","15,10","0,05K","-3,51%"