"Date","Dernier","Ouv."," Plus Haut","Plus Bas","Vol.","Variation %"
"10/06/2016","2,556","2,593","2,609","2,551","165,07K","-2,33%"
"09/06/2016","2,617","2,465","2,630","2,451","280,22K","6,04%"
"08/06/2016","2,468","2,481","2,501","2,453","163,43K","-0,24%"
"07/06/2016","2,474","2,444","2,491","2,408","169,66K","0,32%"
"06/06/2016","2,466","2,439","2,480","2,399","150,66K","2,84%"
"03/06/2016","2,398","2,404","2,454","2,387","135,94K","-0,29%"
"02/06/2016","2,405","2,369","2,424","2,361","155,78K","1,01%"
"01/06/2016","2,381","2,287","2,386","2,277","209,91K","4,06%"
"31/05/2016","2,288","2,160","2,303","2,151","194,03K","5,63%"
"30/05/2016","2,166","2,171","2,171","2,151","","-0,23%"
"29/05/2016","2,171","2,163","2,176","2,155","","0,09%"
"27/05/2016","2,169","2,145","2,191","2,101","124,44K","10,49%"
"26/05/2016","1,963","1,972","1,985","1,909","14,25K","-1,46%"
"25/05/2016","1,992","1,980","2,008","1,955","54,78K","0,61%"
"24/05/2016","1,980","2,064","2,087","1,976","80,23K","-3,65%"
"23/05/2016","2,055","2,093","2,133","2,050","106,26K","-0,34%"
"20/05/2016","2,062","2,037","2,074","2,015","108,44K","1,13%"
"19/05/2016","2,039","2,010","2,052","1,952","175,78K","1,90%"
"18/05/2016","2,001","2,054","2,057","1,994","129,14K","-2,29%"
"17/05/2016","2,048","2,037","2,083","2,030","114,93K","0,94%"
"16/05/2016","2,029","2,080","2,087","2,023","122,63K","-3,20%"
"13/05/2016","2,096","2,134","2,164","2,075","169,40K","-2,74%"
"12/05/2016","2,155","2,163","2,185","2,125","144,82K","-0,83%"
"11/05/2016","2,173","2,164","2,183","2,114","154,96K","0,70%"
"10/05/2016","2,158","2,100","2,173","2,091","137,45K","2,86%"
"09/05/2016","2,098","2,104","2,126","2,080","109,46K","-0,14%"
"06/05/2016","2,101","2,084","2,109","2,045","128,48K","1,20%"
"05/05/2016","2,076","2,143","2,179","2,068","148,47K","-3,04%"
"04/05/2016","2,141","2,086","2,160","2,061","131,09K","2,64%"
"03/05/2016","2,086","2,053","2,104","2,041","125,19K","2,15%"
"02/05/2016","2,042","2,132","2,143","2,026","161,76K","-6,24%"
"29/04/2016","2,178","2,060","2,195","2,042","228,08K","4,81%"
"28/04/2016","2,078","2,149","2,155","2,054","181,45K","4,16%"
"27/04/2016","1,995","2,035","2,064","1,950","14,22K","-1,82%"
"26/04/2016","2,032","2,072","2,082","1,993","55,33K","-1,50%"
"25/04/2016","2,063","2,160","2,176","2,043","66,03K","-3,60%"
"22/04/2016","2,140","2,061","2,147","2,034","155,81K","3,48%"
"21/04/2016","2,068","2,073","2,107","2,053","147,70K","-0,05%"
"20/04/2016","2,069","2,089","2,137","2,054","189,78K","-0,91%"
"19/04/2016","2,088","1,934","2,096","1,925","179,59K","7,63%"
"18/04/2016","1,940","1,882","1,950","1,872","128,24K","2,00%"
"15/04/2016","1,902","1,961","1,967","1,885","137,69K","-3,45%"
"14/04/2016","1,970","2,045","2,048","1,957","147,14K","-3,24%"
"13/04/2016","2,036","2,016","2,051","2,002","164,61K","1,60%"
"12/04/2016","2,004","1,934","2,030","1,922","175,35K","4,81%"
"11/04/2016","1,912","1,951","1,951","1,907","158,32K","-3,92%"
"08/04/2016","1,990","2,015","2,044","1,986","163,14K","-1,39%"
"07/04/2016","2,018","1,904","2,024","1,892","214,84K","5,60%"
"06/04/2016","1,911","1,941","1,943","1,897","123,75K","-2,20%"
"05/04/2016","1,954","2,004","2,041","1,931","136,28K","-2,20%"
"04/04/2016","1,998","1,988","2,074","1,976","158,62K","2,15%"
"01/04/2016","1,956","1,963","1,992","1,925","115,46K","-0,15%"
"31/03/2016","1,959","1,990","2,028","1,930","184,46K","-1,85%"
"30/03/2016","1,996","1,979","2,015","1,963","116,07K","4,89%"
"29/03/2016","1,903","1,855","1,914","1,821","10,79K","2,98%"
"28/03/2016","1,848","1,785","1,852","1,766","55,16K","2,33%"
"24/03/2016","1,806","1,791","1,827","1,772","64,62K","0,67%"
"23/03/2016","1,794","1,867","1,899","1,777","121,75K","-3,70%"
"22/03/2016","1,863","1,813","1,870","1,796","116,29K","1,91%"
"21/03/2016","1,828","1,893","1,908","1,808","139,54K","-4,14%"
"18/03/2016","1,907","1,933","1,957","1,881","122,65K","-1,50%"
"17/03/2016","1,936","1,869","1,952","1,830","172,24K","3,64%"
"16/03/2016","1,868","1,849","1,879","1,820","112,16K","0,92%"
"15/03/2016","1,851","1,832","1,898","1,808","137,27K","1,76%"
"14/03/2016","1,819","1,818","1,857","1,771","111,24K","-0,16%"
"11/03/2016","1,822","1,799","1,859","1,792","135,38K","1,90%"
"10/03/2016","1,788","1,764","1,812","1,733","183,31K","2,05%"
"09/03/2016","1,752","1,727","1,784","1,715","160,68K","2,34%"
"08/03/2016","1,712","1,707","1,740","1,678","147,45K","1,30%"
"07/03/2016","1,690","1,628","1,740","1,612","158,88K","1,44%"
"04/03/2016","1,666","1,626","1,675","1,611","100,28K","1,65%"
"03/03/2016","1,639","1,672","1,695","1,630","139,56K","-2,32%"
"02/03/2016","1,678","1,741","1,746","1,657","128,73K","-3,67%"
"01/03/2016","1,742","1,707","1,775","1,685","192,97K","1,81%"
"29/02/2016","1,711","1,711","1,737","1,690","173,24K","-4,47%"
"26/02/2016","1,791","1,786","1,805","1,731","115,55K","4,68%"
"25/02/2016","1,711","1,773","1,776","1,682","11,51K","-3,77%"
"24/02/2016","1,778","1,785","1,808","1,761","41,98K","-0,22%"
"23/02/2016","1,782","1,832","1,848","1,773","54,65K","-2,14%"
"22/02/2016","1,821","1,784","1,844","1,767","92,46K","0,94%"
"19/02/2016","1,804","1,856","1,870","1,794","110,29K","-2,59%"
"18/02/2016","1,852","1,948","1,954","1,849","144,73K","-4,63%"
"17/02/2016","1,942","1,925","1,960","1,893","108,69K","2,05%"
"16/02/2016","1,903","1,952","1,963","1,879","135,74K","-0,76%"
"15/02/2016","1,918","1,936","1,962","1,911","","-1,01%"
"14/02/2016","1,937","1,934","1,952","1,926","","-1,48%"
"12/02/2016","1,966","1,994","2,025","1,951","102,01K","-1,40%"
"11/02/2016","1,994","2,052","2,093","1,980","163,83K","-2,54%"
"10/02/2016","2,046","2,097","2,109","2,017","147,14K","-2,48%"
"09/02/2016","2,098","2,129","2,134","2,065","144,49K","-1,96%"
"08/02/2016","2,140","2,106","2,172","2,105","197,08K","3,73%"
"05/02/2016","2,063","1,981","2,076","1,981","165,22K","4,61%"
"04/02/2016","1,972","2,042","2,048","1,954","153,16K","-3,24%"
"03/02/2016","2,038","2,036","2,065","1,992","124,47K","0,64%"
"02/02/2016","2,025","2,136","2,140","1,976","215,72K","-5,90%"
"01/02/2016","2,152","2,213","2,228","2,127","174,77K","-6,35%"
"29/01/2016","2,298","2,224","2,315","2,218","181,50K","5,32%"
"28/01/2016","2,182","2,145","2,231","2,088","183,96K","-0,32%"
"27/01/2016","2,189","2,177","2,241","2,161","11,48K","0,41%"
"26/01/2016","2,180","2,144","2,219","2,128","47,01K","1,02%"
"25/01/2016","2,158","2,156","2,175","2,081","59,78K","0,89%"
"22/01/2016","2,139","2,149","2,168","2,112","92,56K","0,05%"
"21/01/2016","2,138","2,135","2,189","2,080","161,15K","0,94%"
"20/01/2016","2,118","2,091","2,149","2,067","106,10K","1,29%"
"19/01/2016","2,091","2,055","2,170","2,044","133,09K","-0,64%"
"18/01/2016","2,105","2,052","2,133","2,045","","2,58%"
"17/01/2016","2,052","2,092","2,092","2,046","","-2,31%"
"15/01/2016","2,100","2,144","2,153","2,086","103,82K","-1,82%"
"14/01/2016","2,139","2,274","2,294","2,126","156,66K","-5,73%"
"13/01/2016","2,269","2,263","2,323","2,256","137,81K","0,53%"
"12/01/2016","2,257","2,362","2,366","2,241","157,60K","-5,80%"
"11/01/2016","2,396","2,446","2,480","2,355","146,84K","-3,07%"
"08/01/2016","2,472","2,397","2,495","2,377","163,91K","3,78%"
"07/01/2016","2,382","2,290","2,429","2,271","214,46K","5,07%"
"06/01/2016","2,267","2,345","2,360","2,241","166,28K","-2,49%"
"05/01/2016","2,325","2,290","2,346","2,255","123,92K","-0,39%"
"04/01/2016","2,334","2,366","2,375","2,239","135,24K","-0,13%"
"31/12/2015","2,337","2,273","2,378","2,270","144,67K","5,56%"
"30/12/2015","2,214","2,322","2,335","2,188","134,93K","-6,66%"
"29/12/2015","2,372","2,238","2,387","2,235","12,46K","6,46%"
"28/12/2015","2,228","2,082","2,248","2,067","65,77K","9,81%"
"24/12/2015","2,029","1,994","2,052","1,977","47,51K","2,32%"
"23/12/2015","1,983","1,912","2,009","1,871","102,22K","5,03%"
"22/12/2015","1,888","1,929","1,939","1,863","112,28K","-1,20%"
"21/12/2015","1,911","1,836","1,948","1,787","182,62K","8,15%"
"18/12/2015","1,767","1,738","1,805","1,684","150,92K","0,68%"
"17/12/2015","1,755","1,825","1,854","1,734","213,11K","-1,96%"
"16/12/2015","1,790","1,804","1,849","1,775","157,97K","-1,76%"
"15/12/2015","1,822","1,900","1,905","1,795","171,96K","-3,80%"
"14/12/2015","1,894","1,913","1,923","1,862","140,55K","-4,82%"
"11/12/2015","1,990","2,003","2,011","1,959","168,11K","-1,24%"
"10/12/2015","2,015","2,065","2,099","1,999","186,40K","-2,28%"
"09/12/2015","2,062","2,080","2,118","2,048","153,58K","-0,39%"
"08/12/2015","2,070","2,068","2,093","2,014","172,50K","0,15%"
"07/12/2015","2,067","2,159","2,162","2,060","188,74K","-5,44%"
"04/12/2015","2,186","2,198","2,211","2,167","85,24K","0,23%"
"03/12/2015","2,181","2,174","2,200","2,131","143,07K","0,74%"
"02/12/2015","2,165","2,221","2,225","2,151","133,51K","-2,96%"
"01/12/2015","2,231","2,230","2,259","2,193","140,27K","-0,18%"
"30/11/2015","2,235","2,175","2,250","2,175","93,35K","1,04%"
"27/11/2015","2,212","2,289","2,305","2,205","68,46K","-1,38%"
"26/11/2015","2,243","2,301","2,302","2,237","","1,68%"
"25/11/2015","2,206","2,196","2,235","2,133","10,36K","0,27%"
"24/11/2015","2,200","2,206","2,218","2,130","57,91K","-0,45%"
"23/11/2015","2,210","2,111","2,226","2,051","83,26K","3,03%"
"20/11/2015","2,145","2,260","2,275","2,123","136,87K","-5,76%"
"19/11/2015","2,276","2,328","2,376","2,255","146,82K","-3,03%"
"18/11/2015","2,347","2,368","2,410","2,328","104,25K","-1,01%"
"17/11/2015","2,371","2,333","2,396","2,285","125,02K","-0,59%"
"16/11/2015","2,385","2,449","2,460","2,330","157,36K","1,02%"
"13/11/2015","2,361","2,285","2,391","2,284","167,72K","4,47%"
"12/11/2015","2,260","2,265","2,313","2,234","151,54K","-0,13%"
"11/11/2015","2,263","2,332","2,350","2,249","162,91K","-2,46%"
"10/11/2015","2,320","2,305","2,364","2,292","149,63K","0,87%"
"09/11/2015","2,300","2,373","2,387","2,274","151,38K","-2,99%"
"06/11/2015","2,371","2,364","2,398","2,317","182,94K","0,30%"
"05/11/2015","2,364","2,266","2,383","2,249","174,27K","4,51%"
"04/11/2015","2,262","2,276","2,317","2,255","124,18K","0,40%"
"03/11/2015","2,253","2,254","2,293","2,236","128,36K","-0,13%"
"02/11/2015","2,256","2,268","2,278","2,231","122,90K","-2,80%"
"30/10/2015","2,321","2,248","2,336","2,188","186,38K","2,84%"
"29/10/2015","2,257","2,301","2,372","2,235","154,66K","11,02%"
"28/10/2015","2,033","2,096","2,104","2,006","12,82K","-2,82%"
"27/10/2015","2,092","2,074","2,115","1,948","76,12K","1,45%"
"26/10/2015","2,062","2,221","2,238","2,050","133,21K","-9,80%"
"23/10/2015","2,286","2,372","2,374","2,275","107,55K","-4,19%"
"22/10/2015","2,386","2,398","2,435","2,356","138,91K","-0,75%"
"21/10/2015","2,404","2,493","2,493","2,379","156,83K","-2,91%"
"20/10/2015","2,476","2,453","2,499","2,444","147,32K","1,39%"
"19/10/2015","2,442","2,464","2,481","2,435","95,86K","0,49%"
"16/10/2015","2,430","2,453","2,466","2,410","119,25K","-0,94%"
"15/10/2015","2,453","2,538","2,578","2,449","179,40K","-2,58%"
"14/10/2015","2,518","2,499","2,539","2,472","146,83K","0,80%"
"13/10/2015","2,498","2,544","2,555","2,487","149,91K","-1,46%"
"12/10/2015","2,535","2,520","2,559","2,510","134,73K","1,32%"
"09/10/2015","2,502","2,488","2,523","2,469","134,03K","0,16%"
"08/10/2015","2,498","2,474","2,530","2,452","176,17K","0,97%"
"07/10/2015","2,474","2,476","2,531","2,455","163,42K","0,16%"
"06/10/2015","2,470","2,459","2,489","2,436","140,22K","0,82%"
"05/10/2015","2,450","2,451","2,491","2,429","103,99K","-0,04%"
"02/10/2015","2,451","2,429","2,471","2,403","113,07K","0,74%"
"01/10/2015","2,433","2,522","2,541","2,420","165,22K","-3,61%"
"30/09/2015","2,524","2,585","2,611","2,511","131,36K","-2,40%"
"29/09/2015","2,586","2,669","2,673","2,581","115,76K","0,90%"
"28/09/2015","2,563","2,608","2,640","2,549","11,24K","-0,04%"
"25/09/2015","2,564","2,586","2,607","2,529","63,29K","-1,04%"
"24/09/2015","2,591","2,568","2,594","2,521","73,24K","0,86%"
"23/09/2015","2,569","2,576","2,604","2,558","102,00K","-0,31%"
"22/09/2015","2,577","2,576","2,598","2,562","99,09K","0,16%"
"21/09/2015","2,573","2,585","2,596","2,550","95,59K","-1,23%"
"18/09/2015","2,605","2,644","2,665","2,602","84,02K","-1,77%"
"17/09/2015","2,652","2,668","2,679","2,603","103,12K","-0,30%"
"16/09/2015","2,660","2,734","2,736","2,657","134,43K","-2,49%"
"15/09/2015","2,728","2,768","2,794","2,721","99,55K","-1,09%"
"14/09/2015","2,758","2,702","2,775","2,692","147,62K","2,41%"
"11/09/2015","2,693","2,677","2,717","2,660","104,41K","0,37%"
"10/09/2015","2,683","2,661","2,733","2,656","184,22K","1,21%"
"09/09/2015","2,651","2,693","2,707","2,641","129,97K","-2,18%"
"08/09/2015","2,710","2,651","2,722","2,641","142,15K","1,90%"
"07/09/2015","2,659","2,656","2,702","2,651","","0,13%"
"06/09/2015","2,656","2,644","2,657","2,644","","0,04%"
"04/09/2015","2,655","2,710","2,717","2,648","105,08K","-2,57%"
"03/09/2015","2,725","2,638","2,735","2,633","157,04K","2,91%"
"02/09/2015","2,648","2,689","2,699","2,632","81,04K","-2,00%"
"01/09/2015","2,702","2,686","2,721","2,670","94,14K","0,48%"
"31/08/2015","2,689","2,681","2,692","2,643","87,74K","-0,96%"
"28/08/2015","2,715","2,677","2,725","2,664","80,83K","2,92%"
"27/08/2015","2,638","2,681","2,696","2,629","9,81K","-2,04%"
"26/08/2015","2,693","2,694","2,714","2,668","33,49K","0,30%"
"25/08/2015","2,685","2,671","2,703","2,652","46,66K","1,32%"
"24/08/2015","2,650","2,654","2,696","2,624","105,38K","-0,97%"
"21/08/2015","2,676","2,753","2,760","2,670","114,84K","-2,87%"
"20/08/2015","2,755","2,709","2,788","2,694","142,29K","1,44%"
"19/08/2015","2,716","2,715","2,739","2,694","85,96K","0,44%"
"18/08/2015","2,704","2,730","2,735","2,680","105,54K","-0,88%"
"17/08/2015","2,728","2,774","2,788","2,718","120,55K","-2,61%"
"14/08/2015","2,801","2,809","2,836","2,781","97,80K","0,50%"
"13/08/2015","2,787","2,921","2,931","2,784","246,31K","-4,91%"
"12/08/2015","2,931","2,858","2,934","2,852","197,56K","3,06%"
"11/08/2015","2,844","2,835","2,861","2,796","143,15K","0,07%"
"10/08/2015","2,842","2,835","2,852","2,818","132,72K","1,57%"
"07/08/2015","2,798","2,805","2,824","2,761","155,08K","-0,53%"
"06/08/2015","2,813","2,782","2,838","2,726","190,87K","0,54%"
"05/08/2015","2,798","2,811","2,863","2,780","170,37K","-0,50%"
"04/08/2015","2,812","2,757","2,821","2,752","140,06K","2,33%"
"03/08/2015","2,748","2,725","2,785","2,707","130,21K","1,18%"
"31/07/2015","2,716","2,782","2,788","2,706","117,37K","-1,88%"
"30/07/2015","2,768","2,858","2,895","2,762","146,55K","-4,09%"
"29/07/2015","2,886","2,841","2,895","2,831","10,82K","2,30%"
"28/07/2015","2,821","2,796","2,852","2,777","52,15K","1,15%"
"27/07/2015","2,789","2,745","2,820","2,735","44,02K","0,47%"
"24/07/2015","2,776","2,807","2,815","2,773","62,91K","-1,42%"
"23/07/2015","2,816","2,894","2,951","2,804","181,46K","-2,80%"
"22/07/2015","2,897","2,890","2,915","2,841","108,39K","0,52%"
"21/07/2015","2,882","2,840","2,894","2,822","94,01K","2,09%"
"20/07/2015","2,823","2,843","2,874","2,785","141,07K","-1,64%"
"17/07/2015","2,870","2,863","2,897","2,826","91,16K","0,56%"
"16/07/2015","2,854","2,914","2,930","2,842","146,19K","-2,19%"
"15/07/2015","2,918","2,845","2,929","2,832","147,62K","2,75%"
"14/07/2015","2,840","2,868","2,934","2,822","151,86K","-0,84%"
"13/07/2015","2,864","2,816","2,883","2,787","183,79K","3,39%"
"10/07/2015","2,770","2,732","2,807","2,723","125,44K","1,61%"
"09/07/2015","2,726","2,687","2,738","2,644","133,12K","1,53%"
"08/07/2015","2,685","2,729","2,756","2,676","123,56K","-1,14%"
"07/07/2015","2,716","2,758","2,800","2,688","128,81K","-1,45%"
"06/07/2015","2,756","2,836","2,857","2,731","134,80K","-0,72%"
"03/07/2015","2,776","2,839","2,855","2,763","","-1,63%"
"02/07/2015","2,822","2,798","2,885","2,795","156,31K","1,40%"
"01/07/2015","2,783","2,816","2,856","2,761","124,69K","-1,73%"
"30/06/2015","2,832","2,806","2,837","2,752","115,06K","0,96%"
"29/06/2015","2,805","2,755","2,844","2,735","123,71K","1,15%"
"26/06/2015","2,773","2,843","2,846","2,743","","-2,70%"
"25/06/2015","2,850","2,769","2,854","2,752","60,08K","3,30%"
"24/06/2015","2,759","2,726","2,779","2,711","39,84K","1,21%"
"23/06/2015","2,726","2,738","2,792","2,712","105,58K","-0,26%"
"22/06/2015","2,733","2,749","2,753","2,715","117,99K","-2,95%"
"19/06/2015","2,816","2,784","2,837","2,739","117,27K","1,40%"
"18/06/2015","2,777","2,850","2,882","2,772","149,24K","-2,73%"
"17/06/2015","2,855","2,903","2,955","2,839","166,03K","-1,35%"
"16/06/2015","2,894","2,907","2,929","2,831","157,27K","0,17%"
"15/06/2015","2,889","2,769","2,919","2,764","169,33K","5,05%"
"12/06/2015","2,750","2,818","2,826","2,744","144,90K","-2,65%"
"11/06/2015","2,825","2,906","2,919","2,814","188,96K","-2,28%"
"10/06/2015","2,891","2,833","2,922","2,825","225,85K","1,58%"
"09/06/2015","2,846","2,704","2,850","2,696","246,12K","5,21%"
"08/06/2015","2,705","2,640","2,712","2,624","170,73K","4,44%"
"05/06/2015","2,590","2,628","2,646","2,581","131,56K","-1,37%"
"04/06/2015","2,626","2,639","2,675","2,556","166,24K","-0,30%"
"03/06/2015","2,634","2,703","2,724","2,625","128,12K","-2,37%"
"02/06/2015","2,698","2,652","2,723","2,599","145,37K","1,85%"
"01/06/2015","2,649","2,615","2,672","2,603","125,93K","0,26%"
"29/05/2015","2,642","2,716","2,722","2,633","126,73K","-2,37%"
"28/05/2015","2,706","2,837","2,845","2,700","167,79K","-3,87%"
"27/05/2015","2,815","2,827","2,887","2,797","11,49K","-0,25%"
"26/05/2015","2,822","2,878","2,879","2,788","59,02K","-1,78%"
"25/05/2015","2,873","2,871","2,888","2,869","","0,05%"
"24/05/2015","2,872","2,908","2,908","2,869","","-0,54%"
"22/05/2015","2,887","2,962","2,970","2,881","65,66K","-2,10%"
"21/05/2015","2,949","2,939","3,038","2,920","146,21K","1,17%"
"20/05/2015","2,915","2,961","3,021","2,902","113,97K","-1,12%"
"19/05/2015","2,948","3,020","3,105","2,938","194,67K","-2,06%"
"18/05/2015","3,010","2,983","3,048","2,978","95,16K","-0,20%"
"15/05/2015","3,016","3,017","3,036","2,971","96,22K","0,27%"
"14/05/2015","3,008","2,940","3,020","2,888","184,91K","2,49%"
"13/05/2015","2,935","2,896","2,972","2,856","142,74K","1,31%"
"12/05/2015","2,897","2,818","2,931","2,785","153,77K","3,39%"
"11/05/2015","2,802","2,914","2,935","2,796","124,58K","-2,71%"
"08/05/2015","2,880","2,735","2,888","2,725","201,29K","5,34%"
"07/05/2015","2,734","2,772","2,821","2,711","149,38K","-1,51%"
"06/05/2015","2,776","2,791","2,822","2,747","111,31K","-0,14%"
"05/05/2015","2,780","2,808","2,821","2,766","83,53K","-1,45%"
"04/05/2015","2,821","2,738","2,824","2,738","86,81K","1,62%"
"01/05/2015","2,776","2,737","2,800","2,714","118,89K","0,91%"
"30/04/2015","2,751","2,590","2,770","2,557","228,13K","5,56%"
"29/04/2015","2,606","2,531","2,612","2,511","108,18K","3,54%"
"28/04/2015","2,517","2,482","2,527","2,468","11,83K","1,08%"
"27/04/2015","2,490","2,472","2,494","2,443","69,05K","-1,62%"
"24/04/2015","2,531","2,546","2,561","2,518","39,87K","0,00%"
"23/04/2015","2,531","2,602","2,605","2,520","133,45K","-2,88%"
"22/04/2015","2,606","2,571","2,622","2,554","83,37K","1,20%"
"21/04/2015","2,575","2,549","2,597","2,533","103,65K","1,54%"
"20/04/2015","2,536","2,592","2,596","2,534","118,34K","-3,72%"
"17/04/2015","2,634","2,682","2,693","2,625","86,59K","-1,86%"
"16/04/2015","2,684","2,598","2,690","2,545","186,38K","2,84%"
"15/04/2015","2,610","2,526","2,625","2,491","136,77K","3,16%"
"14/04/2015","2,530","2,507","2,552","2,502","145,59K","0,76%"
"13/04/2015","2,511","2,487","2,543","2,475","150,88K","0,00%"
"10/04/2015","2,511","2,539","2,551","2,504","120,05K","-0,67%"
"09/04/2015","2,528","2,624","2,646","2,522","171,40K","-3,47%"
"08/04/2015","2,619","2,666","2,669","2,611","131,93K","-2,28%"
"07/04/2015","2,680","2,655","2,709","2,647","105,70K","1,13%"
"06/04/2015","2,650","2,681","2,698","2,633","70,63K","-2,32%"
"03/04/2015","2,713","2,713","2,713","2,713","","0,00%"
"02/04/2015","2,713","2,601","2,719","2,591","138,65K","4,15%"
"01/04/2015","2,605","2,637","2,670","2,583","99,02K","-1,33%"
"31/03/2015","2,640","2,640","2,686","2,622","76,71K","-0,15%"
"30/03/2015","2,644","2,624","2,673","2,608","77,70K","2,08%"
"27/03/2015","2,590","2,666","2,675","2,578","13,46K","-3,07%"
"26/03/2015","2,672","2,733","2,756","2,649","49,63K","-1,87%"
"25/03/2015","2,723","2,784","2,793","2,712","54,87K","-2,26%"
"24/03/2015","2,786","2,751","2,810","2,735","87,79K","1,94%"
"23/03/2015","2,733","2,741","2,756","2,691","111,02K","-1,90%"
"20/03/2015","2,786","2,831","2,919","2,762","145,54K","-0,96%"
"19/03/2015","2,813","2,909","2,928","2,776","141,09K","-3,66%"
"18/03/2015","2,920","2,854","2,935","2,775","153,51K","2,28%"
"17/03/2015","2,855","2,742","2,858","2,740","159,24K","5,12%"
"16/03/2015","2,716","2,705","2,748","2,680","82,67K","-0,40%"
"13/03/2015","2,727","2,749","2,759","2,674","95,87K","-0,26%"
"12/03/2015","2,734","2,828","2,864","2,725","155,48K","-3,19%"
"11/03/2015","2,824","2,716","2,848","2,662","149,11K","3,37%"
"10/03/2015","2,732","2,693","2,741","2,683","87,60K","2,02%"
"09/03/2015","2,678","2,775","2,778","2,668","160,37K","-5,67%"
"06/03/2015","2,839","2,828","2,870","2,783","118,19K","-0,07%"
"05/03/2015","2,841","2,777","2,864","2,743","158,57K","2,60%"
"04/03/2015","2,769","2,713","2,783","2,712","100,32K","2,10%"
"03/03/2015","2,712","2,658","2,734","2,641","90,00K","0,52%"
"02/03/2015","2,698","2,691","2,753","2,650","93,38K","-1,32%"
"27/02/2015","2,734","2,707","2,745","2,684","98,79K","1,37%"
"26/02/2015","2,697","2,875","2,888","2,689","161,32K","-6,81%"
"25/02/2015","2,894","2,922","2,966","2,852","12,47K","-0,28%"
"24/02/2015","2,902","2,869","2,972","2,827","79,66K","0,80%"
"23/02/2015","2,879","2,963","3,039","2,845","64,99K","-2,44%"
"20/02/2015","2,951","2,815","2,984","2,801","121,86K","4,13%"
"19/02/2015","2,834","2,825","2,885","2,772","146,52K","0,11%"
"18/02/2015","2,831","2,780","2,841","2,732","118,99K","2,61%"
"17/02/2015","2,759","2,818","2,896","2,697","169,19K","-3,11%"
"16/02/2015","2,848","2,827","2,895","2,812","","0,71%"
"15/02/2015","2,828","2,819","2,838","2,788","","0,84%"
"13/02/2015","2,804","2,715","2,811","2,656","141,01K","3,35%"
"12/02/2015","2,713","2,835","2,883","2,679","228,32K","-3,00%"
"11/02/2015","2,797","2,693","2,857","2,685","211,50K","4,48%"
"10/02/2015","2,677","2,620","2,746","2,609","185,72K","3,08%"
"09/02/2015","2,597","2,659","2,688","2,571","151,19K","0,70%"
"06/02/2015","2,579","2,594","2,632","2,567","132,15K","-0,81%"
"05/02/2015","2,600","2,661","2,698","2,578","131,28K","-2,33%"
"04/02/2015","2,662","2,766","2,779","2,649","109,56K","-3,34%"
"03/02/2015","2,754","2,692","2,783","2,650","122,98K","2,76%"
"02/02/2015","2,680","2,664","2,707","2,608","101,83K","-0,41%"
"30/01/2015","2,691","2,732","2,733","2,637","110,32K","-1,03%"
"29/01/2015","2,719","2,852","2,924","2,672","171,78K","-5,13%"
"28/01/2015","2,866","2,917","2,930","2,828","13,55K","-3,86%"
"27/01/2015","2,981","2,895","3,005","2,888","55,62K","3,47%"
"26/01/2015","2,881","2,897","2,955","2,841","62,58K","-3,52%"
"23/01/2015","2,986","2,858","2,994","2,855","99,07K","5,33%"
"22/01/2015","2,835","3,000","3,048","2,766","169,45K","-4,67%"
"21/01/2015","2,974","2,892","3,015","2,867","163,87K","5,05%"
"20/01/2015","2,831","3,045","3,045","2,821","169,83K","-4,70%"
"19/01/2015","2,970","2,992","3,040","2,953","","-0,65%"
"18/01/2015","2,990","3,036","3,043","2,978","","-4,38%"
"16/01/2015","3,127","3,191","3,228","3,024","152,32K","-0,98%"
"15/01/2015","3,158","3,301","3,352","3,057","219,15K","-2,32%"
"14/01/2015","3,233","2,954","3,337","2,932","233,23K","9,85%"
"13/01/2015","2,943","2,815","2,971","2,795","137,91K","5,30%"
"12/01/2015","2,795","2,917","2,934","2,783","130,40K","-5,13%"
"09/01/2015","2,946","2,959","2,990","2,888","107,33K","0,65%"
"08/01/2015","2,927","2,877","2,968","2,816","147,80K","1,95%"
"07/01/2015","2,871","2,949","3,012","2,825","134,83K","-2,28%"
"06/01/2015","2,938","2,921","2,955","2,811","111,34K","1,94%"
"05/01/2015","2,882","3,076","3,176","2,875","141,78K","-4,03%"
"02/01/2015","3,003","2,845","3,096","2,805","109,12K","5,70%"
"01/01/2015","2,841","2,916","2,916","2,825","","-1,66%"
"31/12/2014","2,889","3,095","3,130","2,882","115,58K","-6,63%"
"30/12/2014","3,094","3,168","3,178","3,079","69,72K","-2,98%"
"29/12/2014","3,189","3,053","3,207","3,018","13,60K","6,05%"
"26/12/2014","3,007","3,067","3,098","2,973","37,87K","-2,76%"
"25/12/2014","3,092","3,033","3,093","3,033","","2,06%"
"24/12/2014","3,030","3,170","3,190","3,000","50,88K","-4,45%"
"23/12/2014","3,171","3,171","3,234","3,098","90,10K","0,86%"
"22/12/2014","3,144","3,350","3,351","3,120","154,68K","-9,24%"
"19/12/2014","3,464","3,661","3,677","3,444","120,01K","-4,89%"
"18/12/2014","3,642","3,701","3,805","3,636","132,94K","-1,62%"
"17/12/2014","3,702","3,621","3,724","3,614","89,06K","2,29%"
"16/12/2014","3,619","3,736","3,789","3,605","108,39K","-2,69%"
"15/12/2014","3,719","3,930","3,936","3,699","134,65K","-2,00%"
"12/12/2014","3,795","3,648","3,826","3,644","124,56K","4,43%"
"11/12/2014","3,634","3,716","3,778","3,614","168,06K","-1,94%"
"10/12/2014","3,706","3,650","3,743","3,606","141,14K","1,48%"
"09/12/2014","3,652","3,620","3,709","3,608","146,87K","1,59%"
"08/12/2014","3,595","3,777","3,785","3,585","159,08K","-5,44%"
"05/12/2014","3,802","3,676","3,824","3,664","162,63K","4,19%"
"04/12/2014","3,649","3,787","3,808","3,638","143,65K","-4,10%"
"03/12/2014","3,805","3,863","3,866","3,757","131,45K","-1,78%"
"02/12/2014","3,874","4,023","4,026","3,856","144,38K","-3,32%"
"01/12/2014","4,007","3,975","4,041","3,928","181,56K","-1,98%"
"28/11/2014","4,088","4,341","4,367","4,075","94,59K","-2,48%"
"27/11/2014","4,192","4,353","4,366","4,188","","-3,74%"
"26/11/2014","4,355","4,438","4,529","4,330","131,62K","1,70%"
"25/11/2014","4,282","4,154","4,319","4,098","14,64K","3,16%"
"24/11/2014","4,151","4,047","4,158","4,006","77,92K","-2,70%"
"21/11/2014","4,266","4,460","4,532","4,233","98,33K","-4,97%"
"20/11/2014","4,489","4,408","4,503","4,250","220,24K","2,70%"
"19/11/2014","4,371","4,266","4,508","4,194","190,23K","2,99%"
"18/11/2014","4,244","4,303","4,336","4,149","211,10K","-2,23%"
"17/11/2014","4,341","4,148","4,347","4,113","164,39K","7,99%"
"14/11/2014","4,020","3,978","4,074","3,931","153,09K","1,08%"
"13/11/2014","3,977","4,155","4,175","3,962","169,77K","-4,97%"
"12/11/2014","4,185","4,218","4,227","4,143","140,52K","-1,46%"
"11/11/2014","4,247","4,266","4,311","4,121","173,54K","-0,19%"
"10/11/2014","4,255","4,509","4,544","4,246","176,12K","-3,56%"
"07/11/2014","4,412","4,429","4,494","4,282","219,41K","0,18%"
"06/11/2014","4,404","4,209","4,457","4,111","252,18K","5,01%"
"05/11/2014","4,194","4,144","4,315","4,132","178,92K","1,57%"
"04/11/2014","4,129","4,041","4,179","4,029","188,24K","2,05%"
"03/11/2014","4,046","4,007","4,065","3,989","155,26K","4,47%"
"31/10/2014","3,873","3,858","3,955","3,835","153,51K","1,20%"
"30/10/2014","3,827","3,793","3,873","3,768","101,28K","2,66%"
"29/10/2014","3,728","3,658","3,765","3,616","12,88K","2,16%"
"28/10/2014","3,649","3,572","3,677","3,541","59,57K","2,47%"
"27/10/2014","3,561","3,620","3,644","3,547","50,69K","-1,71%"
"24/10/2014","3,623","3,653","3,654","3,558","79,06K","0,03%"
"23/10/2014","3,622","3,662","3,683","3,590","135,30K","-1,01%"
"22/10/2014","3,659","3,700","3,718","3,651","79,90K","-1,40%"
"21/10/2014","3,711","3,652","3,716","3,631","96,00K","1,12%"
"20/10/2014","3,670","3,721","3,745","3,662","87,72K","-2,55%"
"17/10/2014","3,766","3,817","3,817","3,715","89,23K","-0,79%"
"16/10/2014","3,796","3,811","3,834","3,744","106,14K","-0,11%"
"15/10/2014","3,800","3,836","3,857","3,764","101,22K","-0,42%"
"14/10/2014","3,816","3,922","3,955","3,806","123,22K","-2,55%"
"13/10/2014","3,916","3,836","3,927","3,820","113,23K","1,48%"
"10/10/2014","3,859","3,857","3,888","3,833","87,70K","0,36%"
"09/10/2014","3,845","3,861","3,941","3,815","170,17K","-0,26%"
"08/10/2014","3,855","3,939","3,947","3,837","142,58K","-2,58%"
"07/10/2014","3,957","3,914","3,968","3,866","141,15K","1,51%"
"06/10/2014","3,898","4,000","4,000","3,887","103,48K","-3,49%"
"03/10/2014","4,039","3,960","4,047","3,945","96,96K","2,72%"
"02/10/2014","3,932","4,032","4,059","3,908","140,32K","-2,26%"
"01/10/2014","4,023","4,130","4,184","4,017","112,37K","-2,38%"
"30/09/2014","4,121","4,134","4,178","4,098","125,73K","-0,79%"
"29/09/2014","4,154","4,032","4,162","4,011","129,26K","4,27%"
"26/09/2014","3,984","3,963","3,996","3,919","9,98K","0,33%"
"25/09/2014","3,971","3,895","3,974","3,823","80,68K","1,53%"
"24/09/2014","3,911","3,833","3,922","3,796","52,71K","2,49%"
"23/09/2014","3,816","3,852","3,903","3,813","76,26K","-0,88%"
"22/09/2014","3,850","3,840","3,878","3,804","89,39K","0,34%"
"19/09/2014","3,837","3,908","3,922","3,834","84,73K","-1,87%"
"18/09/2014","3,910","4,009","4,027","3,897","127,10K","-2,57%"
"17/09/2014","4,013","3,991","4,040","3,960","105,99K","0,45%"
"16/09/2014","3,995","3,932","3,999","3,863","114,57K","1,63%"
"15/09/2014","3,931","3,841","3,952","3,839","136,72K","1,92%"
"12/09/2014","3,857","3,844","3,859","3,786","106,44K","0,89%"
"11/09/2014","3,823","3,954","3,963","3,809","149,89K","-3,31%"
"10/09/2014","3,954","3,978","3,994","3,937","77,07K","-0,75%"
"09/09/2014","3,984","3,887","4,016","3,853","175,06K","2,79%"
"08/09/2014","3,876","3,783","3,898","3,761","104,50K","2,19%"
"05/09/2014","3,793","3,838","3,848","3,781","72,55K","-0,68%"
"04/09/2014","3,819","3,853","3,879","3,789","125,45K","-0,73%"
"03/09/2014","3,847","3,891","3,917","3,829","109,71K","-1,11%"
"02/09/2014","3,890","4,048","4,078","3,885","143,80K","-4,05%"
"01/09/2014","4,054","4,050","4,073","4,024","","-0,27%"
"29/08/2014","4,065","4,056","4,085","4,012","72,91K","0,52%"
"28/08/2014","4,044","4,009","4,101","3,973","130,27K","2,20%"
"27/08/2014","3,957","3,934","3,996","3,897","11,54K","1,18%"
"26/08/2014","3,911","3,936","3,978","3,899","41,26K","-0,66%"
"25/08/2014","3,937","3,869","3,944","3,843","51,21K","2,53%"
"22/08/2014","3,840","3,880","3,893","3,828","54,54K","-1,26%"
"21/08/2014","3,889","3,831","3,955","3,786","121,32K","1,73%"
"20/08/2014","3,823","3,870","3,888","3,792","94,97K","-1,39%"
"19/08/2014","3,877","3,790","3,915","3,780","98,69K","2,24%"
"18/08/2014","3,792","3,746","3,825","3,727","90,65K","0,42%"
"15/08/2014","3,776","3,885","3,906","3,763","99,79K","-3,33%"
"14/08/2014","3,906","3,813","3,947","3,799","150,08K","1,96%"
"13/08/2014","3,831","3,979","3,986","3,812","153,54K","-3,60%"
"12/08/2014","3,974","3,991","4,020","3,954","98,80K","0,23%"
"11/08/2014","3,965","3,988","4,012","3,922","116,80K","0,08%"
"08/08/2014","3,962","3,877","3,975","3,872","117,92K","2,22%"
"07/08/2014","3,876","3,946","3,981","3,858","155,89K","-1,45%"
"06/08/2014","3,933","3,897","3,950","3,876","78,03K","0,92%"
"05/08/2014","3,897","3,841","3,915","3,826","81,11K","1,64%"
"04/08/2014","3,834","3,786","3,853","3,761","65,39K","0,95%"
"01/08/2014","3,798","3,829","3,877","3,781","89,63K","-1,12%"
"31/07/2014","3,841","3,787","3,890","3,760","131,86K","1,45%"
"30/07/2014","3,786","3,821","3,830","3,749","67,34K","-0,58%"
"29/07/2014","3,808","3,737","3,834","3,723","12,01K","1,63%"
"28/07/2014","3,747","3,736","3,850","3,728","52,29K","-0,90%"
"25/07/2014","3,781","3,842","3,862","3,764","34,66K","-1,72%"
"24/07/2014","3,847","3,767","3,886","3,744","91,78K","2,26%"
"23/07/2014","3,762","3,758","3,817","3,752","58,12K","-0,27%"
"22/07/2014","3,772","3,853","3,866","3,756","86,61K","-2,00%"
"21/07/2014","3,849","3,883","3,893","3,827","96,11K","-2,58%"
"18/07/2014","3,951","3,962","3,976","3,934","56,03K","-0,08%"
"17/07/2014","3,954","4,109","4,110","3,936","150,97K","-4,01%"
"16/07/2014","4,119","4,087","4,146","4,084","58,85K","0,54%"
"15/07/2014","4,097","4,157","4,158","4,081","81,09K","-1,21%"
"14/07/2014","4,147","4,145","4,173","4,092","91,73K","0,02%"
"11/07/2014","4,146","4,126","4,159","4,106","62,70K","0,63%"
"10/07/2014","4,120","4,173","4,193","4,108","116,15K","-1,20%"
"09/07/2014","4,170","4,205","4,230","4,163","89,08K","-0,81%"
"08/07/2014","4,204","4,228","4,238","4,129","127,05K","-0,50%"
"07/07/2014","4,225","4,398","4,356","4,200","112,62K","-3,30%"
"04/07/2014","4,369","4,393","4,394","4,343","","-0,84%"
"03/07/2014","4,406","4,358","4,411","4,329","92,67K","1,12%"
"02/07/2014","4,357","4,444","4,459","4,338","93,03K","-2,20%"
"01/07/2014","4,455","4,447","4,488","4,403","63,69K","-0,13%"
"30/06/2014","4,461","4,419","4,493","4,378","87,44K","1,18%"
"27/06/2014","4,409","4,444","4,466","4,375","76,33K","0,20%"
"26/06/2014","4,400","4,557","4,597","4,350","11,47K","-3,36%"
"25/06/2014","4,553","4,525","4,587","4,517","40,58K","0,40%"
"24/06/2014","4,535","4,437","4,556","4,431","57,87K","2,00%"
"23/06/2014","4,446","4,522","4,577","4,436","67,38K","-1,88%"
"20/06/2014","4,531","4,572","4,614","4,516","76,73K","-1,16%"
"19/06/2014","4,584","4,650","4,700","4,559","155,81K","-1,61%"
"18/06/2014","4,659","4,704","4,773","4,646","84,96K","-1,06%"
"17/06/2014","4,709","4,707","4,739","4,672","77,37K","0,04%"
"16/06/2014","4,707","4,757","4,886","4,669","113,45K","-0,68%"
"13/06/2014","4,739","4,754","4,793","4,716","111,22K","-0,48%"
"12/06/2014","4,762","4,526","4,769","4,520","229,86K","5,63%"
"11/06/2014","4,508","4,535","4,573","4,504","112,26K","-0,49%"
"10/06/2014","4,530","4,630","4,636","4,520","151,78K","-2,48%"
"09/06/2014","4,645","4,714","4,743","4,630","131,65K","-1,38%"
"06/06/2014","4,710","4,701","4,736","4,679","109,21K","0,19%"
"05/06/2014","4,701","4,640","4,723","4,586","153,43K","1,31%"
"04/06/2014","4,640","4,615","4,653","4,576","74,95K","0,24%"
"03/06/2014","4,629","4,617","4,662","4,593","81,59K","0,37%"
"02/06/2014","4,612","4,551","4,620","4,522","83,38K","1,54%"
"30/05/2014","4,542","4,582","4,592","4,489","101,47K","-0,37%"
"29/05/2014","4,559","4,608","4,665","4,529","136,18K","-1,30%"
"28/05/2014","4,619","4,496","4,635","4,482","11,55K","2,53%"
"27/05/2014","4,505","4,406","4,512","4,360","50,75K","2,51%"
"26/05/2014","4,394","4,398","4,406","4,390","","-0,24%"
"23/05/2014","4,405","4,374","4,411","4,358","38,69K","1,06%"
"22/05/2014","4,359","4,489","4,515","4,349","114,37K","-2,55%"
"21/05/2014","4,473","4,536","4,575","4,466","88,11K","-1,74%"
"20/05/2014","4,552","4,474","4,570","4,430","103,25K","1,83%"
"19/05/2014","4,470","4,414","4,523","4,390","78,21K","1,29%"
"16/05/2014","4,413","4,449","4,458","4,407","55,34K","-1,25%"
"15/05/2014","4,469","4,384","4,509","4,289","126,59K","2,34%"
"14/05/2014","4,367","4,372","4,403","4,339","73,56K","0,21%"
"13/05/2014","4,358","4,407","4,469","4,347","124,37K","-1,71%"
"12/05/2014","4,434","4,535","4,549","4,396","109,25K","-2,14%"
"09/05/2014","4,531","4,586","4,598","4,498","97,29K","-0,90%"
"08/05/2014","4,572","4,750","4,754","4,560","158,08K","-3,54%"
"07/05/2014","4,740","4,786","4,827","4,706","100,37K","-1,23%"
"06/05/2014","4,799","4,702","4,806","4,692","98,74K","2,37%"
"05/05/2014","4,688","4,775","4,775","4,651","61,24K","0,30%"
"02/05/2014","4,674","4,730","4,765","4,672","62,42K","-0,95%"
"01/05/2014","4,719","4,797","4,823","4,707","101,31K","-1,99%"
"30/04/2014","4,815","4,838","4,852","4,751","82,54K","-0,33%"
"29/04/2014","4,831","4,770","4,848","4,754","98,63K","0,75%"
"28/04/2014","4,795","4,642","4,808","4,636","13,73K","3,18%"
"25/04/2014","4,647","4,688","4,720","4,632","46,90K","-1,23%"
"24/04/2014","4,705","4,723","4,805","4,674","80,84K","-0,53%"
"23/04/2014","4,730","4,753","4,785","4,716","65,04K","-0,19%"
"22/04/2014","4,739","4,695","4,757","4,677","78,37K","0,89%"
"21/04/2014","4,697","4,756","4,789","4,687","84,80K","-0,93%"
"17/04/2014","4,741","4,532","4,746","4,484","169,76K","4,66%"
"16/04/2014","4,530","4,571","4,603","4,523","66,14K","-0,81%"
"15/04/2014","4,567","4,575","4,633","4,511","98,18K","0,15%"
"14/04/2014","4,560","4,620","4,646","4,539","79,20K","-1,30%"
"11/04/2014","4,620","4,635","4,673","4,605","114,00K","-0,75%"
"10/04/2014","4,655","4,561","4,703","4,522","201,91K","1,50%"
"09/04/2014","4,586","4,534","4,593","4,498","128,93K","1,15%"
"08/04/2014","4,534","4,469","4,552","4,456","124,60K","1,30%"
"07/04/2014","4,476","4,443","4,528","4,430","121,45K","0,83%"
"04/04/2014","4,439","4,431","4,478","4,404","70,47K","-0,69%"
"03/04/2014","4,470","4,369","4,483","4,313","101,68K","2,43%"
"02/04/2014","4,364","4,262","4,390","4,221","104,46K","2,06%"
"01/04/2014","4,276","4,367","4,390","4,251","108,60K","-2,17%"
"31/03/2014","4,371","4,482","4,487","4,337","117,49K","-2,54%"
"28/03/2014","4,485","4,517","4,568","4,471","68,38K","-2,16%"
"27/03/2014","4,584","4,395","4,615","4,372","12,43K","4,13%"
"26/03/2014","4,402","4,406","4,428","4,352","50,39K","-0,20%"
"25/03/2014","4,411","4,288","4,430","4,263","60,15K","3,16%"
"24/03/2014","4,276","4,312","4,350","4,262","63,83K","-0,86%"
"21/03/2014","4,313","4,377","4,378","4,286","70,15K","-1,28%"
"20/03/2014","4,369","4,471","4,474","4,349","115,25K","-2,56%"
"19/03/2014","4,484","4,467","4,504","4,420","61,53K","0,63%"
"18/03/2014","4,456","4,515","4,549","4,446","70,75K","-1,76%"
"17/03/2014","4,536","4,504","4,587","4,482","91,77K","2,51%"
"14/03/2014","4,425","4,375","4,439","4,341","70,47K","0,96%"
"13/03/2014","4,383","4,493","4,496","4,355","130,72K","-2,38%"
"12/03/2014","4,490","4,604","4,631","4,448","117,74K","-2,50%"
"11/03/2014","4,605","4,658","4,683","4,572","96,08K","-0,99%"
"10/03/2014","4,651","4,623","4,733","4,556","123,08K","0,71%"
"07/03/2014","4,618","4,641","4,681","4,566","81,50K","-0,94%"
"06/03/2014","4,662","4,566","4,695","4,506","146,17K","3,07%"
"05/03/2014","4,523","4,657","4,722","4,507","122,29K","-3,09%"
"04/03/2014","4,667","4,499","4,676","4,490","137,05K","3,90%"
"03/03/2014","4,492","4,690","4,736","4,463","128,97K","-2,54%"
"28/02/2014","4,609","4,480","4,658","4,451","111,33K","2,17%"
"27/02/2014","4,511","4,522","4,567","4,441","133,09K","-7,09%"
"26/02/2014","4,855","4,957","5,005","4,660","17,97K","-4,73%"
"25/02/2014","5,096","5,464","5,492","4,788","81,45K","-6,41%"
"24/02/2014","5,445","6,300","6,493","5,380","116,69K","-11,25%"
"21/02/2014","6,135","6,068","6,308","5,880","127,85K","1,17%"
"20/02/2014","6,064","6,095","6,400","5,882","180,03K","-1,38%"
"19/02/2014","6,149","5,565","6,275","5,560","242,49K","10,77%"
"18/02/2014","5,551","5,384","5,612","5,371","192,54K","0,43%"
"17/02/2014","5,528","5,446","5,533","5,372","","6,01%"
"14/02/2014","5,214","5,279","5,389","5,140","206,72K","-0,17%"
"13/02/2014","5,223","4,828","5,239","4,818","240,24K","8,32%"
"12/02/2014","4,822","4,942","5,028","4,780","220,39K","-0,04%"
"11/02/2014","4,824","4,607","4,970","4,570","171,25K","5,35%"
"10/02/2014","4,579","4,660","4,787","4,563","169,48K","-4,10%"
"07/02/2014","4,775","5,030","5,049","4,739","188,05K","-3,16%"
"06/02/2014","4,931","5,165","5,396","4,896","200,08K","-1,97%"
"05/02/2014","5,030","5,284","5,737","4,990","256,13K","-6,42%"
"04/02/2014","5,375","4,953","5,397","4,942","205,52K","9,58%"
"03/02/2014","4,905","4,850","4,986","4,751","123,16K","-0,77%"
"31/01/2014","4,943","4,900","4,995","4,721","187,07K","-1,36%"
"30/01/2014","5,011","5,467","5,477","4,900","287,69K","-9,83%"
"29/01/2014","5,557","4,992","5,725","4,901","17,60K","10,41%"
"28/01/2014","5,033","4,900","5,115","4,867","72,61K","3,84%"
"27/01/2014","4,847","5,153","5,442","4,828","146,76K","-6,46%"
"24/01/2014","5,182","4,835","5,246","4,813","231,26K","9,56%"
"23/01/2014","4,730","4,699","4,947","4,653","211,24K","0,87%"
"22/01/2014","4,689","4,470","4,725","4,433","202,37K","5,82%"
"21/01/2014","4,431","4,236","4,475","4,203","151,39K","3,20%"
"20/01/2014","4,293","4,247","4,300","4,237","","-0,75%"
"17/01/2014","4,326","4,370","4,385","4,293","123,00K","-1,28%"
"16/01/2014","4,382","4,335","4,495","4,316","263,60K","1,32%"
"15/01/2014","4,325","4,353","4,432","4,318","154,47K","-1,01%"
"14/01/2014","4,369","4,308","4,382","4,287","158,28K","2,22%"
"13/01/2014","4,274","4,120","4,313","4,118","177,32K","5,45%"
"10/01/2014","4,053","4,029","4,099","3,953","152,20K","1,20%"
"09/01/2014","4,005","4,187","4,194","3,999","193,82K","-5,00%"
"08/01/2014","4,216","4,327","4,365","4,180","134,37K","-1,93%"
"07/01/2014","4,299","4,308","4,430","4,262","159,42K","-0,16%"
"06/01/2014","4,306","4,313","4,379","4,266","91,96K","0,05%"
"03/01/2014","4,304","4,298","4,390","4,206","141,97K","-0,39%"
"02/01/2014","4,321","4,232","4,331","4,213","98,00K","2,10%"
"01/01/2014","4,232","4,251","4,252","4,231","","0,05%"
"31/12/2013","4,230","4,435","4,448","4,224","105,30K","-4,45%"
"30/12/2013","4,427","4,403","4,472","4,403","81,55K","0,45%"
"27/12/2013","4,407","4,433","4,438","4,338","15,19K","-0,59%"
"26/12/2013","4,433","4,439","4,465","4,377","40,69K","0,38%"
"24/12/2013","4,416","4,469","4,486","4,384","35,58K","-1,05%"
"23/12/2013","4,463","4,490","4,532","4,456","83,22K","1,02%"
"20/12/2013","4,418","4,471","4,492","4,402","115,41K","-0,94%"
"19/12/2013","4,460","4,270","4,471","4,268","200,34K","4,92%"
"18/12/2013","4,251","4,288","4,334","4,244","133,92K","-0,84%"
"17/12/2013","4,287","4,265","4,326","4,194","141,77K","0,19%"
"16/12/2013","4,279","4,275","4,318","4,203","163,41K","-1,65%"
"13/12/2013","4,351","4,389","4,443","4,341","158,93K","-1,32%"
"12/12/2013","4,409","4,345","4,434","4,307","252,80K","1,66%"
"11/12/2013","4,337","4,251","4,348","4,172","242,55K","2,36%"
"10/12/2013","4,237","4,240","4,287","4,199","209,52K","0,12%"
"09/12/2013","4,232","4,148","4,248","4,139","177,84K","2,87%"
"06/12/2013","4,114","4,144","4,199","4,103","218,99K","-0,44%"
"05/12/2013","4,132","3,965","4,152","3,951","247,40K","4,34%"
"04/12/2013","3,960","3,980","4,013","3,953","104,51K","-0,40%"
"03/12/2013","3,976","3,975","4,017","3,945","130,05K","-0,30%"
"02/12/2013","3,988","3,911","3,993","3,897","129,86K","0,86%"
"29/11/2013","3,954","3,895","3,962","3,873","89,36K","0,65%"
"28/11/2013","3,928","3,904","3,942","3,874","","0,86%"
"27/11/2013","3,895","3,866","3,918","3,834","109,47K","2,02%"
"26/11/2013","3,818","3,795","3,837","3,741","15,99K","0,77%"
"25/11/2013","3,789","3,814","3,849","3,753","69,27K","0,56%"
"22/11/2013","3,768","3,703","3,787","3,682","64,34K","1,78%"
"21/11/2013","3,702","3,670","3,743","3,661","113,94K","0,76%"
"20/11/2013","3,674","3,558","3,681","3,549","124,15K","3,32%"
"19/11/2013","3,556","3,614","3,647","3,545","106,15K","-1,69%"
"18/11/2013","3,617","3,681","3,705","3,611","117,34K","-1,17%"
"15/11/2013","3,660","3,612","3,667","3,575","95,00K","1,53%"
"14/11/2013","3,605","3,556","3,624","3,491","139,89K","1,09%"
"13/11/2013","3,566","3,646","3,662","3,540","115,26K","-1,41%"
"12/11/2013","3,617","3,581","3,656","3,561","110,42K","1,20%"
"11/11/2013","3,574","3,586","3,598","3,542","89,46K","0,42%"
"08/11/2013","3,559","3,520","3,589","3,510","80,00K","1,14%"
"07/11/2013","3,519","3,495","3,622","3,483","171,29K","0,60%"
"06/11/2013","3,498","3,482","3,547","3,453","124,02K","0,92%"
"05/11/2013","3,466","3,443","3,491","3,379","126,61K","0,61%"
"04/11/2013","3,445","3,475","3,475","3,406","100,68K","-1,94%"
"01/11/2013","3,513","3,574","3,578","3,508","115,05K","-1,90%"
"31/10/2013","3,581","3,638","3,659","3,560","116,77K","-1,08%"
"30/10/2013","3,620","3,640","3,662","3,610","85,55K","3,55%"
"29/10/2013","3,496","3,567","3,589","3,480","15,96K","-2,05%"
"28/10/2013","3,569","3,678","3,681","3,557","66,71K","-3,72%"
"25/10/2013","3,707","3,630","3,731","3,593","59,73K","2,15%"
"24/10/2013","3,629","3,617","3,645","3,545","123,68K","0,28%"
"23/10/2013","3,619","3,593","3,639","3,577","91,78K","1,06%"
"22/10/2013","3,581","3,669","3,669","3,573","147,02K","-2,37%"
"21/10/2013","3,668","3,795","3,838","3,654","109,59K","-2,55%"
"18/10/2013","3,764","3,759","3,785","3,685","129,26K","0,19%"
"17/10/2013","3,757","3,775","3,801","3,727","112,30K","-0,32%"
"16/10/2013","3,769","3,813","3,869","3,757","145,07K","-0,55%"
"15/10/2013","3,790","3,821","3,855","3,773","129,06K","-0,79%"
"14/10/2013","3,820","3,815","3,855","3,758","100,77K","1,17%"
"11/10/2013","3,776","3,728","3,792","3,726","137,04K","1,42%"
"10/10/2013","3,723","3,699","3,795","3,683","199,43K","1,20%"
"09/10/2013","3,679","3,724","3,734","3,673","137,54K","-1,00%"
"08/10/2013","3,716","3,637","3,730","3,633","198,00K","2,40%"
"07/10/2013","3,629","3,530","3,661","3,519","191,18K","3,51%"
"04/10/2013","3,506","3,509","3,535","3,482","73,86K","0,20%"
"03/10/2013","3,499","3,542","3,570","3,490","131,76K","-1,21%"
"02/10/2013","3,542","3,608","3,647","3,533","98,66K","-1,86%"
"01/10/2013","3,609","3,557","3,653","3,536","148,09K","1,38%"
"30/09/2013","3,560","3,581","3,583","3,509","104,29K","-0,81%"
"27/09/2013","3,589","3,581","3,608","3,521","90,54K","2,60%"
"26/09/2013","3,498","3,507","3,515","3,402","14,10K","0,14%"
"25/09/2013","3,493","3,509","3,546","3,490","62,87K","0,03%"
"24/09/2013","3,492","3,593","3,617","3,488","66,20K","-3,05%"
"23/09/2013","3,602","3,681","3,681","3,592","72,27K","-2,31%"
"20/09/2013","3,687","3,712","3,715","3,656","74,70K","-0,89%"
"19/09/2013","3,720","3,729","3,820","3,680","177,57K","0,19%"
"18/09/2013","3,713","3,738","3,754","3,671","98,55K","-0,85%"
"17/09/2013","3,745","3,741","3,776","3,720","116,54K","0,19%"
"16/09/2013","3,738","3,687","3,749","3,625","116,10K","1,66%"
"13/09/2013","3,677","3,628","3,689","3,603","101,45K","1,07%"
"12/09/2013","3,638","3,558","3,665","3,537","168,47K","1,99%"
"11/09/2013","3,567","3,583","3,618","3,525","122,38K","-0,47%"
"10/09/2013","3,584","3,609","3,629","3,540","101,89K","-0,58%"
"09/09/2013","3,605","3,534","3,621","3,531","89,14K","2,12%"
"06/09/2013","3,530","3,575","3,595","3,517","84,49K","-1,26%"
"05/09/2013","3,575","3,672","3,719","3,562","150,60K","-2,93%"
"04/09/2013","3,683","3,674","3,699","3,640","111,74K","0,46%"
"03/09/2013","3,666","3,601","3,689","3,601","124,21K","-0,01%"
"02/09/2013","3,667","3,658","3,688","3,629","","2,39%"
"30/08/2013","3,581","3,624","3,653","3,566","93,52K","-1,02%"
"29/08/2013","3,618","3,580","3,655","3,510","166,10K","1,43%"
"28/08/2013","3,567","3,542","3,589","3,479","14,65K","0,93%"
"27/08/2013","3,534","3,505","3,547","3,451","57,26K","0,60%"
"26/08/2013","3,513","3,511","3,545","3,476","42,87K","0,80%"
"23/08/2013","3,485","3,545","3,562","3,473","85,91K","-1,69%"
"22/08/2013","3,545","3,470","3,559","3,451","136,26K","2,46%"
"21/08/2013","3,460","3,437","3,495","3,388","83,49K","0,46%"
"20/08/2013","3,444","3,465","3,500","3,431","106,93K","-0,55%"
"19/08/2013","3,463","3,392","3,501","3,385","123,89K","2,82%"
"16/08/2013","3,368","3,425","3,434","3,360","77,07K","-1,49%"
"15/08/2013","3,419","3,341","3,433","3,303","152,29K","2,30%"
"14/08/2013","3,342","3,298","3,376","3,285","152,10K","1,74%"
"13/08/2013","3,285","3,304","3,334","3,262","195,33K","-0,76%"
"12/08/2013","3,310","3,260","3,361","3,244","185,43K","2,48%"
"09/08/2013","3,230","3,320","3,326","3,215","155,39K","-2,03%"
"08/08/2013","3,297","3,237","3,326","3,129","232,57K","1,54%"
"07/08/2013","3,247","3,305","3,318","3,230","177,41K","-2,14%"
"06/08/2013","3,318","3,325","3,357","3,301","75,45K","-0,03%"
"05/08/2013","3,319","3,326","3,361","3,308","75,74K","-0,84%"
"02/08/2013","3,347","3,386","3,407","3,330","78,24K","-1,18%"
"01/08/2013","3,387","3,452","3,454","3,341","152,92K","-1,71%"
"31/07/2013","3,446","3,450","3,472","3,420","81,07K","0,41%"
"30/07/2013","3,432","3,472","3,488","3,418","91,38K","-0,78%"
"29/07/2013","3,459","3,515","3,520","3,413","11,88K","-2,70%"
"26/07/2013","3,555","3,651","3,654","3,548","75,41K","-2,44%"
"25/07/2013","3,644","3,701","3,759","3,640","96,07K","-1,46%"
"24/07/2013","3,698","3,732","3,780","3,689","87,59K","-1,20%"
"23/07/2013","3,743","3,700","3,762","3,659","102,54K","1,79%"
"22/07/2013","3,677","3,750","3,763","3,640","112,71K","-2,96%"
"19/07/2013","3,789","3,813","3,827","3,761","85,92K","-0,60%"
"18/07/2013","3,812","3,623","3,835","3,606","162,49K","5,04%"
"17/07/2013","3,629","3,671","3,683","3,607","107,57K","-1,31%"
"16/07/2013","3,677","3,686","3,718","3,608","107,54K","0,08%"
"15/07/2013","3,674","3,650","3,689","3,546","135,85K","0,82%"
"12/07/2013","3,644","3,614","3,692","3,600","88,91K","0,86%"
"11/07/2013","3,613","3,663","3,702","3,574","136,12K","-1,82%"
"10/07/2013","3,680","3,659","3,787","3,631","104,60K","0,63%"
"09/07/2013","3,657","3,732","3,747","3,626","108,79K","-2,25%"
"08/07/2013","3,741","3,626","3,764","3,612","108,75K","3,43%"
"05/07/2013","3,617","3,690","3,699","3,577","78,01K","-1,35%"
"04/07/2013","3,667","3,697","3,697","3,616","","-0,64%"
"03/07/2013","3,690","3,658","3,700","3,573","100,08K","0,99%"
"02/07/2013","3,654","3,590","3,667","3,567","93,53K","2,15%"
"01/07/2013","3,577","3,547","3,607","3,531","81,76K","0,34%"
"28/06/2013","3,565","3,596","3,618","3,526","112,00K","-0,47%"
"27/06/2013","3,582","3,743","3,757","3,556","178,66K","-3,37%"
"26/06/2013","3,707","3,654","3,728","3,635","19,26K","1,65%"
"25/06/2013","3,647","3,738","3,760","3,645","70,60K","-2,46%"
"24/06/2013","3,739","3,790","3,822","3,725","67,58K","-0,85%"
"21/06/2013","3,771","3,871","3,904","3,764","108,68K","-2,73%"
"20/06/2013","3,877","3,953","3,964","3,835","144,32K","-2,17%"
"19/06/2013","3,963","3,911","3,983","3,906","107,19K","1,49%"
"18/06/2013","3,905","3,902","3,952","3,865","153,82K","0,77%"
"17/06/2013","3,875","3,738","3,913","3,738","137,16K","3,80%"
"14/06/2013","3,733","3,813","3,831","3,729","105,30K","-2,12%"
"13/06/2013","3,814","3,773","3,850","3,715","193,61K","0,98%"
"12/06/2013","3,777","3,725","3,789","3,710","158,31K","1,42%"
"11/06/2013","3,724","3,793","3,803","3,716","157,30K","-2,00%"
"10/06/2013","3,800","3,848","3,868","3,779","142,65K","-0,73%"
"07/06/2013","3,828","3,846","3,869","3,814","142,06K","0,03%"
"06/06/2013","3,827","3,997","4,002","3,824","179,67K","-4,35%"
"05/06/2013","4,001","4,000","4,027","3,975","90,19K","0,08%"
"04/06/2013","3,998","3,988","4,033","3,965","82,00K","0,18%"
"03/06/2013","3,991","3,963","4,040","3,951","95,62K","0,18%"
"31/05/2013","3,984","4,032","4,064","3,981","110,72K","-0,97%"
"30/05/2013","4,023","4,177","4,184","4,011","137,12K","-3,01%"
"29/05/2013","4,148","4,167","4,179","4,071","15,77K","-0,62%"
"28/05/2013","4,174","4,223","4,308","4,130","83,21K","-3,21%"
"27/05/2013","4,313","4,253","4,358","4,253","","1,78%"
"24/05/2013","4,237","4,262","4,295","4,216","55,98K","-0,56%"
"23/05/2013","4,261","4,181","4,269","4,159","147,27K","1,79%"
"22/05/2013","4,186","4,190","4,228","4,155","94,18K","-0,14%"
"21/05/2013","4,192","4,087","4,210","4,078","104,31K","2,49%"
"20/05/2013","4,090","4,089","4,159","4,063","117,09K","0,86%"
"17/05/2013","4,055","3,942","4,096","3,915","143,87K","3,13%"
"16/05/2013","3,932","4,095","4,095","3,912","162,30K","-3,39%"
"15/05/2013","4,070","4,018","4,078","4,011","98,30K","1,14%"
"14/05/2013","4,024","3,942","4,030","3,923","105,37K","2,52%"
"13/05/2013","3,925","3,897","3,977","3,886","102,67K","0,38%"
"10/05/2013","3,910","3,967","4,010","3,898","108,25K","-1,83%"
"09/05/2013","3,983","3,976","4,020","3,883","151,47K","0,13%"
"08/05/2013","3,978","3,915","3,989","3,895","90,79K","1,48%"
"07/05/2013","3,920","4,000","4,005","3,916","124,06K","-2,27%"
"06/05/2013","4,011","4,012","4,056","3,971","103,08K","-0,74%"
"03/05/2013","4,041","4,043","4,070","3,977","120,22K","0,40%"
"02/05/2013","4,025","4,313","4,364","4,017","245,32K","-6,96%"
"01/05/2013","4,326","4,340","4,444","4,310","165,59K","-0,39%"
"30/04/2013","4,343","4,378","4,397","4,322","133,91K","-1,12%"
"29/04/2013","4,392","4,233","4,395","4,225","130,68K","5,78%"
"26/04/2013","4,152","4,159","4,196","4,062","","-0,36%"
"25/04/2013","4,167","4,170","4,251","4,141","81,50K","0,02%"
"24/04/2013","4,166","4,233","4,276","4,162","84,61K","-1,70%"
"23/04/2013","4,238","4,257","4,319","4,218","138,48K","-0,68%"
"22/04/2013","4,267","4,390","4,397","4,251","125,56K","-3,20%"
"19/04/2013","4,408","4,418","4,420","4,363","100,57K","0,16%"
"18/04/2013","4,401","4,203","4,429","4,172","233,94K","4,44%"
"17/04/2013","4,214","4,194","4,244","4,146","130,01K","1,30%"
"16/04/2013","4,160","4,128","4,200","4,084","154,42K","0,56%"
"15/04/2013","4,137","4,227","4,290","4,116","153,06K","-2,01%"
"12/04/2013","4,222","4,175","4,264","4,151","152,67K","2,01%"
"11/04/2013","4,139","4,102","4,185","4,047","225,71K","1,32%"
"10/04/2013","4,085","4,032","4,161","4,025","241,92K","1,69%"
"09/04/2013","4,017","4,085","4,104","4,004","167,73K","-1,59%"
"08/04/2013","4,082","4,163","4,180","4,045","250,95K","-1,04%"
"05/04/2013","4,125","3,947","4,146","3,930","311,66K","4,51%"
"04/04/2013","3,947","3,904","3,976","3,861","190,16K","1,21%"
"03/04/2013","3,900","3,959","3,985","3,897","143,32K","-1,74%"
"02/04/2013","3,969","4,031","4,044","3,943","156,39K","-1,15%"
"01/04/2013","4,015","3,969","4,044","3,934","145,34K","-0,22%"
"28/03/2013","4,024","4,091","4,121","3,973","205,18K","-1,08%"
"27/03/2013","4,068","3,999","4,103","3,983","172,87K","2,31%"
"26/03/2013","3,976","3,875","3,991","3,862","19,44K","2,87%"
"25/03/2013","3,865","3,943","3,996","3,860","63,31K","-1,58%"
"22/03/2013","3,927","3,930","4,006","3,913","77,78K","-0,20%"
"21/03/2013","3,935","3,950","4,025","3,891","208,09K","-0,63%"
"20/03/2013","3,960","3,967","3,976","3,885","143,37K","-0,23%"
"19/03/2013","3,969","3,882","3,973","3,869","140,41K","2,24%"
"18/03/2013","3,882","3,907","3,965","3,858","157,79K","0,26%"
"15/03/2013","3,872","3,825","3,924","3,821","194,78K","1,57%"
"14/03/2013","3,812","3,686","3,834","3,679","232,98K","3,59%"
"13/03/2013","3,680","3,637","3,696","3,623","98,48K","0,96%"
"12/03/2013","3,645","3,640","3,676","3,620","140,33K","-0,11%"
"11/03/2013","3,649","3,636","3,652","3,590","96,73K","0,55%"
"08/03/2013","3,629","3,585","3,635","3,565","111,06K","1,31%"
"07/03/2013","3,582","3,472","3,603","3,463","189,15K","3,23%"
"06/03/2013","3,470","3,523","3,550","3,462","107,86K","-1,67%"
"05/03/2013","3,529","3,535","3,594","3,511","148,09K","0,00%"
"04/03/2013","3,529","3,469","3,540","3,408","127,15K","2,11%"
"01/03/2013","3,456","3,491","3,520","3,440","118,03K","-0,86%"
"28/02/2013","3,486","3,418","3,508","3,395","148,12K","1,51%"
"27/02/2013","3,434","3,449","3,554","3,406","173,67K","0,20%"
"26/02/2013","3,427","3,416","3,455","3,386","14,83K","0,38%"
"25/02/2013","3,414","3,320","3,425","3,320","83,31K","3,74%"
"22/02/2013","3,291","3,241","3,294","3,231","59,31K","1,39%"
"21/02/2013","3,246","3,268","3,337","3,231","174,16K","-1,01%"
"20/02/2013","3,279","3,271","3,313","3,257","123,63K","0,21%"
"19/02/2013","3,272","3,166","3,279","3,135","146,33K","3,77%"
"15/02/2013","3,153","3,170","3,194","3,125","126,94K","-0,32%"
"14/02/2013","3,163","3,297","3,309","3,135","211,04K","-4,33%"
"13/02/2013","3,306","3,241","3,323","3,230","182,65K","2,35%"
"12/02/2013","3,230","3,280","3,314","3,223","180,04K","-1,49%"
"11/02/2013","3,279","3,260","3,295","3,207","163,31K","0,21%"
"08/02/2013","3,272","3,295","3,327","3,256","148,42K","-0,40%"
"07/02/2013","3,285","3,439","3,453","3,282","215,01K","-3,89%"
"06/02/2013","3,418","3,424","3,459","3,398","129,24K","0,56%"
"05/02/2013","3,399","3,330","3,427","3,318","107,59K","2,53%"
"04/02/2013","3,315","3,313","3,354","3,259","91,49K","0,42%"
"01/02/2013","3,301","3,328","3,387","3,278","126,84K","-1,14%"
"31/01/2013","3,339","3,335","3,395","3,243","212,22K","0,12%"
"30/01/2013","3,335","3,262","3,344","3,261","113,31K","3,38%"
"29/01/2013","3,226","3,273","3,275","3,207","13,35K","-1,92%"
"28/01/2013","3,289","3,392","3,396","3,267","72,42K","-4,50%"
"25/01/2013","3,444","3,452","3,480","3,411","69,91K","-0,06%"
"24/01/2013","3,446","3,570","3,592","3,441","165,77K","-3,04%"
"23/01/2013","3,554","3,573","3,596","3,512","101,49K","-0,11%"
"22/01/2013","3,558","3,572","3,645","3,505","165,80K","-0,22%"
"18/01/2013","3,566","3,485","3,579","3,473","113,08K","2,06%"
"17/01/2013","3,494","3,435","3,529","3,380","181,82K","1,72%"
"16/01/2013","3,435","3,445","3,457","3,364","148,73K","-0,58%"
"15/01/2013","3,455","3,383","3,464","3,328","174,19K","2,43%"
"14/01/2013","3,373","3,379","3,411","3,337","134,65K","1,38%"
"11/01/2013","3,327","3,193","3,341","3,178","163,03K","4,20%"
"10/01/2013","3,193","3,130","3,211","3,108","141,55K","2,57%"
"09/01/2013","3,113","3,218","3,227","3,087","133,81K","-3,26%"
"08/01/2013","3,218","3,276","3,281","3,201","105,51K","-1,47%"
"07/01/2013","3,266","3,277","3,352","3,238","79,34K","-0,64%"
"04/01/2013","3,287","3,198","3,299","3,193","108,56K","2,78%"
"03/01/2013","3,198","3,231","3,236","3,164","91,04K","-1,08%"
"02/01/2013","3,233","3,348","3,358","3,050","137,08K","-3,52%"
"31/12/2012","3,351","3,455","3,481","3,341","62,81K","-3,40%"
"28/12/2012","3,469","3,412","3,487","3,360","59,23K","3,43%"
"27/12/2012","3,354","3,352","3,380","3,317","12,62K","-1,12%"
"26/12/2012","3,392","3,330","3,408","3,300","48,44K","1,37%"
"24/12/2012","3,346","3,461","3,461","3,331","30,89K","-3,04%"
"21/12/2012","3,451","3,447","3,508","3,425","96,19K","-0,32%"
"20/12/2012","3,462","3,337","3,467","3,316","141,49K","4,28%"
"19/12/2012","3,320","3,399","3,414","3,284","118,17K","-2,87%"
"18/12/2012","3,418","3,350","3,450","3,336","125,24K","1,79%"
"17/12/2012","3,358","3,299","3,395","3,277","135,76K","1,33%"
"14/12/2012","3,314","3,339","3,363","3,261","147,82K","-0,99%"
"13/12/2012","3,347","3,395","3,407","3,293","228,08K","-1,03%"
"12/12/2012","3,382","3,423","3,447","3,366","187,10K","-0,88%"
"11/12/2012","3,412","3,426","3,494","3,391","181,13K","-1,39%"
"10/12/2012","3,460","3,519","3,520","3,415","190,00K","-2,56%"
"07/12/2012","3,551","3,640","3,684","3,539","164,02K","-3,14%"
"06/12/2012","3,666","3,690","3,748","3,614","183,56K","-0,92%"
"05/12/2012","3,700","3,547","3,719","3,507","148,13K","4,55%"
"04/12/2012","3,539","3,611","3,611","3,525","103,43K","-1,45%"
"03/12/2012","3,591","3,553","3,643","3,526","135,67K","0,84%"
"30/11/2012","3,561","3,649","3,679","3,546","149,08K","-2,38%"
"29/11/2012","3,648","3,807","3,815","3,637","159,98K","-1,30%"
"28/11/2012","3,696","3,761","3,769","3,626","19,48K","-1,94%"
"27/11/2012","3,769","3,745","3,774","3,710","73,62K","1,05%"
"26/11/2012","3,730","3,864","3,868","3,704","85,88K","-4,38%"
"23/11/2012","3,901","3,902","3,933","3,830","50,25K","-0,05%"
"21/11/2012","3,903","3,835","3,910","3,786","134,41K","1,85%"
"20/11/2012","3,832","3,730","3,842","3,725","93,27K","3,04%"
"19/11/2012","3,719","3,798","3,835","3,710","120,00K","-1,87%"
"16/11/2012","3,790","3,715","3,803","3,662","114,88K","2,35%"
"15/11/2012","3,703","3,760","3,830","3,680","162,22K","-1,52%"
"14/11/2012","3,760","3,783","3,827","3,724","137,20K","0,56%"
"13/11/2012","3,739","3,570","3,775","3,560","163,02K","4,73%"
"12/11/2012","3,570","3,496","3,596","3,470","96,81K","1,91%"
"09/11/2012","3,503","3,590","3,617","3,482","112,68K","-2,91%"
"08/11/2012","3,608","3,572","3,613","3,518","121,69K","0,84%"
"07/11/2012","3,578","3,614","3,617","3,555","86,33K","-1,08%"
"06/11/2012","3,617","3,568","3,620","3,513","94,31K","1,77%"
"05/11/2012","3,554","3,533","3,588","3,506","85,74K","0,00%"
"02/11/2012","3,554","3,675","3,693","3,532","128,74K","-3,92%"
"01/11/2012","3,699","3,692","3,742","3,653","106,55K","0,19%"
"31/10/2012","3,692","3,695","3,778","3,680","100,04K","0,03%"
"30/10/2012","3,691","3,801","3,820","3,650","80,33K","6,34%"
"29/10/2012","3,471","3,360","3,500","3,360","14,96K","2,09%"
"26/10/2012","3,400","3,424","3,442","3,355","63,56K","-0,99%"
"25/10/2012","3,434","3,442","3,480","3,360","114,70K","-0,46%"
"24/10/2012","3,450","3,523","3,561","3,429","114,25K","-2,40%"
"23/10/2012","3,535","3,444","3,559","3,437","126,48K","2,40%"
"22/10/2012","3,452","3,617","3,648","3,426","173,39K","-4,56%"
"19/10/2012","3,617","3,584","3,647","3,559","122,78K","0,84%"
"18/10/2012","3,587","3,478","3,591","3,401","205,53K","3,37%"
"17/10/2012","3,470","3,442","3,500","3,398","156,50K","0,96%"
"16/10/2012","3,437","3,490","3,519","3,408","186,12K","-1,41%"
"15/10/2012","3,486","3,593","3,600","3,447","154,52K","-3,46%"
"12/10/2012","3,611","3,611","3,638","3,563","136,67K","0,19%"
"11/10/2012","3,604","3,483","3,634","3,468","293,22K","3,71%"
"10/10/2012","3,475","3,473","3,514","3,431","211,27K","0,23%"
"09/10/2012","3,467","3,414","3,515","3,346","208,35K","1,88%"
"08/10/2012","3,403","3,380","3,431","3,327","143,43K","0,21%"
"05/10/2012","3,396","3,407","3,435","3,337","174,99K","-0,29%"
"04/10/2012","3,406","3,393","3,464","3,360","186,18K","0,32%"
"03/10/2012","3,395","3,520","3,526","3,348","176,28K","-3,85%"
"02/10/2012","3,531","3,483","3,546","3,398","194,78K","1,47%"
"01/10/2012","3,480","3,325","3,486","3,325","210,25K","4,82%"
"28/09/2012","3,320","3,285","3,330","3,248","169,81K","0,70%"
"27/09/2012","3,297","3,200","3,318","3,188","222,37K","9,06%"
"26/09/2012","3,023","2,942","3,046","2,927","16,18K","3,39%"
"25/09/2012","2,924","2,850","2,954","2,843","82,61K","3,07%"
"24/09/2012","2,837","2,900","2,903","2,814","77,63K","-1,66%"
"21/09/2012","2,885","2,809","2,901","2,790","141,85K","3,15%"
"20/09/2012","2,797","2,777","2,821","2,747","161,15K","1,27%"
"19/09/2012","2,762","2,774","2,855","2,737","161,16K","-0,40%"
"18/09/2012","2,773","2,875","2,916","2,755","174,55K","-3,21%"
"17/09/2012","2,865","2,929","2,983","2,856","110,15K","-2,65%"
"14/09/2012","2,943","3,036","3,062","2,920","144,32K","-3,10%"
"13/09/2012","3,037","3,063","3,070","2,960","196,95K","-0,85%"
"12/09/2012","3,063","3,001","3,068","2,950","197,44K","2,37%"
"11/09/2012","2,992","2,842","3,009","2,802","257,93K","6,40%"
"10/09/2012","2,812","2,659","2,847","2,647","141,36K","4,85%"
"07/09/2012","2,682","2,747","2,765","2,666","145,91K","-3,39%"
"06/09/2012","2,776","2,799","2,866","2,742","158,02K","-0,68%"
"05/09/2012","2,795","2,850","2,869","2,780","120,27K","-2,07%"
"04/09/2012","2,854","2,806","2,888","2,762","126,23K","1,96%"
"31/08/2012","2,799","2,760","2,808","2,707","116,40K","1,86%"
"30/08/2012","2,748","2,692","2,767","2,637","159,24K","4,33%"
"29/08/2012","2,634","2,616","2,646","2,575","13,32K","0,77%"
"28/08/2012","2,614","2,663","2,677","2,603","81,52K","-1,47%"
"27/08/2012","2,653","2,768","2,768","2,640","83,44K","-1,81%"
"24/08/2012","2,702","2,833","2,877","2,695","120,49K","-3,57%"
"23/08/2012","2,802","2,844","2,859","2,682","194,03K","-0,85%"
"22/08/2012","2,826","2,830","2,863","2,772","128,63K","1,84%"
"21/08/2012","2,775","2,767","2,837","2,700","162,80K","-0,04%"
"20/08/2012","2,776","2,715","2,785","2,686","108,93K","2,10%"
"17/08/2012","2,719","2,710","2,757","2,688","86,27K","-0,18%"
"16/08/2012","2,724","2,765","2,840","2,685","189,45K","-0,87%"
"15/08/2012","2,748","2,834","2,840","2,740","135,69K","-3,03%"
"14/08/2012","2,834","2,747","2,848","2,730","138,48K","3,85%"
"13/08/2012","2,729","2,770","2,790","2,715","159,45K","-1,48%"
"10/08/2012","2,770","2,931","2,943","2,760","208,07K","-5,94%"
"09/08/2012","2,945","2,931","3,120","2,876","302,09K","0,41%"
"08/08/2012","2,933","2,959","2,987","2,897","155,70K","-1,05%"
"07/08/2012","2,964","2,919","2,995","2,882","169,99K","1,93%"
"06/08/2012","2,908","2,841","2,938","2,801","105,25K","1,08%"
"03/08/2012","2,877","2,918","2,955","2,840","111,17K","-1,47%"
"02/08/2012","2,920","3,156","3,171","2,912","198,97K","-7,92%"
"01/08/2012","3,171","3,217","3,241","3,123","180,21K","-1,18%"
"31/07/2012","3,209","3,220","3,277","3,157","180,49K","-0,16%"
"30/07/2012","3,214","3,030","3,231","3,030","157,18K","6,78%"
"27/07/2012","3,010","3,103","3,110","2,990","12,09K","-3,06%"
"26/07/2012","3,105","3,062","3,129","3,018","75,17K","1,14%"
"25/07/2012","3,070","3,174","3,178","3,050","102,42K","-3,67%"
"24/07/2012","3,187","3,117","3,196","3,084","121,99K","2,25%"
"23/07/2012","3,117","3,083","3,130","2,991","118,12K","1,17%"
"20/07/2012","3,081","3,031","3,096","2,984","140,98K","2,73%"
"19/07/2012","2,999","2,975","3,045","2,925","169,96K","0,87%"
"18/07/2012","2,973","2,791","3,020","2,777","200,46K","6,33%"
"17/07/2012","2,796","2,816","2,846","2,720","114,20K","-0,18%"
"16/07/2012","2,801","2,875","2,915","2,781","113,68K","-2,54%"
"13/07/2012","2,874","2,878","2,911","2,829","96,35K","0,00%"
"12/07/2012","2,874","2,853","2,920","2,720","211,34K","0,74%"
"11/07/2012","2,853","2,747","2,862","2,718","113,53K","4,24%"
"10/07/2012","2,737","2,880","2,915","2,734","151,16K","-5,06%"
"09/07/2012","2,883","2,781","2,896","2,776","119,25K","3,85%"
"06/07/2012","2,776","2,949","3,060","2,753","211,27K","-5,74%"
"05/07/2012","2,945","2,900","2,957","2,885","102,57K","1,59%"
"03/07/2012","2,899","2,844","2,902","2,786","106,02K","2,66%"
"02/07/2012","2,824","2,804","2,855","2,742","99,49K","0,00%"
"29/06/2012","2,824","2,761","2,832","2,716","150,84K","3,75%"
"28/06/2012","2,722","2,765","2,846","2,659","174,56K","-1,87%"
"27/06/2012","2,774","2,787","2,946","2,735","15,40K","0,25%"
"26/06/2012","2,767","2,669","2,786","2,648","89,92K","2,71%"
"25/06/2012","2,694","2,660","2,731","2,644","95,05K","2,63%"
"22/06/2012","2,625","2,582","2,664","2,542","133,46K","1,67%"
"21/06/2012","2,582","2,525","2,638","2,505","178,97K","2,58%"
"20/06/2012","2,517","2,559","2,679","2,503","150,63K","-1,10%"
"19/06/2012","2,545","2,654","2,671","2,506","146,05K","-3,42%"
"18/06/2012","2,635","2,467","2,658","2,459","190,17K","6,81%"
"15/06/2012","2,467","2,526","2,557","2,444","152,81K","-1,12%"
"14/06/2012","2,495","2,197","2,531","2,168","271,77K","14,19%"
"13/06/2012","2,185","2,212","2,229","2,182","148,06K","-2,11%"
"12/06/2012","2,232","2,206","2,272","2,173","162,84K","0,63%"
"11/06/2012","2,218","2,262","2,285","2,198","129,15K","-3,52%"
"08/06/2012","2,299","2,276","2,323","2,231","147,44K","1,10%"
"07/06/2012","2,274","2,421","2,439","2,263","206,51K","-6,07%"
"06/06/2012","2,421","2,446","2,487","2,397","135,44K","-1,02%"
"05/06/2012","2,446","2,429","2,477","2,383","134,95K","1,28%"
"04/06/2012","2,415","2,330","2,440","2,318","133,54K","3,83%"
"01/06/2012","2,326","2,408","2,415","2,313","149,92K","-3,96%"
"31/05/2012","2,422","2,450","2,498","2,377","207,54K","0,17%"
"30/05/2012","2,418","2,498","2,508","2,393","139,18K","-0,45%"
"29/05/2012","2,429","2,547","2,560","2,399","15,29K","-5,41%"
"25/05/2012","2,568","2,642","2,654","2,523","95,00K","-2,98%"
"24/05/2012","2,647","2,729","2,750","2,628","116,71K","-3,29%"
"23/05/2012","2,737","2,691","2,747","2,615","157,33K","1,11%"
"22/05/2012","2,707","2,642","2,728","2,579","161,08K","3,76%"
"21/05/2012","2,609","2,722","2,743","2,589","146,05K","-4,85%"
"18/05/2012","2,742","2,633","2,759","2,606","166,69K","5,71%"
"17/05/2012","2,594","2,625","2,676","2,507","192,08K","-0,92%"
"16/05/2012","2,618","2,520","2,638","2,489","159,85K","4,72%"
"15/05/2012","2,500","2,417","2,525","2,387","132,51K","2,84%"
"14/05/2012","2,431","2,493","2,520","2,414","109,21K","-3,11%"
"11/05/2012","2,509","2,467","2,531","2,455","126,38K","0,88%"
"10/05/2012","2,487","2,463","2,519","2,407","193,21K","0,89%"
"09/05/2012","2,465","2,440","2,509","2,402","186,41K","3,01%"
"08/05/2012","2,393","2,323","2,461","2,276","159,77K","2,44%"
"07/05/2012","2,336","2,277","2,358","2,273","90,61K","2,50%"
"04/05/2012","2,279","2,340","2,373","2,261","137,31K","-2,61%"
"03/05/2012","2,340","2,260","2,380","2,253","160,94K","3,86%"
"02/05/2012","2,253","2,371","2,384","2,236","166,59K","-4,98%"
"01/05/2012","2,371","2,311","2,385","2,293","161,95K","3,76%"
"30/04/2012","2,285","2,190","2,320","2,150","150,39K","4,53%"
"27/04/2012","2,186","2,126","2,198","2,107","109,06K","7,37%"
"26/04/2012","2,036","2,094","2,187","1,999","17,16K","-1,55%"
"25/04/2012","2,068","1,984","2,090","1,971","68,55K","4,71%"
"24/04/2012","1,975","2,011","2,028","1,970","66,74K","-1,59%"
"23/04/2012","2,007","1,937","2,022","1,921","144,18K","4,15%"
"20/04/2012","1,927","1,904","1,935","1,902","83,72K","1,05%"
"19/04/2012","1,907","1,949","1,971","1,902","125,32K","-2,26%"
"18/04/2012","1,951","1,950","1,988","1,940","99,95K","0,00%"
"17/04/2012","1,951","2,008","2,016","1,947","113,74K","-3,22%"
"16/04/2012","2,016","1,986","2,030","1,976","133,53K","1,77%"
"13/04/2012","1,981","1,982","1,999","1,959","145,88K","-0,10%"
"12/04/2012","1,983","1,976","2,069","1,971","233,10K","-0,05%"
"11/04/2012","1,984","2,023","2,049","1,972","163,94K","-2,31%"
"10/04/2012","2,031","2,111","2,126","2,024","147,61K","-3,61%"
"09/04/2012","2,107","2,103","2,117","2,061","129,37K","0,86%"
"05/04/2012","2,089","2,137","2,159","2,084","152,78K","-2,43%"
"04/04/2012","2,141","2,171","2,198","2,130","99,97K","-2,10%"
"03/04/2012","2,187","2,146","2,204","2,117","123,04K","1,63%"
"02/04/2012","2,152","2,122","2,163","2,069","130,25K","1,22%"
"30/03/2012","2,126","2,166","2,172","2,101","127,07K","-1,07%"
"29/03/2012","2,149","2,267","2,277","2,132","161,71K","-1,92%"
"28/03/2012","2,191","2,196","2,210","2,163","11,25K","-0,77%"
"27/03/2012","2,208","2,217","2,238","2,176","74,74K","-0,81%"
"26/03/2012","2,226","2,286","2,318","2,213","64,98K","-2,15%"
"23/03/2012","2,275","2,266","2,325","2,261","102,97K","0,26%"
"22/03/2012","2,269","2,342","2,380","2,250","155,47K","-3,86%"
"21/03/2012","2,360","2,329","2,366","2,303","95,48K","1,07%"
"20/03/2012","2,335","2,339","2,369","2,318","96,07K","-0,68%"
"19/03/2012","2,351","2,322","2,393","2,285","132,74K","1,07%"
"16/03/2012","2,326","2,267","2,362","2,246","127,34K","2,06%"
"15/03/2012","2,279","2,275","2,334","2,234","132,65K","-0,22%"
"14/03/2012","2,284","2,329","2,344","2,245","141,16K","-0,65%"
"13/03/2012","2,299","2,270","2,338","2,204","133,10K","1,32%"
"12/03/2012","2,269","2,272","2,290","2,235","90,53K","-2,37%"
"09/03/2012","2,324","2,297","2,327","2,260","104,34K","2,29%"
"08/03/2012","2,272","2,305","2,335","2,235","142,80K","-1,30%"
"07/03/2012","2,302","2,341","2,343","2,281","124,63K","-2,29%"
"06/03/2012","2,356","2,355","2,395","2,339","94,16K","0,04%"
"05/03/2012","2,355","2,401","2,441","2,349","101,53K","-5,19%"
"02/03/2012","2,484","2,472","2,505","2,461","85,42K","0,85%"
"01/03/2012","2,463","2,593","2,597","2,444","166,26K","-5,85%"
"29/02/2012","2,616","2,539","2,625","2,502","156,55K","3,85%"
"28/02/2012","2,519","2,598","2,624","2,511","122,33K","2,98%"
"27/02/2012","2,446","2,523","2,589","2,436","15,62K","-4,08%"
"24/02/2012","2,550","2,613","2,635","2,512","79,01K","-2,71%"
"23/02/2012","2,621","2,664","2,695","2,565","110,20K","-0,83%"
"22/02/2012","2,643","2,637","2,668","2,532","122,55K","0,65%"
"21/02/2012","2,626","2,659","2,673","2,575","136,05K","-2,16%"
"17/02/2012","2,684","2,556","2,733","2,527","160,54K","4,56%"
"16/02/2012","2,567","2,436","2,577","2,415","201,17K","5,86%"
"15/02/2012","2,425","2,550","2,567","2,404","180,89K","-4,23%"
"14/02/2012","2,532","2,441","2,569","2,434","188,37K","4,15%"
"13/02/2012","2,431","2,448","2,470","2,395","195,21K","-1,86%"
"10/02/2012","2,477","2,481","2,528","2,451","156,96K","0,00%"
"09/02/2012","2,477","2,444","2,585","2,405","256,96K","1,18%"
"08/02/2012","2,448","2,492","2,508","2,390","180,78K","-0,97%"
"07/02/2012","2,472","2,574","2,618","2,452","224,08K","-3,06%"
"06/02/2012","2,550","2,503","2,587","2,447","147,66K","2,04%"
"03/02/2012","2,499","2,558","2,560","2,450","159,59K","-2,15%"
"02/02/2012","2,554","2,375","2,587","2,340","249,78K","7,22%"
"01/02/2012","2,382","2,465","2,471","2,355","190,34K","-4,83%"
"31/01/2012","2,503","2,689","2,689","2,453","215,16K","-7,74%"
"30/01/2012","2,713","2,810","2,844","2,640","156,09K","1,31%"
"27/01/2012","2,678","2,580","2,700","2,560","200,14K","2,80%"
"26/01/2012","2,605","2,760","2,803","2,553","91,91K","-4,54%"
"25/01/2012","2,729","2,572","2,776","2,571","158,86K","6,85%"
"24/01/2012","2,554","2,577","2,650","2,512","210,66K","1,15%"
"23/01/2012","2,525","2,270","2,619","2,231","259,77K","7,77%"
"20/01/2012","2,343","2,306","2,367","2,283","133,82K","0,90%"
"19/01/2012","2,322","2,482","2,485","2,293","159,16K","-6,07%"
"18/01/2012","2,472","2,485","2,542","2,452","127,93K","-0,64%"
"17/01/2012","2,488","2,569","2,587","2,439","199,11K","-6,82%"
"13/01/2012","2,670","2,705","2,711","2,621","118,53K","-1,00%"
"12/01/2012","2,697","2,761","2,772","2,663","157,65K","-2,78%"
"11/01/2012","2,774","2,923","2,929","2,741","167,96K","-5,68%"
"10/01/2012","2,941","3,014","3,045","2,903","134,79K","-2,32%"
"09/01/2012","3,011","3,011","3,032","2,977","107,25K","-1,67%"
"06/01/2012","3,062","2,960","3,077","2,955","115,52K","2,75%"
"05/01/2012","2,980","3,122","3,123","2,947","163,14K","-3,75%"
"04/01/2012","3,096","2,978","3,123","2,975","133,51K","3,44%"
"03/01/2012","2,993","2,969","3,074","2,936","106,19K","0,13%"
"30/12/2011","2,989","3,020","3,042","2,957","60,19K","-1,26%"
"29/12/2011","3,027","3,139","3,148","3,001","87,07K","-1,85%"
"28/12/2011","3,084","3,102","3,140","3,065","15,64K","-0,90%"
"27/12/2011","3,112","3,106","3,181","3,078","55,02K","-0,06%"
"23/12/2011","3,114","3,158","3,169","3,101","39,81K","-1,74%"
"22/12/2011","3,169","3,168","3,201","3,100","112,26K","0,44%"
"21/12/2011","3,155","3,135","3,192","3,095","102,37K","0,86%"
"20/12/2011","3,128","3,117","3,150","3,086","91,18K","1,03%"
"19/12/2011","3,096","3,093","3,120","3,050","89,38K","-0,99%"
"16/12/2011","3,127","3,124","3,173","3,084","103,93K","0,00%"
"15/12/2011","3,127","3,141","3,204","3,100","139,65K","-0,29%"
"14/12/2011","3,136","3,285","3,287","3,126","145,44K","-4,36%"
"13/12/2011","3,279","3,247","3,299","3,231","145,95K","0,77%"
"12/12/2011","3,254","3,253","3,271","3,217","128,73K","-1,90%"
"09/12/2011","3,317","3,435","3,441","3,309","173,35K","-4,05%"
"08/12/2011","3,457","3,422","3,550","3,410","171,87K","1,05%"
"07/12/2011","3,421","3,497","3,504","3,409","138,85K","-1,89%"
"06/12/2011","3,487","3,463","3,507","3,405","122,83K","0,75%"
"05/12/2011","3,461","3,570","3,572","3,444","114,25K","-3,43%"
"02/12/2011","3,584","3,644","3,663","3,568","84,30K","-1,75%"
"01/12/2011","3,648","3,575","3,689","3,541","175,65K","2,76%"
"30/11/2011","3,550","3,627","3,639","3,540","126,80K","-2,28%"
"29/11/2011","3,633","3,552","3,640","3,525","128,91K","8,00%"
"28/11/2011","3,364","3,529","3,580","3,351","16,85K","-5,03%"
"25/11/2011","3,542","3,481","3,549","3,415","14,61K","2,37%"
"23/11/2011","3,460","3,408","3,483","3,352","116,33K","1,32%"
"22/11/2011","3,415","3,404","3,455","3,362","100,40K","0,47%"
"21/11/2011","3,399","3,329","3,440","3,285","146,59K","2,50%"
"18/11/2011","3,316","3,439","3,444","3,285","148,71K","-2,76%"
"17/11/2011","3,410","3,343","3,479","3,325","169,14K","1,97%"
"16/11/2011","3,344","3,407","3,439","3,326","135,13K","-1,76%"
"15/11/2011","3,404","3,445","3,483","3,390","136,95K","-1,56%"
"14/11/2011","3,458","3,540","3,553","3,441","127,73K","-3,52%"
"11/11/2011","3,584","3,631","3,659","3,557","101,20K","-1,78%"
"10/11/2011","3,649","3,658","3,708","3,612","101,71K","-0,08%"
"09/11/2011","3,652","3,760","3,763","3,648","122,32K","-2,48%"
"08/11/2011","3,745","3,704","3,769","3,656","95,15K","1,33%"
"07/11/2011","3,696","3,764","3,765","3,652","125,62K","-2,30%"
"04/11/2011","3,783","3,807","3,847","3,769","112,54K","0,13%"
"03/11/2011","3,778","3,760","3,863","3,741","157,40K","0,77%"
"02/11/2011","3,749","3,772","3,804","3,730","79,84K","-0,85%"
"01/11/2011","3,781","3,932","3,955","3,760","142,83K","-3,89%"
"31/10/2011","3,934","3,930","3,978","3,852","88,20K","0,28%"
"28/10/2011","3,923","3,775","3,940","3,771","167,62K","11,32%"
"27/10/2011","3,524","3,590","3,600","3,495","22,98K","-1,84%"
"26/10/2011","3,590","3,660","3,693","3,564","70,47K","-1,86%"
"25/10/2011","3,658","3,601","3,700","3,581","88,39K","1,50%"
"24/10/2011","3,604","3,635","3,678","3,591","90,02K","-0,69%"
"21/10/2011","3,629","3,621","3,651","3,549","105,57K","-0,03%"
"20/10/2011","3,630","3,605","3,724","3,571","197,52K","1,23%"
"19/10/2011","3,586","3,550","3,635","3,536","119,83K","0,93%"
"18/10/2011","3,553","3,688","3,698","3,532","126,31K","-3,66%"
"17/10/2011","3,688","3,730","3,777","3,641","149,91K","-0,41%"
"14/10/2011","3,703","3,539","3,743","3,512","188,08K","4,87%"
"13/10/2011","3,531","3,482","3,559","3,446","173,57K","1,20%"
"12/10/2011","3,489","3,609","3,630","3,480","192,41K","-3,51%"
"11/10/2011","3,616","3,562","3,627","3,513","190,17K","2,12%"
"10/10/2011","3,541","3,486","3,568","3,455","139,11K","1,72%"
"07/10/2011","3,481","3,595","3,600","3,470","161,20K","-3,25%"
"06/10/2011","3,598","3,565","3,640","3,512","154,57K","0,78%"
"05/10/2011","3,570","3,654","3,692","3,553","108,17K","-1,87%"
"04/10/2011","3,638","3,607","3,665","3,591","91,15K","0,58%"
"03/10/2011","3,617","3,643","3,699","3,591","114,84K","-1,34%"
"30/09/2011","3,666","3,755","3,792","3,651","119,83K","-2,16%"
"29/09/2011","3,747","3,793","3,837","3,685","160,16K","-0,32%"
"28/09/2011","3,759","3,805","3,826","3,741","15,60K","-1,78%"
"27/09/2011","3,827","3,786","3,853","3,773","74,28K","1,19%"
"26/09/2011","3,782","3,701","3,803","3,680","68,56K","2,19%"
"23/09/2011","3,701","3,711","3,755","3,693","74,04K","-0,11%"
"22/09/2011","3,705","3,722","3,760","3,662","126,91K","-0,67%"
"21/09/2011","3,730","3,781","3,799","3,710","109,66K","-1,79%"
"20/09/2011","3,798","3,830","3,859","3,775","85,30K","-0,81%"
"19/09/2011","3,829","3,776","3,847","3,743","113,72K","0,53%"
"16/09/2011","3,809","3,882","3,895","3,791","146,76K","-1,78%"
"15/09/2011","3,878","4,042","4,080","3,875","188,89K","-3,99%"
"14/09/2011","4,039","3,990","4,099","3,955","145,90K","1,48%"
"13/09/2011","3,980","3,905","4,018","3,870","144,77K","2,45%"
"12/09/2011","3,885","3,900","3,925","3,826","103,18K","-0,77%"
"09/09/2011","3,915","3,977","3,989","3,885","120,63K","-1,63%"
"08/09/2011","3,980","3,942","4,029","3,920","135,09K","1,02%"
"07/09/2011","3,940","3,925","4,038","3,900","148,74K","0,05%"
"06/09/2011","3,938","3,882","3,950","3,851","107,03K","1,70%"
"02/09/2011","3,872","4,050","4,065","3,850","127,81K","-4,40%"
"01/09/2011","4,050","4,060","4,130","3,970","153,28K","-0,10%"
"31/08/2011","4,054","3,909","4,068","3,870","143,02K","3,71%"
"30/08/2011","3,909","3,842","3,920","3,780","85,77K","1,35%"
"29/08/2011","3,857","3,925","3,931","3,834","13,86K","-1,88%"
"26/08/2011","3,931","3,927","3,964","3,904","55,35K","0,00%"
"25/08/2011","3,931","3,915","3,984","3,870","92,40K","0,23%"
"24/08/2011","3,922","3,994","4,029","3,910","95,89K","-1,78%"
"23/08/2011","3,993","3,889","4,048","3,874","144,01K","2,67%"
"22/08/2011","3,889","3,893","3,928","3,853","114,15K","-1,29%"
"19/08/2011","3,940","3,926","3,972","3,901","66,82K","1,23%"
"18/08/2011","3,892","3,933","3,996","3,843","135,46K","-1,04%"
"17/08/2011","3,933","3,932","3,982","3,892","96,96K","0,03%"
"16/08/2011","3,932","4,038","4,042","3,903","148,77K","-2,29%"
"15/08/2011","4,024","4,012","4,062","3,950","106,86K","-0,89%"
"12/08/2011","4,060","4,106","4,140","4,052","79,41K","-1,17%"
"11/08/2011","4,108","3,998","4,143","3,940","162,30K","2,62%"
"10/08/2011","4,003","4,009","4,081","3,980","145,36K","0,23%"
"09/08/2011","3,994","3,944","4,040","3,888","142,26K","1,50%"
"08/08/2011","3,935","3,911","3,972","3,855","139,14K","-0,15%"
"05/08/2011","3,941","3,946","3,979","3,901","136,66K","0,00%"
"04/08/2011","3,941","4,091","4,119","3,915","187,16K","-3,64%"
"03/08/2011","4,090","4,153","4,180","4,066","104,06K","-1,56%"
"02/08/2011","4,155","4,191","4,230","4,135","68,80K","-0,79%"
"01/08/2011","4,188","4,135","4,204","4,129","76,74K","1,04%"
"29/07/2011","4,145","4,234","4,234","4,138","88,28K","-2,33%"
"28/07/2011","4,244","4,318","4,339","4,200","115,06K","-2,88%"
"27/07/2011","4,370","4,377","4,412","4,340","15,91K","0,00%"
"26/07/2011","4,370","4,365","4,391","4,316","67,35K","-0,36%"
"25/07/2011","4,386","4,413","4,459","4,343","80,42K","-0,30%"
"22/07/2011","4,399","4,394","4,474","4,370","86,94K","0,09%"
"21/07/2011","4,395","4,499","4,594","4,373","137,59K","-2,33%"
"20/07/2011","4,500","4,535","4,597","4,433","134,20K","-0,73%"
"19/07/2011","4,533","4,543","4,579","4,511","89,35K","-0,29%"
"18/07/2011","4,546","4,546","4,612","4,482","126,34K","0,00%"
"15/07/2011","4,546","4,402","4,560","4,383","145,36K","3,84%"
"14/07/2011","4,378","4,375","4,409","4,252","149,32K","-0,57%"
"13/07/2011","4,403","4,320","4,418","4,313","112,40K","1,62%"
"12/07/2011","4,333","4,283","4,350","4,223","92,28K","1,05%"
"11/07/2011","4,288","4,231","4,338","4,182","115,25K","1,97%"
"08/07/2011","4,205","4,162","4,225","4,121","86,65K","1,74%"
"07/07/2011","4,133","4,225","4,248","4,064","144,83K","-1,99%"
"06/07/2011","4,217","4,355","4,361","4,213","109,41K","-3,35%"
"05/07/2011","4,363","4,313","4,411","4,251","130,44K","1,21%"
"01/07/2011","4,311","4,372","4,389","4,301","71,50K","-1,44%"
"30/06/2011","4,374","4,313","4,422","4,213","142,38K","1,37%"
"29/06/2011","4,315","4,372","4,378","4,276","94,78K","-0,96%"
"28/06/2011","4,357","4,274","4,380","4,251","16,33K","2,37%"
"27/06/2011","4,256","4,228","4,276","4,176","70,79K","0,64%"
"24/06/2011","4,229","4,212","4,248","4,171","66,90K","0,86%"
"23/06/2011","4,193","4,301","4,335","4,154","144,18K","-2,87%"
"22/06/2011","4,317","4,415","4,444","4,298","114,04K","-1,62%"
"21/06/2011","4,388","4,309","4,414","4,305","115,66K","1,64%"
"20/06/2011","4,317","4,301","4,376","4,279","96,86K","-0,18%"
"17/06/2011","4,325","4,440","4,449","4,317","110,42K","-1,97%"
"16/06/2011","4,412","4,585","4,595","4,408","148,83K","-3,60%"
"15/06/2011","4,577","4,573","4,605","4,522","101,38K","-0,09%"
"14/06/2011","4,581","4,611","4,654","4,558","100,38K","-1,40%"
"13/06/2011","4,646","4,790","4,811","4,595","142,86K","-2,33%"
"10/06/2011","4,757","4,661","4,782","4,661","131,20K","1,78%"
"09/06/2011","4,674","4,850","4,983","4,510","227,42K","-3,57%"
"08/06/2011","4,847","4,814","4,873","4,767","144,33K","0,33%"
"07/06/2011","4,831","4,823","4,854","4,764","145,27K","0,08%"
"06/06/2011","4,827","4,772","4,855","4,738","146,88K","2,55%"
"03/06/2011","4,707","4,785","4,807","4,683","100,40K","-1,81%"
"02/06/2011","4,794","4,627","4,859","4,625","190,72K","3,56%"
"01/06/2011","4,629","4,655","4,680","4,587","124,01K","-0,79%"
"31/05/2011","4,666","4,560","4,707","4,525","173,18K","3,28%"
"27/05/2011","4,518","4,374","4,563","4,365","146,47K","4,44%"
"26/05/2011","4,326","4,370","4,414","4,195","18,15K","-1,21%"
"25/05/2011","4,379","4,334","4,385","4,316","68,49K","0,78%"
"24/05/2011","4,345","4,328","4,397","4,270","94,23K","-0,02%"
"23/05/2011","4,346","4,238","4,379","4,220","130,82K","2,74%"
"20/05/2011","4,230","4,088","4,266","4,077","116,15K","3,32%"
"19/05/2011","4,094","4,190","4,197","4,088","131,20K","-2,48%"
"18/05/2011","4,198","4,189","4,241","4,180","75,97K","0,38%"
"17/05/2011","4,182","4,285","4,328","4,160","114,03K","-3,15%"
"16/05/2011","4,318","4,253","4,339","4,196","113,11K","1,70%"
"13/05/2011","4,246","4,192","4,273","4,153","89,24K","1,24%"
"12/05/2011","4,194","4,189","4,236","4,109","117,52K","0,31%"
"11/05/2011","4,181","4,280","4,292","4,153","126,36K","-1,53%"
"10/05/2011","4,246","4,190","4,282","4,162","107,18K","2,21%"
"09/05/2011","4,154","4,250","4,297","4,149","119,28K","-1,91%"
"06/05/2011","4,235","4,235","4,344","4,217","129,87K","-0,61%"
"05/05/2011","4,261","4,565","4,572","4,205","218,24K","-6,90%"
"04/05/2011","4,577","4,670","4,685","4,556","122,06K","-1,99%"
"03/05/2011","4,670","4,688","4,718","4,649","84,23K","-0,49%"
"02/05/2011","4,693","4,685","4,729","4,637","118,63K","-0,11%"
"29/04/2011","4,698","4,570","4,705","4,555","132,07K","2,78%"
"28/04/2011","4,571","4,397","4,599","4,396","194,27K","4,43%"
"27/04/2011","4,377","4,378","4,425","4,365","14,67K","-0,23%"
"26/04/2011","4,387","4,377","4,409","4,333","82,20K","-0,05%"
"25/04/2011","4,389","4,404","4,445","4,344","82,73K","-0,52%"
"21/04/2011","4,412","4,316","4,428","4,271","138,98K","2,37%"
"20/04/2011","4,310","4,281","4,344","4,271","108,72K","1,13%"
"19/04/2011","4,262","4,143","4,293","4,129","122,12K","3,00%"
"18/04/2011","4,138","4,210","4,270","4,087","158,47K","-1,57%"
"15/04/2011","4,204","4,218","4,240","4,173","103,67K","-0,19%"
"14/04/2011","4,212","4,140","4,261","4,063","191,97K","1,71%"
"13/04/2011","4,141","4,090","4,182","4,075","172,80K","1,05%"
"12/04/2011","4,098","4,110","4,145","4,058","144,76K","-0,24%"
"11/04/2011","4,108","4,016","4,152","3,990","157,37K","1,66%"
"08/04/2011","4,041","4,061","4,079","4,014","158,30K","-0,39%"
"07/04/2011","4,057","4,145","4,160","4,033","229,15K","-2,15%"
"06/04/2011","4,146","4,226","4,245","4,129","129,32K","-2,01%"
"05/04/2011","4,231","4,282","4,322","4,221","83,12K","-1,35%"
"04/04/2011","4,289","4,334","4,364","4,233","121,93K","-1,67%"
"01/04/2011","4,362","4,405","4,428","4,286","113,93K","-0,62%"
"31/03/2011","4,389","4,374","4,442","4,205","186,37K","0,78%"
"30/03/2011","4,355","4,260","4,389","4,255","124,48K","2,71%"
"29/03/2011","4,240","4,333","4,369","4,197","16,34K","-3,06%"
"28/03/2011","4,374","4,425","4,480","4,324","91,16K","-0,66%"
"25/03/2011","4,403","4,230","4,432","4,219","83,18K","3,75%"
"24/03/2011","4,244","4,350","4,399","4,213","145,82K","-2,10%"
"23/03/2011","4,335","4,269","4,350","4,254","121,87K","1,90%"
"22/03/2011","4,254","4,156","4,269","4,151","103,99K","2,24%"
"21/03/2011","4,161","4,168","4,230","4,116","114,13K","-0,17%"
"18/03/2011","4,168","4,160","4,198","4,099","132,75K","0,24%"
"17/03/2011","4,158","3,941","4,169","3,919","169,31K","5,59%"
"16/03/2011","3,938","3,948","4,015","3,902","128,82K","-0,08%"
"15/03/2011","3,941","3,911","4,004","3,800","204,33K","0,69%"
"14/03/2011","3,914","3,923","4,053","3,891","129,59K","0,64%"
"11/03/2011","3,889","3,831","3,947","3,806","128,31K","1,54%"
"10/03/2011","3,830","3,922","3,940","3,795","132,68K","-2,54%"
"09/03/2011","3,930","3,854","3,946","3,838","128,45K","1,71%"
"08/03/2011","3,864","3,920","3,964","3,832","135,63K","-1,60%"
"07/03/2011","3,927","3,792","3,936","3,731","162,28K","3,10%"
"04/03/2011","3,809","3,782","3,826","3,731","76,28K","0,82%"
"03/03/2011","3,778","3,814","3,870","3,760","104,05K","-1,05%"
"02/03/2011","3,818","3,856","3,885","3,796","93,45K","-1,42%"
"01/03/2011","3,873","4,050","4,056","3,854","140,93K","-4,06%"
"28/02/2011","4,037","4,009","4,100","3,954","123,00K","0,80%"
"25/02/2011","4,005","3,884","4,044","3,832","130,79K","5,59%"
"24/02/2011","3,793","3,898","3,906","3,775","16,93K","-2,74%"
"23/02/2011","3,900","3,858","3,929","3,821","72,77K","0,85%"
"22/02/2011","3,867","3,879","3,989","3,824","78,37K","-0,23%"
"18/02/2011","3,876","3,870","3,899","3,841","87,96K","0,21%"
"17/02/2011","3,868","3,913","3,949","3,825","105,76K","-1,35%"
"16/02/2011","3,921","3,994","3,997","3,908","121,59K","-1,38%"
"15/02/2011","3,976","3,941","3,997","3,891","127,68K","1,30%"
"14/02/2011","3,925","3,899","3,950","3,860","121,91K","0,38%"
"11/02/2011","3,910","3,963","3,981","3,895","163,58K","-1,91%"
"10/02/2011","3,986","4,066","4,149","3,965","205,27K","-1,43%"
"09/02/2011","4,044","4,074","4,087","3,992","156,22K","0,10%"
"08/02/2011","4,040","4,111","4,127","4,028","181,90K","-1,56%"
"07/02/2011","4,104","4,260","4,274","4,101","213,51K","-4,78%"
"04/02/2011","4,310","4,359","4,369","4,287","110,63K","-0,62%"
"03/02/2011","4,337","4,431","4,496","4,325","143,78K","-2,08%"
"02/02/2011","4,429","4,351","4,445","4,339","121,87K","1,89%"
"01/02/2011","4,347","4,417","4,425","4,321","100,15K","-1,65%"
"31/01/2011","4,420","4,323","4,460","4,290","139,21K","2,24%"
"28/01/2011","4,323","4,322","4,369","4,252","92,45K","0,16%"
"27/01/2011","4,316","4,471","4,474","4,290","17,31K","-3,90%"
"26/01/2011","4,491","4,467","4,510","4,381","63,38K","0,40%"
"25/01/2011","4,473","4,581","4,609","4,401","91,89K","-2,34%"
"24/01/2011","4,580","4,802","4,879","4,557","115,56K","-3,29%"
"21/01/2011","4,736","4,689","4,777","4,644","137,17K","0,87%"
"20/01/2011","4,695","4,575","4,704","4,525","175,72K","2,94%"
"19/01/2011","4,561","4,410","4,585","4,406","138,91K","3,07%"
"18/01/2011","4,425","4,494","4,545","4,387","142,87K","-1,23%"
"14/01/2011","4,480","4,401","4,496","4,367","130,34K","1,66%"
"13/01/2011","4,407","4,481","4,503","4,362","169,04K","-2,74%"
"12/01/2011","4,531","4,504","4,554","4,446","133,47K","1,12%"
"11/01/2011","4,481","4,386","4,504","4,338","134,83K","1,86%"
"10/01/2011","4,399","4,373","4,450","4,322","108,50K","-0,52%"
"07/01/2011","4,422","4,400","4,450","4,327","124,91K","-0,27%"
"06/01/2011","4,434","4,486","4,623","4,380","164,03K","-0,87%"
"05/01/2011","4,473","4,611","4,640","4,447","116,91K","-4,20%"
"04/01/2011","4,669","4,627","4,707","4,557","160,21K","0,41%"
"03/01/2011","4,650","4,492","4,689","4,491","156,62K","5,56%"
"31/12/2010","4,405","4,325","4,454","4,306","65,87K","1,54%"
"30/12/2010","4,338","4,310","4,364","4,235","82,00K","1,19%"
"29/12/2010","4,287","4,291","4,310","4,216","72,63K","1,68%"
"28/12/2010","4,216","4,094","4,266","4,070","15,43K","2,53%"
"27/12/2010","4,112","4,031","4,120","3,992","73,31K","0,71%"
"23/12/2010","4,083","4,119","4,174","4,052","63,59K","-1,66%"
"22/12/2010","4,152","4,069","4,167","3,988","98,38K","2,29%"
"21/12/2010","4,059","4,245","4,245","4,056","93,93K","-4,20%"
"20/12/2010","4,237","4,052","4,250","4,013","112,66K","4,21%"
"17/12/2010","4,066","4,020","4,110","3,951","127,04K","0,44%"
"16/12/2010","4,048","4,242","4,242","4,010","162,40K","-4,12%"
"15/12/2010","4,222","4,255","4,278","4,193","139,39K","-0,78%"
"14/12/2010","4,255","4,431","4,439","4,250","140,65K","-3,73%"
"13/12/2010","4,420","4,444","4,547","4,323","177,03K","0,07%"
"10/12/2010","4,417","4,399","4,479","4,344","146,93K","-0,41%"
"09/12/2010","4,435","4,612","4,637","4,410","204,14K","-3,71%"
"08/12/2010","4,606","4,397","4,614","4,350","197,36K","4,85%"
"07/12/2010","4,393","4,500","4,545","4,383","155,15K","-2,12%"
"06/12/2010","4,488","4,385","4,540","4,328","151,48K","3,20%"
"03/12/2010","4,349","4,341","4,391","4,280","86,98K","0,14%"
"02/12/2010","4,343","4,310","4,377","4,197","135,78K","1,73%"
"01/12/2010","4,269","4,196","4,324","4,164","118,74K","2,13%"
"30/11/2010","4,180","4,219","4,254","4,126","98,17K","-0,71%"
"29/11/2010","4,210","4,398","4,487","4,166","135,32K","-4,30%"
"26/11/2010","4,399","4,388","4,482","4,352","38,36K","3,09%"
"24/11/2010","4,267","4,235","4,382","4,176","15,82K","0,07%"
"23/11/2010","4,264","4,262","4,290","4,115","92,46K","-0,16%"
"22/11/2010","4,271","4,162","4,293","4,125","103,53K","2,57%"
"19/11/2010","4,164","4,023","4,175","3,975","117,95K","3,92%"
"18/11/2010","4,007","4,027","4,058","3,853","154,99K","-0,57%"
"17/11/2010","4,030","3,834","4,037","3,796","139,23K","5,55%"
"16/11/2010","3,818","3,869","3,919","3,782","112,16K","-0,70%"
"15/11/2010","3,845","3,780","3,880","3,710","161,36K","1,21%"
"12/11/2010","3,799","3,939","3,940","3,794","133,64K","-3,26%"
"11/11/2010","3,927","4,062","4,125","3,917","144,07K","-2,94%"
"10/11/2010","4,046","4,205","4,249","4,018","161,72K","-3,90%"
"09/11/2010","4,210","4,120","4,228","4,058","154,08K","2,98%"
"08/11/2010","4,088","3,954","4,132","3,937","140,47K","3,84%"
"05/11/2010","3,937","3,854","3,948","3,846","109,99K","2,10%"
"04/11/2010","3,856","3,838","3,899","3,743","134,67K","0,52%"
"03/11/2010","3,836","3,892","3,900","3,790","78,10K","-0,88%"
"02/11/2010","3,870","3,821","3,928","3,750","133,37K","0,99%"
"01/11/2010","3,832","4,031","4,187","3,812","134,61K","-5,10%"
"29/10/2010","4,038","3,922","4,075","3,830","156,38K","3,80%"
"28/10/2010","3,890","3,781","3,924","3,656","150,50K","18,17%"
"27/10/2010","3,292","3,333","3,391","3,212","16,49K","-1,85%"
"26/10/2010","3,354","3,352","3,410","3,263","72,62K","1,12%"
"25/10/2010","3,317","3,292","3,370","3,255","62,75K","-0,45%"
"22/10/2010","3,332","3,391","3,403","3,290","76,57K","-1,07%"
"21/10/2010","3,368","3,512","3,540","3,346","117,34K","-4,83%"
"20/10/2010","3,539","3,527","3,613","3,507","99,92K","0,74%"
"19/10/2010","3,513","3,399","3,540","3,395","103,71K","2,39%"
"18/10/2010","3,431","3,480","3,530","3,410","143,27K","-2,94%"
"15/10/2010","3,535","3,638","3,678","3,520","130,47K","-3,34%"
"14/10/2010","3,657","3,685","3,761","3,595","169,42K","-1,06%"
"13/10/2010","3,696","3,655","3,777","3,633","198,55K","1,85%"
"12/10/2010","3,629","3,601","3,667","3,545","144,33K","0,78%"
"11/10/2010","3,601","3,646","3,673","3,586","108,04K","-1,37%"
"08/10/2010","3,651","3,622","3,683","3,583","126,26K","0,94%"
"07/10/2010","3,617","3,881","3,888","3,610","191,72K","-6,42%"
"06/10/2010","3,865","3,779","3,888","3,748","115,00K","3,26%"
"05/10/2010","3,743","3,732","3,788","3,691","67,47K","0,43%"
"04/10/2010","3,727","3,752","3,788","3,686","82,99K","-1,84%"
"01/10/2010","3,797","3,861","3,870","3,788","71,50K","-1,94%"
"30/09/2010","3,872","3,961","4,012","3,780","109,16K","-2,27%"
"29/09/2010","3,962","3,961","3,980","3,903","67,65K","3,26%"
"28/09/2010","3,837","3,814","3,895","3,784","20,24K","0,97%"
"27/09/2010","3,800","3,818","3,829","3,732","71,08K","-2,09%"
"24/09/2010","3,881","4,028","4,039","3,873","71,81K","-3,43%"
"23/09/2010","4,019","3,993","4,133","3,972","121,11K","1,34%"
"22/09/2010","3,966","3,932","4,014","3,908","98,16K","1,20%"
"21/09/2010","3,919","3,832","3,998","3,811","138,33K","2,54%"
"20/09/2010","3,822","3,970","3,981","3,806","121,66K","-5,02%"
"17/09/2010","4,024","4,062","4,106","3,988","114,24K","-0,94%"
"16/09/2010","4,062","3,999","4,144","3,852","225,11K","1,68%"
"15/09/2010","3,995","3,964","4,060","3,932","137,98K","0,73%"
"14/09/2010","3,966","3,937","4,020","3,843","165,83K","0,71%"
"13/09/2010","3,938","3,834","3,975","3,800","113,06K","1,42%"
"10/09/2010","3,883","3,805","3,939","3,773","108,54K","3,05%"
"09/09/2010","3,768","3,822","3,840","3,703","133,48K","-1,21%"
"08/09/2010","3,814","3,871","3,914","3,795","81,91K","-0,99%"
"07/09/2010","3,852","3,933","3,933","3,768","111,42K","-2,21%"
"03/09/2010","3,939","3,810","3,946","3,757","97,03K","5,01%"
"02/09/2010","3,751","3,750","3,844","3,697","100,48K","-0,29%"
"01/09/2010","3,762","3,790","3,878","3,708","126,17K","-1,42%"
"31/08/2010","3,816","3,861","3,877","3,727","94,53K","0,10%"
"30/08/2010","3,812","3,746","3,878","3,693","89,61K","4,41%"
"27/08/2010","3,651","3,804","3,850","3,620","19,23K","-4,35%"
"26/08/2010","3,817","3,900","3,935","3,791","63,63K","-1,39%"
"25/08/2010","3,871","4,040","4,056","3,838","86,07K","-4,16%"
"24/08/2010","4,039","4,085","4,091","4,027","59,47K","-0,66%"
"23/08/2010","4,066","4,066","4,129","4,029","76,31K","-1,24%"
"20/08/2010","4,117","4,161","4,177","4,109","60,97K","-1,29%"
"19/08/2010","4,171","4,237","4,375","4,141","112,69K","-1,60%"
"18/08/2010","4,239","4,275","4,308","4,196","92,05K","-0,66%"
"17/08/2010","4,267","4,226","4,322","4,186","109,26K","0,92%"
"16/08/2010","4,228","4,336","4,350","4,182","111,62K","-2,31%"
"13/08/2010","4,328","4,279","4,342","4,269","75,81K","0,74%"
"12/08/2010","4,296","4,317","4,363","4,264","138,18K","-0,69%"
"11/08/2010","4,326","4,308","4,376","4,257","130,79K","0,67%"
"10/08/2010","4,297","4,330","4,370","4,276","146,49K","-0,28%"
"09/08/2010","4,309","4,452","4,548","4,263","181,97K","-3,54%"
"06/08/2010","4,467","4,610","4,646","4,456","119,81K","-2,85%"
"05/08/2010","4,598","4,736","4,825","4,556","142,43K","-2,93%"
"04/08/2010","4,737","4,664","4,756","4,632","94,56K","2,11%"
"03/08/2010","4,639","4,719","4,825","4,625","127,99K","-1,32%"
"02/08/2010","4,701","4,988","5,007","4,681","117,30K","-4,51%"
"30/07/2010","4,923","4,828","4,937","4,784","89,51K","1,99%"
"29/07/2010","4,827","4,685","4,870","4,678","129,64K","1,11%"
"28/07/2010","4,774","4,685","4,881","4,679","23,10K","2,12%"
"27/07/2010","4,675","4,612","4,691","4,600","65,65K","1,37%"
"26/07/2010","4,612","4,561","4,634","4,511","77,18K","0,70%"
"23/07/2010","4,580","4,655","4,665","4,552","78,01K","-1,36%"
"22/07/2010","4,643","4,527","4,719","4,509","144,10K","2,88%"
"21/07/2010","4,513","4,616","4,662","4,480","120,95K","-1,68%"
"20/07/2010","4,590","4,515","4,617","4,466","120,80K","1,77%"
"19/07/2010","4,510","4,531","4,555","4,454","91,18K","-0,20%"
"16/07/2010","4,519","4,614","4,659","4,472","113,67K","-1,46%"
"15/07/2010","4,586","4,319","4,623","4,288","187,33K","6,50%"
"14/07/2010","4,306","4,373","4,389","4,303","91,29K","-1,10%"
"13/07/2010","4,354","4,419","4,487","4,334","110,33K","-0,77%"
"12/07/2010","4,388","4,421","4,454","4,352","67,87K","-0,32%"
"09/07/2010","4,402","4,413","4,455","4,339","72,60K","0,07%"
"08/07/2010","4,399","4,598","4,619","4,355","125,61K","-3,64%"
"07/07/2010","4,565","4,662","4,780","4,555","97,66K","-2,50%"
"06/07/2010","4,682","4,660","4,900","4,640","111,46K","-0,11%"
"02/07/2010","4,687","4,830","4,871","4,613","95,15K","-3,44%"
"01/07/2010","4,854","4,636","4,923","4,534","138,08K","5,16%"
"30/06/2010","4,616","4,562","4,637","4,477","92,61K","1,50%"
"29/06/2010","4,548","4,730","4,756","4,525","98,80K","-3,58%"
"28/06/2010","4,717","4,829","4,841","4,695","15,48K","-2,96%"
"25/06/2010","4,861","4,769","4,893","4,740","66,23K","2,38%"
"24/06/2010","4,748","4,811","4,855","4,698","72,92K","-1,17%"
"23/06/2010","4,804","4,777","4,878","4,746","101,33K","1,01%"
"22/06/2010","4,756","4,870","4,888","4,691","109,47K","-2,40%"
"21/06/2010","4,873","5,044","5,182","4,826","126,78K","-2,48%"
"18/06/2010","4,997","5,128","5,190","4,987","90,59K","-3,20%"
"17/06/2010","5,162","5,012","5,178","4,980","148,77K","3,70%"
"16/06/2010","4,978","5,152","5,196","4,965","118,02K","-4,07%"
"15/06/2010","5,189","5,084","5,194","5,024","139,49K","3,66%"
"14/06/2010","5,006","4,861","5,069","4,861","137,62K","4,71%"
"11/06/2010","4,781","4,699","4,815","4,675","100,40K","2,88%"
"10/06/2010","4,647","4,675","4,808","4,628","146,72K","-0,64%"
"09/06/2010","4,677","4,786","4,836","4,667","116,52K","-2,72%"
"08/06/2010","4,808","4,969","4,995","4,747","151,09K","-2,20%"
"07/06/2010","4,916","4,841","4,960","4,660","149,43K","2,48%"
"04/06/2010","4,797","4,699","4,977","4,609","164,53K","2,28%"
"03/06/2010","4,690","4,437","4,713","4,379","173,31K","6,01%"
"02/06/2010","4,424","4,217","4,440","4,217","111,38K","4,14%"
"01/06/2010","4,248","4,350","4,431","4,217","98,91K","-2,14%"
"28/05/2010","4,341","4,337","4,399","4,260","99,76K","1,09%"
"27/05/2010","4,294","4,175","4,336","4,154","92,96K","3,35%"
"26/05/2010","4,155","4,098","4,245","4,070","16,69K","2,57%"
"25/05/2010","4,051","4,045","4,097","3,986","46,07K","0,85%"
"24/05/2010","4,017","4,037","4,068","3,986","62,44K","-0,45%"
"21/05/2010","4,035","4,117","4,175","4,020","84,61K","-1,73%"
"20/05/2010","4,106","4,162","4,207","4,040","112,68K","-1,25%"
"19/05/2010","4,158","4,336","4,341","4,131","106,98K","-4,24%"
"18/05/2010","4,342","4,412","4,494","4,296","107,68K","-1,27%"
"17/05/2010","4,398","4,325","4,413","4,282","116,91K","1,99%"
"14/05/2010","4,312","4,307","4,350","4,252","109,17K","-0,62%"
"13/05/2010","4,339","4,277","4,414","4,154","173,51K","1,28%"
"12/05/2010","4,284","4,138","4,292","4,133","131,55K","3,70%"
"11/05/2010","4,131","4,157","4,225","4,109","92,22K","-0,94%"
"10/05/2010","4,170","4,015","4,235","4,006","127,28K","3,86%"
"07/05/2010","4,015","3,936","4,039","3,900","86,66K","2,19%"
"06/05/2010","3,929","3,978","4,086","3,855","102,83K","-1,55%"
"05/05/2010","3,991","4,030","4,040","3,925","70,78K","-0,55%"
"04/05/2010","4,013","4,009","4,046","3,963","81,14K","0,33%"
"03/05/2010","4,000","3,935","4,020","3,890","79,14K","2,04%"
"30/04/2010","3,920","4,010","4,065","3,885","109,37K","-1,51%"
"29/04/2010","3,980","4,348","4,386","3,967","191,79K","-6,81%"
"28/04/2010","4,271","4,207","4,326","4,186","18,84K","1,30%"
"27/04/2010","4,216","4,239","4,293","4,191","65,53K","-1,08%"
"26/04/2010","4,262","4,290","4,313","4,174","84,70K","0,12%"
"23/04/2010","4,257","4,117","4,322","4,067","109,56K","3,13%"
"22/04/2010","4,128","3,982","4,150","3,930","125,22K","4,37%"
"21/04/2010","3,955","3,975","4,044","3,933","84,90K","-0,50%"
"20/04/2010","3,975","3,958","3,993","3,879","99,49K","0,79%"
"19/04/2010","3,944","4,038","4,077","3,902","117,50K","-2,35%"
"16/04/2010","4,039","4,012","4,099","3,985","123,29K","1,36%"
"15/04/2010","3,985","4,154","4,269","3,967","162,64K","-5,10%"
"14/04/2010","4,199","4,154","4,269","4,114","163,60K","0,94%"
"13/04/2010","4,160","4,012","4,167","3,947","152,07K","3,79%"
"12/04/2010","4,008","4,093","4,180","3,936","168,50K","-1,52%"
"09/04/2010","4,070","3,939","4,102","3,907","129,80K","4,12%"
"08/04/2010","3,909","4,009","4,099","3,857","139,30K","-2,74%"
"07/04/2010","4,019","4,119","4,173","4,008","115,38K","-1,88%"
"06/04/2010","4,096","4,284","4,334","4,066","125,89K","-4,23%"
"05/04/2010","4,277","4,096","4,313","4,002","108,98K","4,67%"
"01/04/2010","4,086","3,874","4,157","3,810","105,67K","5,61%"
"31/03/2010","3,869","4,003","4,079","3,853","114,06K","-2,62%"
"30/03/2010","3,973","3,885","4,015","3,847","80,17K","3,41%"
"29/03/2010","3,842","3,866","3,950","3,820","16,03K","-0,77%"
"26/03/2010","3,872","3,974","3,997","3,856","67,94K","-2,74%"
"25/03/2010","3,981","4,092","4,142","3,940","86,75K","-3,02%"
"24/03/2010","4,105","4,142","4,142","4,052","75,40K","-0,61%"
"23/03/2010","4,130","4,116","4,160","4,058","76,25K","1,25%"
"22/03/2010","4,079","4,158","4,168","4,036","81,87K","-2,16%"
"19/03/2010","4,169","4,091","4,175","4,050","74,12K","2,06%"
"18/03/2010","4,085","4,289","4,292","4,054","153,91K","-5,07%"
"17/03/2010","4,303","4,334","4,368","4,280","80,23K","-1,01%"
"16/03/2010","4,347","4,385","4,423","4,323","106,94K","-1,00%"
"15/03/2010","4,391","4,389","4,447","4,334","101,16K","-0,20%"
"12/03/2010","4,400","4,415","4,469","4,377","56,91K","-0,90%"
"11/03/2010","4,440","4,576","4,593","4,415","98,14K","-2,61%"
"10/03/2010","4,559","4,510","4,595","4,450","95,84K","0,95%"
"09/03/2010","4,516","4,571","4,603","4,476","74,65K","-0,24%"
"08/03/2010","4,527","4,537","4,575","4,458","68,08K","-1,44%"
"05/03/2010","4,593","4,595","4,626","4,540","64,87K","0,39%"
"04/03/2010","4,575","4,761","4,787","4,556","102,37K","-3,83%"
"03/03/2010","4,757","4,720","4,790","4,680","66,17K","1,04%"
"02/03/2010","4,708","4,693","4,755","4,655","85,65K","0,62%"
"01/03/2010","4,679","4,772","4,869","4,660","89,84K","-2,78%"
"26/02/2010","4,813","4,800","4,853","4,739","69,23K","0,96%"
"25/02/2010","4,767","4,876","4,894","4,743","84,37K","-1,02%"
"24/02/2010","4,816","4,773","4,884","4,745","17,09K","0,80%"
"23/02/2010","4,778","4,915","4,934","4,766","66,65K","-2,39%"
"22/02/2010","4,895","4,950","4,977","4,841","78,06K","-2,95%"
"19/02/2010","5,044","5,151","5,167","5,008","96,76K","-2,47%"
"18/02/2010","5,172","5,386","5,419","5,135","118,53K","-3,97%"
"17/02/2010","5,386","5,350","5,414","5,274","91,20K","1,43%"
"16/02/2010","5,310","5,429","5,560","5,305","140,89K","-2,89%"
"12/02/2010","5,468","5,404","5,556","5,204","149,08K","1,33%"
"11/02/2010","5,396","5,297","5,416","5,286","135,61K","1,97%"
"10/02/2010","5,292","5,348","5,380","5,240","138,42K","0,04%"
"09/02/2010","5,290","5,420","5,466","5,262","148,51K","-2,06%"
"08/02/2010","5,401","5,602","5,680","5,396","140,79K","-2,07%"
"05/02/2010","5,515","5,485","5,598","5,383","149,13K","1,83%"
"04/02/2010","5,416","5,406","5,500","5,227","132,33K","-0,06%"
"03/02/2010","5,419","5,441","5,558","5,360","97,20K","-0,64%"
"02/02/2010","5,454","5,436","5,538","5,378","104,92K","0,37%"
"01/02/2010","5,434","5,247","5,450","5,236","106,10K","5,91%"
"29/01/2010","5,131","5,190","5,285","5,094","79,68K","-0,14%"
"28/01/2010","5,138","5,230","5,258","5,060","107,01K","-2,58%"
"27/01/2010","5,274","5,460","5,482","5,223","19,27K","-3,85%"
"26/01/2010","5,485","5,707","5,721","5,434","65,65K","-4,14%"
"25/01/2010","5,722","5,821","5,854","5,671","85,29K","-1,67%"
"22/01/2010","5,819","5,658","5,869","5,650","104,04K","3,63%"
"21/01/2010","5,615","5,487","5,719","5,480","115,56K","2,17%"
"20/01/2010","5,496","5,595","5,624","5,464","72,28K","-1,10%"
"19/01/2010","5,557","5,640","5,687","5,444","150,33K","-2,35%"
"15/01/2010","5,691","5,587","5,732","5,519","105,41K","1,84%"
"14/01/2010","5,588","5,754","5,804","5,483","160,79K","-2,53%"
"13/01/2010","5,733","5,588","5,785","5,432","158,39K","2,54%"
"12/01/2010","5,591","5,485","5,605","5,354","109,93K","2,51%"
"11/01/2010","5,454","5,576","5,625","5,371","120,79K","-5,13%"
"08/01/2010","5,749","5,827","5,853","5,621","101,15K","-0,98%"
"07/01/2010","5,806","6,033","6,108","5,763","135,11K","-3,38%"
"06/01/2010","6,009","5,690","6,075","5,650","140,61K","6,60%"
"05/01/2010","5,637","5,837","5,858","5,615","99,49K","-4,20%"
"04/01/2010","5,884","5,705","5,894","5,705","78,86K","5,60%"
"31/12/2009","5,572","5,709","5,873","5,505","59,41K","-2,40%"
"30/12/2009","5,709","5,840","5,929","5,672","56,10K","-1,81%"
"29/12/2009","5,814","5,985","6,035","5,780","17,33K","-2,94%"
"28/12/2009","5,990","5,752","6,006","5,752","62,35K","6,15%"
"24/12/2009","5,643","5,844","5,926","5,600","44,50K","-3,06%"
"23/12/2009","5,821","5,732","5,857","5,598","71,00K","1,85%"
"22/12/2009","5,715","5,676","5,767","5,531","86,50K","0,81%"
"21/12/2009","5,669","5,798","5,929","5,625","83,10K","-1,95%"
"18/12/2009","5,782","5,766","5,926","5,727","103,92K","0,24%"
"17/12/2009","5,768","5,479","5,911","5,454","157,40K","5,60%"
"16/12/2009","5,462","5,535","5,569","5,420","128,61K","-1,10%"
"15/12/2009","5,523","5,360","5,540","5,314","153,09K","3,58%"
"14/12/2009","5,332","5,235","5,409","5,191","110,24K","3,27%"
"11/12/2009","5,163","5,260","5,375","5,121","140,01K","-2,55%"
"10/12/2009","5,298","4,900","5,347","4,837","202,92K","8,17%"
"09/12/2009","4,898","5,095","5,230","4,847","157,38K","-4,22%"
"08/12/2009","5,114","4,969","5,152","4,969","179,04K","2,88%"
"07/12/2009","4,971","4,651","5,009","4,644","171,97K","8,40%"
"04/12/2009","4,586","4,459","4,676","4,445","92,95K","2,85%"
"03/12/2009","4,459","4,548","4,605","4,432","93,80K","-1,57%"
"02/12/2009","4,530","4,682","4,792","4,511","116,03K","-4,87%"
"01/12/2009","4,762","4,820","4,891","4,659","128,89K","-1,77%"
"30/11/2009","4,848","5,184","5,192","4,820","122,15K","-6,63%"
"27/11/2009","5,192","5,131","5,290","4,809","84,88K","0,56%"
"25/11/2009","5,163","4,777","5,178","4,765","129,91K","15,09%"
"24/11/2009","4,486","4,470","4,610","4,361","20,87K","0,29%"
"23/11/2009","4,473","4,507","4,580","4,406","80,07K","1,11%"
"20/11/2009","4,424","4,350","4,450","4,220","86,01K","1,89%"
"19/11/2009","4,342","4,274","4,364","4,157","112,40K","2,07%"
"18/11/2009","4,254","4,540","4,578","4,229","129,89K","-6,09%"
"17/11/2009","4,530","4,632","4,734","4,511","144,79K","-1,82%"
"16/11/2009","4,614","4,440","4,656","4,382","124,22K","5,05%"
"13/11/2009","4,392","4,385","4,459","4,287","140,11K","0,50%"
"12/11/2009","4,370","4,490","4,517","4,357","128,04K","-2,95%"
"11/11/2009","4,503","4,545","4,566","4,433","117,79K","0,81%"
"10/11/2009","4,467","4,635","4,665","4,436","134,29K","-4,35%"
"09/11/2009","4,670","4,605","4,690","4,473","105,09K","1,63%"
"06/11/2009","4,595","4,815","4,827","4,555","94,69K","-3,91%"
"05/11/2009","4,782","4,732","4,882","4,676","103,52K","1,21%"
"04/11/2009","4,725","4,925","4,984","4,710","87,10K","-4,00%"
"03/11/2009","4,922","4,830","4,940","4,761","95,65K","2,03%"
"02/11/2009","4,824","5,034","5,115","4,817","98,11K","-4,38%"
"30/10/2009","5,045","5,094","5,271","4,952","116,30K","-0,34%"
"29/10/2009","5,062","5,066","5,129","4,941","95,09K","18,02%"
"28/10/2009","4,289","4,599","4,629","4,230","20,94K","-5,88%"
"27/10/2009","4,557","4,520","4,637","4,476","59,44K","0,97%"
"26/10/2009","4,513","4,735","4,749","4,459","84,96K","-5,72%"
"23/10/2009","4,787","4,980","5,056","4,771","86,61K","-3,23%"
"22/10/2009","4,947","5,095","5,214","4,908","121,20K","-3,00%"
"21/10/2009","5,100","5,172","5,318","5,070","145,43K","-1,18%"
"20/10/2009","5,161","4,870","5,195","4,856","151,13K","6,74%"
"19/10/2009","4,835","4,770","4,916","4,672","138,31K","1,13%"
"16/10/2009","4,781","4,500","4,880","4,437","168,13K","6,67%"
"15/10/2009","4,482","4,445","4,608","4,355","149,56K","1,04%"
"14/10/2009","4,436","4,609","4,664","4,399","174,32K","-3,31%"
"13/10/2009","4,588","4,873","4,959","4,513","180,89K","-5,98%"
"12/10/2009","4,880","4,781","4,972","4,781","92,97K","2,31%"
"09/10/2009","4,770","4,977","4,990","4,754","122,85K","-3,89%"
"08/10/2009","4,963","4,890","5,045","4,808","145,48K","1,20%"
"07/10/2009","4,904","4,919","5,088","4,831","155,20K","0,49%"
"06/10/2009","4,880","4,990","5,120","4,801","135,53K","-2,15%"
"05/10/2009","4,987","4,735","5,070","4,671","155,20K","5,70%"
"02/10/2009","4,718","4,450","4,728","4,351","138,36K","5,64%"
"01/10/2009","4,466","4,825","4,825","4,439","163,73K","-7,75%"
"30/09/2009","4,841","4,862","4,920","4,727","107,68K","-0,70%"
"29/09/2009","4,875","4,820","4,975","4,598","162,65K","30,70%"
"28/09/2009","3,730","3,965","3,996","3,662","23,49K","-6,40%"
"25/09/2009","3,985","3,950","4,035","3,796","88,09K","0,76%"
"24/09/2009","3,955","3,828","3,999","3,732","108,77K","2,46%"
"23/09/2009","3,860","3,652","3,935","3,596","144,33K","6,95%"
"22/09/2009","3,609","3,602","3,729","3,502","111,69K","0,92%"
"21/09/2009","3,576","3,722","3,797","3,532","112,25K","-5,35%"
"18/09/2009","3,778","3,453","3,838","3,453","128,22K","9,25%"
"17/09/2009","3,458","3,771","3,900","3,442","199,12K","-8,03%"
"16/09/2009","3,760","3,355","3,797","3,355","195,65K","13,25%"
"15/09/2009","3,320","3,421","3,600","3,313","208,79K","0,70%"
"14/09/2009","3,297","2,956","3,439","2,911","197,03K","11,39%"
"11/09/2009","2,960","3,256","3,424","2,930","189,39K","-9,09%"
"10/09/2009","3,256","2,845","3,320","2,740","198,02K","15,09%"
"09/09/2009","2,829","2,841","2,998","2,802","117,22K","0,78%"
"08/09/2009","2,807","2,741","2,888","2,623","128,60K","2,90%"
"04/09/2009","2,728","2,513","2,758","2,409","138,00K","8,77%"
"03/09/2009","2,508","2,724","2,739","2,500","127,15K","-7,62%"
"02/09/2009","2,715","2,827","2,898","2,709","112,89K","-3,76%"
"01/09/2009","2,821","2,984","3,017","2,810","98,95K","-5,24%"
"31/08/2009","2,977","3,003","3,084","2,914","73,54K","-1,85%"
"28/08/2009","3,033","3,193","3,220","3,017","86,56K","6,68%"
"27/08/2009","2,843","2,910","2,910","2,692","27,39K","-2,30%"
"26/08/2009","2,910","2,871","2,915","2,823","66,96K","0,97%"
"25/08/2009","2,882","2,948","2,954","2,819","55,94K","-1,40%"
"24/08/2009","2,923","2,790","2,974","2,726","106,08K","4,24%"
"21/08/2009","2,804","2,930","2,993","2,776","90,12K","-4,79%"
"20/08/2009","2,945","3,140","3,169","2,928","115,83K","-5,58%"
"19/08/2009","3,119","3,095","3,186","3,049","83,51K","0,74%"
"18/08/2009","3,096","3,196","3,239","3,088","105,31K","-2,12%"
"17/08/2009","3,163","3,184","3,281","3,117","119,09K","-2,32%"
"14/08/2009","3,238","3,346","3,408","3,224","146,30K","-2,94%"
"13/08/2009","3,336","3,480","3,557","3,313","186,30K","-4,11%"
"12/08/2009","3,479","3,560","3,610","3,461","125,04K","-1,75%"
"11/08/2009","3,541","3,660","3,739","3,533","102,19K","-2,75%"
"10/08/2009","3,641","3,703","3,768","3,613","85,39K","-0,90%"
"07/08/2009","3,674","3,752","3,851","3,662","84,21K","-1,84%"
"06/08/2009","3,743","4,023","4,075","3,735","121,56K","-7,40%"
"05/08/2009","4,042","3,982","4,090","3,894","82,34K","1,02%"
"04/08/2009","4,001","3,991","4,060","3,868","107,71K","-0,74%"
"03/08/2009","4,031","3,632","4,162","3,596","147,82K","10,35%"
"31/07/2009","3,653","3,742","3,761","3,568","80,28K","-2,40%"
"30/07/2009","3,743","3,518","3,769","3,499","95,09K","10,77%"
"29/07/2009","3,379","3,545","3,548","3,296","21,36K","-4,41%"
"28/07/2009","3,535","3,636","3,665","3,454","71,21K","-1,91%"
"27/07/2009","3,604","3,666","3,668","3,555","59,24K","-2,46%"
"24/07/2009","3,695","3,529","3,705","3,524","79,91K","4,08%"
"23/07/2009","3,550","3,820","3,891","3,523","120,02K","-6,41%"
"22/07/2009","3,793","3,681","3,904","3,630","107,33K","2,38%"
"21/07/2009","3,705","3,676","3,745","3,606","72,04K","0,43%"
"20/07/2009","3,689","3,700","3,774","3,516","105,50K","0,55%"
"17/07/2009","3,669","3,616","3,785","3,544","114,83K","0,03%"
"16/07/2009","3,668","3,296","3,680","3,250","167,36K","11,73%"
"15/07/2009","3,283","3,446","3,527","3,259","147,10K","-4,26%"
"14/07/2009","3,429","3,320","3,472","3,304","97,22K","5,09%"
"13/07/2009","3,263","3,337","3,356","3,225","86,27K","-3,26%"
"10/07/2009","3,373","3,420","3,449","3,350","46,74K","-1,03%"
"09/07/2009","3,408","3,386","3,489","3,356","84,85K","1,64%"
"08/07/2009","3,353","3,365","3,410","3,337","65,62K","-2,22%"
"07/07/2009","3,429","3,505","3,525","3,373","102,29K","-1,66%"
"06/07/2009","3,487","3,640","3,685","3,369","97,14K","-3,54%"
"02/07/2009","3,615","3,792","3,795","3,606","96,11K","-4,74%"
"01/07/2009","3,795","3,849","3,891","3,759","80,40K","-1,04%"
"30/06/2009","3,835","3,931","3,986","3,798","88,48K","-2,76%"
"29/06/2009","3,944","4,049","4,090","3,929","63,87K","-0,13%"
"26/06/2009","3,949","3,873","4,000","3,770","26,23K","2,73%"
"25/06/2009","3,844","3,779","3,950","3,743","79,69K","2,21%"
"24/06/2009","3,761","3,871","3,910","3,717","71,70K","-3,04%"
"23/06/2009","3,879","3,933","4,000","3,827","84,04K","-1,37%"
"22/06/2009","3,933","4,040","4,105","3,860","88,59K","-2,46%"
"19/06/2009","4,032","4,080","4,159","4,014","69,27K","-1,49%"
"18/06/2009","4,093","4,263","4,328","4,061","101,29K","-3,76%"
"17/06/2009","4,253","4,109","4,288","4,035","117,64K","3,00%"
"16/06/2009","4,129","4,191","4,387","4,065","136,21K","-1,27%"
"15/06/2009","4,182","3,859","4,198","3,825","146,65K","8,43%"
"12/06/2009","3,857","3,911","3,973","3,741","129,47K","-1,93%"
"11/06/2009","3,933","3,687","4,067","3,663","193,51K","6,07%"
"10/06/2009","3,708","3,777","3,860","3,665","110,00K","-0,62%"
"09/06/2009","3,731","3,727","3,820","3,656","100,49K","0,00%"
"08/06/2009","3,731","3,870","3,882","3,679","101,50K","-3,54%"
"05/06/2009","3,868","3,840","3,986","3,714","114,10K","1,52%"
"04/06/2009","3,810","3,765","3,872","3,550","135,77K","1,17%"
"03/06/2009","3,766","4,113","4,139","3,708","115,36K","-8,59%"
"02/06/2009","4,120","4,203","4,284","4,069","89,19K","-3,04%"
"01/06/2009","4,249","3,869","4,259","3,844","102,86K","10,80%"
"29/05/2009","3,835","3,980","4,104","3,798","103,93K","-3,08%"
"28/05/2009","3,957","3,630","3,979","3,572","127,01K","11,84%"
"27/05/2009","3,538","3,570","3,578","3,452","28,31K","0,03%"
"26/05/2009","3,537","3,480","3,589","3,388","75,04K","0,63%"
"22/05/2009","3,515","3,595","3,638","3,478","53,97K","-2,44%"
"21/05/2009","3,603","4,003","4,003","3,579","97,81K","-9,24%"
"20/05/2009","3,970","3,939","4,008","3,815","85,85K","1,43%"
"19/05/2009","3,914","4,154","4,206","3,859","101,06K","-5,44%"
"18/05/2009","4,139","4,037","4,239","3,997","83,37K","1,00%"
"15/05/2009","4,098","4,300","4,317","4,083","63,99K","-4,52%"
"14/05/2009","4,292","4,216","4,349","4,125","111,72K","-0,95%"
"13/05/2009","4,333","4,560","4,575","4,203","117,79K","-2,61%"
"12/05/2009","4,449","4,330","4,552","4,276","111,07K","3,42%"
"11/05/2009","4,302","4,340","4,364","4,195","87,06K","-0,21%"
"08/05/2009","4,311","4,172","4,360","4,096","90,48K","5,64%"
"07/05/2009","4,081","3,866","4,186","3,820","129,24K","4,99%"
"06/05/2009","3,887","3,619","3,900","3,596","99,45K","7,52%"
"05/05/2009","3,615","3,724","3,725","3,570","56,44K","-2,95%"
"04/05/2009","3,725","3,544","3,740","3,469","73,69K","5,05%"
"01/05/2009","3,546","3,393","3,591","3,361","69,22K","5,13%"
"30/04/2009","3,373","3,347","3,415","3,251","61,29K","-0,88%"
"29/04/2009","3,403","3,469","3,525","3,339","57,74K","2,47%"
"28/04/2009","3,321","3,266","3,352","3,192","28,56K","2,09%"
"27/04/2009","3,253","3,268","3,278","3,155","60,36K","-1,33%"
"24/04/2009","3,297","3,380","3,433","3,260","48,82K","-3,29%"
"23/04/2009","3,409","3,520","3,532","3,380","59,80K","-3,48%"
"22/04/2009","3,532","3,513","3,548","3,497","40,64K","0,60%"
"21/04/2009","3,511","3,560","3,560","3,448","57,56K","-0,82%"
"20/04/2009","3,540","3,710","3,757","3,520","54,41K","-5,07%"
"17/04/2009","3,729","3,601","3,786","3,534","68,92K","3,61%"
"16/04/2009","3,599","3,692","3,714","3,534","75,43K","-2,55%"
"15/04/2009","3,693","3,685","3,746","3,620","62,73K","0,11%"
"14/04/2009","3,689","3,638","3,715","3,585","67,56K","1,68%"
"13/04/2009","3,628","3,625","3,660","3,504","52,29K","0,50%"
"09/04/2009","3,610","3,696","3,824","3,555","53,27K","-0,55%"
"08/04/2009","3,630","3,579","3,669","3,531","45,72K","1,91%"
"07/04/2009","3,562","3,709","3,747","3,554","60,86K","-4,56%"
"06/04/2009","3,732","3,801","3,860","3,661","44,84K","-1,82%"
"03/04/2009","3,801","3,787","3,840","3,702","36,06K","0,50%"
"02/04/2009","3,782","3,667","3,904","3,638","63,16K","2,35%"
"01/04/2009","3,695","3,791","3,799","3,629","54,14K","-2,15%"
"31/03/2009","3,776","3,792","3,828","3,634","56,92K","0,99%"
"30/03/2009","3,739","3,760","3,800","3,676","41,71K","2,97%"
"27/03/2009","3,631","3,942","3,942","3,600","22,90K","-8,01%"
"26/03/2009","3,947","4,325","4,377","3,889","90,42K","-8,82%"
"25/03/2009","4,329","4,340","4,360","4,241","48,44K","-0,41%"
"24/03/2009","4,347","4,345","4,379","4,200","73,18K","1,23%"
"23/03/2009","4,294","4,190","4,350","4,183","45,56K","1,59%"
"20/03/2009","4,227","4,200","4,335","4,109","69,19K","1,27%"
"19/03/2009","4,174","3,685","4,424","3,675","118,27K","13,30%"
"18/03/2009","3,684","3,835","3,852","3,672","64,73K","-3,36%"
"17/03/2009","3,812","3,837","3,899","3,761","50,11K","-0,99%"
"16/03/2009","3,850","3,914","3,950","3,766","72,95K","-2,09%"
"13/03/2009","3,932","4,014","4,030","3,901","63,07K","-1,58%"
"12/03/2009","3,995","3,798","4,040","3,759","86,94K","5,19%"
"11/03/2009","3,798","3,850","3,909","3,791","53,74K","-1,09%"
"10/03/2009","3,840","3,841","3,956","3,810","61,65K","-0,65%"
"09/03/2009","3,865","3,882","3,965","3,809","64,48K","-2,03%"
"06/03/2009","3,945","4,075","4,148","3,917","73,42K","-3,50%"
"05/03/2009","4,088","4,339","4,380","4,060","82,16K","-5,81%"
"04/03/2009","4,340","4,299","4,349","4,141","82,24K","1,35%"
"03/03/2009","4,282","4,177","4,327","4,166","68,88K","3,13%"
"02/03/2009","4,152","4,274","4,343","4,058","83,49K","-1,10%"
"27/02/2009","4,198","4,067","4,296","3,916","84,48K","2,97%"
"26/02/2009","4,077","4,032","4,128","4,018","49,26K","0,52%"
"25/02/2009","4,056","4,230","4,250","4,010","22,53K","-4,25%"
"24/02/2009","4,236","4,067","4,257","3,984","61,83K","3,39%"
"23/02/2009","4,097","4,075","4,159","4,010","61,67K","2,27%"
"20/02/2009","4,006","4,069","4,078","3,921","49,80K","-1,77%"
"19/02/2009","4,078","4,228","4,280","4,001","80,56K","-3,23%"
"18/02/2009","4,214","4,184","4,254","4,037","77,89K","0,26%"
"17/02/2009","4,203","4,300","4,322","4,148","62,94K","-5,59%"
"13/02/2009","4,452","4,507","4,530","4,390","52,39K","-0,74%"
"12/02/2009","4,485","4,597","4,631","4,380","92,16K","-1,04%"
"11/02/2009","4,532","4,521","4,746","4,445","112,95K","-0,24%"
"10/02/2009","4,543","4,816","4,867","4,521","81,70K","-5,49%"
"09/02/2009","4,807","4,770","4,880","4,638","69,52K","0,69%"
"06/02/2009","4,774","4,655","4,837","4,522","68,23K","2,84%"
"05/02/2009","4,642","4,627","4,742","4,510","70,34K","0,98%"
"04/02/2009","4,597","4,527","4,720","4,484","67,89K","1,86%"
"03/02/2009","4,513","4,590","4,728","4,360","72,67K","-0,97%"
"02/02/2009","4,557","4,315","4,669","4,280","72,48K","3,17%"
"30/01/2009","4,417","4,607","4,661","4,366","58,78K","-3,47%"
"29/01/2009","4,576","4,435","4,648","4,359","57,24K","2,23%"
"28/01/2009","4,476","4,512","4,665","4,410","22,04K","-0,60%"
"27/01/2009","4,503","4,485","4,598","4,470","45,17K","0,29%"
"26/01/2009","4,490","4,440","4,610","4,377","48,43K","-0,62%"
"23/01/2009","4,518","4,637","4,681","4,432","59,74K","-3,48%"
"22/01/2009","4,681","4,830","4,830","4,483","61,20K","-2,07%"
"21/01/2009","4,780","4,712","4,859","4,621","47,05K","2,97%"
"20/01/2009","4,642","4,729","4,775","4,570","39,95K","-3,31%"
"16/01/2009","4,801","4,896","4,979","4,765","45,08K","-0,87%"
"15/01/2009","4,843","4,925","5,030","4,742","56,89K","-2,56%"
"14/01/2009","4,970","5,219","5,235","4,940","73,46K","-4,13%"
"13/01/2009","5,184","5,510","5,567","5,158","65,39K","-6,46%"
"12/01/2009","5,542","5,547","5,634","5,370","47,93K","0,47%"
"09/01/2009","5,516","5,607","5,625","5,423","48,08K","-1,20%"
"08/01/2009","5,583","5,849","6,004","5,550","74,72K","-4,92%"
"07/01/2009","5,872","5,985","6,070","5,784","48,76K","-1,86%"
"06/01/2009","5,983","6,083","6,240","5,865","57,51K","-1,47%"
"05/01/2009","6,072","5,930","6,142","5,825","42,39K","1,69%"
"02/01/2009","5,971","5,550","6,088","5,503","41,11K","6,21%"
"31/12/2008","5,622","5,852","5,855","5,477","28,38K","-4,05%"
"30/12/2008","5,859","6,065","6,180","5,789","27,69K","-4,51%"
"29/12/2008","6,136","5,909","6,175","5,909","21,73K","5,32%"
"26/12/2008","5,826","5,850","5,938","5,779","6,31K","-1,42%"
"24/12/2008","5,910","5,702","5,940","5,517","38,13K","3,02%"
"23/12/2008","5,737","5,335","5,862","5,300","51,65K","8,37%"
"22/12/2008","5,294","5,270","5,370","5,210","40,96K","-0,75%"
"19/12/2008","5,334","5,559","5,703","5,267","47,36K","-3,86%"
"18/12/2008","5,548","5,559","5,579","5,559","54,58K","-1,26%"
"17/12/2008","5,619","5,785","5,855","5,486","60,92K","-2,30%"
"16/12/2008","5,751","5,660","5,825","5,574","47,99K","1,88%"
"15/12/2008","5,645","5,594","5,821","5,571","50,33K","2,86%"
"12/12/2008","5,488","5,570","5,577","5,463","43,91K","-1,96%"
"11/12/2008","5,598","5,684","5,772","5,508","67,42K","-1,55%"
"10/12/2008","5,686","5,667","5,792","5,565","68,71K","1,92%"
"09/12/2008","5,579","5,601","5,678","5,458","68,84K","0,23%"
"08/12/2008","5,566","5,708","5,738","5,484","70,19K","-3,07%"
"05/12/2008","5,742","6,009","6,009","5,712","66,52K","-4,57%"
"04/12/2008","6,017","6,370","6,428","5,961","78,61K","-5,20%"
"03/12/2008","6,347","6,470","6,484","6,280","44,51K","-1,20%"
"02/12/2008","6,424","6,497","6,659","6,371","53,72K","-2,73%"
"01/12/2008","6,604","6,550","6,685","6,370","57,32K","1,44%"
"28/11/2008","6,510","6,817","6,904","6,255","34,90K","-5,35%"
"26/11/2008","6,878","6,403","6,978","6,343","68,24K","7,70%"
"25/11/2008","6,386","6,837","6,863","6,347","65,38K","-7,29%"
"24/11/2008","6,888","6,672","6,922","6,601","24,72K","6,30%"
"21/11/2008","6,480","6,301","6,548","6,252","55,04K","2,60%"
"20/11/2008","6,316","6,734","6,820","6,201","66,85K","-6,33%"
"19/11/2008","6,743","6,476","6,825","6,428","72,18K","3,48%"
"18/11/2008","6,516","6,574","6,704","6,404","64,84K","-0,26%"
"17/11/2008","6,533","6,361","6,590","6,320","49,31K","3,50%"
"14/11/2008","6,312","6,400","6,450","6,054","59,33K","-0,09%"
"13/11/2008","6,318","6,349","6,487","6,084","92,28K","-1,36%"
"12/11/2008","6,405","6,698","6,789","6,333","76,73K","-4,47%"
"11/11/2008","6,705","7,240","7,250","6,670","86,87K","-7,49%"
"10/11/2008","7,248","6,887","7,308","6,887","72,23K","7,27%"
"07/11/2008","6,757","6,969","6,969","6,720","49,27K","-3,18%"
"06/11/2008","6,979","7,260","7,343","6,857","73,25K","-3,72%"
"05/11/2008","7,249","7,323","7,347","7,082","59,13K","0,42%"
"04/11/2008","7,219","6,850","7,360","6,836","86,08K","5,57%"
"03/11/2008","6,838","6,693","6,856","6,512","54,39K","0,81%"
"31/10/2008","6,783","6,420","6,832","6,330","53,04K","5,47%"
"30/10/2008","6,431","6,870","6,896","6,350","76,69K","-0,59%"
"29/10/2008","6,469","6,330","6,580","6,295","27,71K","4,57%"
"28/10/2008","6,186","6,145","6,313","6,067","53,39K","1,06%"
"27/10/2008","6,121","6,133","6,206","5,990","46,60K","-1,89%"
"24/10/2008","6,239","6,424","6,468","6,150","47,24K","-2,80%"
"23/10/2008","6,419","6,777","6,790","6,360","90,66K","-5,28%"
"22/10/2008","6,777","6,900","6,970","6,732","48,50K","-0,98%"
"21/10/2008","6,844","6,760","6,897","6,696","43,44K","1,53%"
"20/10/2008","6,741","6,854","7,087","6,683","74,32K","-0,66%"
"17/10/2008","6,786","6,818","6,975","6,751","61,96K","1,24%"
"16/10/2008","6,703","6,521","6,842","6,436","79,45K","1,68%"
"15/10/2008","6,592","6,740","6,754","6,529","44,83K","-2,01%"
"14/10/2008","6,727","6,707","6,837","6,643","56,00K","0,58%"
"13/10/2008","6,688","6,535","6,776","6,519","52,34K","2,34%"
"10/10/2008","6,535","6,763","6,785","6,522","67,47K","-4,25%"
"09/10/2008","6,825","6,756","6,886","6,622","62,28K","1,23%"
"08/10/2008","6,742","6,768","6,834","6,510","85,33K","-0,38%"
"07/10/2008","6,768","6,900","7,011","6,730","74,30K","-0,98%"
"06/10/2008","6,835","7,348","7,348","6,823","72,81K","-7,11%"
"03/10/2008","7,358","7,450","7,500","7,290","39,57K","-1,64%"
"02/10/2008","7,481","7,800","7,834","7,434","64,54K","-3,20%"
"01/10/2008","7,728","7,518","7,938","7,450","86,23K","3,90%"
"30/09/2008","7,438","7,176","7,542","7,176","48,68K","3,01%"
"29/09/2008","7,221","7,628","7,628","7,140","66,37K","-3,36%"
"26/09/2008","7,472","7,740","7,758","7,296","34,45K","-3,26%"
"25/09/2008","7,724","7,666","7,942","7,460","86,78K","0,59%"
"24/09/2008","7,679","8,015","8,160","7,605","76,06K","-3,18%"
"23/09/2008","7,931","7,729","8,060","7,600","93,48K","3,56%"
"22/09/2008","7,658","7,451","7,745","7,361","64,07K","1,69%"
"19/09/2008","7,531","7,570","7,748","7,425","51,73K","-1,18%"
"18/09/2008","7,621","7,965","8,320","7,411","102,32K","-3,65%"
"17/09/2008","7,910","7,333","7,989","7,270","116,52K","8,67%"
"16/09/2008","7,279","7,310","7,520","7,135","79,29K","-1,29%"
"15/09/2008","7,374","7,372","7,840","7,071","98,16K","0,11%"
"12/09/2008","7,366","7,252","7,670","7,120","91,51K","1,63%"
"11/09/2008","7,248","7,437","7,648","7,162","83,22K","-1,96%"
"10/09/2008","7,393","7,464","7,579","7,250","82,63K","-1,88%"
"09/09/2008","7,535","7,577","7,640","7,122","87,90K","0,11%"
"08/09/2008","7,527","7,600","7,705","7,300","82,97K","1,05%"
"05/09/2008","7,449","7,356","7,499","7,211","68,34K","1,73%"
"04/09/2008","7,322","7,260","7,390","7,023","78,10K","0,80%"
"03/09/2008","7,264","7,165","7,300","7,028","84,83K","0,04%"
"02/09/2008","7,261","8,094","8,130","7,160","109,20K","-8,59%"
"29/08/2008","7,943","8,049","8,320","7,926","81,20K","-1,33%"
"28/08/2008","8,050","8,557","8,808","7,722","140,81K","-4,10%"
"27/08/2008","8,394","8,295","8,777","8,276","36,38K","1,40%"
"26/08/2008","8,278","7,889","8,379","7,888","99,52K","5,79%"
"25/08/2008","7,825","7,794","7,915","7,617","80,77K","-0,23%"
"22/08/2008","7,843","8,291","8,340","7,768","86,12K","-4,96%"
"21/08/2008","8,252","8,108","8,388","8,015","88,63K","2,17%"
"20/08/2008","8,077","8,059","8,181","7,916","57,87K","1,27%"
"19/08/2008","7,976","7,865","8,151","7,780","75,50K","1,12%"
"18/08/2008","7,888","7,928","8,052","7,814","72,11K","-2,52%"
"15/08/2008","8,092","8,050","8,199","7,960","73,66K","-0,54%"
"14/08/2008","8,136","8,531","8,550","8,000","103,90K","-3,78%"
"13/08/2008","8,456","8,352","8,736","8,050","124,17K","1,51%"
"12/08/2008","8,330","8,395","8,489","8,233","76,54K","-0,23%"
"11/08/2008","8,349","8,360","8,460","8,160","83,06K","1,22%"
"08/08/2008","8,248","8,540","8,553","8,190","89,73K","-3,77%"
"07/08/2008","8,571","8,833","9,092","8,486","113,62K","-2,30%"
"06/08/2008","8,773","8,620","8,977","8,552","70,48K","0,54%"
"05/08/2008","8,726","8,612","8,958","8,335","97,08K","0,00%"
"04/08/2008","8,726","9,451","9,600","8,600","102,55K","-7,06%"
"01/08/2008","9,389","9,123","9,460","8,908","81,38K","2,96%"
"31/07/2008","9,119","9,311","9,350","9,049","79,99K","-1,39%"
"30/07/2008","9,248","9,056","9,340","8,810","89,86K","0,34%"
"29/07/2008","9,217","9,194","9,264","8,934","37,20K","0,59%"
"28/07/2008","9,163","9,196","9,306","9,071","69,25K","0,87%"
"25/07/2008","9,084","9,346","9,485","8,988","72,87K","-2,56%"
"24/07/2008","9,323","9,686","9,886","8,883","161,89K","-4,75%"
"23/07/2008","9,788","10,070","10,316","9,661","111,71K","-2,77%"
"22/07/2008","10,067","10,505","10,505","9,889","99,32K","-4,22%"
"21/07/2008","10,510","10,632","10,793","10,322","80,07K","-0,57%"
"18/07/2008","10,570","10,596","10,799","10,516","70,57K","0,31%"
"17/07/2008","10,537","11,475","11,550","10,464","147,90K","-7,55%"
"16/07/2008","11,398","11,453","11,496","11,113","89,56K","-0,69%"
"15/07/2008","11,477","11,991","12,111","11,376","114,48K","-4,03%"
"14/07/2008","11,959","11,955","12,137","11,765","82,33K","0,46%"
"11/07/2008","11,904","12,385","12,620","11,812","107,14K","-3,22%"
"10/07/2008","12,300","11,955","12,442","11,906","109,06K","2,45%"
"09/07/2008","12,006","12,363","12,487","11,907","121,28K","-2,93%"
"08/07/2008","12,368","12,931","12,970","12,290","133,90K","-4,69%"
"07/07/2008","12,977","13,500","13,572","12,874","119,18K","-4,42%"
"03/07/2008","13,577","13,485","13,619","13,306","50,73K","1,40%"
"02/07/2008","13,389","13,580","13,694","13,207","83,76K","-0,86%"
"01/07/2008","13,505","13,374","13,610","13,304","58,64K","1,14%"
"30/06/2008","13,353","13,260","13,448","13,210","60,29K","1,17%"
"27/06/2008","13,198","13,260","13,428","13,187","63,07K","0,71%"
"26/06/2008","13,105","12,690","13,222","12,524","46,02K","2,76%"
"25/06/2008","12,753","13,027","13,027","12,654","77,68K","-1,98%"
"24/06/2008","13,011","13,180","13,269","12,903","74,27K","-1,45%"
"23/06/2008","13,203","13,140","13,266","13,021","77,35K","1,61%"
"20/06/2008","12,994","12,890","13,185","12,782","70,55K","1,03%"
"19/06/2008","12,861","13,260","13,350","12,625","148,63K","-2,64%"
"18/06/2008","13,210","13,003","13,290","12,970","53,94K","1,99%"
"17/06/2008","12,952","12,945","13,050","12,837","75,05K","0,15%"
"16/06/2008","12,933","12,637","12,990","12,580","72,17K","2,44%"
"13/06/2008","12,625","12,800","12,824","12,574","62,15K","-1,35%"
"12/06/2008","12,798","12,705","12,888","12,543","96,20K","1,09%"
"11/06/2008","12,660","12,435","12,779","12,420","87,00K","1,81%"
"10/06/2008","12,435","12,595","12,754","12,367","95,59K","-1,34%"
"09/06/2008","12,604","12,690","12,811","12,543","80,22K","-0,70%"
"06/06/2008","12,693","12,548","12,823","12,548","91,74K","1,39%"
"05/06/2008","12,519","12,415","12,548","12,312","72,61K","1,13%"
"04/06/2008","12,379","12,143","12,475","12,076","92,60K","1,29%"
"03/06/2008","12,221","12,085","12,376","12,026","88,59K","2,11%"
"02/06/2008","11,969","11,791","12,203","11,633","90,08K","2,27%"
"30/05/2008","11,703","11,480","11,830","11,450","69,49K","2,00%"
"29/05/2008","11,474","12,021","12,075","11,430","113,22K","-3,71%"
"28/05/2008","11,916","11,786","11,975","11,602","37,43K","0,97%"
"27/05/2008","11,801","11,950","12,085","11,754","72,22K","-0,47%"
"23/05/2008","11,857","11,621","11,950","11,600","62,13K","1,37%"
"22/05/2008","11,697","11,710","11,857","11,481","118,10K","0,49%"
"21/05/2008","11,640","11,430","11,730","11,374","89,00K","2,42%"
"20/05/2008","11,365","10,985","11,477","10,950","115,44K","3,75%"
"19/05/2008","10,954","11,158","11,278","10,857","79,98K","-1,26%"
"16/05/2008","11,094","11,374","11,583","11,010","105,13K","-2,68%"
"15/05/2008","11,399","11,596","11,718","11,141","102,56K","-1,72%"
"14/05/2008","11,598","11,440","11,794","11,440","64,10K","1,54%"
"13/05/2008","11,422","11,325","11,649","11,215","109,34K","1,07%"
"12/05/2008","11,301","11,644","11,675","11,249","90,67K","-2,05%"
"09/05/2008","11,537","11,214","11,608","11,214","73,37K","2,43%"
"08/05/2008","11,263","11,349","11,428","11,211","88,42K","-0,57%"
"07/05/2008","11,327","11,080","11,387","11,061","77,86K","1,59%"
"06/05/2008","11,150","11,164","11,364","11,065","78,57K","-0,25%"
"05/05/2008","11,178","10,843","11,221","10,781","68,96K","3,72%"
"02/05/2008","10,777","10,522","10,795","10,500","50,72K","2,05%"
"01/05/2008","10,561","10,920","10,945","10,480","76,35K","-2,60%"
"30/04/2008","10,843","10,815","10,959","10,662","71,59K","0,01%"
"29/04/2008","10,842","11,210","11,244","10,765","82,40K","-3,88%"
"28/04/2008","11,280","11,020","11,360","10,970","33,77K","2,89%"
"25/04/2008","10,963","10,801","11,050","10,729","58,23K","1,60%"
"24/04/2008","10,790","10,840","10,945","10,593","80,14K","0,08%"
"23/04/2008","10,781","10,565","10,844","10,415","92,12K","1,64%"
"22/04/2008","10,607","10,699","10,764","10,529","75,25K","-1,17%"
"21/04/2008","10,733","10,624","10,749","10,496","69,82K","1,38%"
"18/04/2008","10,587","10,340","10,658","10,212","68,38K","1,96%"
"17/04/2008","10,383","10,478","10,536","10,322","74,19K","-0,48%"
"16/04/2008","10,433","10,245","10,489","10,060","109,89K","2,23%"
"15/04/2008","10,205","10,084","10,280","10,082","66,32K","1,51%"
"14/04/2008","10,053","9,920","10,097","9,816","57,20K","1,54%"
"11/04/2008","9,901","10,000","10,090","9,821","77,54K","-1,95%"
"10/04/2008","10,098","10,120","10,314","9,984","97,43K","0,42%"
"09/04/2008","10,056","9,778","10,153","9,735","93,54K","3,70%"
"08/04/2008","9,697","9,758","9,938","9,622","91,92K","-0,96%"
"07/04/2008","9,791","9,343","9,835","9,343","85,75K","5,03%"
"04/04/2008","9,322","9,349","9,547","9,290","64,94K","-1,01%"
"03/04/2008","9,417","9,811","9,880","9,333","87,94K","-4,22%"
"02/04/2008","9,832","9,630","9,952","9,386","106,81K","1,11%"
"01/04/2008","9,724","10,033","10,035","9,564","76,66K","-3,73%"
"31/03/2008","10,101","9,836","10,210","9,822","79,49K","3,07%"
"28/03/2008","9,800","9,681","9,850","9,663","44,75K","2,32%"
"27/03/2008","9,578","9,560","9,645","9,346","32,95K","0,06%"
"26/03/2008","9,572","9,452","9,650","9,352","70,67K","1,62%"
"25/03/2008","9,419","9,373","9,486","9,278","70,64K","0,96%"
"24/03/2008","9,329","9,120","9,447","9,008","79,83K","2,91%"
"20/03/2008","9,065","9,036","9,230","8,664","82,77K","0,45%"
"19/03/2008","9,024","9,440","9,450","8,977","78,89K","-4,14%"
"18/03/2008","9,414","9,140","9,473","9,110","75,01K","3,45%"
"17/03/2008","9,100","10,002","10,103","9,064","122,19K","-7,78%"
"14/03/2008","9,868","10,236","10,294","9,800","74,15K","-3,54%"
"13/03/2008","10,230","10,087","10,258","9,999","69,97K","2,19%"
"12/03/2008","10,011","10,023","10,087","9,860","56,53K","0,11%"
"11/03/2008","10,000","10,070","10,139","9,844","83,69K","-0,24%"
"10/03/2008","10,024","9,840","10,063","9,627","78,13K","2,61%"
"07/03/2008","9,769","9,765","10,004","9,686","79,06K","0,28%"
"06/03/2008","9,742","9,836","9,855","9,642","76,75K","0,01%"
"05/03/2008","9,741","9,368","9,876","9,340","99,06K","4,15%"
"04/03/2008","9,353","9,296","9,499","9,254","78,58K","0,07%"
"03/03/2008","9,346","9,387","9,605","9,270","75,04K","-0,21%"
"29/02/2008","9,366","9,421","9,478","9,302","49,17K","-0,82%"
"28/02/2008","9,443","9,024","9,498","9,012","75,73K","5,74%"
"27/02/2008","8,930","9,156","9,202","8,880","40,20K","-3,00%"
"26/02/2008","9,206","9,151","9,327","9,103","90,97K","0,22%"
"25/02/2008","9,186","9,335","9,360","9,061","77,27K","0,44%"
"22/02/2008","9,146","8,869","9,239","8,771","94,81K","2,87%"
"21/02/2008","8,891","8,939","9,050","8,840","67,04K","-0,83%"
"20/02/2008","8,965","9,023","9,120","8,898","60,98K","-0,13%"
"19/02/2008","8,977","8,755","9,070","8,734","63,67K","3,66%"
"15/02/2008","8,660","8,751","8,847","8,636","64,53K","-1,28%"
"14/02/2008","8,772","8,395","8,810","8,355","83,25K","4,58%"
"13/02/2008","8,388","8,410","8,555","8,336","78,26K","-0,57%"
"12/02/2008","8,436","8,562","8,620","8,360","92,67K","-1,11%"
"11/02/2008","8,531","8,405","8,627","8,395","91,09K","2,77%"
"08/02/2008","8,301","8,195","8,330","8,059","100,77K","2,46%"
"07/02/2008","8,102","8,032","8,194","7,971","69,11K","1,35%"
"06/02/2008","7,994","7,962","8,080","7,916","48,43K","0,65%"
"05/02/2008","7,942","7,890","8,005","7,863","53,40K","0,93%"
"04/02/2008","7,869","7,625","8,011","7,580","75,60K","1,67%"
"01/02/2008","7,740","8,065","8,066","7,691","78,64K","-4,14%"
"31/01/2008","8,074","8,056","8,123","7,940","61,89K","0,36%"
"30/01/2008","8,045","7,915","8,130","7,906","58,98K","0,61%"
"29/01/2008","7,996","8,118","8,133","7,890","33,73K","-1,22%"
"28/01/2008","8,095","7,960","8,112","7,898","56,12K","1,40%"
"25/01/2008","7,983","7,830","8,006","7,771","41,99K","2,32%"
"24/01/2008","7,802","7,700","7,864","7,662","48,88K","2,38%"
"23/01/2008","7,621","7,685","7,751","7,570","43,76K","-0,64%"
"22/01/2008","7,670","7,940","7,990","7,626","57,44K","-4,04%"
"18/01/2008","7,993","8,110","8,220","7,918","40,64K","-1,09%"
"17/01/2008","8,081","8,080","8,175","7,933","50,84K","-0,64%"
"16/01/2008","8,133","8,158","8,246","8,050","62,65K","-0,77%"
"15/01/2008","8,196","8,380","8,415","8,078","59,26K","-1,88%"
"14/01/2008","8,353","8,401","8,481","8,227","61,53K","1,74%"
"11/01/2008","8,210","8,299","8,410","8,083","67,60K","-0,59%"
"10/01/2008","8,259","8,135","8,303","7,988","64,77K","1,98%"
"09/01/2008","8,099","7,936","8,200","7,915","60,87K","1,66%"
"08/01/2008","7,967","7,909","8,000","7,880","53,78K","1,12%"
"07/01/2008","7,879","7,803","7,940","7,701","56,68K","0,48%"
"04/01/2008","7,841","7,652","7,859","7,500","61,50K","2,18%"
"03/01/2008","7,674","7,873","7,980","7,610","72,74K","-2,24%"
"02/01/2008","7,850","7,572","7,875","7,564","68,55K","4,90%"
"31/12/2007","7,483","7,349","7,540","7,283","27,30K","1,31%"
"28/12/2007","7,386","7,135","7,410","7,080","36,98K","2,98%"
"27/12/2007","7,172","7,050","7,301","6,838","30,31K","1,79%"
"26/12/2007","7,046","6,990","7,068","6,960","37,43K","0,30%"
"24/12/2007","7,025","7,079","7,170","6,980","16,24K","-2,29%"
"21/12/2007","7,190","7,137","7,250","7,040","40,81K","0,74%"
"20/12/2007","7,137","7,165","7,250","7,025","63,23K","-0,59%"
"19/12/2007","7,179","7,190","7,210","6,981","56,31K","0,53%"
"18/12/2007","7,141","7,049","7,185","7,024","35,95K","1,51%"
"17/12/2007","7,035","6,992","7,100","6,914","50,18K","0,14%"
"14/12/2007","7,025","7,167","7,207","6,992","42,54K","-2,34%"
"13/12/2007","7,193","7,432","7,529","7,160","83,95K","-2,90%"
"12/12/2007","7,408","7,141","7,438","7,110","70,79K","4,56%"
"11/12/2007","7,085","7,075","7,238","6,993","75,23K","0,75%"
"10/12/2007","7,032","7,045","7,183","6,950","67,56K","-1,72%"
"07/12/2007","7,155","7,320","7,380","7,090","71,92K","-2,39%"
"06/12/2007","7,330","7,225","7,445","7,175","50,03K","2,02%"
"05/12/2007","7,185","7,156","7,278","7,045","57,77K","0,42%"
"04/12/2007","7,155","7,220","7,279","7,069","50,81K","-0,82%"
"03/12/2007","7,214","7,209","7,279","7,038","56,94K","-1,21%"
"30/11/2007","7,302","7,506","7,570","7,276","42,82K","-2,01%"
"29/11/2007","7,452","7,520","7,676","7,380","54,62K","3,46%"
"28/11/2007","7,203","7,597","7,600","7,180","35,17K","-4,68%"
"27/11/2007","7,557","7,701","7,764","7,520","54,56K","-2,15%"
"26/11/2007","7,723","7,848","7,969","7,654","51,77K","0,30%"
"23/11/2007","7,700","7,575","7,740","7,465","11,37K","1,99%"
"21/11/2007","7,550","7,478","7,683","7,420","38,49K","0,98%"
"20/11/2007","7,477","7,753","7,753","7,459","49,71K","-3,98%"
"19/11/2007","7,787","8,045","8,130","7,744","43,00K","-2,67%"
"16/11/2007","8,001","7,710","8,049","7,650","52,15K","3,91%"
"15/11/2007","7,700","7,771","7,885","7,650","52,08K","-1,72%"
"14/11/2007","7,835","7,924","8,070","7,770","61,15K","-1,43%"
"13/11/2007","7,949","7,914","8,123","7,882","62,66K","-0,15%"
"12/11/2007","7,961","7,855","8,070","7,720","56,52K","0,81%"
"09/11/2007","7,897","7,718","7,960","7,675","47,38K","2,39%"
"08/11/2007","7,713","7,655","7,754","7,504","65,64K","1,17%"
"07/11/2007","7,624","7,903","7,970","7,546","76,32K","-3,04%"
"06/11/2007","7,863","7,940","8,140","7,765","66,53K","-1,70%"
"05/11/2007","7,999","8,333","8,333","7,920","43,05K","-4,98%"
"02/11/2007","8,418","8,639","8,712","8,342","50,94K","-2,54%"
"01/11/2007","8,637","8,373","8,677","8,231","79,92K","3,69%"
"31/10/2007","8,330","7,991","8,475","7,991","68,12K","3,85%"
"30/10/2007","8,021","7,986","8,175","7,940","63,34K","10,35%"
"29/10/2007","7,269","7,254","7,387","7,210","29,58K","0,71%"
"26/10/2007","7,218","7,176","7,227","7,073","54,48K","0,42%"
"25/10/2007","7,188","6,993","7,208","6,882","64,20K","3,10%"
"24/10/2007","6,972","6,760","7,058","6,687","67,61K","3,12%"
"23/10/2007","6,761","6,892","6,999","6,640","65,69K","-1,89%"
"22/10/2007","6,891","7,053","7,056","6,808","53,96K","-2,13%"
"19/10/2007","7,041","7,321","7,364","7,027","50,14K","-4,52%"
"18/10/2007","7,374","7,458","7,616","7,250","70,74K","-1,13%"
"17/10/2007","7,458","7,370","7,550","7,301","59,16K","1,24%"
"16/10/2007","7,367","7,485","7,570","7,290","77,25K","-1,05%"
"15/10/2007","7,445","7,087","7,490","7,087","79,64K","6,75%"
"12/10/2007","6,974","6,874","6,995","6,745","45,93K","1,43%"
"11/10/2007","6,876","7,011","7,117","6,846","80,97K","-1,91%"
"10/10/2007","7,010","6,936","7,080","6,835","74,30K","2,14%"
"09/10/2007","6,863","6,848","6,953","6,770","76,07K","0,25%"
"08/10/2007","6,846","7,027","7,186","6,826","86,87K","-3,21%"
"05/10/2007","7,073","7,398","7,412","7,026","77,12K","-4,57%"
"04/10/2007","7,412","7,240","7,431","7,150","43,95K","1,86%"
"03/10/2007","7,277","7,449","7,505","7,200","59,22K","-2,02%"
"02/10/2007","7,427","7,080","7,455","7,065","70,58K","5,35%"
"01/10/2007","7,050","6,860","7,098","6,753","62,52K","2,62%"
"28/09/2007","6,870","6,944","7,035","6,823","36,71K","-0,71%"
"27/09/2007","6,919","7,030","7,039","6,744","54,61K","7,72%"
"26/09/2007","6,423","6,360","6,474","6,250","31,95K","0,99%"
"25/09/2007","6,360","6,379","6,530","6,273","74,18K","-0,16%"
"24/09/2007","6,370","6,018","6,432","5,916","63,53K","4,77%"
"21/09/2007","6,080","6,000","6,259","5,725","62,08K","1,20%"
"20/09/2007","6,008","6,118","6,165","5,870","78,48K","-2,78%"
"19/09/2007","6,180","6,525","6,642","6,088","64,98K","-5,91%"
"18/09/2007","6,568","6,672","6,730","6,168","95,88K","-1,28%"
"17/09/2007","6,653","6,395","6,690","6,275","61,99K","5,96%"
"14/09/2007","6,279","6,070","6,498","6,025","83,46K","4,15%"
"13/09/2007","6,029","6,471","6,490","6,000","72,71K","-6,35%"
"12/09/2007","6,438","5,939","6,490","5,931","80,62K","8,49%"
"11/09/2007","5,934","5,972","5,994","5,815","73,76K","0,73%"
"10/09/2007","5,891","5,348","5,989","5,249","90,27K","7,09%"
"07/09/2007","5,501","5,605","5,620","5,427","49,14K","-2,64%"
"06/09/2007","5,650","5,856","6,019","5,584","68,32K","-2,67%"
"05/09/2007","5,805","5,699","5,854","5,560","57,60K","3,13%"
"04/09/2007","5,629","5,440","5,713","5,259","58,78K","2,94%"
"31/08/2007","5,468","5,696","5,762","5,414","33,59K","-2,96%"
"30/08/2007","5,635","5,593","5,785","5,521","43,78K","3,78%"
"29/08/2007","5,430","5,670","5,750","5,369","28,88K","-2,91%"
"28/08/2007","5,593","5,429","5,728","5,365","76,72K","3,96%"
"27/08/2007","5,380","5,293","5,433","5,192","47,27K","-2,59%"
"24/08/2007","5,523","5,635","5,700","5,434","44,97K","-1,76%"
"23/08/2007","5,622","5,631","5,715","5,519","38,55K","0,79%"
"22/08/2007","5,578","5,865","5,879","5,544","53,38K","-4,11%"
"21/08/2007","5,817","6,020","6,034","5,752","59,96K","-3,69%"
"20/08/2007","6,040","6,635","6,635","5,995","72,48K","-13,84%"
"17/08/2007","7,010","6,890","7,132","6,705","54,91K","1,96%"
"16/08/2007","6,875","6,848","6,997","6,546","70,36K","0,16%"
"15/08/2007","6,864","7,015","7,192","6,745","79,11K","-1,10%"
"14/08/2007","6,940","6,850","7,059","6,672","72,07K","2,15%"
"13/08/2007","6,794","6,883","7,127","6,736","91,09K","-0,38%"
"10/08/2007","6,820","6,605","6,958","6,450","96,03K","3,55%"
"09/08/2007","6,586","6,265","6,650","6,244","92,62K","5,88%"
"08/08/2007","6,220","6,230","6,300","6,108","69,47K","0,31%"
"07/08/2007","6,201","6,260","6,400","6,175","66,47K","-0,11%"
"06/08/2007","6,208","6,162","6,280","5,906","44,85K","1,94%"
"03/08/2007","6,090","6,164","6,292","6,031","40,86K","-0,26%"
"02/08/2007","6,106","6,412","6,455","6,075","51,05K","-3,87%"
"01/08/2007","6,352","6,201","6,500","6,103","69,62K","2,60%"
"31/07/2007","6,191","6,566","6,684","6,166","59,86K","-4,74%"
"30/07/2007","6,499","6,285","6,580","6,232","51,98K","6,37%"
"27/07/2007","6,110","5,960","6,162","5,893","31,97K","2,81%"
"26/07/2007","5,943","5,941","6,032","5,851","58,43K","0,30%"
"25/07/2007","5,925","5,855","5,987","5,754","56,19K","1,06%"
"24/07/2007","5,863","6,020","6,043","5,801","67,65K","-2,91%"
"23/07/2007","6,039","6,279","6,295","6,001","60,83K","-6,31%"
"20/07/2007","6,446","6,738","6,750","6,378","43,76K","-3,88%"
"19/07/2007","6,706","6,560","6,744","6,536","46,50K","2,73%"
"18/07/2007","6,528","6,363","6,579","6,226","47,28K","3,50%"
"17/07/2007","6,307","6,357","6,495","6,237","52,30K","-1,08%"
"16/07/2007","6,376","6,527","6,527","6,314","53,50K","-4,29%"
"13/07/2007","6,662","6,564","6,752","6,521","51,62K","2,54%"
"12/07/2007","6,497","6,572","6,662","6,301","67,13K","-1,56%"
"11/07/2007","6,600","6,723","6,849","6,563","62,72K","-1,48%"
"10/07/2007","6,699","6,430","6,741","6,400","72,94K","4,51%"
"09/07/2007","6,410","6,444","6,614","6,383","55,17K","-0,53%"
"06/07/2007","6,444","6,610","6,650","6,360","40,15K","-2,63%"
"05/07/2007","6,618","6,770","6,790","6,560","29,86K","-2,01%"
"03/07/2007","6,754","6,765","6,839","6,689","33,23K","-0,15%"
"02/07/2007","6,764","6,720","6,800","6,551","47,69K","-0,13%"
"29/06/2007","6,773","6,680","6,845","6,607","47,89K","1,77%"
"28/06/2007","6,655","7,100","7,107","6,551","78,88K","-3,95%"
"27/06/2007","6,929","6,860","6,970","6,736","31,24K","0,76%"
"26/06/2007","6,877","6,940","7,002","6,834","64,63K","-0,91%"
"25/06/2007","6,940","7,000","7,039","6,910","53,72K","-2,66%"
"22/06/2007","7,130","7,367","7,390","7,049","63,35K","-2,97%"
"21/06/2007","7,348","7,398","7,500","7,325","56,59K","-0,58%"
"20/06/2007","7,391","7,555","7,580","7,325","59,88K","-1,70%"
"19/06/2007","7,519","7,677","7,710","7,500","58,77K","-2,22%"
"18/06/2007","7,690","7,909","7,918","7,659","46,65K","-2,88%"
"15/06/2007","7,918","7,823","8,017","7,771","71,44K","1,41%"
"14/06/2007","7,808","7,606","7,825","7,590","54,35K","2,63%"
"13/06/2007","7,608","7,712","7,770","7,584","65,07K","-0,96%"
"12/06/2007","7,682","7,597","7,730","7,580","54,52K","0,97%"
"11/06/2007","7,608","7,650","7,757","7,560","69,63K","-0,72%"
"08/06/2007","7,663","7,791","7,830","7,650","61,39K","-2,07%"
"07/06/2007","7,825","8,089","8,132","7,790","87,97K","-3,16%"
"06/06/2007","8,080","8,066","8,160","8,000","41,35K","0,20%"
"05/06/2007","8,064","8,180","8,208","8,010","49,31K","-1,55%"
"04/06/2007","8,191","7,920","8,210","7,873","80,29K","3,97%"
"01/06/2007","7,878","7,955","7,968","7,800","45,29K","-0,72%"
"31/05/2007","7,935","7,960","8,000","7,799","54,37K","-0,08%"
"30/05/2007","7,941","7,769","7,995","7,730","58,45K","4,61%"
"29/05/2007","7,591","7,592","7,633","7,489","31,88K","-0,64%"
"25/05/2007","7,640","7,690","7,740","7,500","54,89K","-0,53%"
"24/05/2007","7,681","7,763","7,799","7,650","50,82K","-0,98%"
"23/05/2007","7,757","7,800","7,870","7,740","42,63K","-0,56%"
"22/05/2007","7,801","7,911","7,941","7,795","35,38K","-1,42%"
"21/05/2007","7,913","7,876","7,960","7,820","41,59K","-0,39%"
"18/05/2007","7,944","8,120","8,230","7,891","61,19K","-1,62%"
"17/05/2007","8,075","7,945","8,139","7,853","49,83K","2,34%"
"16/05/2007","7,890","7,871","7,950","7,760","43,00K","0,33%"
"15/05/2007","7,864","7,922","7,936","7,815","41,60K","-1,11%"
"14/05/2007","7,952","7,960","8,112","7,910","61,38K","0,67%"
"11/05/2007","7,899","7,713","7,961","7,637","62,12K","2,24%"
"10/05/2007","7,726","7,718","7,790","7,632","53,75K","0,08%"
"09/05/2007","7,720","7,620","7,765","7,597","47,32K","1,09%"
"08/05/2007","7,637","7,733","7,779","7,590","61,30K","-1,83%"
"07/05/2007","7,779","7,850","7,875","7,732","53,21K","-2,00%"
"04/05/2007","7,938","7,974","8,105","7,834","62,66K","-0,11%"
"03/05/2007","7,947","7,728","8,000","7,508","86,49K","2,81%"
"02/05/2007","7,730","7,743","7,796","7,701","36,97K","0,16%"
"01/05/2007","7,718","7,833","7,856","7,680","42,18K","-1,84%"
"30/04/2007","7,863","7,849","7,930","7,707","43,67K","0,41%"
"27/04/2007","7,831","7,630","7,897","7,535","62,05K","4,30%"
"26/04/2007","7,508","7,697","7,700","7,420","17,84K","-2,35%"
"25/04/2007","7,689","7,608","7,700","7,550","58,49K","1,20%"
"24/04/2007","7,598","7,580","7,696","7,468","63,01K","0,48%"
"23/04/2007","7,562","7,293","7,601","7,250","56,07K","2,45%"
"20/04/2007","7,381","7,471","7,486","7,325","35,20K","-1,48%"
"19/04/2007","7,492","7,521","7,553","7,250","42,42K","-0,07%"
"18/04/2007","7,497","7,445","7,564","7,390","41,83K","1,06%"
"17/04/2007","7,418","7,470","7,587","7,400","41,49K","-1,49%"
"16/04/2007","7,530","7,725","7,740","7,461","60,51K","-3,47%"
"13/04/2007","7,801","7,962","7,995","7,760","58,16K","-1,55%"
"12/04/2007","7,924","7,829","7,970","7,800","50,54K","0,88%"
"11/04/2007","7,855","7,890","8,010","7,757","76,94K","-0,18%"
"10/04/2007","7,869","7,569","7,938","7,531","87,91K","4,28%"
"09/04/2007","7,546","7,656","7,693","7,535","60,08K","-0,80%"
"05/04/2007","7,607","7,535","7,724","7,493","41,34K","1,22%"
"04/04/2007","7,515","7,449","7,550","7,378","32,69K","1,20%"
"03/04/2007","7,426","7,604","7,646","7,390","49,02K","-3,19%"
"02/04/2007","7,671","7,768","7,791","7,545","45,42K","-0,76%"
"30/03/2007","7,730","7,630","7,770","7,616","35,17K","1,59%"
"29/03/2007","7,609","7,603","7,700","7,530","44,88K","0,67%"
"28/03/2007","7,558","7,600","7,728","7,520","29,16K","0,73%"
"27/03/2007","7,503","7,282","7,720","7,230","63,72K","3,43%"
"26/03/2007","7,254","7,270","7,323","7,194","38,02K","-0,21%"
"23/03/2007","7,269","7,300","7,361","7,221","37,15K","-0,70%"
"22/03/2007","7,320","7,197","7,370","7,132","57,44K","2,23%"
"21/03/2007","7,160","6,929","7,198","6,906","50,48K","3,62%"
"20/03/2007","6,910","6,854","6,961","6,825","42,75K","0,92%"
"19/03/2007","6,847","6,900","6,902","6,812","25,11K","-1,11%"
"16/03/2007","6,924","6,948","6,988","6,883","26,66K","-0,50%"
"15/03/2007","6,959","7,112","7,166","6,920","41,85K","-1,75%"
"14/03/2007","7,083","6,926","7,111","6,880","34,18K","2,77%"
"13/03/2007","6,892","6,914","7,065","6,860","51,39K","-0,29%"
"12/03/2007","6,912","7,035","7,060","6,880","39,19K","-2,41%"
"09/03/2007","7,083","7,245","7,290","7,022","43,55K","-2,15%"
"08/03/2007","7,239","7,295","7,375","7,150","51,94K","-1,72%"
"07/03/2007","7,366","7,485","7,550","7,290","59,66K","-1,42%"
"06/03/2007","7,472","7,262","7,510","7,247","44,01K","3,01%"
"05/03/2007","7,254","7,233","7,344","7,124","31,88K","0,15%"
"02/03/2007","7,243","7,308","7,379","7,160","24,45K","-0,62%"
"01/03/2007","7,288","7,218","7,360","7,100","42,85K","-0,16%"
"28/02/2007","7,300","7,450","7,485","7,242","63,89K","-3,09%"
"27/02/2007","7,533","7,696","7,766","7,418","48,20K","-0,19%"
"26/02/2007","7,547","7,780","7,861","7,478","30,79K","-2,68%"
"23/02/2007","7,755","7,715","7,780","7,535","53,28K","0,36%"
"22/02/2007","7,727","7,650","7,753","7,511","53,06K","1,06%"
"21/02/2007","7,646","7,653","7,762","7,500","59,05K","0,80%"
"20/02/2007","7,585","7,420","7,660","7,230","57,06K","1,09%"
"16/02/2007","7,503","7,349","7,648","7,314","48,27K","2,89%"
"15/02/2007","7,292","7,278","7,380","7,050","46,85K","0,70%"
"14/02/2007","7,241","7,392","7,444","7,140","50,52K","-1,71%"
"13/02/2007","7,367","7,220","7,450","7,125","69,98K","1,95%"
"12/02/2007","7,226","7,660","7,670","7,190","82,13K","-7,68%"
"09/02/2007","7,827","7,900","8,027","7,740","69,48K","-0,56%"
"08/02/2007","7,871","7,709","7,950","7,680","69,92K","2,10%"
"07/02/2007","7,709","7,730","7,890","7,618","78,19K","1,22%"
"06/02/2007","7,616","7,699","7,860","7,459","60,19K","-0,24%"
"05/02/2007","7,634","7,730","8,035","7,559","70,00K","2,11%"
"02/02/2007","7,476","7,650","7,743","7,422","55,90K","-0,72%"
"01/02/2007","7,530","7,705","7,936","7,310","72,32K","-1,79%"
"31/01/2007","7,667","7,682","7,966","7,488","90,65K","-0,94%"
"30/01/2007","7,740","7,022","7,777","6,980","85,80K","11,90%"
"29/01/2007","6,917","7,150","7,365","6,820","38,04K","-3,60%"
"26/01/2007","7,175","6,897","7,258","6,863","50,56K","3,91%"
"25/01/2007","6,905","7,340","7,340","6,823","51,11K","-6,95%"
"24/01/2007","7,421","7,645","7,705","7,300","58,61K","-2,32%"
"23/01/2007","7,597","7,320","7,657","7,310","63,03K","3,80%"
"22/01/2007","7,319","7,180","7,370","6,920","68,86K","6,29%"
"19/01/2007","6,886","6,366","6,980","6,325","74,32K","8,89%"
"18/01/2007","6,324","6,252","6,380","6,150","45,65K","1,44%"
"17/01/2007","6,234","6,656","6,735","6,200","56,97K","-6,09%"
"16/01/2007","6,638","6,580","6,800","6,456","56,88K","0,56%"
"12/01/2007","6,601","6,273","6,640","6,200","51,29K","4,91%"
"11/01/2007","6,292","6,693","6,693","6,240","68,16K","-6,85%"
"10/01/2007","6,755","6,731","6,807","6,580","58,42K","1,87%"
"09/01/2007","6,631","6,430","6,730","6,280","61,09K","3,97%"
"08/01/2007","6,378","6,370","6,560","6,325","50,53K","3,14%"
"05/01/2007","6,184","6,155","6,289","6,030","35,37K","0,36%"
"04/01/2007","6,162","6,165","6,450","6,086","48,53K","-0,02%"
"03/01/2007","6,163","6,300","6,398","6,140","35,63K","-2,16%"
"02/01/2007","6,299","6,205","6,309","6,100","4,73K","0,00%"
"29/12/2006","6,299","6,296","6,346","6,000","24,54K","0,82%"
"28/12/2006","6,248","6,134","6,367","6,090","22,17K","7,02%"
"27/12/2006","5,838","6,015","6,098","5,740","37,62K","-4,50%"
"26/12/2006","6,113","6,350","6,490","6,017","34,89K","-7,87%"
"22/12/2006","6,635","6,731","6,770","6,515","17,05K","-2,43%"
"21/12/2006","6,800","6,715","6,870","6,600","36,94K","0,46%"
"20/12/2006","6,769","7,140","7,180","6,740","48,35K","-4,43%"
"19/12/2006","7,083","7,027","7,174","6,905","40,47K","0,11%"
"18/12/2006","7,075","7,290","7,290","6,996","41,50K","-4,51%"
"15/12/2006","7,409","7,491","7,575","7,300","37,08K","-1,93%"
"14/12/2006","7,555","7,703","7,915","7,490","54,24K","-1,54%"
"13/12/2006","7,673","7,471","7,785","7,471","51,41K","3,27%"
"12/12/2006","7,430","7,445","7,567","7,325","47,88K","0,04%"
"11/12/2006","7,427","7,460","7,485","7,216","52,21K","-1,77%"
"08/12/2006","7,561","7,720","7,780","7,500","46,10K","-1,43%"
"07/12/2006","7,671","7,801","7,815","7,580","56,09K","-0,72%"
"06/12/2006","7,727","7,710","7,850","7,500","48,06K","0,55%"
"05/12/2006","7,685","7,727","7,880","7,623","51,58K","-1,55%"
"04/12/2006","7,806","8,250","8,289","7,744","58,91K","-7,31%"
"01/12/2006","8,422","8,732","8,749","8,350","45,28K","-4,77%"
"30/11/2006","8,844","8,980","9,050","8,600","50,15K","-0,30%"
"29/11/2006","8,871","8,561","8,940","8,465","59,17K","6,65%"
"28/11/2006","8,318","8,002","8,380","7,950","38,92K","4,00%"
"27/11/2006","7,998","7,940","8,040","7,824","51,06K","3,63%"
"22/11/2006","7,718","7,989","8,020","7,680","35,59K","-3,38%"
"21/11/2006","7,988","7,985","8,110","7,834","38,68K","-0,39%"
"20/11/2006","8,019","8,099","8,186","7,909","39,20K","-1,96%"
"17/11/2006","8,179","7,712","8,250","7,700","47,93K","5,47%"
"16/11/2006","7,755","8,175","8,240","7,701","51,39K","-4,50%"
"15/11/2006","8,120","7,985","8,217","7,904","41,50K","1,79%"
"14/11/2006","7,977","7,954","8,220","7,840","53,08K","1,05%"
"13/11/2006","7,894","7,850","8,000","7,590","49,56K","1,28%"
"10/11/2006","7,794","7,865","7,900","7,695","29,99K","-2,02%"
"09/11/2006","7,955","7,878","8,260","7,792","51,74K","1,69%"
"08/11/2006","7,823","7,768","8,040","7,630","51,06K","0,88%"
"07/11/2006","7,755","7,380","7,964","7,278","60,36K","3,54%"
"06/11/2006","7,490","7,660","7,762","7,430","33,22K","-5,00%"
"03/11/2006","7,884","7,836","8,100","7,767","34,84K","0,90%"
"02/11/2006","7,814","7,765","8,020","7,400","54,23K","1,32%"
"01/11/2006","7,712","7,600","7,775","7,372","46,67K","2,36%"
"31/10/2006","7,534","7,420","7,610","7,060","42,17K","1,59%"
"30/10/2006","7,416","7,649","7,729","7,400","31,19K","3,68%"
"27/10/2006","7,153","7,459","7,740","7,040","31,63K","-4,59%"
"26/10/2006","7,497","7,770","7,929","7,445","54,36K","-2,55%"
"25/10/2006","7,693","7,150","7,776","6,921","56,75K","8,49%"
"24/10/2006","7,091","6,790","7,150","6,775","47,98K","3,05%"
"23/10/2006","6,881","7,257","7,408","6,810","45,61K","-4,97%"
"20/10/2006","7,241","7,095","7,300","6,850","30,71K","1,53%"
"19/10/2006","7,132","6,945","7,180","6,620","50,70K","4,77%"
"18/10/2006","6,807","6,428","6,948","6,230","46,89K","5,67%"
"17/10/2006","6,442","6,599","6,928","6,260","48,21K","-0,03%"
"16/10/2006","6,444","5,750","6,625","5,725","43,71K","13,87%"
"13/10/2006","5,659","5,700","5,850","5,583","34,28K","-2,13%"
"12/10/2006","5,782","6,150","6,220","5,709","48,90K","-5,98%"
"11/10/2006","6,150","6,580","6,605","6,100","49,08K","-4,89%"
"10/10/2006","6,466","6,359","6,640","6,340","47,58K","0,58%"
"09/10/2006","6,429","6,500","6,800","6,310","40,03K","0,03%"
"06/10/2006","6,427","6,410","6,520","6,060","43,30K","2,05%"
"05/10/2006","6,298","6,104","6,449","6,035","38,58K","5,05%"
"04/10/2006","5,995","5,802","6,185","5,760","34,74K","4,10%"
"03/10/2006","5,759","5,615","5,848","5,460","25,17K","2,06%"
"02/10/2006","5,643","5,606","5,870","5,554","23,15K","0,41%"
"29/09/2006","5,620","5,370","5,742","5,274","32,08K","4,23%"
"28/09/2006","5,392","5,652","5,764","5,349","33,32K","28,35%"
"27/09/2006","4,201","4,460","4,505","4,050","46,64K","-7,18%"
"26/09/2006","4,526","4,528","4,550","4,300","52,77K","1,14%"
"25/09/2006","4,475","4,570","4,580","4,400","36,95K","-3,29%"
"22/09/2006","4,627","4,755","4,904","4,600","28,22K","-3,22%"
"21/09/2006","4,781","4,931","4,932","4,593","32,88K","-3,04%"
"20/09/2006","4,931","5,090","5,100","4,819","25,91K","-1,50%"
"19/09/2006","5,006","5,035","5,145","4,900","22,74K","1,30%"
"18/09/2006","4,942","4,927","5,274","4,854","31,27K","-0,80%"
"15/09/2006","4,982","4,916","5,070","4,650","40,95K","1,84%"
"14/09/2006","4,892","5,420","5,430","4,800","52,75K","-10,22%"
"13/09/2006","5,449","5,570","5,635","5,352","32,16K","-2,24%"
"12/09/2006","5,574","5,615","5,860","5,520","45,97K","-1,69%"
"11/09/2006","5,670","5,580","5,695","5,319","42,87K","-0,09%"
"08/09/2006","5,675","5,730","5,780","5,610","35,41K","-0,75%"
"07/09/2006","5,718","5,890","5,944","5,660","42,37K","-4,60%"
"06/09/2006","5,994","5,989","6,130","5,880","31,33K","-0,75%"
"05/09/2006","6,039","5,880","6,080","5,710","22,07K","2,76%"
"01/09/2006","5,877","5,890","5,990","5,770","18,90K","-2,83%"
"31/08/2006","6,048","6,290","6,351","5,850","46,28K","-3,85%"
"30/08/2006","6,290","6,767","6,767","6,200","34,71K","-7,72%"
"29/08/2006","6,816","6,385","6,950","6,080","53,06K","5,32%"
"28/08/2006","6,472","6,768","6,768","6,320","56,43K","-9,57%"
"25/08/2006","7,157","7,350","7,540","7,055","30,14K","1,10%"
"24/08/2006","7,079","7,000","7,380","6,940","23,70K","2,97%"
"23/08/2006","6,875","7,075","7,180","6,750","28,39K","-1,90%"
"22/08/2006","7,008","6,631","7,120","6,480","19,95K","5,80%"
"21/08/2006","6,624","6,619","6,780","6,450","26,52K","-1,59%"
"18/08/2006","6,731","6,715","7,090","6,520","17,56K","0,63%"
"17/08/2006","6,689","6,780","6,789","6,450","23,91K","-1,14%"
"16/08/2006","6,766","6,888","7,100","6,590","33,64K","-1,38%"
"15/08/2006","6,861","6,899","6,930","6,760","14,25K","-0,75%"
"14/08/2006","6,913","7,189","7,189","6,715","27,10K","-4,90%"
"11/08/2006","7,269","7,405","7,670","7,215","24,62K","-3,45%"
"10/08/2006","7,529","7,615","7,900","7,418","31,09K","-1,59%"
"09/08/2006","7,651","7,297","7,940","7,200","66,08K","6,89%"
"08/08/2006","7,158","7,030","7,300","6,810","41,16K","3,63%"
"07/08/2006","6,907","7,250","7,270","6,760","36,71K","-4,68%"
"04/08/2006","7,246","7,295","7,398","7,120","22,49K","-0,63%"
"03/08/2006","7,292","7,880","7,960","7,230","26,95K","-6,50%"
"02/08/2006","7,799","7,649","8,545","7,530","43,55K","2,97%"
"01/08/2006","7,574","8,250","8,619","7,450","35,74K","-7,76%"
"31/07/2006","8,211","7,220","8,260","7,220","36,69K","14,30%"
"28/07/2006","7,184","7,250","7,290","6,950","23,06K","2,02%"
"27/07/2006","7,042","6,905","7,250","6,890","30,37K","2,25%"
"26/07/2006","6,887","6,490","6,900","6,401","40,99K","7,46%"
"25/07/2006","6,409","6,625","6,840","6,350","33,24K","-2,97%"
"24/07/2006","6,605","6,140","6,630","6,121","34,14K","7,59%"
"21/07/2006","6,139","6,080","6,150","5,850","16,68K","0,79%"
"20/07/2006","6,091","5,880","6,230","5,827","41,53K","3,91%"
"19/07/2006","5,862","5,595","5,930","5,585","25,48K","5,53%"
"18/07/2006","5,555","5,779","5,910","5,520","37,61K","-3,94%"
"17/07/2006","5,783","6,340","6,340","5,730","34,65K","-8,89%"
"14/07/2006","6,347","6,150","6,450","6,135","39,11K","3,56%"
"13/07/2006","6,129","5,805","6,180","5,720","36,82K","6,00%"
"12/07/2006","5,782","5,639","5,830","5,595","35,60K","2,65%"
"11/07/2006","5,633","5,620","5,850","5,550","31,55K","0,45%"
"10/07/2006","5,608","5,500","5,710","5,390","19,81K","1,54%"
"07/07/2006","5,523","5,680","5,720","5,470","18,59K","-2,49%"
"06/07/2006","5,664","5,760","5,830","5,592","21,33K","-1,75%"
"05/07/2006","5,765","6,090","6,100","5,760","30,59K","-5,55%"
"03/07/2006","6,104","6,104","6,104","6,104","","0,00%"
"30/06/2006","6,104","6,160","6,200","6,062","18,31K","-0,51%"
"29/06/2006","6,135","6,150","6,290","6,040","19,89K","4,21%"
"28/06/2006","5,887","6,119","6,165","5,810","32,60K","-3,60%"
"27/06/2006","6,107","5,990","6,120","5,960","36,09K","2,31%"
"26/06/2006","5,969","6,209","6,210","5,960","26,31K","-4,13%"
"23/06/2006","6,226","6,420","6,440","6,170","17,60K","-3,31%"
"22/06/2006","6,439","6,600","6,634","6,370","28,37K","-2,26%"
"21/06/2006","6,588","6,510","6,680","6,495","31,05K","1,32%"
"20/06/2006","6,502","6,880","6,880","6,470","27,69K","-5,67%"
"19/06/2006","6,893","7,170","7,180","6,790","21,51K","-4,06%"
"16/06/2006","7,185","7,200","7,330","7,030","30,55K","-0,31%"
"15/06/2006","7,207","6,650","7,250","6,540","43,74K","9,36%"
"14/06/2006","6,590","6,178","6,660","6,121","48,73K","6,93%"
"13/06/2006","6,163","6,230","6,315","6,140","32,28K","-0,98%"
"12/06/2006","6,224","6,180","6,270","6,110","27,04K","0,84%"