"Date","Dernier","Ouv."," Plus Haut","Plus Bas","Vol.","Variation %"
"09/06/2006","6,172","6,201","6,400","6,157","31,47K","-0,31%"
"08/06/2006","6,191","5,980","6,200","5,954","33,78K","3,63%"
"07/06/2006","5,974","6,380","6,400","5,940","57,06K","-6,44%"
"06/06/2006","6,385","6,450","6,598","6,290","27,87K","-1,21%"
"05/06/2006","6,463","6,650","6,820","6,410","24,02K","-2,42%"
"02/06/2006","6,623","6,462","6,670","6,370","20,16K","2,71%"
"01/06/2006","6,448","6,420","6,725","6,350","41,61K","1,00%"
"31/05/2006","6,384","6,120","6,450","6,020","34,46K","4,26%"
"30/05/2006","6,123","6,250","6,360","6,110","21,36K","3,34%"
"26/05/2006","5,925","5,954","6,080","5,750","31,18K","-0,84%"
"25/05/2006","5,975","5,945","6,050","5,897","38,86K","0,18%"
"24/05/2006","5,964","6,280","6,296","5,940","29,49K","-4,70%"
"23/05/2006","6,258","6,280","6,440","6,140","46,92K","-0,29%"
"22/05/2006","6,276","6,015","6,350","5,920","44,69K","5,27%"
"19/05/2006","5,962","6,001","6,090","5,880","20,94K","-0,58%"
"18/05/2006","5,997","6,140","6,140","5,860","26,21K","-2,15%"
"17/05/2006","6,129","6,288","6,419","6,100","24,54K","-1,97%"
"16/05/2006","6,252","6,150","6,320","6,100","26,81K","2,11%"
"15/05/2006","6,123","6,300","6,340","6,045","27,97K","-2,50%"
"12/05/2006","6,280","6,634","6,634","6,225","29,94K","-5,55%"
"11/05/2006","6,649","6,900","7,034","6,560","41,51K","-3,64%"
"10/05/2006","6,900","6,585","6,920","6,540","34,44K","4,85%"
"09/05/2006","6,581","6,705","6,720","6,560","30,29K","-1,72%"
"08/05/2006","6,696","6,795","6,815","6,560","21,23K","-1,17%"
"05/05/2006","6,775","6,960","7,133","6,750","27,84K","-1,90%"
"04/05/2006","6,906","6,640","6,980","6,500","30,47K","4,54%"
"03/05/2006","6,606","6,756","6,795","6,540","27,53K","-2,08%"
"02/05/2006","6,746","6,707","6,895","6,600","26,59K","0,76%"
"01/05/2006","6,695","6,533","6,800","6,510","19,91K","2,14%"
"28/04/2006","6,555","6,800","6,900","6,490","31,93K","-3,67%"
"27/04/2006","6,805","7,220","7,254","6,790","39,01K","-5,46%"
"26/04/2006","7,198","7,257","7,345","7,000","44,70K","-0,77%"
"25/04/2006","7,254","7,554","7,565","7,140","48,18K","-4,02%"
"24/04/2006","7,558","8,030","8,074","7,520","35,92K","-5,30%"
"21/04/2006","7,981","8,001","8,035","7,780","29,52K","-1,03%"
"20/04/2006","8,064","8,190","8,232","7,875","28,82K","-1,56%"
"19/04/2006","8,192","8,010","8,280","7,831","31,54K","2,30%"
"18/04/2006","8,008","7,552","8,100","7,550","40,95K","5,69%"
"17/04/2006","7,577","7,180","7,630","7,110","37,09K","6,19%"
"13/04/2006","7,135","6,780","7,150","6,650","47,07K","4,80%"
"12/04/2006","6,808","6,907","7,000","6,770","27,11K","-1,45%"
"11/04/2006","6,908","6,919","7,020","6,790","33,40K","0,38%"
"10/04/2006","6,882","6,726","6,940","6,650","31,64K","2,06%"
"07/04/2006","6,743","6,949","6,949","6,720","36,42K","-3,28%"
"06/04/2006","6,972","7,080","7,250","6,950","30,07K","-1,37%"
"05/04/2006","7,069","7,063","7,160","6,900","24,87K","0,06%"
"04/04/2006","7,065","7,220","7,220","6,970","34,71K","-2,47%"
"03/04/2006","7,244","7,200","7,630","7,140","41,44K","0,47%"
"31/03/2006","7,210","7,490","7,490","7,200","28,52K","-3,70%"
"30/03/2006","7,487","7,480","7,562","7,370","24,59K","3,51%"
"29/03/2006","7,233","7,263","7,370","7,150","30,08K","0,26%"
"28/03/2006","7,214","7,080","7,280","7,060","33,91K","2,08%"
"27/03/2006","7,067","7,300","7,330","6,930","21,48K","-3,06%"
"24/03/2006","7,290","7,350","7,490","7,160","25,37K","-0,52%"
"23/03/2006","7,328","6,940","7,340","6,932","32,33K","5,39%"
"22/03/2006","6,953","6,910","7,130","6,870","26,50K","1,24%"
"21/03/2006","6,868","6,850","6,950","6,707","18,86K","0,48%"
"20/03/2006","6,835","7,010","7,085","6,820","28,41K","-3,09%"
"17/03/2006","7,053","7,240","7,310","7,040","20,09K","-2,94%"
"16/03/2006","7,267","7,146","7,370","7,064","22,27K","1,74%"
"15/03/2006","7,143","7,170","7,210","7,030","20,61K","-0,33%"
"14/03/2006","7,167","7,040","7,239","6,950","32,21K","2,28%"
"13/03/2006","7,007","6,720","7,090","6,690","33,46K","5,43%"
"10/03/2006","6,646","6,644","6,810","6,581","23,34K","0,68%"
"09/03/2006","6,601","6,641","6,720","6,480","28,75K","-0,71%"
"08/03/2006","6,648","6,700","6,764","6,450","25,74K","-0,45%"
"07/03/2006","6,678","6,541","6,750","6,501","23,46K","2,00%"
"06/03/2006","6,547","6,700","6,732","6,470","22,22K","-3,58%"
"03/03/2006","6,790","6,762","6,850","6,610","14,60K","0,44%"
"02/03/2006","6,760","6,772","6,920","6,540","30,38K","0,40%"
"01/03/2006","6,733","6,714","6,880","6,690","21,97K","0,28%"
"28/02/2006","6,714","6,730","6,821","6,580","31,09K","-1,10%"
"27/02/2006","6,789","7,100","7,180","6,700","27,95K","-4,54%"
"24/02/2006","7,112","7,420","7,551","6,900","47,06K","-4,64%"
"23/02/2006","7,458","7,284","7,600","6,990","56,39K","2,40%"
"22/02/2006","7,283","7,760","7,850","7,170","34,28K","-5,79%"
"21/02/2006","7,731","7,340","7,770","7,280","33,56K","7,64%"
"17/02/2006","7,182","7,180","7,360","7,090","22,50K","0,67%"
"16/02/2006","7,134","7,100","7,230","6,980","21,51K","0,96%"
"15/02/2006","7,066","7,092","7,440","6,975","29,83K","-0,67%"
"14/02/2006","7,114","7,256","7,308","7,020","25,51K","-1,78%"
"13/02/2006","7,243","7,410","7,470","7,160","30,48K","-1,00%"
"10/02/2006","7,316","7,470","7,580","7,250","27,38K","-2,18%"
"09/02/2006","7,479","7,690","7,800","7,300","37,37K","-3,31%"
"08/02/2006","7,735","7,900","8,120","7,700","34,81K","-1,57%"
"07/02/2006","7,858","7,950","7,970","7,700","37,65K","-1,71%"
"06/02/2006","7,995","8,640","8,745","7,910","28,01K","-7,18%"
"03/02/2006","8,613","8,403","8,650","8,260","21,58K","3,19%"
"02/02/2006","8,347","8,780","9,160","8,170","33,99K","-4,31%"
"01/02/2006","8,723","9,325","9,825","8,700","40,17K","-6,37%"
"31/01/2006","9,316","9,400","9,508","9,150","29,57K","-0,78%"
"30/01/2006","9,389","8,800","9,420","8,660","38,62K","11,77%"
"27/01/2006","8,400","8,206","8,640","8,000","32,44K","2,08%"
"26/01/2006","8,229","8,460","8,476","7,750","35,54K","-2,73%"
"25/01/2006","8,460","8,550","8,840","8,420","21,85K","-2,56%"
"24/01/2006","8,682","8,584","8,940","8,420","24,67K","1,26%"
"23/01/2006","8,574","9,000","9,095","8,310","25,42K","-7,61%"
"20/01/2006","9,280","8,950","9,440","8,938","28,41K","4,21%"
"19/01/2006","8,905","8,789","9,180","8,460","22,26K","2,43%"
"18/01/2006","8,694","9,265","9,390","8,505","33,83K","-5,17%"
"17/01/2006","9,168","8,795","9,280","8,770","25,96K","4,29%"
"13/01/2006","8,791","8,971","9,010","8,740","20,55K","-1,70%"
"12/01/2006","8,943","9,250","9,405","8,910","31,41K","-3,19%"
"11/01/2006","9,238","9,360","9,540","9,080","27,78K","-1,05%"
"10/01/2006","9,336","9,425","9,550","9,265","24,09K","-0,26%"
"09/01/2006","9,360","9,525","9,661","9,150","30,56K","-2,82%"
"06/01/2006","9,632","9,565","9,929","9,555","17,74K","1,40%"
"05/01/2006","9,499","10,185","10,215","9,390","24,98K","-6,85%"
"04/01/2006","10,197","10,605","10,634","10,030","23,46K","-4,04%"
"03/01/2006","10,626","10,700","11,000","10,596","16,95K","-5,34%"
"30/12/2005","11,225","11,170","11,380","10,880","14,17K","0,02%"
"29/12/2005","11,223","11,550","11,880","11,200","11,87K","-1,82%"
"28/12/2005","11,431","11,030","11,700","10,720","26,19K","3,71%"
"27/12/2005","11,022","11,695","11,695","10,960","41,19K","-10,27%"
"23/12/2005","12,283","12,895","12,895","11,960","22,31K","-4,95%"
"22/12/2005","12,923","13,750","14,385","12,750","31,24K","-9,45%"
"21/12/2005","14,271","14,050","14,400","13,630","19,75K","1,36%"
"20/12/2005","14,080","14,112","14,490","13,650","17,12K","0,26%"
"19/12/2005","14,043","13,565","14,120","13,380","22,39K","3,01%"
"16/12/2005","13,633","13,800","13,815","13,280","18,42K","-1,07%"
"15/12/2005","13,781","14,701","14,920","13,750","32,00K","-6,12%"
"14/12/2005","14,679","15,160","15,545","14,570","25,16K","-4,55%"
"13/12/2005","15,378","14,900","15,780","14,851","37,54K","3,62%"
"12/12/2005","14,841","14,400","14,930","14,195","28,25K","3,70%"
"09/12/2005","14,312","15,100","15,520","14,200","42,85K","-4,55%"
"08/12/2005","14,994","13,745","15,100","13,735","41,87K","9,45%"
"07/12/2005","13,700","13,500","13,975","13,500","32,55K","1,56%"
"06/12/2005","13,489","13,532","13,830","13,300","29,75K","-1,25%"
"05/12/2005","13,660","13,901","14,450","13,610","34,84K","-1,95%"
"02/12/2005","13,931","13,030","13,950","12,960","37,29K","6,94%"
"01/12/2005","13,027","12,620","13,100","12,380","32,78K","3,50%"
"30/11/2005","12,587","11,740","12,650","11,715","27,61K","7,25%"
"29/11/2005","11,736","11,670","12,150","11,620","29,78K","4,97%"
"28/11/2005","11,180","11,730","11,739","10,880","29,12K","-3,79%"
"23/11/2005","11,620","11,640","11,860","11,330","29,48K","0,05%"
"22/11/2005","11,614","11,640","11,650","11,350","25,70K","2,50%"
"21/11/2005","11,331","11,335","11,390","11,120","31,92K","-0,73%"
"18/11/2005","11,414","11,910","11,950","11,320","26,57K","-4,42%"
"17/11/2005","11,942","12,330","12,695","11,870","28,88K","-3,14%"
"16/11/2005","12,329","11,550","12,330","11,485","32,38K","6,62%"
"15/11/2005","11,563","11,620","11,860","11,475","23,90K","-0,38%"
"14/11/2005","11,607","11,510","11,610","11,350","27,67K","-0,90%"
"11/11/2005","11,712","11,409","11,740","11,370","30,14K","2,92%"
"10/11/2005","11,380","11,710","11,726","11,060","31,89K","-2,48%"
"09/11/2005","11,669","11,790","11,930","11,510","27,04K","-1,05%"
"08/11/2005","11,793","11,875","12,060","11,500","35,83K","-0,67%"
"07/11/2005","11,873","11,142","11,890","11,000","30,85K","4,01%"
"04/11/2005","11,415","11,690","11,695","11,215","22,81K","-2,34%"
"03/11/2005","11,689","11,615","11,730","11,550","25,42K","0,73%"
"02/11/2005","11,604","11,910","11,995","11,490","28,54K","-2,16%"
"01/11/2005","11,860","12,210","12,338","11,550","27,34K","-2,83%"
"31/10/2005","12,205","12,900","12,900","12,140","31,60K","-6,51%"
"28/10/2005","13,055","13,549","13,600","12,880","27,03K","-5,62%"
"27/10/2005","13,832","13,960","14,070","13,300","31,33K","-1,48%"
"26/10/2005","14,040","14,329","14,495","13,750","37,74K","-2,08%"
"25/10/2005","14,338","13,020","14,375","13,000","34,03K","10,26%"
"24/10/2005","13,004","12,660","13,090","12,593","24,83K","1,03%"
"21/10/2005","12,872","12,950","13,025","12,680","23,54K","-0,81%"
"20/10/2005","12,977","13,516","13,600","12,750","32,30K","-4,22%"
"19/10/2005","13,549","13,375","13,678","13,250","26,26K","0,95%"
"18/10/2005","13,421","13,845","13,851","13,360","20,65K","-3,36%"
"17/10/2005","13,887","13,551","14,020","13,551","25,35K","5,05%"
"14/10/2005","13,219","13,100","13,110","12,750","22,20K","0,89%"
"13/10/2005","13,103","13,538","13,600","13,060","32,03K","-3,11%"
"12/10/2005","13,524","13,560","13,699","13,365","27,13K","0,04%"
"11/10/2005","13,519","13,070","13,550","13,044","25,79K","4,19%"
"10/10/2005","12,975","13,149","13,149","12,700","25,70K","-1,90%"
"07/10/2005","13,226","13,350","13,510","13,135","25,73K","-1,11%"
"06/10/2005","13,375","14,130","14,285","13,320","26,30K","-5,70%"
"05/10/2005","14,183","14,265","14,750","14,120","23,58K","-0,29%"
"04/10/2005","14,224","14,019","14,240","13,750","18,36K","1,48%"
"03/10/2005","14,017","13,802","14,180","13,801","15,83K","0,69%"
"30/09/2005","13,921","14,094","14,350","13,800","24,93K","-1,94%"
"29/09/2005","14,196","14,199","14,580","13,900","24,84K","2,08%"
"28/09/2005","13,907","12,630","14,600","12,550","27,33K","9,88%"
"27/09/2005","12,656","12,450","12,700","12,100","37,68K","1,74%"
"26/09/2005","12,440","12,299","12,480","11,680","37,48K","0,94%"
"23/09/2005","12,324","12,790","13,050","12,200","22,18K","-3,64%"
"22/09/2005","12,790","12,655","13,420","12,650","29,26K","1,56%"
"21/09/2005","12,594","12,450","13,240","12,446","29,60K","0,82%"
"20/09/2005","12,492","12,642","12,865","11,811","34,53K","-1,35%"
"19/09/2005","12,663","11,620","12,700","11,520","34,51K","13,63%"
"16/09/2005","11,144","11,380","11,460","11,110","25,40K","-1,69%"
"15/09/2005","11,336","11,180","11,500","10,860","31,75K","1,52%"
"14/09/2005","11,166","10,750","11,200","10,608","28,76K","3,74%"
"13/09/2005","10,763","10,965","10,993","10,690","28,68K","-2,43%"
"12/09/2005","11,031","11,156","11,200","10,780","27,95K","-2,06%"
"09/09/2005","11,263","11,355","11,480","11,230","23,28K","-0,74%"
"08/09/2005","11,347","11,230","11,380","10,900","28,49K","1,30%"
"07/09/2005","11,201","11,650","11,700","11,050","27,81K","-3,91%"
"06/09/2005","11,657","11,824","11,900","11,460","20,79K","-0,29%"
"02/09/2005","11,691","11,810","11,995","11,550","15,87K","-0,56%"
"01/09/2005","11,757","11,419","11,900","11,145","30,49K","2,48%"
"31/08/2005","11,472","11,730","12,300","11,210","43,00K","-1,60%"
"30/08/2005","11,659","11,280","12,000","11,160","40,47K","7,49%"
"29/08/2005","10,847","11,950","12,070","10,650","32,96K","10,77%"
"26/08/2005","9,792","9,770","10,075","9,670","39,57K","0,23%"
"25/08/2005","9,770","9,990","10,060","9,400","34,98K","-2,14%"
"24/08/2005","9,984","9,740","10,128","9,680","29,95K","3,11%"
"23/08/2005","9,683","9,555","9,989","9,480","32,83K","1,24%"
"22/08/2005","9,564","9,190","9,850","9,032","34,71K","4,97%"
"19/08/2005","9,111","8,965","9,200","8,912","19,09K","2,05%"
"18/08/2005","8,928","9,380","9,429","8,850","32,43K","-4,93%"
"17/08/2005","9,391","9,760","9,910","9,380","31,94K","-3,70%"
"16/08/2005","9,752","9,550","9,880","9,440","31,62K","2,22%"
"15/08/2005","9,540","9,458","9,620","9,350","25,78K","-0,50%"
"12/08/2005","9,588","9,340","9,910","9,325","32,01K","3,09%"
"11/08/2005","9,301","9,096","9,350","8,990","38,91K","2,54%"
"10/08/2005","9,071","8,675","9,090","8,625","44,57K","4,88%"
"09/08/2005","8,649","8,715","8,795","8,530","31,38K","-0,40%"
"08/08/2005","8,684","8,765","8,870","8,500","36,74K","-0,18%"
"05/08/2005","8,700","8,508","8,750","8,475","30,67K","2,70%"
"04/08/2005","8,471","8,331","8,685","8,300","39,71K","1,44%"
"03/08/2005","8,351","8,360","8,640","8,275","33,71K","-0,32%"
"02/08/2005","8,378","8,152","8,410","8,122","35,14K","2,75%"
"01/08/2005","8,154","7,900","8,220","7,900","32,42K","3,41%"
"29/07/2005","7,885","7,701","7,900","7,701","23,67K","2,48%"
"28/07/2005","7,694","7,530","7,710","7,500","29,49K","0,61%"
"27/07/2005","7,647","7,425","7,750","7,390","32,89K","2,99%"
"26/07/2005","7,425","7,300","7,470","7,235","37,04K","1,94%"
"25/07/2005","7,284","7,300","7,350","7,140","35,29K","-1,35%"
"22/07/2005","7,384","7,299","7,400","7,285","19,61K","1,15%"
"21/07/2005","7,300","7,565","7,600","7,250","41,81K","-3,31%"
"20/07/2005","7,550","7,600","7,709","7,480","32,94K","-0,47%"
"19/07/2005","7,586","7,655","7,660","7,509","25,33K","-0,86%"
"18/07/2005","7,652","7,750","7,879","7,560","31,10K","-2,51%"
"15/07/2005","7,849","7,872","8,290","7,810","28,10K","0,06%"
"14/07/2005","7,844","7,930","8,045","7,660","38,24K","-0,71%"
"13/07/2005","7,900","7,840","8,035","7,720","35,85K","0,19%"
"12/07/2005","7,885","7,535","8,100","7,535","45,86K","5,20%"
"11/07/2005","7,495","7,330","7,530","7,260","27,38K","0,31%"
"08/07/2005","7,472","7,418","7,770","7,360","35,42K","1,00%"
"07/07/2005","7,398","7,689","7,771","7,250","32,49K","-3,77%"
"06/07/2005","7,688","7,500","7,735","7,500","29,54K","2,85%"
"05/07/2005","7,475","7,360","7,510","7,270","30,75K","4,24%"
"01/07/2005","7,171","6,980","7,200","6,949","18,47K","2,72%"
"30/06/2005","6,981","7,090","7,140","6,910","32,38K","-1,50%"
"29/06/2005","7,087","7,090","7,165","7,040","20,81K","1,59%"
"28/06/2005","6,976","7,145","7,152","6,900","26,61K","-2,27%"
"27/06/2005","7,138","7,290","7,360","7,120","37,80K","-3,02%"
"24/06/2005","7,360","7,539","7,570","7,280","30,93K","-1,51%"
"23/06/2005","7,473","7,470","7,640","7,390","34,33K","0,42%"
"22/06/2005","7,442","7,480","7,568","7,390","28,41K","-0,43%"
"21/06/2005","7,474","7,665","7,665","7,435","27,69K","-2,56%"
"20/06/2005","7,670","7,770","7,915","7,500","32,79K","-0,26%"
"17/06/2005","7,690","7,611","7,730","7,552","26,96K","1,01%"
"16/06/2005","7,613","7,435","7,700","7,387","34,33K","2,31%"
"15/06/2005","7,441","7,250","7,500","7,250","35,14K","2,95%"
"14/06/2005","7,228","7,270","7,340","7,190","33,30K","-0,44%"
"13/06/2005","7,260","6,905","7,280","6,900","38,91K","4,73%"
"10/06/2005","6,932","7,080","7,100","6,905","28,64K","-1,60%"
"09/06/2005","7,045","7,000","7,100","6,880","40,59K","0,64%"
"08/06/2005","7,000","7,135","7,430","6,970","63,32K","-1,78%"
"07/06/2005","7,127","7,130","7,180","7,060","37,55K","0,07%"
"06/06/2005","7,122","6,900","7,240","6,900","46,42K","3,52%"
"03/06/2005","6,880","6,821","6,925","6,760","26,48K","0,89%"
"02/06/2005","6,819","6,750","7,020","6,660","70,95K","0,44%"
"01/06/2005","6,789","6,380","6,800","6,371","63,80K","6,43%"
"31/05/2005","6,379","6,400","6,400","6,260","27,38K","0,14%"
"27/05/2005","6,370","6,240","6,390","6,230","20,25K","4,03%"
"26/05/2005","6,123","6,300","6,325","6,030","22,51K","-3,04%"
"25/05/2005","6,315","6,335","6,390","6,270","31,31K","-0,54%"
"24/05/2005","6,349","6,425","6,470","6,310","35,43K","-0,91%"
"23/05/2005","6,407","6,330","6,470","6,225","38,49K","1,01%"
"20/05/2005","6,343","6,360","6,386","6,320","14,63K","-0,22%"
"19/05/2005","6,357","6,398","6,420","6,310","28,95K","-0,55%"
"18/05/2005","6,392","6,486","6,570","6,370","31,38K","-1,30%"
"17/05/2005","6,476","6,460","6,550","6,403","37,15K","0,47%"
"16/05/2005","6,446","6,480","6,515","6,405","22,33K","-1,38%"
"13/05/2005","6,536","6,510","6,545","6,430","24,36K","0,38%"
"12/05/2005","6,511","6,674","6,680","6,450","38,52K","-2,57%"
"11/05/2005","6,683","6,691","6,750","6,600","27,66K","-0,16%"
"10/05/2005","6,694","6,680","6,840","6,648","33,61K","0,30%"
"09/05/2005","6,674","6,585","6,680","6,585","20,03K","0,80%"
"06/05/2005","6,621","6,700","6,780","6,550","29,20K","-1,05%"
"05/05/2005","6,691","6,640","6,720","6,570","31,20K","0,92%"
"04/05/2005","6,630","6,516","6,700","6,450","33,42K","1,77%"
"03/05/2005","6,515","6,700","6,710","6,500","34,76K","-2,72%"
"02/05/2005","6,697","6,520","6,730","6,471","30,36K","1,70%"
"29/04/2005","6,585","6,780","6,809","6,550","25,21K","-2,42%"
"28/04/2005","6,748","6,790","6,795","6,615","40,52K","0,00%"
"27/04/2005","6,748","7,130","7,175","6,680","28,56K","-5,22%"
"26/04/2005","7,120","7,140","7,145","7,020","30,69K","-0,46%"
"25/04/2005","7,153","7,195","7,369","7,140","33,17K","-0,58%"
"22/04/2005","7,195","7,040","7,245","7,030","29,01K","2,32%"
"21/04/2005","7,032","7,052","7,054","6,880","30,85K","-0,35%"
"20/04/2005","7,057","7,045","7,190","7,040","25,45K","0,17%"
"19/04/2005","7,045","6,950","7,090","6,915","26,47K","1,37%"
"18/04/2005","6,950","6,980","7,090","6,875","34,58K","-0,67%"
"15/04/2005","6,997","7,070","7,080","6,930","21,88K","-1,02%"
"14/04/2005","7,069","6,980","7,115","6,890","34,45K","1,30%"
"13/04/2005","6,978","7,090","7,140","6,970","39,08K","-1,64%"
"12/04/2005","7,094","7,281","7,390","7,085","48,06K","-2,94%"
"11/04/2005","7,309","7,200","7,320","7,140","29,39K","0,93%"
"08/04/2005","7,242","7,362","7,380","7,200","34,56K","-1,68%"
"07/04/2005","7,366","7,550","7,607","7,330","44,45K","-2,54%"
"06/04/2005","7,558","7,572","7,700","7,508","24,19K","-0,18%"
"05/04/2005","7,572","7,568","7,592","7,480","26,37K","-0,29%"
"04/04/2005","7,594","7,750","7,904","7,560","31,83K","-2,00%"
"01/04/2005","7,749","7,650","7,850","7,618","30,68K","1,25%"
"31/03/2005","7,653","7,480","7,740","7,435","33,84K","2,59%"
"30/03/2005","7,460","7,411","7,480","7,330","28,05K","1,87%"
"29/03/2005","7,323","6,999","7,400","6,960","31,07K","4,63%"
"28/03/2005","6,999","7,020","7,105","6,945","28,75K","-0,89%"
"24/03/2005","7,062","7,160","7,180","6,970","33,26K","-1,06%"
"23/03/2005","7,138","7,240","7,241","7,090","27,79K","-1,52%"
"22/03/2005","7,248","7,333","7,364","7,190","26,33K","-0,96%"
"21/03/2005","7,318","7,268","7,330","7,100","30,45K","0,62%"
"18/03/2005","7,273","7,185","7,310","7,140","19,21K","0,48%"
"17/03/2005","7,238","7,200","7,380","7,195","29,97K","0,64%"
"16/03/2005","7,192","7,170","7,220","7,060","33,06K","0,18%"
"15/03/2005","7,179","7,125","7,260","7,070","35,60K","0,57%"
"14/03/2005","7,138","6,720","7,200","6,720","41,48K","5,40%"
"11/03/2005","6,772","6,798","6,820","6,678","22,90K","0,06%"
"10/03/2005","6,768","6,870","6,980","6,690","37,35K","-1,63%"
"09/03/2005","6,880","6,840","6,973","6,830","32,83K","0,48%"
"08/03/2005","6,847","6,720","6,940","6,675","40,12K","1,98%"
"07/03/2005","6,714","6,700","6,759","6,630","23,50K","-0,44%"
"04/03/2005","6,744","6,655","6,780","6,580","27,34K","1,31%"
"03/03/2005","6,657","6,710","6,815","6,640","41,23K","-0,89%"
"02/03/2005","6,717","6,675","6,740","6,565","25,66K","0,55%"
"01/03/2005","6,680","6,721","6,730","6,550","27,22K","-0,74%"
"28/02/2005","6,730","6,750","6,800","6,610","33,24K","0,22%"
"25/02/2005","6,715","6,485","6,720","6,400","36,74K","6,52%"
"24/02/2005","6,304","6,306","6,500","6,250","30,63K","-0,11%"
"23/02/2005","6,311","6,086","6,340","6,040","44,96K","3,41%"
"22/02/2005","6,103","5,985","6,120","5,954","41,32K","3,30%"
"18/02/2005","5,908","5,920","5,965","5,892","22,86K","-0,25%"
"17/02/2005","5,923","6,110","6,139","5,850","45,95K","-3,04%"
"16/02/2005","6,109","6,170","6,230","6,020","37,67K","-1,07%"
"15/02/2005","6,175","6,100","6,195","6,060","34,09K","1,35%"
"14/02/2005","6,093","6,035","6,110","5,970","30,03K","0,00%"
"11/02/2005","6,093","6,185","6,210","6,020","32,88K","-1,09%"
"10/02/2005","6,160","6,170","6,270","6,140","38,58K","-0,08%"
"09/02/2005","6,165","6,170","6,260","6,100","35,96K","0,02%"
"08/02/2005","6,164","5,959","6,175","5,950","32,96K","3,27%"
"07/02/2005","5,969","6,095","6,140","5,950","27,68K","-2,08%"
"04/02/2005","6,096","6,155","6,200","6,050","21,52K","-0,86%"
"03/02/2005","6,149","6,390","6,459","6,080","39,31K","-3,56%"
"02/02/2005","6,376","6,322","6,480","6,280","32,02K","0,95%"
"01/02/2005","6,316","6,310","6,400","6,224","29,35K","-0,08%"
"31/01/2005","6,321","6,200","6,330","6,120","31,58K","0,99%"
"28/01/2005","6,259","6,325","6,335","6,150","31,38K","-0,46%"
"27/01/2005","6,288","6,390","6,550","6,250","31,19K","-1,57%"
"26/01/2005","6,388","6,410","6,510","6,290","36,92K","-0,23%"
"25/01/2005","6,403","6,500","6,542","6,245","39,36K","-1,13%"
"24/01/2005","6,476","6,210","6,510","6,206","27,86K","3,78%"
"21/01/2005","6,240","6,310","6,645","6,200","37,91K","-1,08%"
"20/01/2005","6,308","6,295","6,350","6,150","24,75K","0,24%"
"19/01/2005","6,293","6,140","6,330","6,112","28,58K","2,54%"
"18/01/2005","6,137","6,550","6,805","6,080","49,34K","-4,03%"
"14/01/2005","6,395","6,445","6,610","6,300","23,28K","-0,78%"
"13/01/2005","6,445","5,923","6,520","5,900","50,05K","8,45%"
"12/01/2005","5,943","6,101","6,148","5,830","35,02K","-2,49%"
"11/01/2005","6,095","6,149","6,260","5,930","30,43K","-1,04%"
"10/01/2005","6,159","6,111","6,550","6,111","46,53K","2,63%"
"07/01/2005","6,001","6,020","6,100","5,910","31,12K","-0,79%"
"06/01/2005","6,049","5,835","6,070","5,760","26,67K","3,70%"
"05/01/2005","5,833","5,930","5,978","5,760","23,08K","-1,17%"
"04/01/2005","5,902","5,780","5,990","5,770","24,80K","1,93%"
"03/01/2005","5,790","5,949","5,949","5,710","23,38K","-5,84%"
"30/12/2004","6,149","6,440","6,460","6,100","16,53K","-3,95%"
"29/12/2004","6,402","6,325","6,430","6,225","14,20K","3,04%"
"28/12/2004","6,213","6,140","6,340","6,105","27,76K","0,86%"
"27/12/2004","6,160","6,550","6,550","6,120","32,79K","-7,62%"
"23/12/2004","6,668","6,835","6,900","6,630","27,76K","-2,23%"
"22/12/2004","6,820","6,885","6,980","6,730","18,25K","-0,53%"
"21/12/2004","6,856","6,945","6,945","6,720","19,69K","-1,38%"
"20/12/2004","6,952","7,140","7,200","6,850","24,29K","-6,77%"
"17/12/2004","7,457","7,020","7,540","7,000","29,33K","6,53%"
"16/12/2004","7,000","7,214","7,230","6,900","32,77K","-3,26%"
"15/12/2004","7,236","7,340","7,390","7,190","22,88K","-1,32%"
"14/12/2004","7,333","7,215","7,378","7,080","29,39K","2,33%"
"13/12/2004","7,166","6,993","7,220","6,993","30,51K","4,72%"
"10/12/2004","6,843","6,980","7,130","6,760","26,13K","-0,62%"
"09/12/2004","6,886","6,704","7,100","6,682","32,62K","3,04%"
"08/12/2004","6,683","6,650","6,750","6,495","32,48K","0,94%"
"07/12/2004","6,621","6,930","6,980","6,580","39,56K","-4,36%"
"06/12/2004","6,923","7,050","7,050","6,800","23,90K","1,87%"
"03/12/2004","6,796","6,840","6,900","6,690","20,99K","-0,22%"
"02/12/2004","6,811","7,430","7,478","6,690","35,71K","-8,12%"
"01/12/2004","7,413","7,620","7,775","7,380","32,35K","-2,72%"
"30/11/2004","7,620","7,830","7,915","7,410","30,11K","-2,77%"
"29/11/2004","7,837","8,260","8,325","7,785","23,71K","-1,74%"
"24/11/2004","7,976","6,779","8,200","6,600","33,60K","17,41%"
"23/11/2004","6,793","6,745","6,970","6,650","31,71K","0,46%"
"22/11/2004","6,762","7,200","7,390","6,720","30,25K","-4,96%"
"19/11/2004","7,115","6,870","7,150","6,710","34,96K","3,52%"
"18/11/2004","6,873","7,290","7,300","6,800","26,89K","-5,63%"
"17/11/2004","7,283","7,145","7,360","7,005","31,70K","2,23%"
"16/11/2004","7,124","7,451","7,569","7,050","40,51K","-4,20%"
"15/11/2004","7,436","7,120","7,460","6,980","29,44K","3,62%"
"12/11/2004","7,176","7,249","7,380","7,160","17,93K","-0,83%"
"11/11/2004","7,236","7,689","7,730","7,130","36,44K","-5,76%"
"10/11/2004","7,678","7,490","7,750","7,350","36,42K","2,77%"
"09/11/2004","7,471","7,605","7,650","7,280","34,34K","-1,70%"
"08/11/2004","7,600","7,950","7,960","7,550","33,33K","-4,45%"
"05/11/2004","7,954","8,210","8,255","7,700","48,87K","-2,99%"
"04/11/2004","8,199","8,800","8,870","8,100","37,19K","-6,32%"
"03/11/2004","8,752","8,589","8,780","8,460","27,59K","2,16%"
"02/11/2004","8,567","8,735","8,865","8,470","23,85K","-1,75%"
"01/11/2004","8,720","8,825","9,200","8,610","30,16K","-0,06%"
"29/10/2004","8,725","8,660","8,765","8,526","16,89K","0,47%"
"28/10/2004","8,684","8,860","9,200","8,540","36,22K","13,87%"
"27/10/2004","7,626","8,435","8,520","7,500","35,57K","-9,24%"
"26/10/2004","8,402","7,890","8,460","7,820","35,88K","6,49%"
"25/10/2004","7,890","8,030","8,260","7,770","30,75K","-2,65%"
"22/10/2004","8,105","7,730","8,230","7,605","19,71K","5,30%"
"21/10/2004","7,697","7,630","7,850","7,460","28,25K","0,97%"
"20/10/2004","7,623","7,210","7,750","7,200","35,78K","7,02%"
"19/10/2004","7,123","6,809","7,155","6,710","32,52K","4,66%"
"18/10/2004","6,806","6,550","7,030","6,483","30,58K","1,45%"
"15/10/2004","6,709","6,790","6,795","6,660","15,25K","-1,38%"
"14/10/2004","6,803","6,870","6,985","6,650","31,27K","-0,70%"
"13/10/2004","6,851","6,670","6,950","6,425","45,33K","3,24%"
"12/10/2004","6,636","6,938","6,938","6,610","36,31K","-5,11%"
"11/10/2004","6,993","7,120","7,190","6,940","25,03K","-2,37%"
"08/10/2004","7,163","7,252","7,270","7,050","23,87K","-1,27%"
"07/10/2004","7,255","7,030","7,440","6,950","36,34K","2,98%"
"06/10/2004","7,045","7,180","7,215","6,915","25,24K","-1,66%"
"05/10/2004","7,164","6,724","7,230","6,724","26,59K","6,53%"
"04/10/2004","6,725","6,705","6,870","6,520","21,72K","-0,69%"
"01/10/2004","6,772","6,790","6,800","6,500","24,99K","-0,34%"
"30/09/2004","6,795","6,880","7,075","6,670","36,52K","-1,68%"
"29/09/2004","6,911","6,330","7,230","6,330","54,42K","20,76%"
"28/09/2004","5,723","5,256","5,780","5,247","32,79K","8,76%"
"27/09/2004","5,262","5,255","5,331","5,200","31,05K","-2,41%"
"24/09/2004","5,392","5,568","5,568","5,330","27,79K","-3,09%"
"23/09/2004","5,564","5,620","5,675","5,380","27,09K","-1,15%"
"22/09/2004","5,629","5,555","5,705","5,510","27,31K","0,37%"
"21/09/2004","5,608","5,250","5,685","5,230","41,84K","6,84%"
"20/09/2004","5,249","5,081","5,260","4,981","35,10K","2,76%"
"17/09/2004","5,108","4,749","5,270","4,722","51,93K","8,24%"
"16/09/2004","4,719","4,830","4,875","4,520","39,91K","-2,18%"
"15/09/2004","4,824","4,945","5,074","4,750","41,57K","-2,11%"
"14/09/2004","4,928","4,870","5,010","4,820","39,03K","1,61%"
"13/09/2004","4,850","4,731","5,080","4,731","45,27K","6,13%"
"10/09/2004","4,570","4,665","4,760","4,540","26,65K","-1,89%"
"09/09/2004","4,658","4,626","4,720","4,560","31,37K","0,58%"
"08/09/2004","4,631","4,780","4,895","4,620","34,92K","-3,32%"
"07/09/2004","4,790","4,700","4,830","4,655","23,80K","2,46%"
"03/09/2004","4,675","4,770","4,840","4,620","28,06K","-1,93%"
"02/09/2004","4,767","4,980","5,033","4,710","48,18K","-3,99%"
"01/09/2004","4,965","5,060","5,180","4,955","36,83K","-2,15%"
"31/08/2004","5,074","5,210","5,260","5,030","31,31K","-3,06%"
"30/08/2004","5,234","5,210","5,251","5,091","24,26K","2,99%"
"27/08/2004","5,082","5,180","5,185","5,030","30,37K","-2,06%"
"26/08/2004","5,189","5,300","5,340","5,105","34,00K","-2,06%"
"25/08/2004","5,298","5,324","5,380","5,250","25,35K","-0,75%"
"24/08/2004","5,338","5,324","5,380","5,250","38,17K","0,53%"
"23/08/2004","5,310","5,550","5,550","5,305","27,89K","-4,36%"
"20/08/2004","5,552","5,530","5,620","5,490","23,11K","0,82%"
"19/08/2004","5,507","5,380","5,520","5,330","31,57K","2,32%"
"18/08/2004","5,382","5,375","5,480","5,350","26,20K","0,17%"
"17/08/2004","5,373","5,375","5,445","5,335","29,39K","-0,09%"
"16/08/2004","5,378","5,525","5,640","5,360","29,05K","-2,80%"
"13/08/2004","5,533","5,440","5,550","5,420","24,22K","1,67%"
"12/08/2004","5,442","5,620","5,649","5,440","35,28K","-3,06%"
"11/08/2004","5,614","5,775","5,785","5,565","36,16K","-3,06%"
"10/08/2004","5,791","5,720","5,960","5,720","51,20K","1,72%"
"09/08/2004","5,693","5,530","5,750","5,515","27,38K","1,88%"
"06/08/2004","5,588","5,712","5,720","5,570","24,56K","-2,17%"
"05/08/2004","5,712","5,665","5,750","5,620","27,01K","0,90%"
"04/08/2004","5,661","5,820","5,835","5,640","29,56K","-2,67%"
"03/08/2004","5,816","5,840","5,875","5,770","26,02K","0,05%"
"02/08/2004","5,813","6,045","6,045","5,780","50,11K","-4,89%"
"30/07/2004","6,112","6,176","6,250","6,090","25,36K","-1,10%"
"29/07/2004","6,180","6,135","6,220","6,100","29,14K","2,18%"
"28/07/2004","6,048","5,990","6,110","5,880","32,56K","0,99%"
"27/07/2004","5,989","5,950","6,029","5,921","30,29K","0,54%"
"26/07/2004","5,957","6,070","6,105","5,940","33,48K","-2,89%"
"23/07/2004","6,134","6,150","6,190","6,100","27,05K","-0,29%"
"22/07/2004","6,152","5,950","6,220","5,885","46,01K","3,73%"
"21/07/2004","5,931","5,845","5,950","5,845","24,00K","1,61%"
"20/07/2004","5,837","5,815","5,960","5,797","38,90K","0,33%"
"19/07/2004","5,818","5,831","5,865","5,770","25,05K","-1,17%"
"16/07/2004","5,887","5,845","5,990","5,840","33,85K","0,70%"
"15/07/2004","5,846","5,995","6,024","5,805","35,73K","-2,19%"
"14/07/2004","5,977","5,930","5,990","5,880","30,22K","1,22%"
"13/07/2004","5,905","5,870","5,940","5,820","42,37K","0,82%"
"12/07/2004","5,857","6,067","6,125","5,850","63,61K","-4,62%"
"09/07/2004","6,141","6,184","6,190","6,070","25,78K","-0,71%"
"08/07/2004","6,185","6,365","6,375","6,110","51,66K","-2,90%"
"07/07/2004","6,370","6,415","6,440","6,310","34,57K","-0,84%"
"06/07/2004","6,424","6,210","6,460","6,201","42,99K","4,49%"
"02/07/2004","6,148","6,200","6,220","6,130","17,74K","-1,11%"
"01/07/2004","6,217","6,155","6,270","6,045","33,81K","1,01%"
"30/06/2004","6,155","6,103","6,190","6,030","35,51K","0,60%"
"29/06/2004","6,118","6,201","6,232","6,090","38,16K","-0,37%"
"28/06/2004","6,141","6,292","6,340","6,090","31,62K","-3,34%"
"25/06/2004","6,353","6,480","6,485","6,280","35,98K","-2,04%"
"24/06/2004","6,485","6,410","6,550","6,410","34,37K","1,09%"
"23/06/2004","6,415","6,416","6,435","6,310","28,59K","0,05%"
"22/06/2004","6,412","6,335","6,440","6,298","24,48K","1,15%"
"21/06/2004","6,339","6,495","6,544","6,300","36,18K","-2,78%"
"18/06/2004","6,520","6,570","6,618","6,495","18,89K","-0,94%"
"17/06/2004","6,582","6,491","6,650","6,420","43,22K","1,43%"
"16/06/2004","6,489","6,295","6,500","6,290","38,14K","2,93%"
"15/06/2004","6,304","6,258","6,400","6,201","39,29K","0,96%"
"14/06/2004","6,244","6,140","6,330","6,098","36,71K","1,10%"
"10/06/2004","6,176","6,080","6,220","5,980","46,39K","1,55%"
"09/06/2004","6,082","6,115","6,140","5,960","55,56K","-0,54%"
"08/06/2004","6,115","6,216","6,275","6,095","36,44K","-1,48%"
"07/06/2004","6,207","6,239","6,265","6,080","45,33K","-0,86%"
"04/06/2004","6,261","6,360","6,380","6,220","31,82K","-1,60%"
"03/06/2004","6,363","6,510","6,590","6,260","57,81K","-2,39%"
"02/06/2004","6,519","6,680","6,690","6,500","29,88K","-2,42%"
"01/06/2004","6,681","6,500","6,730","6,500","44,51K","3,71%"
"28/05/2004","6,442","6,567","6,580","6,400","33,56K","-1,99%"
"27/05/2004","6,573","6,715","6,725","6,465","42,11K","-1,60%"
"26/05/2004","6,680","6,680","6,730","6,580","37,04K","-0,06%"
"25/05/2004","6,684","6,700","6,760","6,550","41,81K","-0,31%"
"24/05/2004","6,705","6,370","6,730","6,310","41,38K","5,54%"
"21/05/2004","6,353","6,315","6,390","6,250","36,81K","0,46%"
"20/05/2004","6,324","6,460","6,570","6,300","41,47K","-2,03%"
"19/05/2004","6,455","6,170","6,500","6,100","58,73K","4,89%"
"18/05/2004","6,154","6,430","6,440","6,120","54,19K","-4,20%"
"17/05/2004","6,424","6,400","6,460","6,340","40,31K","0,36%"
"14/05/2004","6,401","6,490","6,530","6,380","27,02K","-1,22%"
"13/05/2004","6,480","6,400","6,520","6,320","42,43K","1,17%"
"12/05/2004","6,405","6,400","6,480","6,360","34,92K","0,30%"
"11/05/2004","6,386","6,180","6,400","6,150","40,49K","3,27%"
"10/05/2004","6,184","6,300","6,300","6,120","32,07K","-1,75%"
"07/05/2004","6,294","6,210","6,330","6,191","25,99K","1,21%"
"06/05/2004","6,219","6,300","6,360","6,190","27,64K","-1,44%"
"05/05/2004","6,310","6,246","6,350","6,140","34,94K","0,65%"
"04/05/2004","6,269","6,210","6,360","6,210","34,89K","0,61%"
"03/05/2004","6,231","5,862","6,250","5,840","52,91K","6,29%"
"30/04/2004","5,862","5,930","5,975","5,850","24,49K","-1,05%"
"29/04/2004","5,924","5,950","5,990","5,820","30,70K","-0,19%"
"28/04/2004","5,935","5,870","5,970","5,780","36,93K","1,04%"
"27/04/2004","5,874","5,755","5,895","5,750","36,81K","1,91%"
"26/04/2004","5,764","5,555","5,790","5,550","41,48K","3,46%"
"23/04/2004","5,571","5,620","5,632","5,555","17,67K","-0,92%"
"22/04/2004","5,623","5,580","5,660","5,550","32,63K","0,73%"
"21/04/2004","5,582","5,560","5,650","5,490","29,43K","0,52%"
"20/04/2004","5,553","5,520","5,580","5,460","32,51K","0,80%"
"19/04/2004","5,509","5,580","5,700","5,500","43,40K","-1,80%"
"16/04/2004","5,610","5,740","5,790","5,600","25,59K","-2,16%"
"15/04/2004","5,734","5,740","5,780","5,630","41,13K","-0,17%"
"14/04/2004","5,744","5,790","5,800","5,650","34,14K","-0,76%"
"13/04/2004","5,788","6,010","6,010","5,730","49,24K","-3,68%"
"12/04/2004","6,009","5,915","6,030","5,867","25,85K","1,14%"
"08/04/2004","5,941","5,870","5,980","5,840","26,50K","1,18%"
"07/04/2004","5,872","5,800","5,920","5,750","30,59K","1,08%"
"06/04/2004","5,809","5,786","5,830","5,711","17,81K","0,09%"
"05/04/2004","5,804","5,880","5,940","5,780","22,10K","-0,14%"
"02/04/2004","5,812","5,775","5,920","5,710","29,09K","0,82%"
"01/04/2004","5,765","5,900","5,990","5,730","44,86K","-2,83%"
"31/03/2004","5,933","5,730","5,950","5,690","47,50K","3,25%"
"30/03/2004","5,746","5,485","5,775","5,471","56,35K","7,10%"
"29/03/2004","5,365","5,330","5,390","5,330","26,54K","-0,56%"
"26/03/2004","5,395","5,340","5,400","5,292","31,93K","1,11%"
"25/03/2004","5,336","5,530","5,470","5,380","29,94K","-1,71%"
"24/03/2004","5,429","5,530","5,560","5,380","32,47K","-1,83%"
"23/03/2004","5,530","5,540","5,570","5,440","27,63K","-0,29%"
"22/03/2004","5,546","5,610","5,610","5,500","18,38K","-0,64%"
"19/03/2004","5,582","5,630","5,660","5,560","17,32K","20,54%"
"18/03/2004","4,631","5,730","5,750","5,600","22,78K","-19,07%"
"17/03/2004","5,722","5,680","5,760","5,640","24,22K","0,60%"
"16/03/2004","5,688","5,700","5,730","5,620","24,61K","-0,52%"
"15/03/2004","5,718","5,620","5,750","5,620","25,25K","2,18%"
"12/03/2004","5,596","5,640","5,676","5,490","27,50K","-0,83%"
"11/03/2004","5,643","5,390","5,660","5,300","41,56K","4,56%"
"10/03/2004","5,397","5,460","5,470","5,310","28,72K","-0,75%"
"09/03/2004","5,438","5,390","5,480","5,350","22,85K","0,83%"
"08/03/2004","5,393","5,500","5,540","5,350","26,35K","-0,92%"
"05/03/2004","5,443","5,460","5,560","5,420","25,16K","-0,26%"
"04/03/2004","5,457","5,380","5,500","5,200","44,55K","1,53%"
"03/03/2004","5,375","5,590","5,590","5,350","33,11K","-3,41%"
"02/03/2004","5,565","5,560","5,600","5,480","28,11K","0,27%"
"01/03/2004","5,550","5,350","5,570","5,260","39,97K","2,47%"
"27/02/2004","5,416","5,395","5,480","5,340","26,80K","0,46%"
"26/02/2004","5,391","5,230","5,430","5,190","30,32K","4,68%"
"25/02/2004","5,150","5,070","5,290","5,060","39,68K","1,44%"
"24/02/2004","5,077","5,120","5,150","5,060","37,36K","-0,98%"
"23/02/2004","5,127","5,100","5,170","5,100","25,84K","-1,27%"
"20/02/2004","5,193","5,250","5,270","5,120","29,30K","-0,80%"
"19/02/2004","5,235","5,350","5,390","5,200","21,27K","-1,58%"
"18/02/2004","5,319","5,320","5,420","5,290","19,88K","-3,92%"
"17/02/2004","5,536","5,411","5,457","5,275","23,52K","0,00%"
"13/02/2004","5,536","5,450","5,630","5,425","26,60K","1,56%"
"12/02/2004","5,451","5,270","5,520","5,160","34,45K","3,63%"
"11/02/2004","5,260","5,410","5,430","5,160","31,33K","-2,66%"
"10/02/2004","5,404","5,330","5,430","5,290","26,85K","1,03%"
"09/02/2004","5,349","5,350","5,500","5,260","30,03K","-0,09%"
"06/02/2004","5,354","5,344","5,460","5,290","26,24K","-0,85%"
"05/02/2004","5,400","5,640","5,660","5,250","38,17K","-4,49%"
"04/02/2004","5,654","5,670","5,790","5,560","24,12K","0,05%"
"03/02/2004","5,651","5,570","5,790","5,480","25,99K","1,38%"
"02/02/2004","5,574","5,450","5,590","5,320","19,85K","3,28%"
"30/01/2004","5,397","5,659","5,750","5,350","25,54K","-4,63%"
"29/01/2004","5,659","5,750","5,800","5,580","21,53K","-2,01%"
"28/01/2004","5,775","5,700","5,950","5,680","34,24K","1,03%"
"27/01/2004","5,716","5,720","5,880","5,680","35,95K","-0,19%"
"26/01/2004","5,727","5,890","5,890","5,550","29,82K","-5,48%"
"23/01/2004","6,059","5,845","6,150","5,840","26,04K","3,86%"
"22/01/2004","5,834","6,170","6,316","5,600","32,46K","-5,14%"
"21/01/2004","6,150","6,290","6,490","6,120","28,42K","-2,24%"
"20/01/2004","6,291","6,080","6,320","6,080","20,39K","5,91%"
"16/01/2004","5,940","5,845","6,040","5,830","21,05K","1,63%"
"15/01/2004","5,845","6,400","6,630","5,800","37,52K","-8,49%"
"14/01/2004","6,387","6,320","6,580","6,200","30,98K","0,92%"
"13/01/2004","6,329","6,950","7,030","6,310","33,74K","-8,28%"
"12/01/2004","6,900","7,350","7,390","6,570","38,33K","-5,31%"
"09/01/2004","7,287","7,150","7,630","7,150","28,34K","2,72%"
"08/01/2004","7,094","6,870","7,120","6,610","30,63K","3,14%"
"07/01/2004","6,878","7,080","7,110","6,770","19,84K","-2,88%"
"06/01/2004","7,082","6,849","7,353","6,840","22,54K","3,74%"
"05/01/2004","6,827","6,320","6,920","6,320","23,72K","10,31%"
"31/12/2003","6,189","6,600","6,740","6,050","19,02K","-6,23%"
"30/12/2003","6,600","6,250","6,950","6,200","21,84K","7,32%"
"29/12/2003","6,150","6,020","6,240","5,960","33,69K","-3,59%"
"24/12/2003","6,379","6,170","6,400","5,990","25,74K","3,84%"
"23/12/2003","6,143","6,320","6,400","5,940","32,74K","-2,86%"
"22/12/2003","6,324","6,850","6,850","6,300","33,63K","-9,42%"
"19/12/2003","6,982","7,140","7,207","6,920","22,78K","-1,97%"
"18/12/2003","7,122","7,035","7,215","6,750","31,47K","1,84%"
"17/12/2003","6,993","6,720","7,100","6,583","26,36K","3,65%"
"16/12/2003","6,747","6,955","7,080","6,610","21,85K","-2,98%"
"15/12/2003","6,954","6,780","7,040","6,560","27,13K","-3,70%"
"12/12/2003","7,221","6,660","7,250","6,635","24,77K","9,16%"
"11/12/2003","6,615","6,670","6,950","6,360","29,06K","-1,43%"
"10/12/2003","6,711","6,730","7,550","6,660","36,46K","-0,16%"
"09/12/2003","6,722","6,880","6,940","6,550","38,79K","-2,61%"
"08/12/2003","6,902","6,210","6,930","6,150","51,27K","12,50%"
"05/12/2003","6,135","6,335","6,540","6,085","38,78K","-3,19%"
"04/12/2003","6,337","5,770","6,560","5,670","64,06K","10,09%"
"03/12/2003","5,756","5,550","5,770","5,440","51,38K","3,17%"
"02/12/2003","5,579","5,270","5,650","5,270","59,55K","5,60%"
"01/12/2003","5,283","4,890","5,380","4,870","52,52K","7,27%"
"26/11/2003","4,925","5,065","5,115","4,850","32,08K","1,34%"
"25/11/2003","4,860","4,680","4,920","4,590","39,08K","3,80%"
"24/11/2003","4,682","4,570","4,700","4,520","42,87K","1,04%"
"21/11/2003","4,634","4,605","4,700","4,590","34,79K","0,35%"
"20/11/2003","4,618","4,730","4,950","4,550","48,03K","-2,53%"
"19/11/2003","4,738","4,860","4,920","4,680","36,00K","-2,61%"
"18/11/2003","4,865","4,770","4,880","4,690","42,53K","2,12%"
"17/11/2003","4,764","5,070","5,070","4,690","46,04K","-6,81%"
"14/11/2003","5,112","4,806","5,220","4,753","61,60K","6,57%"
"13/11/2003","4,797","4,740","4,815","4,635","34,75K","1,22%"
"12/11/2003","4,739","4,880","4,930","4,670","45,09K","-2,67%"
"11/11/2003","4,869","4,705","4,900","4,665","35,13K","3,35%"
"10/11/2003","4,711","4,720","4,750","4,600","30,87K","0,11%"
"07/11/2003","4,706","4,680","4,800","4,640","33,07K","1,03%"
"06/11/2003","4,658","4,915","5,020","4,650","47,63K","-4,88%"
"05/11/2003","4,897","4,710","4,920","4,690","35,52K","3,60%"
"04/11/2003","4,727","4,706","4,790","4,585","33,11K","0,47%"
"03/11/2003","4,705","4,890","5,024","4,700","42,21K","-3,84%"
"31/10/2003","4,893","4,715","4,940","4,640","40,95K","3,89%"
"30/10/2003","4,710","4,870","4,915","4,645","39,06K","5,63%"
"29/10/2003","4,459","4,490","4,540","4,400","34,61K","-0,60%"
"28/10/2003","4,486","4,529","4,544","4,420","38,76K","-0,58%"
"27/10/2003","4,512","4,710","4,710","4,500","35,19K","-5,73%"
"24/10/2003","4,786","4,920","4,970","4,750","26,93K","-2,58%"
"23/10/2003","4,913","4,929","5,020","4,850","33,48K","-0,22%"
"22/10/2003","4,924","4,880","5,010","4,830","31,14K","1,01%"
"21/10/2003","4,875","4,770","4,960","4,760","32,52K","2,16%"
"20/10/2003","4,772","5,036","5,036","4,740","47,41K","-5,24%"
"17/10/2003","5,036","5,408","5,408","5,025","42,64K","-6,93%"
"16/10/2003","5,411","5,430","5,500","5,350","26,21K","-0,35%"
"15/10/2003","5,430","5,466","5,520","5,340","27,83K","-0,82%"
"14/10/2003","5,475","5,535","5,720","5,360","45,12K","-1,30%"
"13/10/2003","5,547","5,660","5,690","5,390","37,09K","-1,86%"
"10/10/2003","5,652","5,539","5,800","5,445","52,10K","2,88%"
"09/10/2003","5,494","5,165","5,570","5,120","62,31K","6,72%"
"08/10/2003","5,148","5,155","5,225","5,050","43,59K","0,16%"
"07/10/2003","5,140","4,904","5,210","4,880","67,12K","4,81%"
"06/10/2003","4,904","4,767","4,910","4,660","28,53K","2,87%"
"03/10/2003","4,767","4,690","4,845","4,625","35,12K","1,73%"
"02/10/2003","4,686","4,677","4,730","4,565","34,18K","0,19%"
"01/10/2003","4,677","4,830","4,850","4,620","53,03K","-3,17%"
"30/09/2003","4,830","4,890","4,980","4,820","39,31K","-1,33%"
"29/09/2003","4,895","4,630","4,940","4,620","53,42K","10,50%"
"26/09/2003","4,430","4,535","4,544","4,400","32,44K","-2,47%"
"25/09/2003","4,542","4,570","4,620","4,490","41,91K","-1,00%"
"24/09/2003","4,588","4,524","4,660","4,495","39,30K","1,71%"
"23/09/2003","4,511","4,509","4,605","4,485","37,24K","0,38%"
"22/09/2003","4,494","4,470","4,520","4,390","28,46K","0,25%"
"19/09/2003","4,483","4,475","4,525","4,425","28,13K","0,27%"
"18/09/2003","4,471","4,630","4,640","4,450","45,25K","-3,68%"
"17/09/2003","4,642","4,680","4,680","4,550","38,43K","-0,41%"
"16/09/2003","4,661","4,680","4,760","4,650","21,61K","-0,51%"
"15/09/2003","4,685","4,680","4,720","4,620","27,33K","-1,70%"
"12/09/2003","4,766","4,739","4,820","4,635","38,84K","0,59%"
"11/09/2003","4,738","4,950","4,960","4,680","37,76K","-4,63%"
"10/09/2003","4,968","4,730","4,980","4,710","50,14K","5,03%"
"09/09/2003","4,730","4,681","4,760","4,661","29,87K","1,48%"
"08/09/2003","4,661","4,780","4,885","4,650","34,80K","-2,31%"
"05/09/2003","4,771","4,800","4,830","4,760","17,24K","-0,81%"
"04/09/2003","4,810","4,700","4,860","4,590","49,46K","2,47%"
"03/09/2003","4,694","4,680","4,710","4,630","22,62K","1,19%"
"02/09/2003","4,639","4,700","4,700","4,550","35,15K","-1,94%"
"29/08/2003","4,731","4,970","5,009","4,650","1,92K","-4,31%"
"28/08/2003","4,944","4,880","5,080","4,860","33,12K","0,35%"
"27/08/2003","4,927","5,040","5,080","4,900","40,62K","-2,20%"
"26/08/2003","5,038","5,070","5,070","4,940","46,42K","-0,89%"
"25/08/2003","5,083","5,210","5,290","5,030","36,88K","-3,73%"
"22/08/2003","5,280","5,275","5,380","5,240","22,14K","0,09%"
"21/08/2003","5,275","5,120","5,340","5,040","39,50K","3,05%"
"20/08/2003","5,119","4,970","5,130","4,910","36,34K","3,12%"
"19/08/2003","4,964","4,910","4,980","4,870","30,78K","1,66%"
"18/08/2003","4,883","4,830","4,960","4,750","23,42K","0,72%"
"15/08/2003","4,848","4,900","4,970","4,820","12,82K","-0,88%"
"14/08/2003","4,891","5,179","5,250","4,790","46,09K","-5,56%"
"13/08/2003","5,179","5,240","5,280","5,120","32,34K","-0,73%"
"12/08/2003","5,217","5,160","5,260","5,060","36,97K","1,72%"
"11/08/2003","5,129","5,000","5,220","4,970","32,65K","1,83%"
"08/08/2003","5,037","5,099","5,135","4,990","28,71K","-0,89%"
"07/08/2003","5,082","4,740","5,140","4,740","50,92K","7,10%"
"06/08/2003","4,745","4,681","4,775","4,660","21,59K","1,45%"
"05/08/2003","4,677","4,640","4,780","4,630","27,35K","1,02%"
"04/08/2003","4,630","4,820","4,890","4,615","31,82K","-5,01%"
"01/08/2003","4,874","4,715","4,895","4,710","28,41K","3,31%"
"31/07/2003","4,718","4,665","4,790","4,590","34,58K","1,07%"
"30/07/2003","4,668","4,625","4,690","4,580","24,46K","-0,53%"
"29/07/2003","4,693","4,710","4,755","4,620","35,71K","-0,15%"
"28/07/2003","4,700","4,680","4,800","4,603","35,52K","-0,13%"
"25/07/2003","4,706","4,720","4,755","4,700","25,14K","-0,53%"
"24/07/2003","4,731","4,895","4,940","4,660","37,79K","-2,97%"
"23/07/2003","4,876","4,870","4,955","4,800","32,27K","0,16%"
"22/07/2003","4,868","5,110","5,113","4,840","39,70K","-4,68%"
"21/07/2003","5,107","5,072","5,180","5,030","36,27K","1,69%"
"18/07/2003","5,022","5,080","5,090","4,990","19,61K","-0,55%"
"17/07/2003","5,050","4,936","5,075","4,880","28,21K","2,35%"
"16/07/2003","4,934","5,000","5,050","4,820","40,86K","-1,71%"
"15/07/2003","5,020","5,110","5,200","5,000","35,29K","-1,61%"
"14/07/2003","5,102","5,090","5,130","5,020","23,85K","-1,01%"
"11/07/2003","5,154","5,266","5,320","5,130","30,09K","-1,98%"
"10/07/2003","5,258","5,520","5,520","5,220","43,95K","-4,75%"
"09/07/2003","5,520","5,524","5,640","5,410","41,06K","0,31%"
"08/07/2003","5,503","5,370","5,520","5,345","31,16K","2,27%"
"07/07/2003","5,381","5,320","5,410","5,170","29,50K","2,97%"
"03/07/2003","5,226","5,210","5,360","5,185","25,83K","0,52%"
"02/07/2003","5,199","5,319","5,325","5,080","37,87K","-2,22%"
"01/07/2003","5,317","5,405","5,420","5,250","29,80K","-1,74%"
"30/06/2003","5,411","5,380","5,470","5,340","23,31K","0,91%"
"27/06/2003","5,362","5,430","5,473","5,350","21,95K","1,34%"
"26/06/2003","5,291","5,750","5,765","5,220","44,18K","-8,09%"
"25/06/2003","5,757","5,698","5,780","5,600","41,97K","1,05%"
"24/06/2003","5,697","5,870","5,940","5,660","37,88K","-2,83%"
"23/06/2003","5,863","5,805","6,120","5,730","48,89K","1,00%"
"20/06/2003","5,805","5,945","5,965","5,790","30,60K","-2,29%"
"19/06/2003","5,941","5,550","5,950","5,516","46,53K","6,45%"
"18/06/2003","5,581","5,715","5,720","5,460","41,14K","-2,29%"
"17/06/2003","5,712","5,725","5,780","5,660","28,94K","0,11%"
"16/06/2003","5,706","5,710","5,747","5,550","27,89K","0,55%"
"13/06/2003","5,675","5,640","5,700","5,480","41,12K","1,23%"
"12/06/2003","5,606","6,210","6,227","5,570","74,89K","-9,77%"
"11/06/2003","6,213","6,350","6,360","6,150","35,87K","-1,85%"
"10/06/2003","6,330","6,310","6,370","6,230","36,00K","0,25%"
"09/06/2003","6,314","6,565","6,619","6,300","31,45K","-3,01%"
"06/06/2003","6,510","6,550","6,719","6,350","34,85K","-0,17%"
"05/06/2003","6,521","6,360","6,530","6,250","39,76K","2,29%"
"04/06/2003","6,375","6,372","6,610","6,220","49,14K","0,24%"
"03/06/2003","6,360","6,401","6,420","6,315","26,01K","-0,81%"
"02/06/2003","6,412","6,250","6,490","6,220","42,50K","2,58%"
"30/05/2003","6,251","6,075","6,270","6,050","29,73K","3,05%"
"29/05/2003","6,066","6,010","6,120","5,850","41,68K","2,04%"
"28/05/2003","5,945","5,895","6,000","5,770","38,30K","0,76%"
"27/05/2003","5,900","6,090","6,090","5,850","49,69K","-3,58%"
"23/05/2003","6,119","6,010","6,160","5,995","20,74K","1,39%"
"22/05/2003","6,035","6,210","6,255","5,950","37,52K","-2,63%"
"21/05/2003","6,198","6,070","6,330","6,025","40,00K","2,34%"
"20/05/2003","6,056","5,990","6,090","5,900","32,03K","0,68%"
"19/05/2003","6,015","6,130","6,430","5,990","48,66K","-1,75%"
"16/05/2003","6,122","6,138","6,138","6,003","26,63K","-0,15%"
"15/05/2003","6,131","6,290","6,370","6,120","39,78K","-2,90%"
"14/05/2003","6,314","6,290","6,440","6,130","44,20K","0,10%"
"13/05/2003","6,308","5,989","6,330","5,940","43,91K","5,43%"
"12/05/2003","5,983","5,810","6,100","5,806","39,09K","3,05%"
"09/05/2003","5,806","5,770","5,830","5,720","30,45K","0,59%"
"08/05/2003","5,772","5,660","5,885","5,590","50,13K","1,98%"
"07/05/2003","5,660","5,571","5,680","5,460","33,67K","1,65%"
"06/05/2003","5,568","5,700","5,730","5,540","34,89K","-2,13%"
"05/05/2003","5,689","5,265","5,710","5,255","48,01K","8,26%"
"02/05/2003","5,255","5,270","5,310","5,220","15,86K","-0,23%"
"01/05/2003","5,267","5,390","5,453","5,250","33,09K","-2,19%"
"30/04/2003","5,385","5,240","5,470","5,240","38,83K","2,85%"
"29/04/2003","5,236","5,220","5,260","5,145","28,55K","2,21%"
"28/04/2003","5,123","5,480","5,480","5,000","35,49K","-6,46%"
"25/04/2003","5,477","5,465","5,680","5,450","30,55K","0,05%"
"24/04/2003","5,474","5,570","5,590","5,380","35,61K","-1,71%"
"23/04/2003","5,569","5,645","5,685","5,520","31,02K","-1,35%"
"22/04/2003","5,645","5,707","5,720","5,620","25,27K","-1,19%"
"21/04/2003","5,713","5,702","5,820","5,620","26,78K","0,07%"
"17/04/2003","5,709","5,692","5,830","5,620","22,58K","0,56%"
"16/04/2003","5,677","5,650","5,720","5,495","36,70K","0,42%"
"15/04/2003","5,653","5,580","5,695","5,555","21,77K","1,82%"
"14/04/2003","5,552","5,390","5,620","5,360","26,74K","2,61%"
"11/04/2003","5,411","5,420","5,425","5,330","25,54K","-0,15%"
"10/04/2003","5,419","5,205","5,490","5,160","45,90K","4,31%"
"09/04/2003","5,195","5,110","5,230","5,040","30,53K","1,70%"
"08/04/2003","5,108","5,140","5,220","5,035","25,05K","-0,51%"
"07/04/2003","5,134","4,940","5,250","4,915","44,75K","3,86%"
"04/04/2003","4,943","4,919","4,990","4,865","16,14K","0,49%"
"03/04/2003","4,919","5,064","5,080","4,885","32,33K","-2,88%"
"02/04/2003","5,065","5,075","5,130","4,930","33,69K","-1,17%"
"01/04/2003","5,125","5,075","5,165","5,020","23,65K","1,28%"
"31/03/2003","5,060","5,140","5,220","4,995","22,27K","-1,67%"
"28/03/2003","5,146","5,230","5,265","5,105","21,23K","0,00%"
"27/03/2003","5,146","5,090","5,250","4,995","38,41K","0,96%"
"26/03/2003","5,097","5,080","5,130","4,980","38,64K","0,39%"
"25/03/2003","5,077","5,241","5,290","5,000","36,13K","-3,35%"
"24/03/2003","5,253","5,320","5,400","5,110","25,63K","2,44%"
"21/03/2003","5,128","5,325","5,350","5,100","26,82K","-3,35%"
"20/03/2003","5,306","5,320","5,620","5,160","32,09K","0,53%"
"19/03/2003","5,278","5,310","5,450","5,270","19,76K","-1,14%"
"18/03/2003","5,339","5,530","5,560","5,192","21,06K","-3,05%"
"17/03/2003","5,507","5,550","5,638","5,280","22,21K","1,44%"
"14/03/2003","5,429","5,370","5,480","5,080","31,08K","1,27%"
"13/03/2003","5,361","5,880","5,929","5,350","34,04K","-8,59%"
"12/03/2003","5,865","5,940","6,115","5,735","28,64K","-1,33%"
"11/03/2003","5,944","6,499","6,499","5,840","39,77K","-8,76%"
"10/03/2003","6,515","6,900","6,900","6,500","23,68K","-6,84%"
"07/03/2003","6,993","6,850","7,110","6,835","21,76K","2,18%"
"06/03/2003","6,844","7,080","7,200","6,690","24,86K","-2,52%"
"05/03/2003","7,021","7,100","7,150","6,750","24,75K","-0,28%"
"04/03/2003","7,041","7,131","7,550","6,950","27,76K","-1,69%"
"03/03/2003","7,162","8,180","8,180","7,105","24,15K","-11,59%"
"28/02/2003","8,101","7,391","8,500","7,390","27,79K","8,23%"
"27/02/2003","7,485","7,350","7,700","7,100","30,17K","-18,04%"
"26/02/2003","9,133","9,250","9,600","8,100","35,84K","-4,64%"
"25/02/2003","9,577","9,100","11,899","8,600","41,48K","4,82%"
"24/02/2003","9,137","6,800","9,200","6,750","55,08K","38,31%"
"21/02/2003","6,606","6,175","6,700","6,160","48,61K","7,21%"
"20/02/2003","6,162","6,134","6,220","6,085","42,46K","0,46%"
"19/02/2003","6,134","5,910","6,200","5,877","49,23K","3,77%"
"18/02/2003","5,911","5,881","6,020","5,871","31,88K","1,03%"
"14/02/2003","5,851","5,721","5,860","5,720","26,85K","1,93%"
"13/02/2003","5,740","5,785","5,955","5,660","57,46K","-0,78%"
"12/02/2003","5,785","5,980","5,980","5,720","48,27K","-3,21%"
"11/02/2003","5,977","5,865","6,070","5,795","51,66K","2,14%"
"10/02/2003","5,852","6,043","6,111","5,830","42,83K","-3,16%"
"07/02/2003","6,043","5,828","6,065","5,805","39,93K","3,69%"
"06/02/2003","5,828","5,650","5,910","5,640","51,50K","3,26%"
"05/02/2003","5,644","5,764","5,790","5,565","37,85K","-2,05%"
"04/02/2003","5,762","5,775","5,880","5,700","37,82K","-0,07%"
"03/02/2003","5,766","5,605","5,810","5,485","44,50K","2,87%"
"31/01/2003","5,605","5,590","5,675","5,510","35,18K","0,39%"
"30/01/2003","5,583","5,630","5,740","5,480","42,71K","-1,36%"
"29/01/2003","5,660","5,440","5,730","5,425","44,13K","3,97%"
"28/01/2003","5,444","5,410","5,499","5,340","47,28K","0,89%"
"27/01/2003","5,396","5,590","5,670","5,370","43,65K","-2,32%"
"24/01/2003","5,524","5,448","5,630","5,377","43,83K","1,21%"
"23/01/2003","5,458","5,689","5,850","5,430","52,45K","-3,79%"
"22/01/2003","5,673","5,440","5,740","5,435","44,73K","4,42%"
"21/01/2003","5,433","5,540","5,540","5,350","40,39K","-1,86%"
"17/01/2003","5,536","5,635","5,675","5,445","36,94K","-1,93%"
"16/01/2003","5,645","5,430","5,700","5,420","49,08K","3,96%"
"15/01/2003","5,430","5,120","5,500","5,120","60,12K","6,32%"
"14/01/2003","5,107","5,250","5,340","5,065","55,10K","-2,74%"
"13/01/2003","5,251","5,225","5,360","5,225","41,25K","2,10%"
"10/01/2003","5,143","5,300","5,360","5,110","42,93K","-3,04%"
"09/01/2003","5,304","5,160","5,320","4,970","53,74K","2,77%"
"08/01/2003","5,161","5,125","5,265","5,055","40,70K","0,66%"
"07/01/2003","5,127","4,940","5,150","4,880","47,23K","3,89%"
"06/01/2003","4,935","5,276","5,299","4,850","47,06K","-7,65%"
"03/01/2003","5,344","5,299","5,420","5,210","34,69K","1,77%"
"02/01/2003","5,251","4,900","5,335","4,880","47,31K","9,65%"
"31/12/2002","4,789","4,795","4,850","4,690","18,91K","-0,23%"
"30/12/2002","4,800","5,020","5,020","4,720","26,78K","-3,77%"
"27/12/2002","4,988","4,960","5,050","4,830","42,84K","0,52%"
"26/12/2002","4,962","5,150","5,160","4,905","39,40K","-3,58%"
"24/12/2002","5,146","5,105","5,150","5,075","15,30K","0,59%"
"23/12/2002","5,116","5,150","5,205","5,030","31,10K","-1,29%"
"20/12/2002","5,183","5,060","5,195","5,035","32,11K","2,69%"
"19/12/2002","5,047","5,060","5,490","5,040","53,30K","-4,38%"
"18/12/2002","5,278","5,270","5,390","5,100","49,41K","0,73%"
"17/12/2002","5,240","5,250","5,310","5,190","32,19K","-1,89%"
"16/12/2002","5,341","5,315","5,435","5,170","38,02K","1,08%"
"13/12/2002","5,284","5,100","5,530","5,010","68,43K","3,83%"
"12/12/2002","5,089","4,710","5,150","4,700","55,82K","8,07%"
"11/12/2002","4,709","4,639","4,770","4,610","53,68K","1,57%"
"10/12/2002","4,636","4,370","4,650","4,337","64,73K","6,35%"
"09/12/2002","4,359","4,345","4,380","4,290","25,50K","-0,55%"
"06/12/2002","4,383","4,410","4,439","4,340","29,19K","-0,52%"
"05/12/2002","4,406","4,305","4,410","4,240","40,01K","2,51%"
"04/12/2002","4,298","4,235","4,365","4,165","53,71K","1,70%"
"03/12/2002","4,226","4,320","4,344","4,190","35,10K","-2,18%"
"02/12/2002","4,320","4,200","4,350","4,137","42,56K","2,86%"
"27/11/2002","4,200","4,210","4,238","4,180","20,07K","1,45%"
"26/11/2002","4,140","4,265","4,285","4,110","52,31K","-2,84%"
"25/11/2002","4,261","4,340","4,370","4,170","52,55K","0,02%"
"22/11/2002","4,260","4,355","4,370","4,220","40,75K","-2,09%"
"21/11/2002","4,351","4,260","4,400","4,200","54,99K","2,28%"
"20/11/2002","4,254","4,260","4,379","4,210","39,66K","-0,16%"
"19/11/2002","4,261","4,270","4,343","4,215","44,93K","-0,05%"
"18/11/2002","4,263","4,270","4,280","4,050","49,30K","7,08%"
"15/11/2002","3,981","3,875","4,030","3,870","43,26K","2,89%"
"14/11/2002","3,869","3,895","4,005","3,780","42,50K","-0,21%"
"13/11/2002","3,877","3,880","3,910","3,740","50,92K","0,13%"
"12/11/2002","3,872","3,780","3,880","3,770","29,22K","2,49%"
"11/11/2002","3,778","3,840","3,910","3,770","39,49K","-3,20%"
"08/11/2002","3,903","3,830","3,950","3,785","34,23K","1,88%"
"07/11/2002","3,831","3,865","4,020","3,805","53,59K","-0,60%"
"06/11/2002","3,854","3,915","3,935","3,800","40,02K","-0,75%"
"05/11/2002","3,883","3,880","3,910","3,830","36,98K","0,52%"
"04/11/2002","3,863","4,030","4,030","3,840","41,69K","-4,85%"
"01/11/2002","4,060","4,160","4,180","4,035","42,91K","-2,31%"
"31/10/2002","4,156","4,395","4,415","4,120","61,53K","-5,31%"
"30/10/2002","4,389","4,280","4,440","4,230","42,92K","6,37%"
"29/10/2002","4,126","4,165","4,245","4,090","48,57K","-1,20%"
"28/10/2002","4,176","4,089","4,190","4,032","47,28K","3,67%"
"25/10/2002","4,028","4,145","4,174","3,990","44,49K","-2,54%"
"24/10/2002","4,133","4,265","4,360","4,085","54,61K","-2,98%"
"23/10/2002","4,260","4,130","4,270","4,105","38,00K","3,65%"
"22/10/2002","4,110","4,150","4,255","4,080","44,28K","-1,13%"
"21/10/2002","4,157","4,175","4,420","4,150","59,26K","-1,93%"
"18/10/2002","4,239","4,290","4,310","4,170","32,52K","-1,40%"
"17/10/2002","4,299","4,240","4,380","4,110","44,84K","1,70%"
"16/10/2002","4,227","4,231","4,270","4,130","30,92K","-0,47%"
"15/10/2002","4,247","4,312","4,340","4,170","55,55K","-1,30%"
"14/10/2002","4,303","4,156","4,320","4,156","46,24K","3,79%"
"11/10/2002","4,146","3,830","4,160","3,825","62,20K","8,31%"
"10/10/2002","3,828","3,920","3,965","3,775","52,85K","-2,30%"
"09/10/2002","3,918","3,854","3,940","3,840","32,92K","1,45%"
"08/10/2002","3,862","3,750","3,890","3,745","46,09K","3,26%"
"07/10/2002","3,740","3,731","3,770","3,670","36,79K","0,03%"
"04/10/2002","3,739","3,779","4,000","3,720","45,07K","0,40%"
"03/10/2002","3,724","4,164","4,230","3,710","74,25K","-10,48%"
"02/10/2002","4,160","4,085","4,200","3,947","56,07K","2,29%"
"01/10/2002","4,067","4,140","4,250","4,000","52,93K","-1,72%"
"30/09/2002","4,138","4,140","4,200","4,120","36,04K","2,40%"
"27/09/2002","4,041","3,891","4,095","3,831","43,95K","9,63%"
"26/09/2002","3,686","3,500","3,760","3,405","63,73K","5,50%"
"25/09/2002","3,494","3,735","3,765","3,480","69,02K","-6,63%"
"24/09/2002","3,742","3,990","4,034","3,710","59,26K","-5,93%"
"23/09/2002","3,978","3,871","3,990","3,835","57,44K","5,85%"
"20/09/2002","3,758","3,865","3,970","3,740","43,93K","-2,54%"
"19/09/2002","3,856","3,765","3,940","3,750","51,57K","1,82%"
"18/09/2002","3,787","3,670","3,850","3,665","54,03K","2,94%"
"17/09/2002","3,679","3,515","3,695","3,385","62,51K","4,90%"
"16/09/2002","3,507","3,405","3,530","3,405","28,43K","1,15%"
"13/09/2002","3,467","3,335","3,495","3,332","42,82K","4,15%"
"12/09/2002","3,329","3,261","3,375","3,190","51,72K","2,43%"
"11/09/2002","3,250","3,360","3,395","3,235","29,03K","-3,16%"
"10/09/2002","3,356","3,410","3,429","3,340","0,27K","-1,27%"
"09/09/2002","3,399","3,247","3,410","3,190","49,94K","4,10%"
"06/09/2002","3,265","3,355","3,445","3,260","54,84K","-2,30%"
"05/09/2002","3,342","3,190","3,360","3,100","64,19K","4,67%"
"04/09/2002","3,193","3,135","3,290","3,120","55,28K","1,95%"
"03/09/2002","3,132","3,250","3,250","3,100","42,92K","-4,98%"
"30/08/2002","3,296","3,252","3,310","3,250","24,80K","1,42%"
"29/08/2002","3,250","3,400","3,455","3,175","63,65K","-1,16%"
"28/08/2002","3,288","3,485","3,500","3,260","56,18K","-5,60%"
"27/08/2002","3,483","3,620","3,643","3,470","59,19K","-3,70%"
"26/08/2002","3,617","3,490","3,630","3,460","49,32K","3,73%"
"23/08/2002","3,487","3,500","3,521","3,440","41,19K","-0,80%"
"22/08/2002","3,515","3,298","3,530","3,260","61,62K","7,36%"
"21/08/2002","3,274","3,177","3,310","3,130","44,75K","3,41%"
"20/08/2002","3,166","3,275","3,300","3,160","58,43K","-3,09%"
"19/08/2002","3,267","3,130","3,280","3,055","52,82K","3,75%"
"16/08/2002","3,149","3,135","3,165","3,080","43,42K","0,70%"
"15/08/2002","3,127","2,920","3,140","2,877","79,96K","7,46%"
"14/08/2002","2,910","2,980","3,040","2,900","49,57K","-2,18%"
"13/08/2002","2,975","2,964","3,000","2,910","50,44K","0,34%"
"12/08/2002","2,965","2,760","2,970","2,760","50,85K","7,39%"
"09/08/2002","2,761","2,749","2,800","2,749","23,87K","0,58%"
"08/08/2002","2,745","2,661","2,800","2,655","46,66K","3,20%"
"07/08/2002","2,660","2,725","2,745","2,640","33,43K","-2,06%"
"06/08/2002","2,716","2,675","2,745","2,671","27,30K","1,42%"
"05/08/2002","2,678","2,860","2,860","2,665","40,41K","-6,30%"
"02/08/2002","2,858","2,840","2,900","2,825","27,67K","0,56%"
"01/08/2002","2,842","2,970","3,028","2,825","54,77K","-3,79%"
"31/07/2002","2,954","2,892","3,040","2,885","48,84K","2,18%"
"30/07/2002","2,891","2,930","2,930","2,850","40,14K","-2,86%"
"29/07/2002","2,976","2,955","3,110","2,900","52,96K","1,36%"
"26/07/2002","2,936","2,909","2,944","2,870","59,02K","1,17%"
"25/07/2002","2,902","3,040","3,100","2,875","66,16K","-4,60%"
"24/07/2002","3,042","2,892","3,050","2,800","64,71K","5,30%"
"23/07/2002","2,889","2,955","2,975","2,885","38,36K","-1,97%"
"22/07/2002","2,947","2,865","3,000","2,865","41,32K","0,48%"
"19/07/2002","2,933","2,977","3,019","2,830","44,76K","-0,34%"
"18/07/2002","2,943","2,845","2,965","2,800","57,15K","3,59%"
"17/07/2002","2,841","2,877","2,953","2,780","59,93K","-0,77%"
"16/07/2002","2,863","2,791","2,920","2,780","45,01K","2,84%"
"15/07/2002","2,784","2,820","2,860","2,770","33,85K","-0,11%"
"12/07/2002","2,787","2,851","2,919","2,770","39,22K","-1,52%"
"11/07/2002","2,830","2,872","2,875","2,760","47,08K","-1,19%"
"10/07/2002","2,864","2,989","3,080","2,860","69,36K","-4,25%"
"09/07/2002","2,991","2,940","3,010","2,940","32,77K","1,77%"
"08/07/2002","2,939","3,110","3,110","2,930","62,93K","-6,46%"
"03/07/2002","3,142","3,156","3,185","3,125","32,12K","-0,10%"
"02/07/2002","3,145","3,170","3,190","3,125","26,72K","-1,47%"
"01/07/2002","3,192","3,240","3,285","3,180","21,31K","-1,63%"
"28/06/2002","3,245","3,245","3,270","3,220","24,93K","0,28%"
"27/06/2002","3,236","3,345","3,360","3,200","39,80K","-1,28%"
"26/06/2002","3,278","3,435","3,500","3,200","57,67K","-4,96%"
"25/06/2002","3,449","3,451","3,580","3,426","68,45K","0,55%"
"24/06/2002","3,430","3,258","3,470","3,255","60,36K","5,96%"
"21/06/2002","3,237","3,224","3,250","3,160","36,01K","0,65%"
"20/06/2002","3,216","3,312","3,375","3,165","59,70K","-2,96%"
"19/06/2002","3,314","3,315","3,415","3,275","47,62K","0,06%"
"18/06/2002","3,312","3,479","3,480","3,295","43,75K","-1,92%"
"17/06/2002","3,377","3,350","3,470","3,350","42,59K","1,05%"
"14/06/2002","3,342","3,215","3,350","3,185","49,82K","4,08%"
"13/06/2002","3,211","3,060","3,260","3,050","73,74K","5,04%"
"12/06/2002","3,057","3,120","3,170","3,050","43,10K","-2,39%"
"11/06/2002","3,132","3,130","3,180","3,085","41,63K","-0,10%"
"10/06/2002","3,135","3,185","3,200","3,125","41,54K","-2,15%"
"07/06/2002","3,204","3,180","3,220","3,143","30,33K","0,69%"
"06/06/2002","3,182","3,255","3,300","3,120","56,27K","-2,39%"
"05/06/2002","3,260","3,347","3,347","3,240","40,16K","-2,04%"
"04/06/2002","3,328","3,238","3,350","3,230","43,86K","2,65%"
"03/06/2002","3,242","3,230","3,305","3,185","36,67K","0,78%"
"31/05/2002","3,217","3,225","3,290","3,200","32,73K","-0,16%"
"30/05/2002","3,222","3,515","3,541","3,190","0,05K","-5,79%"
"29/05/2002","3,420","3,279","3,470","3,270","54,93K","4,27%"
"28/05/2002","3,280","3,300","3,340","3,255","66,34K","-2,00%"
"24/05/2002","3,347","3,430","3,435","3,325","33,76K","-2,65%"
"23/05/2002","3,438","3,465","3,520","3,400","55,74K","-0,61%"
"22/05/2002","3,459","3,420","3,525","3,400","46,95K","1,89%"
"21/05/2002","3,395","3,475","3,475","3,360","53,88K","-2,72%"
"20/05/2002","3,490","3,590","3,610","3,480","50,71K","-3,00%"
"17/05/2002","3,598","3,630","3,645","3,530","38,14K","-0,30%"
"16/05/2002","3,609","3,632","3,670","3,535","60,25K","-0,85%"
"15/05/2002","3,640","3,820","3,859","3,630","61,78K","-5,58%"
"14/05/2002","3,855","3,790","3,875","3,745","60,54K","1,90%"
"13/05/2002","3,783","3,700","3,795","3,615","47,63K","0,91%"
"10/05/2002","3,749","3,680","3,805","3,662","43,75K","0,81%"
"09/05/2002","3,719","3,720","3,790","3,600","75,38K","-0,72%"
"08/05/2002","3,746","3,690","3,860","3,645","71,32K","1,99%"
"07/05/2002","3,673","3,600","3,690","3,470","64,21K","2,17%"
"06/05/2002","3,595","3,720","3,720","3,530","46,28K","-4,01%"
"03/05/2002","3,745","3,690","3,770","3,620","45,44K","1,66%"
"02/05/2002","3,684","3,710","3,720","3,560","57,95K","-1,37%"
"01/05/2002","3,735","3,760","3,840","3,715","44,12K","-1,58%"
"30/04/2002","3,795","3,556","3,820","3,550","63,09K","6,57%"
"29/04/2002","3,561","3,380","3,580","3,371","43,19K","7,29%"
"26/04/2002","3,319","3,575","3,580","3,230","61,29K","0,73%"
"25/04/2002","3,295","3,400","3,580","3,280","73,64K","-3,63%"
"24/04/2002","3,419","3,575","3,580","3,370","55,19K","-4,79%"
"23/04/2002","3,591","3,605","3,659","3,570","50,35K","-0,14%"
"22/04/2002","3,596","3,515","3,610","3,460","56,50K","1,96%"
"19/04/2002","3,527","3,448","3,535","3,376","49,91K","1,21%"
"18/04/2002","3,485","3,490","3,620","3,435","66,66K","0,23%"
"17/04/2002","3,477","3,289","3,490","3,285","46,09K","5,56%"
"16/04/2002","3,294","3,438","3,500","3,280","58,79K","-3,97%"
"15/04/2002","3,430","3,175","3,440","3,151","68,07K","9,76%"
"12/04/2002","3,125","3,100","3,210","3,060","50,83K","0,71%"
"11/04/2002","3,103","3,160","3,168","3,060","45,48K","-2,54%"
"10/04/2002","3,184","3,160","3,270","3,125","46,87K","-0,53%"
"09/04/2002","3,201","3,200","3,240","3,150","54,60K","-3,79%"
"08/04/2002","3,327","3,281","3,370","3,250","37,81K","1,59%"
"05/04/2002","3,275","3,340","3,365","3,170","54,63K","-1,74%"
"04/04/2002","3,333","3,490","3,620","3,300","66,65K","-4,93%"
"03/04/2002","3,506","3,626","3,670","3,480","38,12K","-4,05%"
"02/04/2002","3,654","3,515","3,700","3,510","53,37K","3,48%"
"01/04/2002","3,531","3,210","3,550","3,210","53,89K","7,55%"
"28/03/2002","3,283","3,269","3,300","3,160","37,88K","-0,21%"
"27/03/2002","3,290","3,390","3,525","3,210","51,84K","-5,24%"
"26/03/2002","3,472","3,319","3,560","3,241","84,86K","0,43%"
"25/03/2002","3,457","3,319","3,470","3,241","80,86K","3,94%"
"22/03/2002","3,326","3,400","3,520","3,230","79,80K","-3,06%"
"21/03/2002","3,431","3,095","3,440","3,055","79,34K","10,29%"
"20/03/2002","3,111","3,230","3,280","3,100","55,62K","-4,45%"
"19/03/2002","3,256","3,299","3,326","3,225","54,78K","-1,48%"
"18/03/2002","3,305","3,100","3,310","3,100","59,06K","7,44%"
"15/03/2002","3,076","2,932","3,080","2,932","46,25K","5,20%"
"14/03/2002","2,924","2,840","2,930","2,750","54,66K","1,88%"
"13/03/2002","2,870","3,025","3,044","2,860","53,67K","-4,90%"
"12/03/2002","3,018","3,032","3,090","2,860","59,25K","-0,10%"
"11/03/2002","3,021","2,780","3,040","2,760","54,09K","7,89%"
"08/03/2002","2,800","2,751","2,810","2,732","40,91K","1,60%"
"07/03/2002","2,756","2,580","2,820","2,575","91,79K","7,40%"
"06/03/2002","2,566","2,475","2,575","2,435","43,61K","4,01%"
"05/03/2002","2,467","2,485","2,535","2,445","48,64K","-0,84%"
"04/03/2002","2,488","2,400","2,500","2,381","36,60K","5,47%"
"01/03/2002","2,359","2,359","2,420","2,335","32,84K","0,08%"
"28/02/2002","2,357","2,425","2,465","2,340","61,90K","-2,88%"
"27/02/2002","2,427","2,380","2,430","2,330","34,41K","1,63%"
"26/02/2002","2,388","2,309","2,410","2,278","66,96K","3,51%"
"25/02/2002","2,307","2,361","2,405","2,290","66,58K","-5,80%"
"22/02/2002","2,449","2,431","2,470","2,360","37,96K","0,99%"
"21/02/2002","2,425","2,390","2,440","2,350","53,36K","1,68%"
"20/02/2002","2,385","2,400","2,463","2,300","64,04K","-0,50%"
"19/02/2002","2,397","2,233","2,405","2,233","63,97K","8,66%"
"15/02/2002","2,206","2,176","2,210","2,147","23,18K","0,91%"
"14/02/2002","2,186","2,250","2,275","2,180","38,26K","-2,63%"
"13/02/2002","2,245","2,290","2,410","2,240","47,71K","-2,60%"
"12/02/2002","2,305","2,280","2,345","2,265","46,39K","0,83%"
"11/02/2002","2,286","2,191","2,300","2,120","54,69K","4,34%"
"08/02/2002","2,191","2,155","2,210","2,150","32,24K","1,91%"
"07/02/2002","2,150","2,109","2,155","2,085","28,66K","2,33%"
"06/02/2002","2,101","2,070","2,110","2,040","30,94K","1,30%"
"05/02/2002","2,074","2,115","2,140","2,070","26,41K","-2,03%"
"04/02/2002","2,117","2,129","2,195","2,080","25,30K","-0,98%"
"01/02/2002","2,138","2,145","2,175","2,100","28,39K","0,00%"
"31/01/2002","2,138","2,100","2,150","2,095","31,24K","2,79%"
"30/01/2002","2,080","2,025","2,115","2,025","37,57K","3,69%"
"29/01/2002","2,006","1,931","2,080","1,905","63,58K","5,14%"
"28/01/2002","1,908","2,005","2,030","1,850","65,39K","-6,33%"
"25/01/2002","2,037","2,060","2,060","1,990","37,20K","-0,54%"
"24/01/2002","2,048","2,080","2,150","2,025","45,80K","-1,35%"
"23/01/2002","2,076","2,120","2,140","2,040","46,01K","-1,42%"
"22/01/2002","2,106","2,200","2,200","2,095","41,50K","-5,81%"
"18/01/2002","2,236","2,250","2,274","2,210","25,46K","-0,80%"
"17/01/2002","2,254","2,395","2,444","2,220","57,06K","-5,85%"
"16/01/2002","2,394","2,314","2,400","2,294","38,38K","4,50%"
"15/01/2002","2,291","2,245","2,320","2,225","32,36K","1,82%"
"14/01/2002","2,250","2,344","2,350","2,200","54,79K","2,09%"
"11/01/2002","2,204","2,200","2,260","2,180","25,28K","0,87%"
"10/01/2002","2,185","2,250","2,300","2,180","34,83K","-1,93%"
"09/01/2002","2,228","2,300","2,315","2,140","39,59K","-2,32%"
"08/01/2002","2,281","2,270","2,350","2,230","31,09K","0,40%"
"07/01/2002","2,272","2,278","2,350","2,185","38,45K","-0,13%"
"04/01/2002","2,275","2,285","2,330","2,250","30,29K","0,31%"
"03/01/2002","2,268","2,550","2,551","2,260","38,81K","-7,99%"
"02/01/2002","2,465","2,550","2,551","2,430","33,48K","-4,09%"
"31/12/2001","2,570","2,750","2,755","2,545","25,78K","-7,35%"
"28/12/2001","2,774","2,660","2,785","2,608","29,25K","8,57%"
"27/12/2001","2,555","2,861","2,869","2,650","75,32K","-12,23%"
"26/12/2001","2,911","2,909","3,050","2,890","45,79K","0,55%"
"21/12/2001","2,895","2,690","2,910","2,690","2,32K","7,78%"
"20/12/2001","2,686","2,620","2,700","2,601","36,62K","2,68%"
"19/12/2001","2,616","2,670","2,730","2,590","39,02K","-1,54%"
"18/12/2001","2,657","2,695","2,750","2,635","39,28K","-1,08%"
"17/12/2001","2,686","2,850","2,863","2,675","52,66K","-5,62%"
"14/12/2001","2,846","2,765","2,885","2,720","46,70K","3,27%"
"13/12/2001","2,756","2,730","2,780","2,700","29,21K","1,36%"
"12/12/2001","2,719","2,790","2,815","2,645","33,35K","-3,00%"
"11/12/2001","2,803","2,743","2,854","2,670","51,70K","2,04%"
"10/12/2001","2,747","2,640","2,755","2,520","41,13K","6,97%"
"07/12/2001","2,568","2,610","2,640","2,490","32,56K","0,12%"
"06/12/2001","2,565","2,490","2,610","2,475","39,19K","2,97%"
"05/12/2001","2,491","2,510","2,605","2,450","34,54K","-2,81%"
"04/12/2001","2,563","2,550","2,610","2,500","35,43K","-2,70%"
"03/12/2001","2,634","2,630","2,690","2,555","0,01K","-2,48%"
"30/11/2001","2,701","2,560","2,735","2,521","41,09K","5,47%"
"29/11/2001","2,561","2,730","2,774","2,550","38,81K","10,58%"
"28/11/2001","2,316","2,594","2,820","2,170","74,28K","-11,13%"
"27/11/2001","2,606","2,690","2,725","2,530","64,85K","-3,34%"
"26/11/2001","2,696","2,692","2,771","2,610","40,62K","-4,16%"
"21/11/2001","2,813","2,850","3,010","2,735","36,64K","-1,37%"
"20/11/2001","2,852","2,845","2,895","2,680","49,67K","2,19%"
"19/11/2001","2,791","2,610","2,800","2,520","37,18K","5,84%"
"16/11/2001","2,637","2,555","2,650","2,482","36,84K","3,37%"
"15/11/2001","2,551","2,710","2,720","2,520","34,04K","-4,67%"
"14/11/2001","2,676","2,810","2,860","2,635","37,16K","-4,36%"
"13/11/2001","2,798","2,740","2,815","2,698","32,21K","2,38%"
"12/11/2001","2,733","2,840","2,870","2,700","32,60K","-6,56%"
"09/11/2001","2,925","2,950","3,000","2,830","33,17K","-1,18%"
"08/11/2001","2,960","2,830","2,970","2,760","30,37K","3,14%"
"07/11/2001","2,870","2,900","3,020","2,850","33,16K","-0,35%"
"06/11/2001","2,880","2,920","2,920","2,785","40,83K","-1,44%"
"05/11/2001","2,922","3,130","3,150","2,900","43,99K","-10,04%"
"02/11/2001","3,248","3,295","3,325","3,208","32,56K","-1,28%"
"01/11/2001","3,290","3,321","3,400","3,190","36,91K","-0,03%"
"31/10/2001","3,291","3,195","3,440","3,110","39,81K","3,39%"
"30/10/2001","3,183","3,350","3,350","3,085","37,04K","-0,59%"
"29/10/2001","3,202","3,036","3,300","3,025","52,81K","5,29%"
"26/10/2001","3,041","2,941","3,075","2,915","43,77K","3,51%"
"25/10/2001","2,938","2,960","3,140","2,870","47,81K","-1,44%"
"24/10/2001","2,981","2,660","3,000","2,591","47,21K","11,19%"
"23/10/2001","2,681","2,770","2,860","2,630","36,67K","-4,49%"
"22/10/2001","2,807","2,700","2,840","2,650","33,25K","4,70%"
"19/10/2001","2,681","2,520","2,720","2,430","45,48K","7,84%"
"18/10/2001","2,486","2,430","2,495","2,370","30,44K","2,81%"
"17/10/2001","2,418","2,597","2,690","2,410","48,35K","-6,71%"
"16/10/2001","2,592","2,380","2,645","2,378","43,53K","9,00%"
"15/10/2001","2,378","2,400","2,430","2,330","21,43K","-2,14%"
"12/10/2001","2,430","2,530","2,535","2,370","33,00K","-3,99%"
"11/10/2001","2,531","2,490","2,570","2,447","35,03K","2,06%"
"10/10/2001","2,480","2,390","2,540","2,330","34,84K","3,85%"
"09/10/2001","2,388","2,272","2,390","2,255","30,07K","5,20%"
"08/10/2001","2,270","2,270","2,310","2,220","22,93K","1,93%"
"05/10/2001","2,227","2,440","2,460","2,225","32,94K","-7,75%"
"04/10/2001","2,414","2,300","2,470","2,291","32,44K","4,05%"
"03/10/2001","2,320","2,280","2,360","2,235","23,36K","2,29%"
"02/10/2001","2,268","2,220","2,300","2,180","25,38K","2,72%"
"01/10/2001","2,208","2,220","2,230","2,140","16,61K","-1,60%"
"28/09/2001","2,244","2,253","2,285","2,205","0,54K","-0,40%"
"27/09/2001","2,253","2,222","2,300","2,210","13,24K","23,11%"
"26/09/2001","1,830","1,910","1,925","1,760","45,85K","-4,94%"
"25/09/2001","1,925","1,900","1,970","1,880","42,00K","0,79%"
"24/09/2001","1,910","2,040","2,050","1,880","28,95K","-9,18%"
"21/09/2001","2,103","2,136","2,145","2,080","20,14K","-1,59%"
"20/09/2001","2,137","2,115","2,150","2,030","27,73K","1,67%"
"19/09/2001","2,102","2,200","2,200","2,080","26,43K","-5,53%"
"18/09/2001","2,225","2,300","2,300","2,210","15,35K","-6,08%"
"17/09/2001","2,369","2,425","2,440","2,355","21,38K","-7,17%"
"14/09/2001","2,552","2,700","2,720","2,670","5,28K","6,69%"
"10/09/2001","2,392","2,469","2,490","2,370","27,89K","-4,32%"
"07/09/2001","2,500","2,444","2,530","2,400","23,19K","2,46%"
"06/09/2001","2,440","2,430","2,470","2,390","1,32K","0,83%"
"05/09/2001","2,420","2,370","2,470","2,370","36,53K","2,59%"
"04/09/2001","2,359","2,283","2,400","2,250","24,28K","-0,88%"
"31/08/2001","2,380","2,395","2,430","2,265","18,54K","-0,63%"
"30/08/2001","2,395","2,400","2,520","2,360","36,81K","4,36%"
"29/08/2001","2,295","2,420","2,440","2,245","53,29K","-4,97%"
"28/08/2001","2,415","2,544","2,544","2,400","49,79K","-5,07%"
"27/08/2001","2,544","2,640","2,640","2,500","31,24K","-5,99%"
"24/08/2001","2,706","2,810","2,820","2,670","22,33K","-3,74%"
"23/08/2001","2,811","2,865","2,880","2,765","42,44K","-1,30%"
"22/08/2001","2,848","3,165","3,220","2,800","40,59K","-10,04%"
"21/08/2001","3,166","3,195","3,195","3,135","18,08K","-0,66%"
"20/08/2001","3,187","3,279","3,279","3,150","19,32K","-3,51%"
"17/08/2001","3,303","3,355","3,395","3,235","33,48K","-1,90%"
"16/08/2001","3,367","3,430","3,620","3,160","54,41K","-2,91%"
"15/08/2001","3,468","3,109","3,490","3,030","43,39K","12,09%"
"14/08/2001","3,094","3,000","3,110","2,990","33,19K","3,17%"
"13/08/2001","2,999","3,005","3,046","2,960","19,50K","-1,35%"
"10/08/2001","3,040","2,959","3,055","2,920","0,11K","2,84%"
"09/08/2001","2,956","3,065","3,090","2,930","26,40K","-2,64%"
"08/08/2001","3,036","2,972","3,080","2,970","29,40K","2,19%"
"07/08/2001","2,971","3,050","3,100","2,950","27,77K","-1,85%"
"06/08/2001","3,027","2,965","3,050","2,910","18,90K","1,88%"
"03/08/2001","2,971","3,160","3,180","2,940","29,69K","-6,92%"
"02/08/2001","3,192","3,090","3,210","3,051","30,58K","3,60%"
"01/08/2001","3,081","3,300","3,355","3,070","37,09K","-6,52%"
"31/07/2001","3,296","3,350","3,425","3,230","31,08K","-1,70%"
"30/07/2001","3,353","3,210","3,400","3,190","30,08K","5,87%"
"27/07/2001","3,167","3,280","3,360","3,060","45,80K","1,25%"
"26/07/2001","3,128","3,280","3,360","3,100","56,02K","-4,52%"
"25/07/2001","3,276","2,972","3,285","2,939","47,87K","10,30%"
"24/07/2001","2,970","2,990","2,995","2,935","25,02K","-0,27%"
"23/07/2001","2,978","2,940","3,010","2,905","23,86K","0,78%"
"20/07/2001","2,955","2,949","3,005","2,881","18,51K","0,54%"
"19/07/2001","2,939","3,076","3,105","2,910","39,30K","-4,79%"
"18/07/2001","3,087","3,175","3,215","3,055","37,61K","-2,46%"
"17/07/2001","3,165","3,065","3,195","3,055","30,74K","3,16%"
"16/07/2001","3,068","3,220","3,220","3,050","27,55K","-5,60%"
"13/07/2001","3,250","3,420","3,435","3,230","24,95K","-5,19%"
"12/07/2001","3,428","3,380","3,450","3,322","23,35K","2,57%"
"11/07/2001","3,342","3,315","3,365","3,205","37,41K","1,83%"
"10/07/2001","3,282","3,152","3,340","3,152","34,31K","4,09%"
"09/07/2001","3,153","3,201","3,335","3,135","40,96K","-2,02%"
"06/07/2001","3,218","3,170","3,235","3,125","21,35K","2,61%"
"05/07/2001","3,136","3,250","3,290","3,040","28,83K","-2,03%"
"03/07/2001","3,201","3,150","3,230","3,125","18,46K","2,69%"
"02/07/2001","3,117","3,090","3,200","3,003","24,46K","0,68%"
"29/06/2001","3,096","3,280","3,280","3,055","29,75K","-5,61%"
"28/06/2001","3,280","3,305","3,365","3,225","27,97K","3,08%"
"27/06/2001","3,182","3,370","3,405","3,130","48,11K","-6,33%"
"26/06/2001","3,397","3,442","3,490","3,390","43,02K","-1,42%"
"25/06/2001","3,446","3,680","3,700","3,430","43,82K","-7,91%"
"22/06/2001","3,742","3,769","3,820","3,720","26,14K","-0,13%"
"21/06/2001","3,747","3,730","3,780","3,705","25,05K","0,35%"
"20/06/2001","3,734","3,970","3,980","3,690","44,89K","-6,20%"
"19/06/2001","3,981","3,930","4,050","3,876","29,66K","1,07%"
"18/06/2001","3,939","3,940","4,150","3,890","40,03K","-1,01%"
"15/06/2001","3,979","4,035","4,060","3,920","22,94K","-1,46%"
"14/06/2001","4,038","4,080","4,130","3,975","38,77K","-1,80%"
"13/06/2001","4,112","4,308","4,335","4,060","38,95K","-4,39%"
"12/06/2001","4,301","4,180","4,440","4,076","49,03K","2,92%"
"11/06/2001","4,179","3,980","4,210","3,940","42,69K","6,55%"
"08/06/2001","3,922","3,790","3,930","3,725","30,11K","3,48%"
"07/06/2001","3,790","3,810","3,845","3,748","21,92K","-0,29%"
"06/06/2001","3,801","3,890","3,915","3,730","30,43K","-2,34%"
"05/06/2001","3,892","4,098","4,179","3,850","50,74K","-4,35%"
"04/06/2001","4,069","4,098","4,149","4,090","20,06K","3,54%"
"01/06/2001","3,930","3,898","4,000","3,811","31,55K","0,41%"
"31/05/2001","3,914","4,000","4,075","3,780","42,02K","-1,68%"
"30/05/2001","3,981","3,805","4,010","3,670","50,36K","6,50%"
"29/05/2001","3,738","3,945","3,945","3,680","42,03K","-5,91%"
"25/05/2001","3,973","4,054","4,055","3,950","49,16K","-2,00%"
"24/05/2001","4,054","4,125","4,230","4,020","44,17K","-1,43%"
"23/05/2001","4,113","4,130","4,180","4,045","35,35K","-0,24%"
"22/05/2001","4,123","4,110","4,135","4,050","34,37K","0,24%"
"21/05/2001","4,113","4,240","4,260","4,105","31,18K","-4,15%"
"18/05/2001","4,291","4,260","4,310","4,155","28,15K","1,01%"
"17/05/2001","4,248","4,290","4,305","4,180","34,57K","-1,16%"
"16/05/2001","4,298","4,661","4,700","4,280","50,43K","-7,63%"
"15/05/2001","4,653","4,440","4,670","4,435","47,28K","5,89%"
"14/05/2001","4,394","4,410","4,440","4,270","19,76K","2,71%"
"11/05/2001","4,278","4,340","4,418","4,230","28,95K","-1,61%"
"10/05/2001","4,348","4,205","4,395","4,170","40,81K","3,47%"
"09/05/2001","4,202","4,270","4,315","4,145","31,73K","-1,80%"
"08/05/2001","4,279","4,251","4,320","4,200","28,28K","0,94%"
"07/05/2001","4,239","4,459","4,459","4,210","31,69K","-5,59%"
"04/05/2001","4,490","4,550","4,566","4,465","15,67K","-0,82%"
"03/05/2001","4,527","4,485","4,550","4,415","27,14K","0,98%"
"02/05/2001","4,483","4,650","4,660","4,440","32,55K","-3,40%"
"01/05/2001","4,641","4,685","4,703","4,535","36,84K","-1,15%"
"30/04/2001","4,695","4,780","4,810","4,680","29,51K","-3,53%"
"27/04/2001","4,867","4,950","5,010","4,850","26,33K","-0,49%"
"26/04/2001","4,891","4,970","5,005","4,850","49,20K","-1,81%"
"25/04/2001","4,981","5,060","5,075","4,930","41,28K","-1,91%"
"24/04/2001","5,078","5,125","5,170","5,050","31,34K","-0,92%"
"23/04/2001","5,125","5,140","5,190","5,082","26,32K","-0,06%"
"20/04/2001","5,128","5,130","5,160","5,000","24,30K","0,53%"
"19/04/2001","5,101","5,150","5,225","5,050","18,18K","-0,91%"
"18/04/2001","5,148","5,260","5,265","5,010","34,92K","-1,91%"
"17/04/2001","5,248","5,510","5,510","5,215","38,21K","-4,86%"
"16/04/2001","5,516","5,520","5,565","5,455","17,46K","2,51%"
"12/04/2001","5,381","5,374","5,420","5,300","18,12K","-0,07%"
"11/04/2001","5,385","5,560","5,560","5,380","28,62K","-3,13%"
"10/04/2001","5,559","5,490","5,620","5,482","22,20K","1,50%"
"09/04/2001","5,477","5,475","5,565","5,365","23,20K","1,65%"
"06/04/2001","5,388","5,490","5,490","5,330","22,95K","-0,63%"
"05/04/2001","5,422","5,240","5,480","5,175","35,03K","4,63%"
"04/04/2001","5,182","5,140","5,300","5,100","24,68K","1,31%"
"03/04/2001","5,115","5,100","5,210","5,070","22,24K","0,24%"
"02/04/2001","5,103","4,985","5,140","4,920","27,50K","1,55%"
"30/03/2001","5,025","5,270","5,400","5,010","40,20K","-4,72%"
"29/03/2001","5,274","5,390","5,450","5,250","26,74K","-2,04%"
"28/03/2001","5,384","5,620","5,740","5,310","34,61K","-4,22%"
"27/03/2001","5,621","5,320","5,630","5,320","27,73K","5,62%"
"26/03/2001","5,322","5,220","5,330","5,160","23,09K","0,93%"
"23/03/2001","5,273","5,200","5,310","5,190","23,11K","1,17%"
"22/03/2001","5,212","5,020","5,220","5,010","24,08K","3,39%"
"21/03/2001","5,041","5,280","5,290","5,030","28,57K","-4,65%"
"20/03/2001","5,287","5,105","5,340","5,090","34,71K","4,42%"
"19/03/2001","5,063","5,110","5,158","5,000","18,56K","0,56%"
"16/03/2001","5,035","4,960","5,060","4,925","15,10K","2,19%"
"15/03/2001","4,927","4,900","4,980","4,870","21,06K","0,33%"
"14/03/2001","4,911","5,010","5,095","4,900","23,90K","-1,90%"
"13/03/2001","5,006","5,164","5,190","4,930","28,64K","-2,97%"
"12/03/2001","5,159","5,044","5,170","4,975","23,35K","1,72%"
"09/03/2001","5,072","5,270","5,285","5,060","27,72K","-4,03%"
"08/03/2001","5,285","5,345","5,394","5,280","14,40K","-1,21%"
"07/03/2001","5,350","5,320","5,375","5,180","27,48K","0,66%"
"06/03/2001","5,315","5,355","5,380","5,271","9,16K","-0,39%"
"05/03/2001","5,336","5,355","5,450","5,330","15,06K","1,25%"
"02/03/2001","5,270","5,180","5,290","5,180","10,92K","1,62%"
"01/03/2001","5,186","5,204","5,340","5,130","15,07K","-0,95%"
"28/02/2001","5,236","5,310","5,385","5,170","26,91K","-0,81%"
"27/02/2001","5,279","5,110","5,325","5,060","27,01K","5,62%"
"26/02/2001","4,998","5,131","5,190","4,950","40,08K","-2,59%"
"23/02/2001","5,131","5,140","5,210","5,090","30,54K","-0,21%"
"22/02/2001","5,142","5,150","5,220","5,110","21,78K","-0,08%"
"21/02/2001","5,146","5,280","5,370","5,070","27,45K","-2,50%"
"20/02/2001","5,278","5,318","5,420","5,270","18,59K","-5,21%"
"16/02/2001","5,568","5,594","5,690","5,450","19,70K","-0,46%"
"15/02/2001","5,594","5,520","5,610","5,430","23,23K","1,38%"
"14/02/2001","5,518","6,020","6,090","5,470","31,60K","-8,32%"
"13/02/2001","6,019","5,790","6,050","5,680","24,44K","3,40%"
"12/02/2001","5,821","6,080","6,130","5,730","16,22K","-6,26%"
"09/02/2001","6,210","6,190","6,320","6,101","14,15K","0,84%"
"08/02/2001","6,158","6,355","6,700","6,060","28,65K","-1,23%"
"07/02/2001","6,235","5,790","6,260","5,640","25,84K","8,17%"
"06/02/2001","5,764","5,690","5,880","5,620","22,05K","1,02%"
"05/02/2001","5,706","6,200","6,325","5,670","24,83K","-15,38%"
"02/02/2001","6,743","6,400","7,100","6,400","29,89K","5,69%"
"01/02/2001","6,380","5,700","6,420","5,615","30,31K","11,79%"
"31/01/2001","5,707","6,058","6,250","5,650","29,44K","-6,40%"
"30/01/2001","6,097","6,110","6,320","5,830","27,87K","-3,11%"
"29/01/2001","6,293","7,105","7,490","6,100","39,49K","-13,27%"
"26/01/2001","7,256","7,300","7,300","7,000","33,33K","-0,19%"
"25/01/2001","7,270","7,170","7,500","7,140","22,26K","2,18%"
"24/01/2001","7,115","6,970","7,200","6,780","24,39K","2,43%"
"23/01/2001","6,946","7,363","7,430","6,900","21,18K","-6,85%"
"22/01/2001","7,457","7,850","7,930","7,410","15,67K","-0,03%"
"19/01/2001","7,459","7,180","7,620","7,150","19,16K","4,53%"
"18/01/2001","7,136","6,890","7,220","6,830","18,75K","3,29%"
"17/01/2001","6,909","8,060","8,090","6,800","28,58K","-14,74%"
"16/01/2001","8,103","8,450","8,450","7,940","20,12K","-4,36%"
"12/01/2001","8,472","8,665","9,010","8,205","20,67K","-2,71%"
"11/01/2001","8,708","9,120","9,225","8,600","21,26K","-4,60%"
"10/01/2001","9,128","9,820","9,916","9,010","22,69K","-7,04%"
"09/01/2001","9,819","9,750","9,870","9,460","18,73K","1,34%"
"08/01/2001","9,689","9,605","9,870","9,480","16,34K","4,62%"
"05/01/2001","9,261","9,030","9,350","8,900","21,12K","3,29%"
"04/01/2001","8,966","9,030","9,200","9,000","20,68K","9,49%"
"03/01/2001","8,189","8,300","8,700","8,110","18,11K","-2,09%"
"02/01/2001","8,364","9,450","9,450","8,250","13,75K","-14,43%"
"29/12/2000","9,775","9,190","9,925","9,150","7,87K","5,53%"
"28/12/2000","9,263","9,100","9,450","8,800","10,33K","-7,17%"
"27/12/2000","9,978","9,779","10,100","9,400","38,95K","1,76%"
"26/12/2000","9,805","9,850","9,950","9,500","21,98K","2,36%"
"22/12/2000","9,579","9,880","9,880","9,400","13,55K","-2,55%"
"21/12/2000","9,830","9,360","9,900","9,340","17,37K","5,40%"
"20/12/2000","9,326","9,119","9,750","9,100","21,30K","2,46%"
"19/12/2000","9,102","8,690","9,130","8,410","14,49K","6,74%"
"18/12/2000","8,527","8,960","9,245","8,400","18,87K","1,56%"
"15/12/2000","8,396","7,470","8,550","7,470","19,20K","13,26%"
"14/12/2000","7,413","7,500","7,850","7,221","18,89K","-1,65%"
"13/12/2000","7,537","8,010","8,350","7,500","26,36K","-7,46%"
"12/12/2000","8,145","9,490","9,600","8,010","22,76K","-13,47%"
"11/12/2000","9,413","9,350","9,860","9,200","17,83K","9,66%"
"08/12/2000","8,584","8,375","8,700","7,960","20,17K","2,52%"
"07/12/2000","8,373","8,610","9,539","8,135","22,80K","-1,32%"
"06/12/2000","8,485","7,500","8,800","7,470","27,61K","14,91%"
"05/12/2000","7,384","7,590","7,950","7,225","35,28K","-0,66%"
"04/12/2000","7,433","7,055","7,950","6,977","36,59K","11,39%"
"01/12/2000","6,673","6,579","6,830","6,510","37,18K","1,27%"
"30/11/2000","6,589","6,150","6,730","6,122","42,21K","6,60%"
"29/11/2000","6,181","6,139","6,500","6,050","41,39K","2,74%"
"28/11/2000","6,016","6,320","6,340","5,900","61,04K","-5,53%"
"27/11/2000","6,368","6,375","6,580","6,255","49,82K","-3,18%"
"22/11/2000","6,577","6,400","6,620","6,300","31,69K","2,64%"
"21/11/2000","6,408","6,189","6,510","6,135","42,97K","2,54%"
"20/11/2000","6,249","6,201","6,395","6,150","36,29K","2,44%"
"17/11/2000","6,100","5,750","6,140","5,555","54,99K","5,21%"
"16/11/2000","5,798","6,200","6,285","5,785","57,98K","-7,45%"
"15/11/2000","6,265","5,986","6,315","5,915","56,11K","4,14%"
"14/11/2000","6,016","5,690","6,025","5,651","51,82K","5,58%"
"13/11/2000","5,698","5,565","5,740","5,565","40,12K","4,44%"
"10/11/2000","5,456","5,440","5,525","5,345","36,28K","0,20%"
"09/11/2000","5,445","5,390","5,550","5,300","45,29K","2,00%"
"08/11/2000","5,338","5,140","5,440","5,140","52,61K","5,06%"
"07/11/2000","5,081","4,860","5,100","4,860","36,84K","4,78%"
"06/11/2000","4,849","4,975","5,010","4,800","30,91K","-1,66%"
"03/11/2000","4,931","4,733","4,970","4,700","34,10K","3,59%"
"02/11/2000","4,760","4,702","4,850","4,640","39,52K","1,58%"
"01/11/2000","4,686","4,530","4,750","4,521","46,31K","4,37%"
"31/10/2000","4,490","4,500","4,580","4,380","41,47K","0,11%"
"30/10/2000","4,485","4,700","4,760","4,460","48,65K","-1,23%"
"27/10/2000","4,541","4,650","4,681","4,500","51,91K","-2,64%"
"26/10/2000","4,664","4,655","4,745","4,640","43,04K","0,11%"
"25/10/2000","4,659","4,835","4,848","4,620","37,43K","-3,34%"
"24/10/2000","4,820","5,080","5,080","4,770","39,13K","-4,97%"
"23/10/2000","5,072","4,920","5,115","4,860","33,46K","2,73%"
"20/10/2000","4,937","4,945","5,005","4,870","27,86K","-0,28%"
"19/10/2000","4,951","5,193","5,220","4,920","54,41K","-5,30%"
"18/10/2000","5,228","5,440","5,520","5,200","37,83K","-3,88%"
"17/10/2000","5,439","5,352","5,460","5,332","31,52K","1,40%"
"16/10/2000","5,364","5,450","5,501","5,355","25,93K","-3,12%"
"13/10/2000","5,537","5,630","5,630","5,490","24,52K","-1,65%"
"12/10/2000","5,630","5,510","5,780","5,475","39,91K","2,21%"
"11/10/2000","5,508","5,140","5,530","5,110","52,19K","7,28%"
"10/10/2000","5,134","5,160","5,180","5,100","23,19K","-0,31%"
"09/10/2000","5,150","5,000","5,165","4,995","24,64K","2,84%"
"06/10/2000","5,008","5,130","5,159","4,980","33,82K","-2,80%"
"05/10/2000","5,152","5,270","5,335","5,050","47,40K","-2,61%"
"04/10/2000","5,290","5,335","5,340","5,150","34,75K","-1,08%"
"03/10/2000","5,348","5,360","5,380","5,280","25,58K","-0,07%"
"02/10/2000","5,352","5,325","5,365","5,260","28,28K","3,20%"
"29/09/2000","5,186","5,140","5,320","5,130","28,72K","1,21%"
"28/09/2000","5,124","5,445","5,479","5,100","43,66K","-3,54%"
"27/09/2000","5,312","5,339","5,425","5,280","52,42K","-0,23%"
"26/09/2000","5,324","5,285","5,445","5,280","67,96K","0,91%"
"25/09/2000","5,276","5,135","5,305","5,075","44,16K","2,83%"
"22/09/2000","5,131","5,230","5,320","5,105","45,41K","-2,95%"
"21/09/2000","5,287","5,295","5,330","5,210","31,86K","-0,58%"
"20/09/2000","5,318","5,381","5,410","5,260","36,65K","-0,84%"
"19/09/2000","5,363","5,300","5,385","5,230","39,14K","1,28%"
"18/09/2000","5,295","5,111","5,310","4,930","36,61K","1,71%"
"15/09/2000","5,206","5,205","5,340","5,170","36,63K","0,21%"
"14/09/2000","5,195","5,080","5,223","5,080","35,20K","2,77%"
"13/09/2000","5,055","5,030","5,170","4,920","47,05K","0,94%"
"12/09/2000","5,008","5,015","5,070","4,960","36,08K","-0,06%"
"11/09/2000","5,011","4,825","5,095","4,825","40,10K","2,68%"
"08/09/2000","4,880","5,007","5,025","4,845","33,31K","-2,36%"
"07/09/2000","4,998","5,069","5,070","4,890","38,10K","-1,44%"
"06/09/2000","5,071","4,955","5,100","4,955","32,76K","2,44%"
"05/09/2000","4,950","4,850","4,975","4,840","26,10K","2,38%"
"01/09/2000","4,835","4,780","4,860","4,741","0,11K","1,11%"
"31/08/2000","4,782","4,811","4,865","4,740","25,79K","-0,40%"
"30/08/2000","4,801","4,640","4,810","4,585","34,95K","3,96%"
"29/08/2000","4,618","4,700","4,729","4,570","49,94K","-1,43%"
"28/08/2000","4,685","4,610","4,775","4,570","49,14K","1,23%"
"25/08/2000","4,628","4,545","4,663","4,530","24,80K","1,94%"
"24/08/2000","4,540","4,586","4,625","4,410","27,92K","-1,41%"
"23/08/2000","4,605","4,534","4,790","4,511","38,72K","1,88%"
"22/08/2000","4,520","4,750","4,850","4,500","49,40K","-4,78%"
"21/08/2000","4,747","4,530","4,760","4,530","34,23K","7,01%"
"18/08/2000","4,436","4,390","4,465","4,380","15,53K","0,68%"
"17/08/2000","4,406","4,420","4,480","4,380","24,48K","-0,16%"
"16/08/2000","4,413","4,220","4,435","4,200","34,49K","4,23%"
"15/08/2000","4,234","4,333","4,345","4,210","25,06K","-1,95%"
"14/08/2000","4,318","4,435","4,445","4,305","28,95K","-3,51%"
"11/08/2000","4,475","4,475","4,520","4,395","17,13K","0,16%"
"10/08/2000","4,468","4,450","4,475","4,360","31,62K","1,11%"
"09/08/2000","4,419","4,440","4,565","4,390","34,59K","0,23%"
"08/08/2000","4,409","4,330","4,480","4,320","23,69K","1,40%"
"07/08/2000","4,348","4,380","4,430","4,345","25,60K","1,21%"
"04/08/2000","4,296","4,240","4,390","4,185","33,87K","1,08%"
"03/08/2000","4,250","4,220","4,290","4,180","29,36K","0,85%"
"02/08/2000","4,214","3,999","4,220","3,990","40,51K","5,69%"
"01/08/2000","3,987","3,770","4,030","3,760","38,48K","5,64%"
"31/07/2000","3,774","3,800","3,839","3,770","17,94K","-1,85%"
"28/07/2000","3,845","3,855","3,985","3,840","28,84K","0,65%"
"27/07/2000","3,820","3,763","3,870","3,760","55,14K","1,51%"
"26/07/2000","3,763","3,660","3,850","3,610","58,60K","2,81%"
"25/07/2000","3,660","3,705","3,705","3,640","34,04K","-1,48%"
"24/07/2000","3,715","3,750","3,780","3,695","27,89K","-3,10%"
"21/07/2000","3,834","3,855","3,930","3,820","26,27K","-0,67%"
"20/07/2000","3,860","3,870","3,885","3,790","31,88K","-0,62%"
"19/07/2000","3,884","4,035","4,095","3,870","36,78K","-3,96%"
"18/07/2000","4,044","3,980","4,120","3,920","37,18K","1,05%"
"17/07/2000","4,002","4,135","4,135","3,990","26,84K","-3,57%"
"14/07/2000","4,150","4,160","4,230","4,131","25,65K","-0,38%"
"13/07/2000","4,166","4,010","4,195","3,985","35,32K","3,35%"
"12/07/2000","4,031","4,240","4,360","3,910","53,40K","-5,31%"
"11/07/2000","4,257","4,216","4,280","4,000","28,74K","0,69%"
"10/07/2000","4,228","4,190","4,295","4,170","25,68K","-0,80%"
"07/07/2000","4,262","4,080","4,310","3,970","37,74K","4,82%"
"06/07/2000","4,066","4,081","4,200","3,980","42,29K","-1,05%"
"05/07/2000","4,109","4,270","4,280","4,070","40,60K","-8,20%"
"30/06/2000","4,476","4,450","4,490","4,391","0,74K","1,20%"
"29/06/2000","4,423","4,407","4,470","4,220","39,60K","1,24%"
"28/06/2000","4,369","4,615","4,640","4,300","69,06K","-6,76%"
"27/06/2000","4,686","4,549","4,715","4,535","66,48K","2,76%"
"26/06/2000","4,560","4,340","4,570","4,310","50,78K","2,52%"
"23/06/2000","4,448","4,535","4,550","4,395","31,33K","-2,26%"
"22/06/2000","4,551","4,380","4,590","4,335","61,17K","3,95%"
"21/06/2000","4,378","4,120","4,390","4,095","43,61K","6,60%"
"20/06/2000","4,107","4,060","4,220","3,960","55,17K","1,08%"
"19/06/2000","4,063","4,450","4,450","4,050","55,74K","-9,47%"
"16/06/2000","4,488","4,461","4,580","4,415","40,89K","0,56%"
"15/06/2000","4,463","4,277","4,480","4,270","42,62K","4,86%"
"14/06/2000","4,256","4,161","4,315","4,090","39,41K","2,36%"
"13/06/2000","4,158","4,230","4,265","4,115","34,67K","-1,28%"
"12/06/2000","4,212","4,180","4,270","4,090","27,55K","1,25%"
"09/06/2000","4,160","4,150","4,240","4,060","27,62K","0,65%"
"08/06/2000","4,133","3,950","4,170","3,830","48,54K","4,77%"
"07/06/2000","3,945","4,300","4,335","3,930","54,74K","-8,13%"
"06/06/2000","4,294","4,400","4,575","4,245","0,25K","-2,36%"
"05/06/2000","4,398","4,080","4,410","4,050","30,98K","8,78%"
"02/06/2000","4,043","4,070","4,160","3,930","40,20K","-0,52%"
"01/06/2000","4,064","4,349","4,370","3,800","72,33K","-6,70%"
"31/05/2000","4,356","4,379","4,555","4,345","50,31K","0,05%"
"30/05/2000","4,354","4,320","4,360","4,230","32,80K","-1,18%"
"26/05/2000","4,406","4,215","4,500","4,230","55,26K","4,01%"
"25/05/2000","4,236","4,100","4,250","4,080","71,67K","4,00%"
"24/05/2000","4,073","3,829","4,100","3,829","47,34K","6,79%"
"23/05/2000","3,814","3,745","3,825","3,740","36,81K","1,79%"
"22/05/2000","3,747","3,940","3,985","3,720","58,67K","-2,04%"
"19/05/2000","3,825","3,706","3,840","3,706","31,55K","3,10%"
"18/05/2000","3,710","3,696","3,740","3,625","34,47K","0,57%"
"17/05/2000","3,689","3,453","3,730","3,438","44,68K","6,99%"
"16/05/2000","3,448","3,395","3,475","3,393","36,03K","1,53%"
"15/05/2000","3,396","3,330","3,420","3,315","30,37K","1,25%"
"12/05/2000","3,354","3,352","3,369","3,310","25,00K","0,06%"
"11/05/2000","3,352","3,320","3,385","3,310","37,92K","1,06%"
"10/05/2000","3,317","3,180","3,325","3,150","42,30K","4,21%"
"09/05/2000","3,183","3,168","3,230","3,165","32,91K","0,41%"
"08/05/2000","3,170","3,065","3,180","3,050","40,41K","4,79%"
"05/05/2000","3,025","3,115","3,135","3,010","29,21K","-2,64%"
"04/05/2000","3,107","3,120","3,124","3,050","34,09K","-0,61%"
"03/05/2000","3,126","3,220","3,235","3,125","37,24K","-2,83%"
"02/05/2000","3,217","3,215","3,240","3,165","31,50K","0,03%"
"01/05/2000","3,216","3,175","3,235","3,165","29,05K","2,39%"
"28/04/2000","3,141","3,060","3,165","3,055","29,77K","2,82%"
"27/04/2000","3,055","3,085","3,089","3,040","18,92K","-1,10%"
"26/04/2000","3,089","3,110","3,130","3,075","47,61K","-0,68%"
"25/04/2000","3,110","3,145","3,160","3,085","49,22K","-0,86%"
"24/04/2000","3,137","3,110","3,150","3,110","30,63K","2,08%"
"20/04/2000","3,073","3,055","3,085","3,045","25,08K","0,59%"
"19/04/2000","3,055","3,095","3,145","3,050","38,42K","-1,39%"
"18/04/2000","3,098","3,164","3,165","3,065","42,12K","-1,90%"
"17/04/2000","3,158","3,110","3,175","3,110","2,17K","2,60%"
"14/04/2000","3,078","3,084","3,100","3,050","17,98K","-0,29%"
"13/04/2000","3,087","3,025","3,105","3,025","32,99K","2,18%"
"12/04/2000","3,021","2,948","3,030","2,946","26,27K","2,44%"
"11/04/2000","2,949","2,949","2,980","2,940","19,34K","-0,74%"
"10/04/2000","2,971","2,970","3,025","2,955","27,91K","0,00%"
"07/04/2000","2,971","2,960","3,015","2,935","33,08K","0,51%"
"06/04/2000","2,956","2,894","2,960","2,879","30,44K","2,35%"
"05/04/2000","2,888","2,824","2,900","2,820","27,10K","2,34%"
"04/04/2000","2,822","2,890","2,930","2,815","40,48K","-2,32%"
"03/04/2000","2,889","2,940","2,945","2,880","25,52K","-1,90%"
"31/03/2000","2,945","2,875","2,955","2,860","26,95K","2,51%"
"30/03/2000","2,873","2,905","2,905","2,845","23,61K","-0,93%"
"29/03/2000","2,900","2,945","2,965","2,860","1,52K","-2,13%"
"28/03/2000","2,963","2,931","2,980","2,910","44,39K","1,68%"
"27/03/2000","2,914","2,830","2,935","2,810","35,23K","2,75%"
"24/03/2000","2,836","2,850","2,870","2,815","28,64K","-0,39%"
"23/03/2000","2,847","2,798","2,850","2,740","39,08K","1,90%"
"22/03/2000","2,794","2,751","2,815","2,745","24,71K","1,56%"
"21/03/2000","2,751","2,720","2,770","2,710","27,73K","1,36%"
"20/03/2000","2,714","2,760","2,775","2,710","28,70K","-2,55%"
"17/03/2000","2,785","2,860","2,860","2,780","23,68K","-2,31%"
"16/03/2000","2,851","2,865","2,900","2,825","19,76K","-0,52%"
"15/03/2000","2,866","2,815","2,885","2,750","36,16K","2,03%"
"14/03/2000","2,809","2,860","2,863","2,790","24,51K","-1,78%"
"13/03/2000","2,860","2,810","2,875","2,810","23,68K","3,10%"
"10/03/2000","2,774","2,800","2,840","2,765","23,38K","-0,43%"
"09/03/2000","2,786","2,706","2,795","2,670","36,90K","2,80%"
"08/03/2000","2,710","2,790","2,800","2,707","37,54K","-3,18%"
"07/03/2000","2,799","2,860","2,880","2,775","36,59K","-1,79%"
"06/03/2000","2,850","2,795","2,860","2,780","26,70K","0,88%"
"03/03/2000","2,825","2,780","2,830","2,745","25,93K","1,51%"
"02/03/2000","2,783","2,815","2,865","2,750","39,44K","-1,14%"
"01/03/2000","2,815","2,760","2,835","2,725","37,10K","1,96%"
"29/02/2000","2,761","2,690","2,770","2,660","33,12K","2,79%"
"28/02/2000","2,686","2,590","2,720","2,585","39,09K","3,19%"
"25/02/2000","2,603","2,550","2,640","2,530","58,73K","2,12%"
"24/02/2000","2,549","2,540","2,560","2,505","54,65K","0,75%"
"23/02/2000","2,530","2,500","2,545","2,465","34,70K","0,60%"
"22/02/2000","2,515","2,545","2,570","2,490","41,50K","-4,48%"
"18/02/2000","2,633","2,670","2,680","2,595","23,74K","-1,27%"
"17/02/2000","2,667","2,580","2,675","2,577","38,41K","4,02%"
"16/02/2000","2,564","2,630","2,648","2,555","31,35K","-2,06%"
"15/02/2000","2,618","2,550","2,625","2,525","27,70K","3,03%"
"14/02/2000","2,541","2,530","2,560","2,515","22,23K","-1,13%"
"11/02/2000","2,570","2,595","2,665","2,560","40,56K","-0,85%"
"10/02/2000","2,592","2,550","2,610","2,525","39,11K","2,05%"
"09/02/2000","2,540","2,500","2,565","2,495","25,88K","1,80%"
"08/02/2000","2,495","2,559","2,577","2,475","44,12K","-2,62%"
"07/02/2000","2,562","2,695","2,715","2,550","44,07K","-6,56%"
"04/02/2000","2,742","2,645","2,750","2,620","35,99K","3,12%"
"03/02/2000","2,659","2,760","2,770","2,630","60,18K","-3,62%"
"02/02/2000","2,759","2,690","2,780","2,671","37,89K","2,22%"
"01/02/2000","2,699","2,670","2,745","2,635","47,92K","1,39%"
"31/01/2000","2,662","2,575","2,675","2,565","35,14K","5,13%"
"28/01/2000","2,532","2,550","2,660","2,500","53,89K","-2,99%"
"27/01/2000","2,610","2,515","2,680","2,495","64,06K","3,45%"
"26/01/2000","2,523","2,620","2,670","2,500","58,71K","-3,56%"
"25/01/2000","2,616","2,535","2,630","2,530","39,25K","3,48%"
"24/01/2000","2,528","2,530","2,570","2,490","35,08K","1,73%"
"21/01/2000","2,485","2,545","2,635","2,420","66,78K","-2,89%"
"20/01/2000","2,559","2,400","2,580","2,383","47,34K","5,88%"
"19/01/2000","2,417","2,390","2,465","2,370","43,61K","1,43%"
"18/01/2000","2,383","2,360","2,390","2,335","22,93K","2,63%"
"14/01/2000","2,322","2,260","2,350","2,250","26,29K","3,11%"
"13/01/2000","2,252","2,245","2,290","2,235","27,09K","0,36%"
"12/01/2000","2,244","2,267","2,285","2,190","36,87K","-0,71%"
"11/01/2000","2,260","2,211","2,265","2,205","23,41K","1,99%"
"10/01/2000","2,216","2,180","2,255","2,165","28,92K","1,98%"
"07/01/2000","2,173","2,195","2,230","2,155","28,46K","-1,05%"
"06/01/2000","2,196","2,165","2,220","2,135","29,07K","1,29%"
"05/01/2000","2,168","2,180","2,200","2,125","27,95K","-0,37%"
"04/01/2000","2,176","2,130","2,200","2,130","30,15K","-6,57%"
"30/12/1999","2,329","2,419","2,420","2,305","15,44K","-2,72%"
"29/12/1999","2,394","2,365","2,430","2,355","18,67K","2,13%"
"28/12/1999","2,344","2,293","2,410","2,280","68,81K","3,21%"
"27/12/1999","2,271","2,370","2,370","2,260","45,58K","-5,34%"
"23/12/1999","2,399","2,440","2,460","2,390","16,58K","-1,84%"
"22/12/1999","2,444","2,500","2,540","2,405","29,34K","-3,09%"
"21/12/1999","2,522","2,631","2,670","2,490","31,63K","-4,07%"
"20/12/1999","2,629","2,680","2,715","2,570","35,38K","-0,98%"
"17/12/1999","2,655","2,645","2,680","2,590","34,53K","0,72%"
"16/12/1999","2,636","2,479","2,660","2,405","49,07K","6,03%"
"15/12/1999","2,486","2,575","2,620","2,465","43,17K","-3,83%"
"14/12/1999","2,585","2,510","2,610","2,510","35,13K","3,03%"
"13/12/1999","2,509","2,435","2,525","2,430","36,10K","2,58%"
"10/12/1999","2,446","2,280","2,480","2,280","0,05K","7,05%"
"09/12/1999","2,285","2,295","2,325","2,235","35,71K","-0,13%"
"08/12/1999","2,288","2,289","2,315","2,265","30,86K","0,75%"
"07/12/1999","2,271","2,229","2,275","2,210","28,65K","2,11%"
"06/12/1999","2,224","2,260","2,310","2,220","35,64K","-4,59%"
"03/12/1999","2,331","2,450","2,485","2,325","34,41K","-5,28%"
"02/12/1999","2,461","2,402","2,485","2,345","45,51K","2,84%"
"01/12/1999","2,393","2,318","2,400","2,315","27,46K","3,86%"
"30/11/1999","2,304","2,340","2,429","2,265","41,49K","-2,04%"
"29/11/1999","2,352","2,330","2,420","2,330","27,38K","10,94%"
"24/11/1999","2,120","2,990","2,245","2,080","2,39K","-3,15%"
"23/11/1999","2,189","2,193","2,310","2,180","53,89K","-0,36%"
"22/11/1999","2,197","2,340","2,350","2,180","55,40K","-9,74%"
"19/11/1999","2,434","2,496","2,510","2,390","39,22K","-2,48%"
"18/11/1999","2,496","2,435","2,505","2,430","26,72K","1,63%"
"17/11/1999","2,456","2,450","2,510","2,426","31,95K","0,20%"
"16/11/1999","2,451","2,525","2,525","2,430","36,71K","-2,89%"
"15/11/1999","2,524","2,570","2,635","2,520","30,48K","-4,72%"
"12/11/1999","2,649","2,520","2,710","2,490","46,10K","5,04%"
"11/11/1999","2,522","2,650","2,730","2,515","51,98K","-5,08%"
"10/11/1999","2,657","2,645","2,710","2,590","31,31K","0,53%"
"09/11/1999","2,643","2,693","2,693","2,590","36,12K","-0,83%"
"08/11/1999","2,665","2,750","2,780","2,660","50,26K","-7,59%"
"05/11/1999","2,884","2,820","2,900","2,755","46,31K","2,05%"
"04/11/1999","2,826","2,870","2,925","2,820","2,82K","-1,64%"
"03/11/1999","2,873","2,834","2,905","2,825","26,71K","1,27%"
"02/11/1999","2,837","2,890","2,895","2,809","31,39K","-2,64%"
"01/11/1999","2,914","2,890","2,930","2,805","33,88K","-1,59%"
"29/10/1999","2,961","2,955","2,990","2,870","44,59K","-0,13%"
"28/10/1999","2,965","3,230","3,275","2,950","76,11K","-4,11%"
"27/10/1999","3,092","3,025","3,115","3,005","56,31K","2,69%"
"26/10/1999","3,011","3,016","3,030","2,940","49,60K","-0,17%"
"25/10/1999","3,016","2,995","3,035","2,955","35,07K","-1,82%"
"22/10/1999","3,072","3,067","3,105","3,030","31,67K","0,26%"
"21/10/1999","3,064","2,970","3,090","2,960","48,48K","2,89%"
"20/10/1999","2,978","2,990","3,025","2,950","25,12K","-0,96%"
"19/10/1999","3,007","2,928","3,060","2,920","40,67K","2,98%"
"18/10/1999","2,920","2,990","3,020","2,860","34,12K","-1,85%"
"15/10/1999","2,975","2,810","3,000","2,780","46,55K","4,98%"
"14/10/1999","2,834","2,989","2,990","2,820","44,82K","-4,58%"
"13/10/1999","2,970","2,919","3,030","2,919","46,83K","1,47%"
"12/10/1999","2,927","2,840","2,965","2,840","53,49K","3,61%"
"11/10/1999","2,825","2,715","2,835","2,705","32,60K","4,94%"
"08/10/1999","2,692","2,640","2,760","2,550","39,84K","1,89%"
"07/10/1999","2,642","2,620","2,700","2,605","34,16K","1,58%"
"06/10/1999","2,601","2,595","2,630","2,540","30,09K","0,58%"
"05/10/1999","2,586","2,625","2,680","2,530","53,52K","-1,49%"
"04/10/1999","2,625","2,765","2,810","2,615","43,50K","-6,02%"
"01/10/1999","2,793","2,740","2,820","2,740","21,97K","1,79%"
"30/09/1999","2,744","2,839","2,840","2,725","33,13K","-2,83%"
"29/09/1999","2,824","2,870","2,940","2,785","48,42K","10,31%"
"28/09/1999","2,560","2,630","2,654","2,530","56,87K","-2,74%"
"27/09/1999","2,632","2,600","2,660","2,580","45,51K","0,08%"
"24/09/1999","2,630","2,690","2,700","2,580","52,87K","-2,48%"
"23/09/1999","2,697","2,430","2,720","2,425","60,48K","11,17%"
"22/09/1999","2,426","2,430","2,480","2,406","35,11K","-0,04%"
"21/09/1999","2,427","2,500","2,500","2,420","42,03K","-3,65%"
"20/09/1999","2,519","2,595","2,600","2,510","25,24K","-3,41%"
"17/09/1999","2,608","2,535","2,640","2,495","37,51K","2,44%"
"16/09/1999","2,546","2,620","2,620","2,515","39,33K","-3,12%"
"15/09/1999","2,628","2,630","2,700","2,525","54,97K","-0,30%"
"14/09/1999","2,636","2,770","2,830","2,610","41,54K","-5,21%"
"13/09/1999","2,781","2,860","2,870","2,720","42,76K","-0,71%"
"10/09/1999","2,801","2,850","2,920","2,730","57,26K","-1,75%"
"09/09/1999","2,851","2,600","2,890","2,570","63,17K","9,15%"
"08/09/1999","2,612","2,688","2,698","2,585","40,55K","-2,43%"
"07/09/1999","2,677","2,540","2,680","2,530","41,95K","4,53%"
"03/09/1999","2,561","2,472","2,590","2,440","44,00K","3,64%"
"02/09/1999","2,471","2,744","2,744","2,430","79,55K","-9,72%"
"01/09/1999","2,737","2,819","2,820","2,710","49,25K","-3,12%"
"31/08/1999","2,825","2,970","2,990","2,790","55,74K","-4,85%"
"30/08/1999","2,969","2,880","2,970","2,860","36,06K","1,96%"
"27/08/1999","2,912","2,940","2,950","2,830","","-1,22%"
"26/08/1999","2,948","3,041","3,020","2,930","55,21K","-2,71%"
"25/08/1999","3,030","3,070","3,130","2,995","56,82K","-0,95%"
"24/08/1999","3,059","3,085","3,070","2,975","48,04K","-0,16%"
"23/08/1999","3,064","2,910","3,080","2,900","44,78K","4,29%"
"20/08/1999","2,938","2,906","3,015","2,910","49,95K","1,38%"
"19/08/1999","2,898","2,790","2,905","2,845","56,13K","3,80%"
"18/08/1999","2,792","2,710","2,805","2,715","44,02K","3,10%"
"17/08/1999","2,708","2,695","2,710","2,660","42,62K","0,30%"
"16/08/1999","2,700","2,725","2,740","2,690","24,22K","-1,64%"
"13/08/1999","2,745","2,733","2,765","2,680","33,34K","0,81%"
"12/08/1999","2,723","2,715","2,755","2,670","44,30K","0,70%"
"11/08/1999","2,704","2,760","2,785","2,695","39,57K","-1,60%"
"10/08/1999","2,748","2,730","2,780","2,730","35,48K","0,99%"
"09/08/1999","2,721","2,715","2,770","2,680","0,12K","0,85%"
"06/08/1999","2,698","2,620","2,710","2,645","25,69K","1,93%"
"05/08/1999","2,647","2,637","2,750","2,625","64,15K","0,19%"
"04/08/1999","2,642","2,596","2,660","2,615","27,06K","1,69%"
"03/08/1999","2,598","2,580","2,615","2,560","26,37K","0,89%"
"02/08/1999","2,575","2,500","2,580","2,490","29,59K","1,26%"
"30/07/1999","2,543","2,551","2,620","2,515","45,68K","-1,01%"
"29/07/1999","2,569","2,610","2,710","2,555","73,07K","-1,23%"
"28/07/1999","2,601","2,565","2,630","2,540","67,30K","1,05%"
"27/07/1999","2,574","2,530","2,610","2,495","59,13K","1,26%"
"26/07/1999","2,542","2,550","2,580","2,490","46,94K","0,55%"
"23/07/1999","2,528","2,390","2,580","2,370","68,85K","5,55%"
"22/07/1999","2,395","2,253","2,400","2,235","60,80K","6,30%"
"21/07/1999","2,253","2,197","2,260","2,185","37,99K","2,50%"
"20/07/1999","2,198","2,206","2,239","2,175","32,63K","-0,41%"
"19/07/1999","2,207","2,185","2,230","2,170","22,09K","0,91%"
"16/07/1999","2,187","2,187","2,225","2,170","35,82K","0,37%"
"15/07/1999","2,179","2,150","2,180","2,107","38,58K","1,54%"
"14/07/1999","2,146","2,175","2,180","2,140","22,88K","-1,38%"
"13/07/1999","2,176","2,153","2,180","2,130","28,26K","1,49%"
"12/07/1999","2,144","2,135","2,150","2,100","26,64K","-0,88%"
"09/07/1999","2,163","2,166","2,180","2,135","29,49K","0,05%"
"08/07/1999","2,162","2,170","2,195","2,155","29,48K","0,98%"
"07/07/1999","2,141","2,195","2,212","2,133","52,64K","-2,28%"
"06/07/1999","2,191","2,300","2,325","2,160","76,47K","-4,20%"
"02/07/1999","2,287","2,300","2,315","2,285","17,26K","-0,95%"
"01/07/1999","2,309","2,395","2,395","2,300","37,78K","-3,55%"
"30/06/1999","2,394","2,396","2,420","2,360","34,36K","-0,25%"
"29/06/1999","2,400","2,330","2,415","2,315","55,07K","6,10%"
"28/06/1999","2,262","2,245","2,285","2,240","54,70K","0,18%"
"25/06/1999","2,258","2,300","2,315","2,255","43,43K","-1,61%"
"24/06/1999","2,295","2,260","2,310","2,251","36,43K","1,37%"
"23/06/1999","2,264","2,240","2,275","2,228","30,35K","1,16%"
"22/06/1999","2,238","2,240","2,260","2,230","28,15K","0,04%"
"21/06/1999","2,237","2,260","2,260","2,211","40,08K","-3,08%"
"18/06/1999","2,308","2,290","2,325","2,283","31,73K","1,01%"
"17/06/1999","2,285","2,330","2,370","2,270","52,58K","-1,80%"
"16/06/1999","2,327","2,369","2,369","2,320","37,53K","-1,69%"
"15/06/1999","2,367","2,375","2,395","2,340","24,11K","-0,21%"
"14/06/1999","2,372","2,350","2,375","2,325","23,93K","-0,25%"
"11/06/1999","2,378","2,351","2,385","2,325","26,74K","0,98%"
"10/06/1999","2,355","2,450","2,450","2,350","46,41K","-4,27%"
"09/06/1999","2,460","2,390","2,470","2,370","44,97K","2,80%"
"08/06/1999","2,393","2,440","2,445","2,390","23,91K","-2,01%"
"07/06/1999","2,442","2,450","2,480","2,430","30,55K","0,21%"
"04/06/1999","2,437","2,392","2,440","2,360","34,08K","1,67%"
"03/06/1999","2,397","2,405","2,450","2,365","45,47K","-0,42%"
"02/06/1999","2,407","2,339","2,415","2,335","37,83K","2,73%"
"01/06/1999","2,343","2,375","2,390","2,335","31,52K","-0,64%"
"28/05/1999","2,358","2,295","2,370","2,250","41,30K","3,33%"
"27/05/1999","2,282","2,250","2,300","2,240","45,10K","2,52%"
"26/05/1999","2,226","2,200","2,240","2,180","59,43K","1,18%"
"25/05/1999","2,200","2,174","2,205","2,151","46,09K","1,10%"
"24/05/1999","2,176","2,220","2,230","2,145","45,43K","-2,20%"
"21/05/1999","2,225","2,217","2,240","2,170","44,20K","0,32%"
"20/05/1999","2,218","2,248","2,290","2,190","49,34K","-1,60%"
"19/05/1999","2,254","2,255","2,280","2,240","31,91K","-0,35%"
"18/05/1999","2,262","2,340","2,340","2,255","41,19K","-3,46%"
"17/05/1999","2,343","2,270","2,350","2,265","32,14K","2,40%"
"14/05/1999","2,288","2,285","2,310","2,255","30,33K","0,26%"
"13/05/1999","2,282","2,190","2,290","2,161","47,31K","4,15%"
"12/05/1999","2,191","2,230","2,230","2,170","38,80K","-2,01%"
"11/05/1999","2,236","2,305","2,320","2,210","49,78K","-2,87%"
"10/05/1999","2,302","2,255","2,305","2,240","17,40K","1,28%"
"07/05/1999","2,273","2,281","2,285","2,225","31,66K","-0,96%"
"06/05/1999","2,295","2,355","2,380","2,265","50,21K","-2,71%"
"05/05/1999","2,359","2,353","2,390","2,340","25,11K","0,00%"
"04/05/1999","2,359","2,315","2,375","2,300","35,63K","2,08%"
"03/05/1999","2,311","2,230","2,320","2,205","35,91K","2,57%"
"30/04/1999","2,253","2,325","2,330","2,225","46,04K","-3,68%"
"29/04/1999","2,339","2,336","2,415","2,332","39,82K","-0,38%"
"28/04/1999","2,348","2,323","2,360","2,315","56,23K","0,73%"
"27/04/1999","2,331","2,325","2,350","2,275","64,94K","1,39%"
"26/04/1999","2,299","2,205","2,310","2,185","56,80K","3,28%"
"23/04/1999","2,226","2,225","2,240","2,195","28,02K","0,04%"
"22/04/1999","2,225","2,180","2,230","2,176","35,70K","2,35%"
"21/04/1999","2,174","2,145","2,180","2,125","30,24K","1,40%"
"20/04/1999","2,144","2,175","2,189","2,135","44,95K","-1,15%"
"19/04/1999","2,169","2,095","2,180","2,085","51,01K","2,12%"
"16/04/1999","2,124","2,146","2,165","2,110","28,92K","-0,61%"
"15/04/1999","2,137","2,090","2,155","2,085","22,72K","1,96%"
"14/04/1999","2,096","2,140","2,154","2,075","30,27K","-1,87%"
"13/04/1999","2,136","2,139","2,170","2,120","37,74K","0,38%"
"12/04/1999","2,128","2,050","2,135","2,055","30,17K","1,53%"
"09/04/1999","2,096","2,075","2,150","2,070","50,26K","1,30%"
"08/04/1999","2,069","2,018","2,085","2,018","30,72K","2,22%"
"07/04/1999","2,024","2,025","2,080","1,990","36,89K","0,55%"
"06/04/1999","2,013","2,025","2,025","1,990","18,81K","-0,84%"
"05/04/1999","2,030","2,045","2,085","2,025","29,23K","-0,39%"
"01/04/1999","2,038","2,019","2,090","1,950","59,51K","1,24%"
"31/03/1999","2,013","1,980","2,070","1,975","70,37K","1,77%"
"30/03/1999","1,978","1,870","1,985","1,856","55,31K","6,80%"
"29/03/1999","1,852","1,835","1,880","1,800","60,89K","-0,11%"
"26/03/1999","1,854","1,835","1,865","1,790","62,01K","1,04%"
"25/03/1999","1,835","1,760","1,840","1,750","53,28K","4,32%"
"24/03/1999","1,759","1,740","1,769","1,738","25,25K","0,29%"
"23/03/1999","1,754","1,770","1,825","1,750","45,45K","-0,85%"
"22/03/1999","1,769","1,690","1,770","1,690","32,21K","4,12%"
"19/03/1999","1,699","1,690","1,715","1,680","19,48K","0,71%"
"18/03/1999","1,687","1,740","1,770","1,670","38,02K","-3,49%"
"17/03/1999","1,748","1,740","1,760","1,720","22,57K","1,81%"
"16/03/1999","1,717","1,720","1,750","1,700","24,44K","0,00%"
"15/03/1999","1,717","1,735","1,755","1,695","26,27K","-2,39%"
"12/03/1999","1,759","1,820","1,825","1,750","39,89K","-3,35%"
"11/03/1999","1,820","1,935","1,935","1,810","48,02K","-6,23%"
"10/03/1999","1,941","1,920","1,965","1,885","45,33K","0,67%"
"09/03/1999","1,928","1,865","1,930","1,835","48,05K","3,71%"
"08/03/1999","1,859","1,905","1,915","1,845","49,22K","0,32%"
"05/03/1999","1,853","1,760","1,875","1,740","62,50K","5,16%"
"04/03/1999","1,762","1,720","1,770","1,715","29,77K","2,26%"
"03/03/1999","1,723","1,695","1,725","1,685","17,47K","1,59%"
"02/03/1999","1,696","1,695","1,725","1,665","28,11K","-0,29%"
"01/03/1999","1,701","1,650","1,720","1,650","37,08K","4,48%"
"26/02/1999","1,628","1,661","1,670","1,625","20,54K","-1,87%"
"25/02/1999","1,659","1,700","1,709","1,635","33,96K","-0,42%"
"24/02/1999","1,666","1,710","1,725","1,650","68,29K","-2,57%"
"23/02/1999","1,710","1,700","1,725","1,685","46,14K","0,35%"
"22/02/1999","1,704","1,750","1,760","1,690","48,42K","-2,35%"
"19/02/1999","1,745","1,750","1,760","1,735","21,27K","-0,06%"
"18/02/1999","1,746","1,775","1,815","1,740","46,45K","-1,69%"
"17/02/1999","1,776","1,799","1,800","1,775","22,75K","-1,06%"
"16/02/1999","1,795","1,805","1,820","1,770","25,91K","-0,66%"
"12/02/1999","1,807","1,835","1,842","1,795","17,08K","-1,63%"
"11/02/1999","1,837","1,780","1,840","1,760","32,06K","3,49%"
"10/02/1999","1,775","1,845","1,856","1,765","36,56K","-3,43%"
"09/02/1999","1,838","1,825","1,855","1,810","21,49K","1,10%"
"08/02/1999","1,818","1,805","1,835","1,790","17,15K","1,00%"
"05/02/1999","1,800","1,826","1,875","1,790","39,80K","-1,59%"
"04/02/1999","1,829","1,760","1,855","1,747","40,14K","3,63%"
"03/02/1999","1,765","1,820","1,825","1,750","29,02K","-2,92%"
"02/02/1999","1,818","1,740","1,820","1,735","31,81K","4,24%"
"01/02/1999","1,744","1,735","1,775","1,730","23,41K","-1,86%"
"29/01/1999","1,777","1,869","1,890","1,765","36,31K","-4,46%"
"28/01/1999","1,860","1,795","1,865","1,775","36,47K","2,76%"
"27/01/1999","1,810","1,720","1,850","1,715","69,63K","5,60%"
"26/01/1999","1,714","1,710","1,745","1,695","48,14K","0,00%"
"25/01/1999","1,714","1,730","1,750","1,700","50,57K","-3,60%"
"22/01/1999","1,778","1,895","1,865","1,770","46,21K","-6,03%"
"21/01/1999","1,892","1,839","1,910","1,860","46,21K","3,56%"
"20/01/1999","1,827","1,827","1,860","1,800","34,61K","0,55%"
"19/01/1999","1,817","1,760","1,820","1,740","32,44K","1,17%"
"15/01/1999","1,796","1,817","1,830","1,770","16,15K","-0,72%"
"14/01/1999","1,809","1,770","1,815","1,730","31,27K","2,20%"
"13/01/1999","1,770","1,835","1,850","1,740","35,00K","-2,80%"
"12/01/1999","1,821","1,785","1,830","1,760","28,16K","2,36%"
"11/01/1999","1,779","1,790","1,795","1,740","25,21K","-2,79%"
"08/01/1999","1,830","1,835","1,875","1,810","27,56K","-0,33%"
"07/01/1999","1,836","1,915","1,915","1,791","37,52K","-4,92%"
"06/01/1999","1,931","1,971","2,010","1,905","33,13K","-2,23%"
"05/01/1999","1,975","2,066","2,079","1,960","23,68K","-4,64%"
"04/01/1999","2,071","2,020","2,085","2,020","28,96K","6,48%"
"31/12/1998","1,945","1,890","1,960","1,885","15,90K","3,13%"
"30/12/1998","1,886","1,785","1,890","1,780","21,81K","6,86%"
"29/12/1998","1,765","1,793","1,845","1,710","70,28K","-1,29%"
"28/12/1998","1,788","1,820","1,840","1,780","48,49K","-4,94%"
"24/12/1998","1,881","1,910","1,920","1,860","16,86K","-1,31%"
"23/12/1998","1,906","1,920","1,940","1,870","34,21K","-0,99%"
"22/12/1998","1,925","1,942","1,970","1,910","32,79K","-1,13%"
"21/12/1998","1,947","2,100","2,100","1,925","41,80K","-6,12%"
"18/12/1998","2,074","2,075","2,110","2,040","28,16K","0,48%"
"17/12/1998","2,064","1,990","2,080","1,990","44,28K","3,72%"
"16/12/1998","1,990","1,955","2,070","1,920","40,75K","1,95%"
"15/12/1998","1,952","1,965","1,989","1,900","28,40K","0,00%"
"14/12/1998","1,952","1,930","2,000","1,930","34,31K","5,06%"
"11/12/1998","1,858","1,830","1,880","1,815","20,20K","0,98%"
"10/12/1998","1,840","1,835","1,885","1,790","34,94K","-0,38%"
"09/12/1998","1,847","1,910","1,910","1,830","38,36K","-3,45%"
"08/12/1998","1,913","2,101","2,120","1,895","38,88K","-8,95%"
"07/12/1998","2,101","2,010","2,110","1,980","39,59K","6,22%"
"04/12/1998","1,978","1,975","2,030","1,850","37,54K","0,97%"
"03/12/1998","1,959","1,880","1,970","1,811","50,35K","3,87%"
"02/12/1998","1,886","1,974","2,020","1,880","37,99K","-3,68%"
"01/12/1998","1,958","1,970","1,973","1,860","37,97K","-0,91%"
"30/11/1998","1,976","2,060","2,060","1,970","32,16K","-10,02%"
"25/11/1998","2,196","2,264","2,280","2,190","19,38K","2,19%"
"24/11/1998","2,149","2,085","2,215","2,060","67,39K","2,48%"
"23/11/1998","2,097","2,110","2,135","2,065","45,10K","-3,05%"
"20/11/1998","2,163","2,220","2,228","2,125","47,32K","-2,26%"
"19/11/1998","2,213","2,200","2,235","2,165","45,55K","0,41%"
"18/11/1998","2,204","2,280","2,304","2,185","43,07K","-3,29%"
"17/11/1998","2,279","2,310","2,319","2,250","35,92K","-1,13%"
"16/11/1998","2,305","2,370","2,390","2,300","35,65K","-6,26%"
"13/11/1998","2,459","2,390","2,495","2,385","29,52K","2,72%"
"12/11/1998","2,394","2,440","2,459","2,375","0,13K","-1,56%"
"11/11/1998","2,432","2,485","2,510","2,390","26,65K","-1,86%"
"10/11/1998","2,478","2,430","2,485","2,401","29,83K","1,47%"
"09/11/1998","2,442","2,560","2,640","2,430","51,06K","-4,35%"
"06/11/1998","2,553","2,550","2,560","2,490","29,02K","0,00%"
"05/11/1998","2,553","2,390","2,580","2,367","55,12K","6,60%"
"04/11/1998","2,395","2,430","2,454","2,375","24,84K","-1,68%"
"03/11/1998","2,436","2,400","2,460","2,350","31,43K","2,05%"
"02/11/1998","2,387","2,240","2,395","2,240","32,23K","4,92%"
"30/10/1998","2,275","2,370","2,370","2,265","22,96K","-3,11%"
"29/10/1998","2,348","2,340","2,375","2,295","25,58K","19,07%"
"28/10/1998","1,972","2,112","2,120","1,950","74,84K","-6,45%"
"27/10/1998","2,108","2,288","2,318","2,100","62,88K","-8,27%"
"26/10/1998","2,298","2,190","2,335","2,185","49,17K","6,19%"
"23/10/1998","2,164","2,176","2,180","2,150","17,42K","-0,55%"
"22/10/1998","2,176","2,170","2,180","2,130","23,99K","-0,18%"
"21/10/1998","2,180","2,216","2,235","2,170","35,06K","-1,00%"
"20/10/1998","2,202","2,145","2,215","2,145","37,94K","2,75%"
"19/10/1998","2,143","2,130","2,145","2,070","27,47K","1,61%"
"16/10/1998","2,109","2,101","2,129","2,050","19,67K","0,67%"
"15/10/1998","2,095","2,040","2,120","2,040","29,60K","2,65%"
"14/10/1998","2,041","2,095","2,150","2,035","29,51K","-2,06%"
"13/10/1998","2,084","2,090","2,125","2,030","31,68K","-0,24%"
"12/10/1998","2,089","2,140","2,160","2,080","23,94K","-4,66%"
"09/10/1998","2,191","2,254","2,254","2,180","28,79K","-2,80%"
"08/10/1998","2,254","2,390","2,390","2,250","46,30K","-5,81%"
"07/10/1998","2,393","2,350","2,400","2,335","19,37K","2,00%"
"06/10/1998","2,346","2,395","2,395","2,295","24,63K","-1,96%"
"05/10/1998","2,393","2,400","2,405","2,365","13,58K","-1,60%"
"02/10/1998","2,432","2,400","2,450","2,350","23,17K","0,75%"
"01/10/1998","2,414","2,459","2,530","2,360","44,96K","-0,78%"
"30/09/1998","2,433","2,360","2,480","2,360","32,41K","3,66%"
"29/09/1998","2,347","2,301","2,350","2,270","19,27K","15,56%"
"28/09/1998","2,031","2,180","2,195","2,000","72,07K","-6,88%"
"25/09/1998","2,181","2,200","2,335","2,130","64,72K","0,09%"
"24/09/1998","2,179","2,135","2,230","2,110","53,75K","2,25%"
"23/09/1998","2,131","2,185","2,250","2,110","41,74K","-2,52%"
"22/09/1998","2,186","2,189","2,340","2,160","43,87K","-0,05%"
"21/09/1998","2,187","2,155","2,255","2,155","29,88K","-3,23%"
"18/09/1998","2,260","2,142","2,350","2,142","45,83K","5,71%"
"17/09/1998","2,138","2,216","2,219","2,095","32,99K","-4,60%"
"16/09/1998","2,241","2,135","2,260","2,085","64,71K","5,56%"
"15/09/1998","2,123","1,945","2,140","1,915","64,33K","9,15%"
"14/09/1998","1,945","1,840","1,950","1,835","29,33K","3,57%"
"11/09/1998","1,878","1,960","1,970","1,860","27,24K","-4,09%"
"10/09/1998","1,958","1,839","1,980","1,839","50,80K","6,82%"
"09/09/1998","1,833","1,900","1,925","1,780","26,11K","-2,19%"
"08/09/1998","1,874","1,805","1,895","1,800","28,99K","5,10%"
"04/09/1998","1,783","1,712","1,860","1,702","0,32K","4,15%"
"03/09/1998","1,712","1,650","1,730","1,645","21,16K","3,63%"
"02/09/1998","1,652","1,800","1,805","1,630","29,70K","-7,50%"
"01/09/1998","1,786","1,763","1,855","1,730","49,48K","1,94%"
"31/08/1998","1,752","1,695","1,785","1,695","27,60K","5,29%"
"28/08/1998","1,664","1,715","1,715","1,635","27,59K","-0,48%"
"27/08/1998","1,672","1,760","1,764","1,610","62,66K","-5,11%"
"26/08/1998","1,762","1,840","1,840","1,755","43,11K","-3,61%"
"25/08/1998","1,828","1,925","1,938","1,820","40,19K","-5,09%"
"24/08/1998","1,926","1,910","1,950","1,900","25,15K","-1,08%"
"21/08/1998","1,947","1,955","2,000","1,905","32,23K","-0,31%"
"20/08/1998","1,953","1,905","1,970","1,890","32,90K","1,88%"
"19/08/1998","1,917","1,985","2,045","1,895","45,43K","-3,33%"
"18/08/1998","1,983","2,039","2,040","1,940","32,09K","-2,84%"
"17/08/1998","2,041","1,900","2,050","1,890","48,83K","8,74%"
"14/08/1998","1,877","1,831","1,880","1,805","23,66K","3,30%"
"13/08/1998","1,817","1,815","1,830","1,775","17,18K","-0,11%"
"12/08/1998","1,819","1,810","1,840","1,785","17,39K","0,39%"
"11/08/1998","1,812","1,900","1,930","1,780","37,73K","-4,38%"
"10/08/1998","1,895","1,830","1,915","1,825","23,18K","3,38%"
"07/08/1998","1,833","1,840","1,875","1,805","20,63K","0,11%"
"06/08/1998","1,831","1,880","1,880","1,815","18,10K","-2,24%"
"05/08/1998","1,873","1,900","1,940","1,850","18,34K","-1,16%"
"04/08/1998","1,895","1,880","1,915","1,860","19,42K","1,39%"
"03/08/1998","1,869","1,840","1,880","1,810","18,88K","1,36%"
"31/07/1998","1,844","1,906","1,910","1,835","18,40K","-3,25%"
"30/07/1998","1,906","1,925","1,980","1,890","23,24K","-1,85%"
"29/07/1998","1,942","1,956","2,005","1,920","55,94K","-0,51%"
"28/07/1998","1,952","1,961","1,985","1,940","41,01K","-0,66%"
"27/07/1998","1,965","2,040","2,045","1,945","42,35K","-3,25%"
"24/07/1998","2,031","1,960","2,045","1,940","34,62K","4,26%"
"23/07/1998","1,948","1,935","1,980","1,930","25,84K","0,72%"
"22/07/1998","1,934","1,960","1,995","1,925","28,60K","-0,87%"
"21/07/1998","1,951","2,095","2,100","1,940","41,91K","-6,87%"
"20/07/1998","2,095","2,195","2,205","2,090","30,78K","-3,23%"
"17/07/1998","2,165","2,145","2,195","2,139","25,55K","1,55%"
"16/07/1998","2,132","2,221","2,221","2,130","34,09K","-4,44%"
"15/07/1998","2,231","2,269","2,290","2,200","24,40K","-1,54%"
"14/07/1998","2,266","2,250","2,275","2,210","29,03K","0,76%"
"13/07/1998","2,249","2,360","2,315","2,235","26,39K","-2,60%"
"10/07/1998","2,309","2,360","2,360","2,300","20,25K","-1,70%"
"09/07/1998","2,349","2,365","2,425","2,340","29,29K","-0,72%"
"08/07/1998","2,366","2,370","2,420","2,355","17,08K","0,04%"
"07/07/1998","2,365","2,365","2,405","2,325","27,78K","0,00%"
"06/07/1998","2,365","2,430","2,430","2,340","18,73K","-3,03%"
"02/07/1998","2,439","2,454","2,454","2,380","19,28K","-0,45%"
"01/07/1998","2,450","2,470","2,520","2,410","33,15K","-0,77%"
"30/06/1998","2,469","2,405","2,485","2,380","30,21K","3,35%"
"29/06/1998","2,389","2,380","2,410","2,355","13,83K","1,31%"
"26/06/1998","2,358","2,375","2,450","2,330","60,42K","-0,25%"
"25/06/1998","2,364","2,320","2,420","2,295","71,97K","1,20%"
"24/06/1998","2,336","2,386","2,425","2,300","41,50K","-2,30%"
"23/06/1998","2,391","2,370","2,410","2,324","41,30K","1,23%"
"22/06/1998","2,362","2,340","2,395","2,320","43,65K","3,42%"
"19/06/1998","2,284","2,145","2,295","2,145","49,29K","6,53%"
"18/06/1998","2,144","2,144","2,200","2,090","42,48K","-1,38%"
"17/06/1998","2,174","1,985","2,220","1,985","53,54K","9,30%"
"16/06/1998","1,989","2,106","2,129","1,970","40,26K","-5,29%"
"15/06/1998","2,100","2,075","2,105","2,050","23,42K","3,19%"
"12/06/1998","2,035","1,966","2,040","1,966","27,21K","3,30%"
"11/06/1998","1,970","1,940","1,990","1,921","21,87K","2,07%"
"10/06/1998","1,930","1,940","1,965","1,915","17,66K","-0,41%"
"09/06/1998","1,938","1,976","2,030","1,935","38,53K","-1,92%"
"08/06/1998","1,976","1,990","2,000","1,950","18,91K","-2,52%"
"05/06/1998","2,027","2,020","2,070","1,975","27,17K","0,35%"
"04/06/1998","2,020","2,105","2,105","2,005","29,68K","-4,08%"
"03/06/1998","2,106","2,150","2,150","2,095","19,89K","-2,32%"
"02/06/1998","2,156","2,195","2,210","2,135","21,90K","-1,60%"
"01/06/1998","2,191","2,145","2,235","2,135","35,58K","0,97%"
"29/05/1998","2,170","2,071","2,175","2,071","31,15K","4,78%"
"28/05/1998","2,071","2,052","2,085","2,035","21,02K","2,68%"
"27/05/1998","2,017","2,095","2,100","1,990","56,95K","-3,72%"
"26/05/1998","2,095","2,095","2,120","2,070","42,24K","0,05%"
"22/05/1998","2,094","2,080","2,100","1,990","50,89K","1,31%"
"21/05/1998","2,067","2,170","2,170","2,060","42,95K","-4,70%"
"20/05/1998","2,169","2,150","2,175","2,145","22,96K","0,93%"
"19/05/1998","2,149","2,135","2,170","2,125","22,56K","0,70%"
"18/05/1998","2,134","2,195","2,200","2,125","26,62K","-2,02%"
"15/05/1998","2,178","2,213","2,215","2,170","13,85K","-1,00%"
"14/05/1998","2,200","2,200","2,205","2,151","28,31K","-0,18%"
"13/05/1998","2,204","2,260","2,285","2,180","32,71K","-2,30%"
"12/05/1998","2,256","2,230","2,265","2,219","21,94K","1,85%"
"11/05/1998","2,215","2,185","2,270","2,180","34,92K","2,22%"
"08/05/1998","2,167","2,165","2,240","2,140","29,41K","0,37%"
"07/05/1998","2,159","2,130","2,180","2,116","20,13K","1,12%"
"06/05/1998","2,135","2,210","2,220","2,130","30,69K","-3,61%"
"05/05/1998","2,215","2,250","2,270","2,210","19,56K","-1,86%"
"04/05/1998","2,257","2,155","2,260","2,110","35,81K","2,50%"
"01/05/1998","2,202","2,220","2,240","2,160","31,07K","-0,86%"
"30/04/1998","2,221","2,291","2,291","2,152","52,37K","-3,35%"
"29/04/1998","2,298","2,320","2,355","2,280","18,18K","1,59%"
"28/04/1998","2,262","2,275","2,315","2,230","52,88K","-0,18%"
"27/04/1998","2,266","2,330","2,330","2,250","40,66K","-3,25%"
"24/04/1998","2,342","2,340","2,365","2,310","37,15K","0,60%"
"23/04/1998","2,328","2,405","2,410","2,300","48,74K","-2,92%"
"22/04/1998","2,398","2,555","2,585","2,355","66,98K","-6,36%"
"21/04/1998","2,561","2,465","2,580","2,465","48,91K","3,73%"
"20/04/1998","2,469","2,460","2,475","2,440","17,11K","-0,24%"
"17/04/1998","2,475","2,475","2,498","2,435","21,00K","-0,16%"
"16/04/1998","2,479","2,525","2,560","2,440","40,37K","-1,67%"
"15/04/1998","2,521","2,501","2,555","2,501","21,52K","0,80%"
"14/04/1998","2,501","2,482","2,545","2,465","29,40K","0,89%"
"13/04/1998","2,479","2,635","2,635","2,475","38,81K","-6,70%"
"09/04/1998","2,657","2,685","2,695","2,605","26,33K","-1,19%"
"08/04/1998","2,689","2,678","2,725","2,630","38,00K","0,79%"
"07/04/1998","2,668","2,531","2,675","2,510","42,21K","5,25%"
"06/04/1998","2,535","2,545","2,570","2,525","16,05K","-0,82%"
"03/04/1998","2,556","2,560","2,595","2,530","27,46K","-0,23%"
"02/04/1998","2,562","2,500","2,605","2,465","42,11K","2,44%"
"01/04/1998","2,501","2,530","2,560","2,475","44,47K","-0,83%"
"31/03/1998","2,522","2,410","2,530","2,400","42,78K","4,69%"
"30/03/1998","2,409","2,345","2,415","2,345","26,58K","4,74%"
"27/03/1998","2,300","2,338","2,345","2,285","44,66K","-1,63%"
"26/03/1998","2,338","2,370","2,385","2,315","37,11K","-1,14%"
"25/03/1998","2,365","2,335","2,400","2,330","36,86K","1,50%"
"24/03/1998","2,330","2,350","2,365","2,295","29,80K","-0,89%"
"23/03/1998","2,351","2,330","2,420","2,326","35,20K","0,34%"
"20/03/1998","2,343","2,305","2,375","2,270","36,59K","1,87%"
"19/03/1998","2,300","2,240","2,305","2,215","38,23K","2,72%"
"18/03/1998","2,239","2,160","2,260","2,151","42,60K","3,90%"
"17/03/1998","2,155","2,160","2,175","2,140","14,87K","0,00%"
"16/03/1998","2,155","2,125","2,170","2,105","20,09K","0,84%"
"13/03/1998","2,137","2,138","2,150","2,115","15,12K","0,14%"
"12/03/1998","2,134","2,165","2,205","2,130","19,84K","-1,75%"
"11/03/1998","2,172","2,140","2,185","2,120","14,49K","1,64%"
"10/03/1998","2,137","2,170","2,185","2,130","17,89K","-1,48%"
"09/03/1998","2,169","2,170","2,185","2,140","21,23K","1,88%"
"06/03/1998","2,129","2,136","2,160","2,105","23,68K","-0,56%"
"05/03/1998","2,141","2,228","2,233","2,120","43,41K","-3,90%"
"04/03/1998","2,228","2,236","2,245","2,210","21,33K","-0,58%"
"03/03/1998","2,241","2,295","2,300","2,230","24,66K","-2,23%"
"02/03/1998","2,292","2,335","2,355","2,270","24,45K","-1,25%"
"27/02/1998","2,321","2,285","2,335","2,260","21,40K","1,62%"
"26/02/1998","2,284","2,315","2,340","2,275","19,02K","-0,09%"
"25/02/1998","2,286","2,210","2,265","2,207","53,99K","3,16%"
"24/02/1998","2,216","2,179","2,230","2,175","45,42K","1,70%"
"23/02/1998","2,179","2,180","2,210","2,170","29,59K","-0,86%"
"20/02/1998","2,198","2,220","2,233","2,165","33,11K","-0,86%"
"19/02/1998","2,217","2,230","2,290","2,205","45,17K","-0,94%"
"18/02/1998","2,238","2,165","2,255","2,150","36,79K","3,32%"
"17/02/1998","2,166","2,180","2,200","2,152","18,97K","-1,90%"
"13/02/1998","2,208","2,291","2,320","2,190","32,33K","-3,50%"
"12/02/1998","2,288","2,240","2,290","2,200","18,96K","2,23%"
"11/02/1998","2,238","2,271","2,300","2,230","19,96K","-1,32%"
"10/02/1998","2,268","2,220","2,280","2,205","21,34K","2,12%"
"09/02/1998","2,221","2,310","2,320","2,210","37,27K","-5,85%"
"06/02/1998","2,359","2,379","2,435","2,350","33,83K","-1,01%"
"05/02/1998","2,383","2,306","2,400","2,276","35,83K","3,65%"
"04/02/1998","2,299","2,295","2,340","2,252","28,14K","-0,35%"
"03/02/1998","2,307","2,331","2,360","2,255","26,81K","-0,94%"
"02/02/1998","2,329","2,220","2,380","2,220","43,70K","3,19%"
"30/01/1998","2,257","2,110","2,280","2,090","33,82K","7,43%"
"29/01/1998","2,101","2,045","2,130","2,030","27,82K","5,00%"
"28/01/1998","2,001","2,049","2,125","1,960","54,19K","-2,01%"
"27/01/1998","2,042","2,056","2,070","2,030","34,52K","-1,07%"
"26/01/1998","2,064","2,080","2,110","2,055","32,48K","-2,50%"
"23/01/1998","2,117","2,166","2,180","2,076","39,66K","-1,99%"
"22/01/1998","2,160","2,085","2,165","2,075","34,51K","3,65%"
"21/01/1998","2,084","2,120","2,130","2,075","23,79K","-1,47%"
"20/01/1998","2,115","2,170","2,175","2,090","33,02K","-2,80%"
"16/01/1998","2,176","2,100","2,185","2,100","31,50K","3,92%"
"15/01/1998","2,094","2,016","2,120","1,990","27,62K","3,87%"
"14/01/1998","2,016","2,017","2,070","2,001","20,29K","0,10%"
"13/01/1998","2,014","1,995","2,085","1,970","30,21K","0,60%"
"12/01/1998","2,002","2,000","2,030","1,985","16,11K","-2,15%"
"09/01/1998","2,046","2,045","2,080","2,030","19,67K","0,00%"
"08/01/1998","2,046","2,130","2,150","2,040","30,85K","-4,62%"
"07/01/1998","2,145","2,175","2,190","2,130","16,37K","-1,70%"
"06/01/1998","2,182","2,205","2,250","2,150","23,03K","-1,13%"
"05/01/1998","2,207","2,120","2,225","2,085","25,71K","2,51%"
"02/01/1998","2,153","2,200","2,210","2,150","9,19K","-4,90%"
"31/12/1997","2,264","2,255","2,295","2,235","6,52K","1,30%"
"30/12/1997","2,235","2,270","2,280","2,190","10,03K","-3,20%"
"29/12/1997","2,309","2,300","2,370","2,280","47,81K","2,53%"
"26/12/1997","2,252","2,260","2,310","2,210","29,84K","0,27%"
"24/12/1997","2,246","2,215","2,290","2,140","31,30K","1,35%"
"23/12/1997","2,216","2,360","2,360","2,190","44,75K","-6,38%"
"22/12/1997","2,367","2,430","2,460","2,360","29,97K","-4,21%"
"19/12/1997","2,471","2,426","2,490","2,422","27,13K","2,45%"
"18/12/1997","2,412","2,430","2,500","2,350","48,45K","-1,07%"
"17/12/1997","2,438","2,415","2,510","2,380","41,97K","1,20%"
"16/12/1997","2,409","2,309","2,415","2,305","24,80K","4,42%"
"15/12/1997","2,307","2,280","2,310","2,260","15,11K","-2,12%"
"12/12/1997","2,357","2,349","2,370","2,315","12,26K","0,60%"
"11/12/1997","2,343","2,368","2,380","2,280","29,42K","-0,47%"
"10/12/1997","2,354","2,530","2,570","2,340","39,40K","-6,81%"
"09/12/1997","2,526","2,415","2,535","2,400","25,79K","4,29%"
"08/12/1997","2,422","2,380","2,450","2,360","19,62K","-1,26%"
"05/12/1997","2,453","2,460","2,510","2,380","25,75K","-0,12%"
"04/12/1997","2,456","2,610","2,617","2,400","37,94K","-5,86%"
"03/12/1997","2,609","2,715","2,725","2,565","24,42K","-4,01%"
"02/12/1997","2,718","2,799","2,812","2,690","21,11K","-1,81%"
"01/12/1997","2,768","2,660","2,810","2,620","29,37K","7,37%"
"26/11/1997","2,578","2,665","2,680","2,515","20,14K","-3,08%"
"25/11/1997","2,660","2,655","2,680","2,585","23,56K","3,22%"
"24/11/1997","2,577","2,680","2,720","2,500","60,32K","-6,70%"
"21/11/1997","2,762","2,700","2,800","2,550","65,98K","1,99%"
"20/11/1997","2,708","2,855","2,860","2,640","57,90K","-5,35%"
"19/11/1997","2,861","2,930","3,010","2,850","40,91K","-2,98%"
"18/11/1997","2,949","2,961","3,030","2,890","39,13K","-0,71%"
"17/11/1997","2,970","3,090","3,100","2,871","40,77K","-1,95%"
"14/11/1997","3,029","3,265","3,290","2,990","41,65K","-6,83%"
"13/11/1997","3,251","3,490","3,490","3,245","39,34K","-6,50%"
"12/11/1997","3,477","3,519","3,540","3,400","30,00K","-0,52%"
"11/11/1997","3,495","3,450","3,510","3,365","27,33K","1,81%"
"10/11/1997","3,433","3,290","3,450","3,290","31,64K","5,44%"
"07/11/1997","3,256","3,380","3,409","3,230","29,34K","-4,01%"
"06/11/1997","3,392","3,470","3,550","3,360","0,17K","-2,19%"
"05/11/1997","3,468","3,430","3,495","3,415","13,27K","1,31%"
"04/11/1997","3,423","3,371","3,480","3,350","19,54K","1,54%"
"03/11/1997","3,371","3,570","3,605","3,350","26,48K","-5,10%"
"31/10/1997","3,552","3,490","3,570","3,445","13,08K","2,13%"
"30/10/1997","3,478","3,470","3,589","3,325","33,09K","6,49%"
"29/10/1997","3,266","3,450","3,530","3,150","66,01K","-5,80%"
"28/10/1997","3,467","3,785","3,850","3,430","69,21K","-8,40%"
"27/10/1997","3,785","3,590","3,800","3,590","44,73K","6,68%"
"24/10/1997","3,548","3,430","3,620","3,380","44,54K","3,47%"
"23/10/1997","3,429","3,540","3,650","3,420","44,32K","-3,05%"
"22/10/1997","3,537","3,420","3,570","3,391","34,00K","3,91%"
"21/10/1997","3,404","3,370","3,510","3,225","39,56K","0,41%"
"20/10/1997","3,390","3,340","3,475","3,300","31,30K","3,10%"
"17/10/1997","3,288","3,245","3,320","3,190","32,94K","1,26%"
"16/10/1997","3,247","3,035","3,275","3,020","39,17K","6,84%"
"15/10/1997","3,039","3,010","3,090","2,991","17,35K","1,10%"
"14/10/1997","3,006","3,030","3,060","2,980","20,06K","-0,89%"
"13/10/1997","3,033","3,100","3,160","3,020","25,47K","-1,59%"
"10/10/1997","3,082","2,925","3,100","2,880","28,28K","5,33%"
"09/10/1997","2,926","2,910","2,960","2,850","24,44K","0,38%"
"08/10/1997","2,915","2,870","2,960","2,840","24,14K","1,32%"
"07/10/1997","2,877","2,980","2,980","2,850","33,82K","-3,42%"
"06/10/1997","2,979","3,100","3,120","2,970","26,82K","-4,67%"
"03/10/1997","3,125","3,101","3,180","3,020","18,05K","0,39%"
"02/10/1997","3,113","3,140","3,160","3,020","15,58K","-0,35%"
"01/10/1997","3,124","3,080","3,220","3,050","27,35K","1,36%"
"30/09/1997","3,082","3,015","3,190","2,930","40,21K","2,22%"
"29/09/1997","3,015","3,100","3,130","2,920","40,53K","-9,89%"
"26/09/1997","3,346","3,320","3,480","3,180","77,68K","1,46%"
"25/09/1997","3,298","3,020","3,330","3,005","70,28K","9,24%"
"24/09/1997","3,019","3,039","3,050","2,965","47,32K","-0,95%"
"23/09/1997","3,048","2,990","3,080","2,980","47,12K","1,84%"
"22/09/1997","2,993","2,870","3,000","2,870","35,84K","5,50%"
"19/09/1997","2,837","2,890","2,920","2,830","32,70K","-1,73%"
"18/09/1997","2,887","2,681","2,900","2,666","38,41K","7,60%"
"17/09/1997","2,683","2,710","2,710","2,665","19,42K","-1,43%"
"16/09/1997","2,722","2,782","2,785","2,720","23,34K","-2,30%"
"15/09/1997","2,786","2,830","2,840","2,770","16,96K","-0,32%"
"12/09/1997","2,795","2,770","2,830","2,750","25,33K","1,05%"
"11/09/1997","2,766","2,700","2,770","2,631","27,83K","2,37%"
"10/09/1997","2,702","2,695","2,730","2,670","21,34K","0,11%"
"09/09/1997","2,699","2,696","2,765","2,670","23,99K","0,41%"
"08/09/1997","2,688","2,640","2,735","2,625","24,33K","-0,33%"
"05/09/1997","2,697","2,670","2,740","2,620","31,00K","0,75%"
"04/09/1997","2,677","2,790","2,790","2,670","25,08K","-4,63%"
"03/09/1997","2,807","2,800","2,860","2,740","25,28K","0,50%"
"02/09/1997","2,793","2,700","2,855","2,695","27,28K","2,91%"
"29/08/1997","2,714","2,660","2,760","2,640","30,63K","2,18%"
"28/08/1997","2,656","2,470","2,675","2,470","43,11K","5,61%"
"27/08/1997","2,515","2,510","2,550","2,440","51,70K","0,04%"
"26/08/1997","2,514","2,495","2,560","2,460","49,33K","1,00%"
"25/08/1997","2,489","2,450","2,510","2,430","38,40K","1,47%"
"22/08/1997","2,453","2,380","2,460","2,351","31,87K","3,63%"
"21/08/1997","2,367","2,460","2,474","2,340","38,26K","-3,35%"
"20/08/1997","2,449","2,540","2,577","2,430","39,69K","-3,13%"
"19/08/1997","2,528","2,425","2,550","2,420","30,47K","4,20%"
"18/08/1997","2,426","2,435","2,470","2,405","16,67K","-0,25%"
"15/08/1997","2,432","2,435","2,480","2,395","22,80K","0,16%"
"14/08/1997","2,428","2,465","2,550","2,420","27,03K","-1,78%"
"13/08/1997","2,472","2,470","2,490","2,405","31,13K","-0,12%"
"12/08/1997","2,475","2,578","2,604","2,455","31,48K","-4,29%"
"11/08/1997","2,586","2,540","2,605","2,475","36,15K","3,32%"
"08/08/1997","2,503","2,450","2,530","2,375","30,13K","2,41%"
"07/08/1997","2,444","2,356","2,515","2,345","38,36K","3,96%"
"06/08/1997","2,351","2,351","2,410","2,340","17,48K","-0,97%"
"05/08/1997","2,374","2,360","2,430","2,300","36,13K","0,00%"
"04/08/1997","2,374","2,240","2,385","2,230","38,70K","6,03%"
"01/08/1997","2,239","2,180","2,250","2,175","13,36K","2,85%"
"31/07/1997","2,177","2,165","2,205","2,165","20,88K","0,74%"
"30/07/1997","2,161","2,125","2,165","2,115","14,25K","0,00%"
"29/07/1997","2,161","2,180","2,205","2,150","49,42K","-1,01%"
"28/07/1997","2,183","2,130","2,185","2,125","34,51K","1,72%"
"25/07/1997","2,146","2,175","2,185","2,141","23,14K","-1,33%"
"24/07/1997","2,175","2,148","2,175","2,148","23,25K","1,26%"
"23/07/1997","2,148","2,125","2,155","2,120","28,13K","1,46%"
"22/07/1997","2,117","2,080","2,135","2,078","26,61K","1,53%"
"21/07/1997","2,085","2,130","2,135","2,070","22,40K","-3,83%"
"18/07/1997","2,168","2,170","2,190","2,160","14,32K","-0,32%"
"17/07/1997","2,175","2,170","2,225","2,160","25,87K","0,05%"
"16/07/1997","2,174","2,170","2,205","2,158","17,44K","0,56%"
"15/07/1997","2,162","2,155","2,185","2,145","18,17K","0,51%"
"14/07/1997","2,151","2,130","2,155","2,110","17,67K","2,72%"
"11/07/1997","2,094","2,115","2,140","2,090","13,14K","-0,99%"
"10/07/1997","2,115","2,100","2,120","2,085","11,56K","0,81%"
"09/07/1997","2,098","2,130","2,142","2,080","18,62K","-0,85%"
"08/07/1997","2,116","2,070","2,140","2,051","24,77K","2,32%"
"07/07/1997","2,068","2,090","2,090","2,060","12,08K","-1,66%"
"03/07/1997","2,103","2,070","2,110","2,065","11,52K","1,74%"
"02/07/1997","2,067","2,110","2,110","2,065","16,96K","-2,04%"
"01/07/1997","2,110","2,130","2,150","2,105","9,38K","-1,36%"
"30/06/1997","2,139","2,150","2,150","2,125","6,16K","0,00%"
"27/06/1997","2,139","2,140","2,154","2,105","16,30K","-0,28%"
"26/06/1997","2,145","2,227","2,240","2,120","47,57K","-3,68%"
"25/06/1997","2,227","2,285","2,305","2,220","37,19K","-2,58%"
"24/06/1997","2,286","2,246","2,290","2,235","31,23K","1,78%"
"23/06/1997","2,246","2,255","2,275","2,240","22,86K","0,49%"
"20/06/1997","2,235","2,225","2,245","2,187","23,27K","0,63%"
"19/06/1997","2,221","2,170","2,245","2,151","26,90K","2,30%"
"18/06/1997","2,171","2,160","2,190","2,151","12,62K","0,56%"
"17/06/1997","2,159","2,150","2,175","2,135","12,55K","0,56%"
"16/06/1997","2,147","2,150","2,180","2,130","13,84K","-0,09%"
"13/06/1997","2,149","2,095","2,175","2,095","22,22K","3,32%"
"12/06/1997","2,080","2,071","2,109","2,055","18,06K","0,43%"
"11/06/1997","2,071","2,125","2,155","2,065","19,83K","-2,40%"
"10/06/1997","2,122","2,135","2,150","2,115","16,72K","-0,84%"
"09/06/1997","2,140","2,180","2,195","2,125","15,34K","-2,19%"
"06/06/1997","2,188","2,185","2,214","2,160","13,39K","0,51%"
"05/06/1997","2,177","2,155","2,195","2,105","17,45K","0,93%"
"04/06/1997","2,157","2,098","2,170","2,098","13,91K","2,57%"
"03/06/1997","2,103","2,120","2,135","2,080","26,25K","-0,33%"
"02/06/1997","2,110","2,210","2,210","2,105","28,14K","-5,76%"
"30/05/1997","2,239","2,245","2,249","2,200","13,27K","-0,49%"
"29/05/1997","2,250","2,300","2,315","2,240","15,59K","-4,09%"
"28/05/1997","2,346","2,355","2,375","2,305","45,02K","-0,72%"
"27/05/1997","2,363","2,290","2,370","2,275","37,40K","3,41%"
"23/05/1997","2,285","2,200","2,300","2,185","27,77K","4,05%"
"22/05/1997","2,196","2,201","2,250","2,185","28,66K","-0,45%"
"21/05/1997","2,206","2,190","2,220","2,160","21,39K","0,68%"
"20/05/1997","2,191","2,215","2,250","2,181","27,78K","-1,08%"
"19/05/1997","2,215","2,265","2,280","2,180","22,06K","-1,51%"
"16/05/1997","2,249","2,195","2,269","2,190","15,14K","2,46%"
"15/05/1997","2,195","2,281","2,300","2,175","22,19K","-3,56%"
"14/05/1997","2,276","2,195","2,280","2,190","15,83K","3,97%"
"13/05/1997","2,189","2,220","2,220","2,155","14,85K","-1,57%"
"12/05/1997","2,224","2,250","2,260","2,206","16,61K","-0,80%"
"09/05/1997","2,242","2,270","2,309","2,195","21,43K","-1,36%"
"08/05/1997","2,273","2,350","2,365","2,255","23,38K","-3,40%"
"07/05/1997","2,353","2,305","2,430","2,295","30,15K","1,91%"
"06/05/1997","2,309","2,220","2,320","2,205","17,84K","4,01%"
"05/05/1997","2,220","2,235","2,290","2,210","13,83K","-2,07%"
"02/05/1997","2,267","2,240","2,285","2,200","15,41K","1,07%"
"01/05/1997","2,243","2,180","2,280","2,170","24,26K","2,70%"
"30/04/1997","2,184","2,150","2,210","2,125","20,92K","1,96%"
"29/04/1997","2,142","2,089","2,155","2,055","14,57K","2,93%"
"28/04/1997","2,081","2,090","2,110","2,075","9,68K","-2,12%"
"25/04/1997","2,126","2,130","2,180","2,110","14,73K","0,19%"
"24/04/1997","2,122","2,070","2,150","2,040","50,19K","3,01%"
"23/04/1997","2,060","2,130","2,200","2,045","48,88K","-2,55%"
"22/04/1997","2,114","2,065","2,130","2,035","21,48K","2,42%"
"21/04/1997","2,064","2,055","2,075","2,035","15,42K","-0,82%"
"18/04/1997","2,081","2,069","2,090","2,035","19,33K","0,58%"
"17/04/1997","2,069","2,005","2,090","1,996","28,11K","3,19%"
"16/04/1997","2,005","1,940","2,010","1,935","18,98K","3,51%"
"15/04/1997","1,937","1,950","1,959","1,925","12,31K","-0,82%"
"14/04/1997","1,953","1,940","1,960","1,925","11,05K","1,03%"
"11/04/1997","1,933","1,905","1,940","1,901","11,53K","1,74%"
"10/04/1997","1,900","1,890","1,910","1,880","10,68K","-0,05%"
"09/04/1997","1,901","1,924","1,928","1,890","12,93K","-0,78%"
"08/04/1997","1,916","1,950","1,975","1,910","14,79K","-1,54%"
"07/04/1997","1,946","1,980","1,990","1,925","14,72K","0,21%"
"04/04/1997","1,942","1,910","1,945","1,897","8,96K","1,94%"
"03/04/1997","1,905","1,870","1,925","1,855","13,14K","2,04%"
"02/04/1997","1,867","1,883","1,890","1,850","11,27K","-0,80%"
"01/04/1997","1,882","1,929","1,950","1,875","10,19K","-2,28%"
"31/03/1997","1,926","1,950","1,950","1,890","7,86K","-0,10%"
"27/03/1997","1,928","1,885","1,935","1,880","9,28K","2,39%"
"26/03/1997","1,883","1,890","1,920","1,860","10,68K","-0,05%"
"25/03/1997","1,884","1,868","1,905","1,841","9,24K","4,26%"
"24/03/1997","1,807","1,830","1,835","1,770","44,60K","-1,79%"
"21/03/1997","1,840","1,885","1,890","1,830","27,26K","-2,75%"
"20/03/1997","1,892","1,895","1,920","1,870","18,77K","-0,21%"
"19/03/1997","1,896","1,900","1,905","1,865","13,77K","-0,05%"
"18/03/1997","1,897","1,905","1,915","1,870","17,36K","-0,63%"
"17/03/1997","1,909","1,990","2,000","1,900","18,55K","-2,60%"
"14/03/1997","1,960","1,940","1,965","1,920","7,41K","0,93%"
"13/03/1997","1,942","1,955","2,024","1,930","12,07K","-0,66%"
"12/03/1997","1,955","1,925","2,010","1,910","16,46K","1,88%"
"11/03/1997","1,919","1,940","1,950","1,880","15,20K","-0,93%"
"10/03/1997","1,937","1,950","2,040","1,890","21,22K","-0,51%"
"07/03/1997","1,947","1,890","1,999","1,870","21,91K","3,23%"
"06/03/1997","1,886","1,835","1,940","1,820","14,91K","2,56%"
"05/03/1997","1,839","1,945","1,965","1,805","24,33K","-5,35%"
"04/03/1997","1,943","1,800","1,950","1,791","22,46K","7,76%"
"03/03/1997","1,803","1,830","1,840","1,780","11,81K","-0,99%"
"28/02/1997","1,821","1,840","1,865","1,800","7,76K","-0,92%"
"27/02/1997","1,838","1,835","1,875","1,815","9,59K","-1,92%"
"26/02/1997","1,874","1,862","1,890","1,835","9,27K","0,48%"
"25/02/1997","1,865","1,825","1,870","1,815","13,46K","4,78%"
"24/02/1997","1,780","1,930","1,950","1,680","47,75K","-8,06%"
"21/02/1997","1,936","1,935","1,950","1,880","29,58K","0,73%"
"20/02/1997","1,922","2,005","2,030","1,910","34,91K","-4,66%"
"19/02/1997","2,016","1,975","2,050","1,930","26,77K","2,65%"
"18/02/1997","1,964","1,860","1,970","1,850","24,75K","-0,10%"
"14/02/1997","1,966","2,020","2,050","1,950","13,71K","-1,65%"
"13/02/1997","1,999","2,090","2,090","1,980","21,52K","-4,35%"
"12/02/1997","2,090","2,225","2,250","2,085","23,32K","-6,03%"
"11/02/1997","2,224","2,160","2,230","2,140","16,67K","2,63%"
"10/02/1997","2,167","2,240","2,260","2,150","15,01K","-0,69%"
"07/02/1997","2,182","2,345","2,360","2,170","19,51K","-7,58%"
"06/02/1997","2,361","2,420","2,445","2,325","13,02K","-2,84%"
"05/02/1997","2,430","2,500","2,520","2,400","16,46K","-2,68%"
"04/02/1997","2,497","2,310","2,500","2,310","17,36K","7,96%"
"03/02/1997","2,313","2,295","2,345","2,290","11,17K","-3,02%"
"31/01/1997","2,385","2,495","2,502","2,380","10,56K","-4,06%"
"30/01/1997","2,486","2,435","2,495","2,400","11,98K","1,97%"
"29/01/1997","2,438","2,520","2,546","2,410","11,75K","-4,24%"
"28/01/1997","2,546","2,620","2,640","2,525","11,82K","-14,74%"
"27/01/1997","2,986","2,900","3,060","2,890","43,21K","5,74%"
"24/01/1997","2,824","2,800","2,850","2,655","37,76K","1,07%"
"23/01/1997","2,794","2,905","2,960","2,755","32,50K","-3,92%"
"22/01/1997","2,908","2,920","3,000","2,840","26,46K","-0,27%"
"21/01/1997","2,916","3,069","3,080","2,830","27,70K","-5,02%"
"20/01/1997","3,070","3,020","3,100","2,970","21,48K","-5,74%"
"17/01/1997","3,257","3,330","3,330","3,080","23,95K","-2,51%"
"16/01/1997","3,341","3,620","3,638","3,295","21,55K","-7,48%"
"15/01/1997","3,611","3,430","3,640","3,430","25,26K","6,42%"
"14/01/1997","3,393","3,250","3,450","3,230","19,08K","4,27%"
"13/01/1997","3,254","3,280","3,380","3,185","17,24K","-1,87%"
"10/01/1997","3,316","3,490","3,630","3,300","23,80K","-4,74%"
"09/01/1997","3,481","3,501","3,570","3,250","22,96K","-0,91%"
"08/01/1997","3,513","3,330","3,570","3,320","20,84K","5,37%"
"07/01/1997","3,334","3,655","3,799","3,280","26,19K","-8,31%"
"06/01/1997","3,636","3,600","3,840","3,450","31,40K","17,06%"
"03/01/1997","3,106","2,930","3,110","2,840","19,45K","7,47%"
"02/01/1997","2,890","2,750","2,920","2,660","16,07K","4,82%"
"31/12/1996","2,757","2,690","2,800","2,613","7,95K","2,99%"
"30/12/1996","2,677","2,800","2,820","2,630","15,71K","-10,29%"
"27/12/1996","2,984","3,395","3,420","2,960","13,22K","-11,82%"
"26/12/1996","3,384","3,530","3,595","3,300","9,22K","-15,36%"
"24/12/1996","3,998","4,175","4,205","3,910","","-4,63%"
"23/12/1996","4,192","4,130","4,430","4,050","37,52K","-8,33%"
"20/12/1996","4,573","4,415","4,600","4,270","31,05K","3,72%"
"19/12/1996","4,409","4,060","4,460","4,260","24,22K","8,20%"
"18/12/1996","4,075","4,150","4,315","3,900","26,37K","-2,28%"
"17/12/1996","4,170","4,390","4,600","4,060","26,43K","-6,65%"
"16/12/1996","4,467","4,050","4,560","4,050","26,16K","16,00%"
"13/12/1996","3,851","3,550","3,870","3,531","23,63K","9,12%"
"12/12/1996","3,529","3,475","3,565","3,340","19,74K","1,03%"
"11/12/1996","3,493","3,420","3,520","3,300","26,52K","2,86%"
"10/12/1996","3,396","3,240","3,440","3,190","21,18K","5,40%"
"09/12/1996","3,222","3,280","3,380","3,190","22,70K","-7,60%"
"06/12/1996","3,487","3,800","3,800","3,460","21,30K","-7,85%"
"05/12/1996","3,784","3,500","3,800","3,495","24,65K","7,96%"
"04/12/1996","3,505","3,335","3,570","3,335","21,46K","4,19%"
"03/12/1996","3,364","3,245","3,435","3,110","22,82K","3,64%"
"02/12/1996","3,246","3,370","3,380","3,210","15,03K","-7,18%"
"27/11/1996","3,497","3,570","3,590","3,440","","-2,35%"
"26/11/1996","3,581","3,505","3,600","3,500","9,71K","2,49%"
"25/11/1996","3,494","3,440","3,569","3,340","11,57K","1,66%"
"22/11/1996","3,437","3,320","3,680","3,255","24,00K","-11,89%"
"21/11/1996","3,901","3,550","4,050","3,300","","7,55%"
"20/11/1996","3,627","3,295","3,650","3,275","58,06K","9,71%"
"19/11/1996","3,306","2,978","3,350","2,970","47,55K","11,01%"
"18/11/1996","2,978","2,890","3,030","2,850","29,10K","2,41%"
"15/11/1996","2,908","2,790","2,940","2,750","28,68K","4,34%"
"14/11/1996","2,787","2,665","2,800","2,650","26,08K","5,37%"
"13/11/1996","2,645","2,645","2,680","2,615","15,22K","-0,04%"
"12/11/1996","2,646","2,729","2,750","2,625","22,39K","-3,18%"
"11/11/1996","2,733","2,720","2,745","2,696","13,74K","2,40%"
"08/11/1996","2,669","2,640","2,695","2,615","14,41K","0,98%"
"07/11/1996","2,643","2,684","2,730","2,635","17,02K","-1,53%"
"06/11/1996","2,684","2,685","2,745","2,660","21,91K","0,37%"
"05/11/1996","2,674","2,571","2,685","2,530","20,69K","3,93%"
"04/11/1996","2,573","2,690","2,690","2,570","18,54K","-3,34%"
"01/11/1996","2,662","2,720","2,725","2,635","14,61K","-2,42%"
"31/10/1996","2,728","2,870","2,880","2,720","17,86K","-4,75%"
"30/10/1996","2,864","2,820","2,875","2,745","22,04K","2,47%"
"29/10/1996","2,795","2,711","2,810","2,660","20,15K","2,34%"
"28/10/1996","2,731","2,720","2,810","2,705","22,64K","2,98%"
"25/10/1996","2,652","2,470","2,700","2,450","","6,72%"
"24/10/1996","2,485","2,565","2,570","2,435","36,39K","-3,50%"
"23/10/1996","2,575","2,620","2,645","2,525","32,20K","-1,90%"
"22/10/1996","2,625","2,494","2,635","2,490","30,99K","5,76%"
"21/10/1996","2,482","2,400","2,495","2,380","17,03K","3,42%"
"18/10/1996","2,400","2,435","2,435","2,380","8,51K","-1,15%"
"17/10/1996","2,428","2,431","2,508","2,385","14,37K","-0,37%"
"16/10/1996","2,437","2,480","2,510","2,355","23,22K","-1,10%"
"15/10/1996","2,464","2,305","2,475","2,288","19,60K","7,13%"
"14/10/1996","2,300","2,305","2,339","2,275","14,02K","-2,00%"
"11/10/1996","2,347","2,360","2,410","2,345","11,73K","-1,01%"
"10/10/1996","2,371","2,445","2,490","2,340","20,61K","-4,01%"
"09/10/1996","2,470","2,450","2,590","2,370","28,54K","1,31%"
"08/10/1996","2,438","2,380","2,450","2,330","20,57K","2,91%"
"07/10/1996","2,369","2,400","2,420","2,315","18,05K","-1,13%"
"04/10/1996","2,396","2,360","2,410","2,290","21,72K","2,13%"
"03/10/1996","2,346","2,195","2,355","2,175","20,38K","7,61%"
"02/10/1996","2,180","2,190","2,220","2,165","10,94K","-0,23%"
"01/10/1996","2,185","2,205","2,260","2,165","14,19K","-1,31%"
"30/09/1996","2,214","2,180","2,240","2,161","13,48K","1,51%"
"27/09/1996","2,181","2,130","2,185","2,066","11,69K","2,06%"
"26/09/1996","2,137","2,100","2,180","2,045","14,20K","1,96%"
"25/09/1996","2,096","2,045","2,110","2,040","13,91K","14,66%"
"24/09/1996","1,828","1,872","1,905","1,810","47,13K","-2,40%"
"23/09/1996","1,873","1,940","1,955","1,865","30,25K","-4,68%"
"20/09/1996","1,965","2,055","2,055","1,950","24,86K","-4,75%"
"19/09/1996","2,063","1,975","2,100","1,950","28,89K","4,83%"
"18/09/1996","1,968","1,920","1,974","1,886","15,05K","1,76%"
"17/09/1996","1,934","1,970","1,995","1,890","19,72K","-1,98%"
"16/09/1996","1,973","1,890","1,980","1,885","17,67K","5,85%"
"13/09/1996","1,864","1,815","1,880","1,815","13,80K","2,81%"
"12/09/1996","1,813","1,810","1,855","1,775","12,82K","0,39%"
"11/09/1996","1,806","1,780","1,850","1,760","16,37K","0,84%"
"10/09/1996","1,791","1,900","1,913","1,785","16,91K","-5,64%"
"09/09/1996","1,898","1,890","1,910","1,855","12,72K","1,88%"
"06/09/1996","1,863","1,805","1,880","1,780","11,38K","2,99%"
"05/09/1996","1,809","1,764","1,840","1,735","18,98K","2,55%"
"04/09/1996","1,764","1,820","1,835","1,760","9,86K","-3,13%"
"03/09/1996","1,821","1,860","1,875","1,815","8,61K","-2,04%"
"30/08/1996","1,859","1,898","1,910","1,855","5,20K","-2,52%"
"29/08/1996","1,907","1,890","1,920","1,850","11,18K","2,25%"
"28/08/1996","1,865","1,890","1,955","1,860","13,56K","-0,90%"
"27/08/1996","1,882","1,941","1,950","1,880","13,80K","1,57%"
"26/08/1996","1,853","1,980","1,990","1,820","36,09K","-4,97%"
"23/08/1996","1,950","1,920","1,965","1,900","25,68K","1,51%"
"22/08/1996","1,921","2,025","2,025","1,900","32,19K","-5,37%"
"21/08/1996","2,030","2,050","2,070","2,010","17,26K","-1,12%"
"20/08/1996","2,053","2,190","2,215","2,050","16,92K","-6,13%"
"19/08/1996","2,187","2,140","2,190","2,080","13,53K","2,20%"
"16/08/1996","2,140","2,040","2,150","2,030","12,11K","4,90%"
"15/08/1996","2,040","2,095","2,150","2,030","13,60K","-2,21%"
"14/08/1996","2,086","2,055","2,100","2,040","10,73K","1,46%"
"13/08/1996","2,056","2,070","2,100","2,021","12,97K","-0,87%"
"12/08/1996","2,074","2,075","2,120","2,050","9,18K","-1,38%"
"09/08/1996","2,103","2,045","2,120","1,990","12,86K","1,69%"
"08/08/1996","2,068","2,080","2,160","2,060","13,63K","-1,10%"
"07/08/1996","2,091","2,120","2,120","1,975","16,49K","-1,55%"
"06/08/1996","2,124","2,200","2,225","2,095","13,36K","-4,11%"
"05/08/1996","2,215","2,295","2,325","2,155","15,39K","-4,32%"
"02/08/1996","2,315","2,292","2,340","2,190","12,88K","1,71%"
"01/08/1996","2,276","2,170","2,285","2,155","13,67K","5,22%"
"31/07/1996","2,163","2,158","2,235","2,130","12,30K","0,89%"
"30/07/1996","2,144","2,015","2,155","2,015","15,67K","4,79%"
"29/07/1996","2,046","2,120","2,120","1,995","16,13K","-6,66%"
"26/07/1996","2,192","2,250","2,274","2,160","13,79K","-5,60%"
"25/07/1996","2,322","2,361","2,420","2,280","","-1,57%"
"24/07/1996","2,359","2,390","2,505","2,340","37,02K","-1,30%"
"23/07/1996","2,390","2,180","2,400","2,180","31,11K","9,58%"
"22/07/1996","2,181","2,280","2,330","2,165","23,44K","-7,55%"
"19/07/1996","2,359","2,425","2,500","2,345","23,17K","-2,92%"
"18/07/1996","2,430","2,640","2,654","2,425","31,62K","-7,88%"
"17/07/1996","2,638","2,765","2,774","2,620","22,93K","-4,42%"
"16/07/1996","2,760","2,770","2,780","2,745","7,51K","-0,18%"
"15/07/1996","2,765","2,775","2,795","2,735","10,30K","0,14%"
"12/07/1996","2,761","2,695","2,770","2,650","16,63K","2,41%"
"11/07/1996","2,696","2,780","2,800","2,686","17,61K","-2,92%"
"10/07/1996","2,777","2,735","2,804","2,706","10,13K","1,39%"
"09/07/1996","2,739","2,830","2,840","2,721","18,08K","-3,11%"
"08/07/1996","2,827","2,920","2,920","2,775","17,92K","-0,49%"
"03/07/1996","2,841","2,820","2,848","2,770","11,40K","1,10%"
"02/07/1996","2,810","2,760","2,820","2,705","11,54K","1,81%"
"01/07/1996","2,760","2,785","2,820","2,740","15,87K","-5,19%"
"28/06/1996","2,911","2,785","2,980","2,785","26,76K","4,45%"
"27/06/1996","2,787","2,682","2,810","2,680","18,86K","3,72%"
"26/06/1996","2,687","2,669","2,705","2,645","10,86K","0,75%"
"25/06/1996","2,667","2,655","2,685","2,620","11,24K","0,79%"
"24/06/1996","2,646","2,640","2,675","2,620","","0,23%"
"21/06/1996","2,640","2,620","2,660","2,590","29,80K","0,88%"
"20/06/1996","2,617","2,635","2,655","2,561","28,33K","-0,53%"
"19/06/1996","2,631","2,610","2,700","2,590","21,48K","0,80%"
"18/06/1996","2,610","2,535","2,650","2,530","26,02K","2,92%"
"17/06/1996","2,536","2,510","2,540","2,490","11,00K","1,08%"
"14/06/1996","2,509","2,495","2,515","2,470","8,01K","0,60%"
"13/06/1996","2,494","2,430","2,515","2,430","17,84K","2,47%"
"12/06/1996","2,434","2,427","2,455","2,420","10,64K","0,29%"
"11/06/1996","2,427","2,390","2,449","2,382","18,01K","1,55%"
"10/06/1996","2,390","2,400","2,410","2,380","6,96K","-0,21%"